t_s,x,y,heading,bump,bump_strength,energy,hunger,arousal,spikes,active,drive_l,drive_r,kc,kc_active,mbon,cx,modulation,dn_left,dn_right,dn_stop,dn_back,mn9,turn,gate,da_max,elig_mean,depressed,in_odor_good_l,in_odor_good_r,in_odor_bad_l,in_odor_bad_r,in_sugar,in_bitter,in_touch,on_food,on_hazard
0.005,0.01634914241731167,0.0073094856925308704,0.0,1.0107480332129068,0.9791703653554401,0.793150000000027,0.206849999999973,0.0,12,12,1.0,1.0,0.0,0,0.0,2.0,4.901843908555747e-07,0.0,0.0,0.0,0.0,0.0,0.0,1.0,0.00020323116041254252,0.0,0.04701513051986694,0.08932586797280037,0.08917980562429675,0.03389257937669754,0.03381420547763507,0.0,0.0,0.0,False,False
0.01,0.01677016168832779,0.007817129604518414,0.0008569490164518356,-0.30467441022343744,0.8578952786145014,0.793050000000027,0.206949999999973,0.0,30,28,1.0,1.0,0.0,0,0.0,10.0,7.029839707684005e-06,0.0,0.0,0.0,0.0,0.0,0.0,1.0,0.0003296183713246137,0.0,0.04701513051986694,0.0893602528505318,0.08921105751752034,0.03387216323365768,0.03379468650867542,0.0,0.0,0.0,False,False
0.015,0.032691579312086105,0.01119436789304018,0.004386930260807276,-0.5013663607323818,0.8830131106793094,0.792950000000027,0.20704999999997298,0.0,148,145,1.0,1.0,0.0,0,0.0,12.0,0.00017378534539602697,0.0,0.0,0.0,0.0,0.0,0.0,1.0,0.0003816788666881621,0.0,0.04701513051986694,0.08929569496415977,0.08915118958552479,0.03382226452231407,0.03374369659771522,0.0,0.0,0.06400793552398683,False,False
0.02,0.02290237508714199,0.0169142447412014,-0.007110760547220707,-0.4827213802508843,0.6869092514466475,0.792850000000027,0.20714999999997297,0.0,72,72,1.0,1.0,0.0,0,0.0,11.0,0.00027406273875385523,0.0,0.0,0.0,0.0,0.0,0.0,1.0,0.00037690787576138973,0.0,0.04701513051986694,0.08929967599781032,0.08912927689915326,0.03382305148988962,0.03375099040567875,0.0,0.0,0.012735354900360107,False,False
0.025,0.03932889923453331,0.0029585196170955896,-0.033381443470716476,0.6324577870589996,1.0,0.792750000000027,0.20724999999997296,0.0,56,56,1.0,1.0,0.0,0,0.0,12.0,0.00027871274505741894,0.0,0.0,0.0,0.0,0.0,0.0,1.0,0.0003721965185832232,0.0,0.04701513051986694,0.08931075045776664,0.08908005891662513,0.03379575597743194,0.03374089642117421,0.0,0.0,0.01653297781944275,False,False
0.03,0.0526796393096447,-0.012583899311721325,-0.04815206304192543,0.08339033737202944,0.9130488684769716,0.792650000000027,0.20734999999997294,0.0,79,78,1.0,1.0,0.0,0,0.0,13.0,0.00032293132971972227,0.0,0.0,0.0,0.0,0.0,0.0,1.0,0.00036754406755790114,0.0,0.04701513051986694,0.08941056212254911,0.0891400760986512,0.03376029121379058,0.03371765060971181,0.0,0.0,0.016656689643859864,False,False
0.035,0.08272995799779892,0.026261933147907257,-0.039056383073329926,-0.3712577107330228,0.9240756104785469,0.7925500000000271,0.20744999999997293,0.0,110,110,1.0,1.0,0.0,0,0.0,16.0,0.00042246992234140635,0.0,0.0,0.0,0.0,0.0,0.0,1.0,0.0003629497659858316,0.0,0.04701513051986694,0.08959584220452033,0.0893370578563752,0.0337199866771698,0.033675916492938995,0.0,0.0,0.01871070384979248,False,False
0.04,0.15572680532932281,0.04212049022316933,-0.044937048107385635,0.3529149347008265,1.0000000000000002,0.7924500000000271,0.20754999999997292,0.0,81,80,1.0,1.0,0.0,0,0.0,10.0,0.0004712189838755876,0.0,0.0,0.0,0.0,0.0,0.0,1.0,0.00035841288627125323,0.0,0.04701513051986694,0.09004834649370162,0.08974637017973189,0.03360027602563302,0.033568309930463634,0.0,0.0,0.01674208164215088,False,False
0.045,0.22094883024692535,0.020187614485621452,-0.05642286315560341,0.08134540697608547,0.8178927277855534,0.7923500000000271,0.2076499999999729,0.0,85,82,1.0,1.0,0.0,0,0.0,19.0,0.000624215230345726,0.0,0.0,0.0,0.0,0.0,0.0,1.0,0.000353932729922235,0.0,0.04701513051986694,0.09041217710527699,0.09005451465987709,0.03349109863241514,0.03347336780279875,0.0,0.0,0.013308281898498536,False,False
0.05,0.21985292434692383,-0.010338615626096725,-0.05856425315141678,-0.24552667582652402,0.8540261853611618,0.7922500000000271,0.2077499999999729,0.0,118,115,1.0,1.0,0.0,0,0.0,26.0,0.0007690076599828899,0.0,0.0,0.0,0.0,0.0,0.0,1.0,0.00034950856934301555,0.0,0.04701513051986694,0.09028659220598437,0.08993832147680023,0.03350364665190379,0.033486741594970226,0.0,0.0,0.01961804509162903,False,False
0.055,0.2868703305721283,-0.06584805995225906,-0.06063437834382057,-1.1279461666795987,0.3148612326081951,0.7921500000000271,0.2078499999999729,0.0,112,111,1.0,1.0,0.0,0,0.0,28.0,0.0009413063526153564,0.0,0.0,0.0,0.0,0.0,0.0,1.0,0.0003451397060416639,0.0,0.04701513051986694,0.09060164631111343,0.09022034496922464,0.033396381574372455,0.03338969157387813,0.0,0.0,0.010388988256454467,False,False
0.06,0.40519168972969055,-0.07827579975128174,-0.016201885417103767,-0.8114942184028819,0.6936039728846652,0.7920500000000271,0.20794999999997288,0.0,137,134,1.0,1.0,0.0,0,0.0,17.0,0.0012534215347841382,0.0,0.0,0.0,0.0,0.0,0.0,1.0,0.0003408254706300795,0.0,0.04701513051986694,0.09117924254232193,0.09082700324042808,0.03322396116952102,0.03319899862011274,0.0,0.0,0.013450603485107423,False,False
0.065,0.4877297878265381,-0.034373875707387924,0.007282199338078499,-0.03716071222297802,0.8936677759630718,0.7919500000000271,0.20804999999997287,0.0,147,145,1.0,1.0,0.0,0,0.0,8.0,0.0014189296634867787,0.0,0.0,0.0,0.0,0.0,0.0,1.0,0.00033656516461633146,0.0,0.04701513051986694,0.09148479782370646,0.09116424285853077,0.03310110264768203,0.03306548576802015,0.0,0.0,0.022292070388793946,False,False
0.07,0.5084537267684937,0.018361100926995277,0.0027249851264059544,-0.3326374039162177,0.8194850933652017,0.7918500000000271,0.20814999999997286,0.0,181,180,1.0,1.0,0.0,0,0.0,21.0,0.0015562756452709436,0.0,0.0,0.0,0.0,0.0,0.0,1.0,0.0003323580895084888,0.0,0.04701513051986694,0.09191596934726877,0.09157650893150314,0.033021820709109306,0.032995957881212234,0.0,0.0,0.025815346240997315,False,False
0.075,0.5667310357093811,0.040337298065423965,0.01929272711277008,-0.05514434279676068,0.6754005877238188,0.7917500000000272,0.20824999999997285,0.0,120,120,1.0,1.0,0.0,0,0.0,13.0,0.0016627911245450377,0.0,0.0,0.0,0.0,0.0,0.0,1.0,0.0003282036050222814,0.0,0.04701513051986694,0.09262979929614604,0.09226719588677501,0.03292463719844818,0.03289567306637764,0.0,0.0,0.022399723529815674,False,False
0.08,0.6408666968345642,0.030578117817640305,0.03453213721513748,-0.2529140909148685,0.642606544218942,0.7916500000000272,0.20834999999997283,0.0,175,174,1.0,1.0,0.0,0,0.0,17.0,0.0018692858284339309,0.0,0.0,0.0,0.0,0.0,0.0,1.0,0.0003241010708734393,0.0,0.04701513051986694,0.09307433764217214,0.09270721439039128,0.03283253715684017,0.0327968845764796,0.0,0.0,0.03153027057647705,False,False
0.085,0.6838893890380859,0.06115765497088432,0.048516083508729935,0.22672821608191152,0.606134191469383,0.7915500000000272,0.20844999999997282,0.0,153,153,1.0,1.0,0.0,0,0.0,14.0,0.002032705582678318,0.0,0.0,0.0,0.0,0.0,0.0,1.0,0.000320049817673862,0.0,0.04701513051986694,0.09338969278723412,0.09302929133254205,0.032758571517964206,0.03271572602291902,0.0,0.0,0.02325967311859131,False,False
0.09,0.7032927870750427,0.04938722029328346,0.01543524768203497,-0.5644486498960758,0.938950973995381,0.7914500000000272,0.2085499999999728,0.0,154,153,1.0,1.0,0.0,0,0.0,12.0,0.002291632117703557,0.0,0.0,0.0,0.0,0.0,0.0,1.0,0.00031604920513927937,0.0,0.04701513051986694,0.09362409972989101,0.09315448038543676,0.03269404793779056,0.03267470126350721,0.0,0.0,0.01768989086151123,False,False
0.095,0.7346298694610596,0.0026244723703712225,-0.03585551306605339,0.20408233114234345,0.4463170295047218,0.7913500000000272,0.2086499999999728,0.0,206,200,0.6666666666666667,1.3333333333333333,0.0,0,0.0,21.0,0.0032317950390279293,8.333333333333332,0.0,0.0,0.0,0.0,-0.41666666666666663,1.0,0.0003120985929854214,0.0,0.04701513051986694,0.09389206306403292,0.09325772940460382,0.032632063763837024,0.03264569366971652,0.0,0.0,0.015313409566879274,False,False
0.1,0.7966497540473938,-0.01147141121327877,-0.04083486646413803,-1.1608753953183413,0.7576279522839133,0.7912500000000272,0.2087499999999728,0.0,281,278,1.3611111111111112,0.6388888888888888,1.0,1,3.0,11.0,0.004136899020522833,7.6388888888888875,16.666666666666664,0.0,0.0,0.0,0.45138888888888884,1.0,0.00030819737003184855,9.617860996513627e-06,0.04701513051986694,0.09437725853112626,0.09368800479111364,0.03253350344796976,0.03255486022680998,0.0,0.0,0.0244502592086792,False,False
0.105,0.8377804756164551,-0.02329138293862343,-0.0743570327758789,-0.18441136444714096,0.9109990209434601,0.7911500000000272,0.20884999999997278,0.0,351,339,1.3310185185185186,0.6689814814814815,1.0,1,2.0,7.0,0.005015503149479628,7.002314814814813,15.277777777777775,0.0,0.0,0.0,0.4137731481481481,1.0,0.0003043448959942907,1.919564965646714e-05,0.04701513051986694,0.09466513516381168,0.09387477456669421,0.03245393590380748,0.032504115564127765,0.0,0.0,0.02916491985321045,False,False
0.11,0.8871338367462158,0.008805367164313793,-0.08603906631469727,-0.1684460706718148,0.9042139629692586,0.7910500000000272,0.20894999999997277,0.0,425,407,0.9701003086419753,1.0298996913580247,14.0,14,1.0,14.0,0.005622757598757744,14.752121913580243,14.004629629629626,0.0,0.0,0.0,-0.03737461419753085,1.0,0.00030054058879613876,0.00015376573719549924,0.04701513051986694,0.09513608420500319,0.09428743408294184,0.032379321443537876,0.032445640924076244,0.0,0.0,0.030778658390045167,False,False
0.115,0.9630341529846191,-0.018470605835318565,-0.07909610122442245,-0.5825459921747793,0.6578960590281433,0.7909500000000272,0.20904999999997276,0.0,402,390,0.9725919495884774,1.0274080504115226,16.0,16,3.0,21.0,0.006731844041496515,21.856111754115222,21.170910493827158,0.0,0.0,0.0,-0.03426006301440321,1.0,0.0002967838372569531,0.000307010835967958,0.04701513051986694,0.09539045236787233,0.09454820609666814,0.03230138681828976,0.03237075017144283,0.0,0.0,0.021582691669464114,False,False
0.12,1.0364397764205933,-0.0703141838312149,-0.05806136131286621,0.49696400438861876,0.9896428606935265,0.7908500000000273,0.20914999999997275,0.0,329,318,0.9748759537894377,1.0251240462105624,9.0,9,4.0,15.0,0.007287061307579279,20.034769107938953,19.406667952674894,0.0,0.0,0.0,-0.031405057763202925,1.0,0.0002930740301962942,0.0003922923351638019,0.04701513051986694,0.09574284343017672,0.09491350294401035,0.0322160233433048,0.03227894504865011,0.0,0.0,0.017316262722015384,False,False
0.125,1.0957863330841064,-0.05751703307032585,-0.05493267625570297,-0.5322750572309494,0.31896850532375176,0.7907500000000273,0.20924999999997274,0.0,341,331,0.9769696243069845,1.0230303756930155,16.0,16,0.0,25.0,0.008062481880187988,26.698538348944037,26.12277895661865,0.0,0.0,0.0,-0.028787969616269393,1.0,0.0002894106146413833,0.0005445435526780784,0.04701513051986694,0.09622532700374506,0.09535848231659988,0.032128227564195797,0.032193188865979515,0.0,0.0,0.02476891040802002,False,False
0.13,1.178656816482544,-0.1325974315404892,-0.02278187870979309,-0.46709091927145296,0.9783401637262058,0.7906500000000273,0.20934999999997272,0.0,424,411,0.9788888222814025,1.0211111777185975,20.0,20,0.0,19.0,0.008752487599849701,24.4736601531987,23.945880710233762,0.0,0.0,0.0,-0.026388972148246915,1.0,0.00028579297941178083,0.0007346319034695625,0.04701513051986694,0.09674073662608644,0.09586095902370073,0.03201110598941644,0.032061318246026836,0.0,0.0,0.039911317825317386,False,False
0.135,1.268125057220459,-0.23945853114128113,0.0017317095771431923,0.018166650981303774,0.7169465348418605,0.7905500000000273,0.2094499999999727,0.0,567,541,0.9806480870912857,1.0193519129087143,8.0,8,1.0,27.0,0.00989652518182993,22.434188473765474,21.950390651047616,0.0,0.0,0.0,-0.02418989113589287,1.0,0.00028222057153470814,0.0008085138397291303,0.04701513051986694,0.09726291661445453,0.09635937652084758,0.03189224594583114,0.03193695874263843,0.0,0.0,0.06369871139526367,False,False
0.14,1.31376314163208,-0.16415075957775116,0.047707635909318924,-0.8278061321388922,0.43611440086272035,0.7904500000000273,0.2095499999999727,0.0,584,561,0.648927413167012,1.351072586832988,14.0,14,6.0,27.0,0.011215745471417904,28.898006100951683,20.12119143012698,0.0,0.0,0.0,-0.4388407335412351,1.0,0.0002786928089335561,0.0009397951071150601,0.04701513051986694,0.09795686570927281,0.09716172583028457,0.031815452190736934,0.031833566414813205,0.0,0.0,0.035154812335968025,False,False
0.145,1.2988159656524658,-0.04307299852371216,0.05365472659468651,0.36896700260282483,0.3165971415596423,0.7903500000000273,0.2096499999999727,0.0,598,570,1.0115167954030941,0.9884832045969059,25.0,25,3.0,30.0,0.012229467742145061,26.489838925872377,26.77775881094973,0.0,0.0,0.0,0.014395994253867705,1.0,0.00027520913863554597,0.0011763257207348943,0.04701513051986694,0.09821736813662352,0.09747339863454083,0.03181456743429105,0.031829088305433594,0.0,0.0,0.040293216705322266,False,False
0.15,1.3119217157363892,-0.010678133927285671,0.076736219227314,-0.6173036165843178,0.424299884028437,0.7902500000000273,0.20974999999997268,0.0,615,582,0.6772237291195031,1.3227762708804969,24.0,24,2.0,19.0,0.013566742651164532,32.61568568204967,24.546278910037252,0.0,0.0,0.0,-0.40347033860062104,1.0,0.0002717690367717296,0.0014022530522197485,0.04701513051986694,0.09847365009272249,0.09779146425938014,0.031789159402251244,0.031790281645953655,0.0,0.0,0.02797116279602051,False,False
0.155,1.3815104961395264,-0.014727169647812843,0.1075589656829834,-0.22967610988948636,0.5470834128507978,0.7901500000000273,0.20984999999997267,0.0,559,530,0.37078841835954457,1.5,33.0,33,2.0,29.0,0.015090527012944221,38.23104520854553,22.500755667534147,0.0,0.0,0.0,-0.7865144770505692,1.0,0.0002683719212654978,0.0017137997783720493,0.04701513051986694,0.0990194327337645,0.09839265258982556,0.03168877369413774,0.031679137609899044,0.0,0.0,0.025746955871582034,False,False
0.16,1.5205955505371094,0.030324352905154228,0.09878971427679062,-0.3412539933902655,0.6804945529260101,0.7900500000000273,0.20994999999997266,0.0,578,545,0.4232227168295827,1.5,24.0,24,3.0,21.0,0.016084380447864532,35.04512477450007,20.625692695239636,0.0,0.0,0.0,-0.7209716039630216,1.0,0.0002650172682479024,0.001937487511895597,0.04701513051986694,0.10029251180588973,0.0995489286719799,0.031474786810576916,0.03147899638861418,0.0,0.0,0.023486523628234866,False,False
0.165,1.6248029470443726,0.12004809081554413,0.08652035146951675,0.13438591091679217,0.897088695449475,0.7899500000000274,0.21004999999997265,0.0,531,504,0.4712874904271176,1.5,20.0,20,2.0,21.0,0.017147090286016464,32.12469770995839,18.90688497063633,0.0,0.0,0.0,-0.660890636966103,1.0,0.00026170455384999514,0.0021217719186097383,0.04701513051986694,0.10135206962671522,0.100510362462604,0.031326186532775566,0.031341733410954475,0.0,0.0,0.013155255317687988,False,False
0.17,1.730873465538025,0.16030192375183105,0.09857194870710373,0.16178450872166159,0.2882241800556051,0.7898500000000274,0.21014999999997264,0.0,531,505,0.5153468662248577,1.4846531337751423,53.0,53,3.0,28.0,0.017967093735933304,29.447639567461856,17.3313112230833,0.0,0.0,0.0,-0.6058164172189278,1.0,0.0002584332542028278,0.002622677944600582,0.04701513051986694,0.10230060912575342,0.10146116517623659,0.031186272390186787,0.031201555393636227,0.0,0.0,0.012536169290542604,False,False
0.17500000000000002,1.8194952011108398,0.10987729579210281,0.07029958069324493,0.14741676261534536,0.8649311766532788,0.7897500000000274,0.21024999999997263,0.0,530,493,0.5557346273727863,1.4442653726272137,26.0,26,2.0,16.0,0.01882520690560341,26.9936696035067,15.887035287826357,0.0,0.0,0.0,-0.5553317157840171,1.0,0.0002552028454374522,0.0028618143405765295,0.04701513051986694,0.10312683233571936,0.10210656809294365,0.03104340440283219,0.031085964292287827,0.0,0.0,0.015172219276428223,False,False
0.18,1.8320200443267822,0.041439395397901535,0.0350644551217556,-0.3365837835327579,0.598481829382264,0.7896500000000274,0.21034999999997261,0.0,582,552,0.5927567417583874,1.4072432582416126,22.0,22,3.0,18.0,0.019173789769411087,24.744197136547808,14.563115680507494,0.0,0.0,0.0,-0.5090540728020156,1.0,0.00025201280368492007,0.003061483148485422,0.04701513051986694,0.1032162635323258,0.1020466487381274,0.03100965948154529,0.0310803996399045,0.0,0.0,0.01960370421409607,False,False
0.185,1.8410675525665283,0.03719627857208252,-0.012980266474187374,-0.37354971500864204,1.0,0.7895500000000274,0.2104499999999726,0.0,656,622,0.9600270132785218,1.0399729867214782,26.0,26,5.0,14.0,0.02045629918575287,31.015514041835488,30.016189373798532,0.0,0.0,0.0,-0.04996623340184776,1.0,0.0002488626341801137,0.0032987913582473993,0.04701513051986694,0.10336432762350652,0.10202015161840014,0.03098396429171165,0.031087128445506096,0.0,0.0,0.03833864450454712,False,False
0.19,1.9060273170471191,0.013756527565419674,-0.04361365735530853,-0.15953035456196746,0.6197019121626272,0.7894500000000274,0.2105499999999726,0.0,691,651,0.9633580955053117,1.0366419044946884,35.0,35,1.0,28.0,0.02087843045592308,28.43088787168253,27.51484025931532,0.0,0.0,0.0,-0.045802380618360415,1.0,0.00024575184215791523,0.0036216715816408396,0.04701513051986694,0.10372742840290457,0.10224822375395416,0.030905196132759254,0.03102998249232769,0.0,0.0,0.06772493362426758,False,False
0.195,1.9195165634155273,-0.02249624766409397,-0.06258660554885864,-0.37354971500864204,1.0,0.7893500000000274,0.21064999999997258,0.0,619,588,0.6330782542132025,1.3669217457867975,43.0,43,2.0,12.0,0.022014319896697998,34.394980549042316,25.221936904372377,0.0,0.0,0.0,-0.4586521822334969,1.0,0.00024267994740512222,0.004020149353891611,0.04701513051986694,0.1036150639452948,0.10207460502736661,0.03089659847319126,0.03103299532085657,0.0,0.0,0.025400466918945312,False,False
0.2,2.02304744720459,-0.03830835968255997,-0.0270770825445652,-0.1625933975415596,0.9248451659346735,0.7892500000000274,0.21074999999997257,0.0,595,561,0.6636550663621023,1.3363449336378976,20.0,20,3.0,22.0,0.022916540503501892,31.528732169955454,23.12010882900801,0.0,0.0,0.0,-0.42043116704737216,1.0,0.00023964645515661687,0.004195755813270807,0.04701513051986694,0.10473198015335712,0.10320773905655137,0.03075497845808665,0.030881588657697044,0.0,0.0,0.018717207908630372,False,False
0.20500000000000002,2.1431398391723633,-0.13067394495010376,0.005467441864311695,-0.6373563145893933,0.6078889787411252,0.7891500000000274,0.21084999999997256,0.0,602,570,0.6916838108319271,1.3083161891680728,48.0,48,6.0,24.0,0.02344737946987152,28.901337822459165,21.193433093257344,0.0,0.0,0.0,-0.3853952364600911,1.0,0.0002366508706472814,0.00463993102312088,0.04701513051986694,0.10547155562322347,0.10396375305019083,0.030637801003952823,0.030752187594771385,0.0,0.0,0.018666059970855714,False,False
0.21,2.2264270782470703,-0.20864878594875336,-7.137783086363925e-06,-0.4889323651775454,0.8902910022340469,0.7890500000000275,0.21094999999997255,0.0,575,541,0.7173768265959332,1.2826231734040667,30.0,30,2.0,29.0,0.023602928966283798,26.4928930039209,19.42731366881923,0.0,0.0,0.0,-0.3532789667550835,1.0,0.00023369272821582854,0.004909133538603783,0.04701513051986694,0.10558779982554799,0.10399424706895911,0.030582367132107418,0.030709064255158108,0.0,0.0,0.02319138526916504,False,False
0.215,2.293388605117798,-0.1603010892868042,0.030373651534318924,0.32794601271064666,0.6208790507866988,0.7889500000000275,0.21104999999997254,0.0,530,508,0.7409287577129388,1.2590712422870611,61.0,61,0.0,32.0,0.023711370304226875,24.285151920260827,17.808370863084296,0.0,0.0,0.0,-0.3238390528588265,1.0,0.00023077156220097095,0.0054753683507442474,0.04701513051986694,0.1066764042447297,0.10512096683308243,0.03046452223012845,0.03057737834751606,0.0,0.0,0.022106354236602784,False,False
0.22,2.314401626586914,-0.07314354181289673,0.07738465815782547,-1.0442416933705942,0.3821268481388387,0.7888500000000275,0.21114999999997253,0.0,538,498,0.7625180279035273,1.2374819720964727,33.0,33,1.0,20.0,0.023830337449908257,22.26138926023909,16.32433995782727,0.0,0.0,0.0,-0.29685246512059094,1.0,0.00022788692149333656,0.005769943818449974,0.04701513051986694,0.10783473198720941,0.10641569578445588,0.030381561567385994,0.030465604116519295,0.0,0.0,0.024377119541168214,False,False
0.225,2.305980682373047,-0.03589165583252907,0.12038020044565201,-0.24192149189721457,0.7054008163709569,0.7887500000000275,0.21124999999997252,0.0,549,517,0.7823081922449,1.2176918077551,19.0,19,1.0,31.0,0.024366769939661026,20.406273488552497,14.963978294674996,0.0,0.0,0.0,-0.272114759693875,1.0,0.00022503834043163806,0.005928641650825739,0.04701513051986694,0.1081439134711375,0.10689027860822535,0.03037473652511835,0.030435005513330303,0.0,0.0,0.02443488121032715,False,False
0.23,2.3580198287963867,-0.0013694865629076958,0.15319931507110596,-0.137450552628635,0.5513552371651701,0.7886500000000275,0.2113499999999725,0.0,653,615,0.8004491762244916,1.1995508237755084,33.0,33,2.0,24.0,0.024831153452396393,18.70575069783979,13.71698010345208,0.0,0.0,0.0,-0.24943852971938546,1.0,0.00022222536790650338,0.006221328396350145,0.04701513051986694,0.1088987488066753,0.10773227750323469,0.03029418488343557,0.03033909946680069,0.0,0.0,0.024854435920715335,False,False
0.23500000000000001,2.4358232021331787,0.04419635236263275,0.1975530982017517,0.826810650829885,0.3957388015027166,0.7885500000000275,0.2114499999999725,0.0,688,653,0.8170784115391174,1.1829215884608826,17.0,17,3.0,36.0,0.02504938468337059,17.146938139686473,12.573898428164407,0.0,0.0,0.0,-0.22865198557610328,1.0,0.00021944755280856043,0.006358909420669079,0.04701513051986694,0.10994893486782038,0.10891834033637371,0.030187504986921947,0.03020568285137415,0.0,0.0,0.05022665023803711,False,False
0.24,2.489231824874878,0.0546390525996685,0.20675598084926605,0.6324577870589996,1.0,0.7884500000000275,0.21154999999997248,0.0,540,510,0.8323218772441909,1.167678122755809,24.0,24,2.0,10.0,0.025129014626145363,15.718026628045932,11.526073559150706,0.0,0.0,0.0,-0.20959765344476128,1.0,0.00021670445858035237,0.006563242990523577,0.04701513051986694,0.11049111366209635,0.10946766613966849,0.030124112963676453,0.030138487927615643,0.0,0.0,0.01684844017028809,False,False
0.245,2.6365513801574707,0.1630375236272812,0.18288235366344452,0.6514073922525918,0.9440047473524279,0.7883500000000275,0.21164999999997247,0.0,565,535,0.8462950541405084,1.1537049458594915,46.0,46,3.0,10.0,0.025215299800038338,14.40819107570877,10.565567429221481,0.0,0.0,0.0,-0.1921311823243644,1.0,0.00021399564866442233,0.006978318560868502,0.04701513051986694,0.11250497781950723,0.11127667773235336,0.029897590478261314,0.029937510068217914,0.0,0.0,0.014158107042312624,False,False
0.25,2.74336838722229,0.3001686632633209,0.19935134053230286,-0.527966203124702,0.9729242054667,0.7882500000000275,0.21174999999997246,0.0,659,620,0.8591037996287995,1.1408962003712007,57.0,57,2.0,27.0,0.025319084525108337,21.540841819399702,18.018436810119688,0.0,0.0,0.0,-0.1761202504640007,1.0,0.0002113207010552287,0.00749746011570096,0.04701513051986694,0.11435505680010086,0.11317662628212068,0.02973066487660011,0.029762076834837597,0.0,0.0,0.013331007957458497,False,False
0.255,2.8694725036621094,0.3018573224544525,0.18755120038986206,0.07211779980914958,0.835012681134646,0.7881500000000276,0.21184999999997245,0.0,618,581,0.5375118163263995,1.4624881836736003,34.0,34,5.0,20.0,0.02552357129752636,28.079105001116393,16.51690040927638,0.0,0.0,0.0,-0.5781102295920005,1.0,0.00020867919374722987,0.00779322674497962,0.04701513051986694,0.11574946079247678,0.1144524335907746,0.02956892208506664,0.02961435044805209,0.0,0.0,0.014336544275283813,False,False
0.26,2.9817960262298584,0.22882485389709473,0.16038094460964203,-0.2365557419162237,0.4445336683893879,0.7880500000000276,0.21194999999997244,0.0,555,522,0.909385831632533,1.090614168367467,20.0,20,3.0,35.0,0.025773385539650917,25.73917958435669,23.473825375170016,0.0,0.0,0.0,-0.11326771045933377,1.0,0.0002060707047348842,0.007953112944960594,0.04701513051986694,0.11698475810419504,0.1153993734838415,0.029419323739906154,0.0294967507943511,0.0,0.0,0.019123314619064333,False,False
0.265,2.975109577178955,0.20801733434200287,0.12958967685699463,0.9467438547390089,0.31247379450809254,0.7879500000000276,0.21204999999997243,0.0,616,579,0.9169370123298219,1.083062987670178,29.0,29,3.0,21.0,0.02607572078704834,23.594247952326967,21.517673260572515,0.0,0.0,0.0,-0.1038287345877226,1.0,0.0002034948265645653,0.008198892697691917,0.04701513051986694,0.1170762923563183,0.11527766773244102,0.029414844078322254,0.029513230547308922,0.0,0.0,0.014677345752716064,False,False
0.27,2.9767115116119385,0.18857771158218384,0.09370937198400497,-1.0590023595516467,0.2849794763342948,0.7878500000000276,0.21214999999997242,0.0,671,636,1.2571922613023367,0.7428077386976633,41.0,41,1.0,31.0,0.026362335309386253,21.628060622966384,28.057867155524804,0.0,0.0,0.0,0.321490326627921,1.0,0.00020095113723073155,0.008559063076972961,0.04701513051986694,0.11693193021773407,0.11495576476926346,0.029420449088017147,0.02953569870442152,0.0,0.0,0.014231115579605103,False,False
0.275,3.07619047164917,0.15549220144748688,0.07350847870111465,-0.1624987372432691,0.6475213912541623,0.7877500000000276,0.2122499999999724,0.0,749,708,1.2357595728604753,0.7642404271395246,60.0,60,8.0,33.0,0.026571258902549744,19.825722237719184,25.71971155923107,0.0,0.0,0.0,0.2946994660755943,1.0,0.00019843924383167177,0.009100471623241901,0.04701513051986694,0.1179019276346053,0.11573084085620676,0.02930598178257545,0.029438178365429245,0.0,0.0,0.019727442264556885,False,False
0.28,3.1328675746917725,0.1702488362789154,0.05987204611301422,0.19372731097738,0.873752615899328,0.7876500000000276,0.2123499999999724,0.0,609,580,0.8827796084554358,1.1172203915445642,20.0,20,2.0,21.0,0.02667786367237568,26.506912051242583,23.576402262628477,0.0,0.0,0.0,-0.1465254894307053,1.0,0.00019595875346567482,0.009254910983145237,0.04701513051986694,0.11871632724612062,0.11641527200117444,0.029225849236051243,0.029371323374410473,0.0,0.0,0.02362513303756714,False,False
0.28500000000000003,3.241549491882324,0.14208082854747772,0.09816347062587738,-0.3070270774147869,0.9145581441115023,0.7875500000000276,0.21244999999997238,0.0,623,584,0.5592146410841495,1.4407853589158504,27.0,27,3.0,27.0,0.02704435959458351,32.631336046972365,21.611702074076103,0.0,0.0,0.0,-0.5509816986448131,1.0,0.0001935092732310295,0.009476031176745892,0.04701513051986694,0.12008703752731009,0.11784770417477046,0.029095299541950226,0.029222963688274227,0.0,0.0,0.022449941635131837,False,False
0.29,3.3732433319091797,0.010996848344802856,0.10572580248117447,-0.02256564753785551,0.41905746390057313,0.7874500000000276,0.21254999999997237,0.0,614,581,0.2626134209938038,1.5,55.0,55,2.0,46.0,0.027109572663903236,38.24539137639133,19.81072690123643,0.0,0.0,0.0,-0.9217332237577451,1.0,0.0001910904102260247,0.009965530596673489,0.04701513051986694,0.12095987505698302,0.11861344603728234,0.028989450074732304,0.02912060357630253,0.0,0.0,0.01757116913795471,False,False
0.295,3.4879229068756104,-0.02834160625934601,0.10644374042749405,0.051647121653297864,0.8249625565225127,0.7873500000000276,0.21264999999997236,0.0,608,569,0.32406230257765356,1.5,44.0,44,1.0,30.0,0.02741137519478798,35.05827542835872,18.15983299280006,0.0,0.0,0.0,-0.844922121777933,1.0,0.0001887017861008644,0.01034719217568636,0.04701513051986694,0.12180147990289177,0.11933266977996604,0.028895344585180283,0.02903610778351625,0.0,0.0,0.021296505928039552,False,False
0.3,3.5213212966918945,0.08012726157903671,0.17814429104328156,-0.44391606925232646,0.9954581496031227,0.7872500000000276,0.21274999999997235,0.0,600,571,0.3803904440295157,1.5,20.0,20,3.0,29.0,0.027631280943751335,32.13675247599549,16.646513576733387,0.0,0.0,0.0,-0.7745119449631053,1.0,0.00018634300795383751,0.010496435686945915,0.047013819217681885,0.12366732558250769,0.12151136522398366,0.02878805777678887,0.028885272331535816,0.0,0.0,0.01987734913825989,False,False
0.305,3.478395462036133,0.1751544028520584,0.22745904326438904,0.032756952836177626,0.8815861325749951,0.7871500000000277,0.21284999999997234,0.0,697,655,0.7653579070270561,1.234642092972944,23.0,23,5.0,27.0,0.027846038341522217,29.458689769662534,23.592637445338937,0.0,0.0,0.0,-0.29330261621617987,1.0,0.00018401372653897852,0.01067391224205494,0.04701244831085205,0.12444969883421152,0.12261344675905723,0.028774983560045563,0.028838979390760265,0.0,0.0,0.020748112201690674,False,False
0.31,3.4734532833099365,0.1926450878381729,0.2540907859802246,0.07517136592063998,0.5536709298646496,0.7870500000000277,0.21294999999997233,0.0,623,585,0.7849114147748014,1.2150885852251987,25.0,25,1.0,20.0,0.027879156172275543,27.00379895552399,21.626584324894026,0.0,0.0,0.0,-0.26886073153149825,1.0,0.00018171354895457625,0.010869884863495827,0.04701119661331177,0.12473138128220752,0.12303491454710905,0.028766179457306862,0.028819887277980648,0.0,0.0,0.018671697378158568,False,False
0.315,3.5808932781219482,0.2280685007572174,0.2938390374183655,0.708589369682814,0.9646297688607723,0.7869500000000277,0.21304999999997232,0.0,669,628,0.8028354635435679,1.197164536456432,68.0,68,5.0,18.0,0.027935631573200226,24.75348237589699,19.82436896448619,0.0,0.0,0.0,-0.24645567057054,1.0,0.00017944212595466524,0.011478607542812824,0.04700988531112671,0.12661216248587107,0.12507031761357895,0.02862725096444289,0.028660592312614124,0.0,0.0,0.021707823276519777,False,False
0.32,3.679485559463501,0.3019799590110779,0.3612307012081146,0.42389161609986376,0.8004796244804293,0.7868500000000277,0.2131499999999723,0.0,567,533,0.8192658415816041,1.180734158418396,26.0,26,2.0,21.0,0.028074800968170166,22.69069217790557,18.172338217445674,0.0,0.0,0.0,-0.22591769802299488,1.0,0.00017719909374136478,0.01168084517121315,0.04700857400894165,0.12828920961590193,0.12714474447769755,0.028507571356991928,0.028496294592817627,0.0,0.0,0.02077765226364136,False,False
0.325,3.7629690170288086,0.401462584733963,0.35416603088378906,-0.10509297240925608,0.8435748601418455,0.7867500000000277,0.2132499999999723,0.0,612,575,0.8343270214498036,1.1656729785501962,41.0,41,3.0,21.0,0.02811722829937935,20.799801163080108,16.6579766993252,0.0,0.0,0.0,-0.2070912231877454,1.0,0.0002682475605979562,0.01202650647610426,0.04700732231140137,0.13035297617471167,0.12911900162913853,0.028356167798240982,0.02835136993477742,0.0,0.0,0.020221395492553713,False,False
0.33,3.872680902481079,0.5341312289237976,0.35332104563713074,0.9767761432371893,0.3023190107216653,0.7866500000000277,0.21334999999997228,0.0,592,564,0.8481331029956535,1.1518668970043466,34.0,34,2.0,28.0,0.02823026478290558,19.066484399490097,15.269811974381433,0.0,0.0,0.0,-0.18983362125543318,1.0,0.0002766789111774415,0.012303403578698635,0.04700601100921631,0.13334530504730538,0.13208064542462128,0.028164888111253582,0.028166038294633232,0.0,0.0,0.014926304817199707,False,False
0.335,3.9788870811462402,0.6294724345207214,0.3688185214996338,-0.2216993886736436,0.46760496279802277,0.7865500000000277,0.21344999999997227,0.0,632,589,0.8607886777460156,1.1392113222539844,39.0,39,3.0,35.0,0.02840455248951912,17.477610699532587,13.99732764318298,0.0,0.0,0.0,-0.1740141528174804,1.0,0.0003159530460834503,0.012627235613763332,0.047004640102386475,0.13571475352160323,0.13458577289431978,0.02801998984068632,0.02800969717403253,0.0,0.0,0.01081869125366211,False,False
0.34,4.092597484588623,0.6344329714775085,0.34162017703056335,0.6565064091921428,0.5316091939092924,0.7864500000000277,0.21354999999997226,0.0,602,569,0.872389621267181,1.127610378732819,16.0,16,3.0,28.0,0.02842484600841999,16.021143141238205,12.83088367291773,0.0,0.0,0.0,-0.15951297341602375,1.0,0.00038009381387382746,0.01272850763052702,0.04700338840484619,0.13763775145169035,0.13624171486155132,0.027866737606624763,0.02787853280703227,0.0,0.0,0.020909707546234134,False,False
0.34500000000000003,4.155803203582764,0.6041169762611389,0.31790292263031006,0.18978348234741776,0.7636179598148958,0.7863500000000277,0.21364999999997225,0.0,580,545,0.8830238194949159,1.1169761805050842,41.0,41,0.0,18.0,0.02868669293820858,14.686047879468354,11.761643366841252,0.0,0.0,0.0,-0.14622022563135512,1.0,0.0004682568251155317,0.013069805689156055,0.04700207710266113,0.13919882576415618,0.13740387699256026,0.027765201715131603,0.02780128736048937,0.0,0.0,0.01684550523757935,False,False
0.35000000000000003,4.144964694976807,0.5693504214286804,0.28960487246513367,0.30105485303582985,0.4079810788599418,0.7862500000000278,0.21374999999997224,0.0,589,551,1.5,0.440561498796327,45.0,45,7.0,24.0,0.028831269592046738,13.462210556179324,27.448173086271147,0.0,0.0,0.0,0.6992981265045912,1.0,0.00047878280747681856,0.01344815082848072,0.047000765800476074,0.13915857363491935,0.13703281909692722,0.027774634460608166,0.027827836262683075,0.0,0.0,0.013077360391616822,False,False
0.355,4.19995641708374,0.5518361330032349,0.26565423607826233,-0.02343744194086083,0.9141282233116395,0.7861500000000278,0.21384999999997223,0.0,659,624,1.1794852927700337,0.8205147072299663,53.0,53,2.0,19.0,0.028967728838324547,20.673693009831045,25.160825329081884,0.0,0.0,0.0,0.224356615962542,1.0,0.0006208608974702656,0.013901865109801292,0.04699939489364624,0.14002674183187064,0.13761428017945024,0.027711264168222748,0.027778175038595997,0.0,0.0,0.01610828161239624,False,False
0.36,4.2622857093811035,0.5487801432609558,0.23820926249027252,0.14028501473493657,0.7657000122575129,0.7860500000000278,0.21394999999997222,0.0,685,640,1.4978615183725308,0.5021384816274692,31.0,31,3.0,33.0,0.02901945821940899,18.95088525901179,31.39742321832506,0.0,0.0,0.0,0.6223268979656634,1.0,0.0006785269360989332,0.014142094179987907,0.04699814319610596,0.14108765584726807,0.13836748819394343,0.027631788204113644,0.027717063203454018,0.0,0.0,0.019089537858963012,False,False
0.365,4.288656234741211,0.5647597312927246,0.21970242261886597,0.2855956081350216,0.6634603058157141,0.7859500000000278,0.2140499999999722,0.0,612,576,1.4563730585081531,0.5436269414918468,19.0,19,2.0,34.0,0.029192231595516205,17.371644820760807,28.780971283464638,0.0,0.0,0.0,0.5704663231351915,1.0,0.0006700453232042491,0.01425960473716259,0.0469968318939209,0.14163186463806451,0.13874112477805148,0.027591994342704616,0.0276908278465271,0.0,0.0,0.018854762315750125,False,False
0.37,4.416371822357178,0.5523352026939392,0.27209487557411194,-0.37941230307251744,0.3180979694363833,0.7858500000000278,0.2141499999999722,0.0,641,613,1.4183419702991404,0.5816580297008596,39.0,39,1.0,38.0,0.02937384508550167,15.924007752364073,26.382557009842582,0.0,0.0,0.0,0.5229274628739254,1.0,0.0006873792735859752,0.014575286768376827,0.04699552059173584,0.14438945948704748,0.1416958742480072,0.027439195352296036,0.027509584712485474,0.0,0.0,0.022928171157836914,False,False
0.375,4.5735392570495605,0.45534056425094604,0.2585228681564331,-1.5727947607638721,0.36306129801010734,0.7857500000000278,0.21424999999997218,0.0,597,557,1.0501468061075454,0.9498531938924546,26.0,26,4.0,20.0,0.02940238080918789,22.930340439667063,24.184010592355698,0.0,0.0,0.0,0.06268350763443173,1.0,0.0007302025915123522,0.014756609685719013,0.04699426889419556,0.14604486729266408,0.14295734278391717,0.027316175401210785,0.02740040421485901,0.0,0.0,0.016914361715316774,False,False
0.38,4.705904006958008,0.49208495020866394,0.283191978931427,0.12516365072234656,0.7012392124369304,0.7856500000000278,0.21434999999997217,0.0,650,614,1.045967905598583,0.9540320944014168,45.0,45,5.0,12.0,0.02941681072115898,21.019478736361474,22.168676376326054,0.0,0.0,0.0,0.057459881998229004,1.0,0.0007976565975695848,0.015127926133573055,0.0469929575920105,0.14910061642061578,0.14595503567251975,0.02716115675866604,0.0272358146806558,0.0,0.0,0.014508718252182006,False,False
0.385,4.7882609367370605,0.6023067235946655,0.33605220913887024,0.7559654768813847,0.9358162168863212,0.7855500000000278,0.21444999999997216,0.0,637,603,1.0421372467987013,0.9578627532012988,31.0,31,2.0,14.0,0.02947537787258625,19.26785550833135,20.321286678298883,0.0,0.0,0.0,0.05267155849837657,1.0,0.0008889037417247891,0.015355035662651062,0.046991586685180664,0.15314203879329955,0.15037377094073495,0.026997358848651253,0.027040477531651657,0.0,0.0,0.01324232578277588,False,False
0.39,4.785947799682617,0.6154578924179077,0.3817112147808075,-0.12225188627822152,0.8892164156018375,0.7854500000000278,0.21454999999997215,0.0,587,548,0.7052924762321429,1.2947075237678571,30.0,30,1.0,18.0,0.02947191335260868,25.9955342159704,18.627846121773974,0.0,0.0,0.0,-0.36838440470982137,1.0,0.0010031277779489756,0.015579593367874622,0.046990275382995605,0.15405380773916488,0.15177552177756679,0.02698165054122607,0.026997813644508522,0.0,0.0,0.01295114040374756,False,False
0.395,4.798479080200195,0.633542537689209,0.4070965349674225,0.47104752704302244,0.9930378324042771,0.7853500000000279,0.21464999999997214,0.0,644,604,0.7298514365461309,1.2701485634538692,41.0,41,5.0,26.0,0.029507756233215332,23.829239697972866,17.07552561162614,0.0,0.0,0.0,-0.3376857043173363,1.0,0.0010386965004727244,0.01590901054441929,0.04698902368545532,0.15468481045122834,0.15265189183316774,0.02695747030278047,0.02696308307349682,0.0,0.0,0.01514486908912659,False,False
0.4,4.849095821380615,0.6986111402511597,0.4307498335838318,-0.7333474719902626,0.23472615616131068,0.7852500000000279,0.21474999999997213,0.0,711,677,0.41903048350062,1.5,63.0,63,2.0,29.0,0.029903549700975418,30.176803056475126,15.652565143990628,0.0,0.0,0.0,-0.726211895624225,1.0,0.0011039895471185446,0.016437368467450142,0.046987712383270264,0.15674743497743845,0.15492311388284857,0.02687054220587015,0.026862722200651966,0.0,0.0,0.024645085334777835,False,False
0.405,4.870149612426758,0.7154219746589661,0.44864004850387573,0.2857919889362696,0.6418680997107741,0.7851500000000279,0.21484999999997212,0.0,694,660,0.8007779432089016,1.1992220567910983,40.0,40,2.0,30.0,0.03045875020325184,27.662069468435533,22.681518048658074,0.0,0.0,0.0,-0.24902757098887296,1.0,0.0011930600740015507,0.01675359532237053,0.04698634147644043,0.15732941082367932,0.1556915401325836,0.02684582645694415,0.026826939235130947,0.0,0.0,0.01662050724029541,False,False
0.41000000000000003,4.957790374755859,0.7832767963409424,0.3914726972579956,0.3732307980099261,0.837474962877416,0.7850500000000279,0.2149499999999721,0.0,711,672,0.8173797812748265,1.1826202187251735,36.0,36,2.0,21.0,0.03071768581867218,25.35689701273257,20.791391544603233,0.0,0.0,0.0,-0.2282752734064669,1.0,0.0012042563175782561,0.017030030488967896,0.04698514938354492,0.16054304369818054,0.15814033589791146,0.026689573811988037,0.02670263716330131,0.0,0.0,0.01705068111419678,False,False
0.41500000000000004,4.9887285232543945,0.892253577709198,0.40598264336586,0.7184109162264877,0.5480000097558276,0.7849500000000279,0.2150499999999721,0.0,648,614,0.8325981328352576,1.1674018671647424,46.0,46,1.0,28.0,0.03073783405125141,23.24382226167152,19.05877558255296,0.0,0.0,0.0,-0.20925233395592802,1.0,0.0012459392892196774,0.01738433539867401,0.04698377847671509,0.16319278350006414,0.16095522930255413,0.026594464046259723,0.026602212650080524,0.0,0.0,0.017602375745773315,False,False
0.42,5.0901780128479,0.9594351053237915,0.4289211332798004,0.07762146228445427,0.7999549235623767,0.7848500000000279,0.21514999999997209,0.0,546,520,0.5132149550989861,1.4867850449010138,16.0,16,4.0,26.0,0.03071664460003376,29.640170406532228,17.47054428400688,0.0,0.0,0.0,-0.6084813061262674,1.0,0.0013121429365128279,0.017465787008404732,0.04698246717453003,0.16645151104280967,0.16443933142938588,0.0264671848465999,0.02646151619652907,0.0,0.0,0.00916259765625,False,False
0.425,5.235898971557617,0.9443402290344238,0.3658827245235443,-0.07479430858708257,0.9099183135004498,0.7847500000000279,0.21524999999997207,0.0,579,535,0.22044704217407052,1.5,28.0,28,4.0,18.0,0.03068905510008335,35.50348953932121,16.014665593672973,0.0,0.0,0.0,-0.9744411972824117,1.0,0.0014020338421687484,0.017646290361881256,0.046981215476989746,0.17038816864601877,0.16729875002521638,0.026282239705324173,0.026320676940182846,0.0,0.0,0.015380845069885254,False,False
0.43,5.278754234313965,0.9199944138526917,0.3376646339893341,0.14965431847754532,0.8290351667904904,0.7846500000000279,0.21534999999997206,0.0,586,554,0.2854097886595648,1.5,41.0,41,1.0,20.0,0.030668651685118675,32.54486541104444,14.680110127533558,0.0,0.0,0.0,-0.893237764175544,1.0,0.0015147996600717306,0.01795988343656063,0.04697990417480469,0.1717297573837723,0.16808242152599856,0.026222339365631342,0.026281556735436123,0.0,0.0,0.018466761112213136,False,False
0.435,5.285137176513672,0.8954383134841919,0.30648812651634216,,0.0,0.784550000000028,0.21544999999997205,0.0,524,489,0.3449589729379343,1.5,22.0,22,0.0,12.0,0.030655506998300552,29.832793293457403,13.456767616905761,0.0,0.0,0.0,-0.8188012838275821,1.0,0.0016496481839567423,0.018088633194565773,0.046978652477264404,0.17185961986519,0.16774494635841114,0.0262164146018525,0.026290907214085262,0.0,0.0,0.016781543493270875,False,False
0.44,5.378720283508301,0.8926933407783508,0.29700860381126404,0.4036522723120395,0.5211830512331079,0.784450000000028,0.21554999999997204,0.0,641,603,0.3995457251931065,1.5,42.0,42,4.0,30.0,0.03061213716864586,27.346727185669284,12.335370315496947,0.0,0.0,0.0,-0.7505678435086168,1.0,0.0017049714224413037,0.01840999908745289,0.046977341175079346,0.17403594047203264,0.16961314412578554,0.026115086705734335,0.026196108665317297,0.0,0.0,0.025252127647399904,False,False
0.445,5.445512294769287,0.923897922039032,0.2852552533149719,-0.3555560745035546,0.7593576369844466,0.784350000000028,0.21564999999997203,0.0,729,678,1.116250248093681,0.8837497519063191,32.0,32,7.0,20.0,0.030759314075112343,25.067833253530175,27.974089455872196,0.0,0.0,0.0,0.14531281011710107,1.0,0.0017891718307510018,0.01863263174891472,0.04697597026824951,0.17645599663567632,0.17172110229823342,0.026019408057133358,0.026109213164697092,0.0,0.0,0.030411300659179692,False,False
0.45,5.506483554840088,0.9404687285423279,0.30621200799942017,2.2280040543732653,0.14852674095983728,0.784250000000028,0.21574999999997202,0.0,651,611,0.43989606075254073,1.5,25.0,25,1.0,20.0,0.03085744008421898,39.645513815735995,25.642915334549514,0.0,0.0,0.0,-0.7001299240593241,1.0,0.0018963251495733857,0.018788229674100876,0.046974778175354004,0.17887866011665104,0.17423504365887094,0.025938022105644148,0.026018063072115183,0.0,0.0,0.017248253822326663,False,False
0.455,5.656824111938477,0.8635501265525818,0.33111572265625,0.4728301583232814,0.8314494718499863,0.784150000000028,0.215849999999972,0.0,698,666,0.4865713890231623,1.5,68.0,68,4.0,19.0,0.031098278239369392,36.341720997757996,23.506005723337054,0.0,0.0,0.0,-0.6417857637210471,1.0,0.002025638474151492,0.019346807152032852,0.04697340726852417,0.18201088909990665,0.1772769442852546,0.025808832918604217,0.025877921531597774,0.0,0.0,0.01891469955444336,False,False
0.46,5.764496326446533,0.7998360991477966,0.32888156175613403,0.3942919432316658,0.9285348764732793,0.784050000000028,0.215949999999972,0.0,627,595,0.5293571066045653,1.4706428933954347,37.0,37,2.0,25.0,0.031290605664253235,33.31324424794483,21.547171913058964,0.0,0.0,0.0,-0.5883036167442933,1.0,0.00217633880674839,0.019606828689575195,0.04697209596633911,0.1827419649520847,0.17764367128101083,0.025751874782145023,0.02582910703495145,0.0,0.0,0.020949342250823975,False,False
0.465,5.805736064910889,0.8943734765052795,0.37545090913772583,-0.542447882997616,0.2956831273422586,0.783950000000028,0.216049999999972,0.0,552,517,0.5685773477208516,1.4314226522791484,20.0,20,1.0,12.0,0.031289394944906235,30.53714056061609,19.751574253637383,0.0,0.0,0.0,-0.5392783153489354,1.0,0.002347672125324607,0.019706975668668747,0.04697078466415405,0.18675820583477185,0.18218020463020432,0.025658432859927416,0.02570884535089135,0.0,0.0,0.019721769094467163,False,False
0.47000000000000003,5.798244476318359,1.0085035562515259,0.42487573623657227,0.620008530322459,0.887829445933476,0.783850000000028,0.21614999999997198,0.0,570,536,0.6045292354107807,1.3954707645892193,21.0,21,5.0,13.0,0.03128187358379364,27.992378847231414,18.105609732500934,0.0,0.0,0.0,-0.494338455736524,1.0,0.0025389043148607016,0.019812412559986115,0.04696941375732422,0.19100841456092457,0.18724676056857723,0.0255835863451163,0.025602028084297977,0.0,0.0,0.021220955848693848,False,False
0.47500000000000003,5.775308132171631,1.0211853981018066,0.4612220823764801,0.2910655148620856,0.7903770302573808,0.783750000000028,0.21624999999997196,0.0,575,547,0.3041517991265489,1.5,39.0,39,1.0,16.0,0.031299661844968796,33.993013943295466,16.59680892145919,0.0,0.0,0.0,-0.8698102510918139,1.0,0.002749320352450013,0.02007867768406868,0.046968162059783936,0.19139039107008085,0.18824878317334565,0.025592821184545755,0.025592929062743984,0.0,0.0,0.01986103057861328,False,False
0.48,5.814009189605713,1.0625079870224,0.5072915554046631,0.3281574545173324,0.8998982820463673,0.783650000000028,0.21634999999997195,0.0,607,571,0.36213914919933643,1.5,58.0,58,2.0,18.0,0.031251460313797,31.160262781354177,15.21374151133759,0.0,0.0,0.0,-0.7973260635008294,1.0,0.0028773860540241003,0.020521601662039757,0.04696685075759888,0.19393958754371407,0.19147674230237363,0.025534505645434063,0.025511240431418024,0.0,0.0,0.02457998037338257,False,False
0.485,5.8912434577941895,1.1964930295944214,0.5970321297645569,0.7871786653164384,0.6358267522210164,0.7835500000000281,0.21644999999997194,0.0,658,617,0.41529422009939176,1.5,33.0,33,2.0,28.0,0.031360846012830734,28.563574216241328,13.945929718726124,0.0,0.0,0.0,-0.7308822248757603,1.0,0.003031577682122588,0.020738258957862854,0.046965599060058594,0.19848552889935214,0.1976845990419342,0.025431211882581316,0.025352286950995527,0.0,0.0,0.036435813903808595,False,False
0.49,5.954340934753418,1.278424859046936,0.6163459420204163,0.3404092129277254,0.5460056540255118,0.7834500000000281,0.21654999999997193,0.0,620,583,0.46401970175777574,1.5,27.0,27,3.0,30.0,0.03135563060641289,26.183276364887885,12.783768908832279,0.0,0.0,0.0,-0.6699753728027803,1.0,0.003306878264993429,0.0208963081240654,0.046964287757873535,0.2018478057918403,0.20139406129437967,0.02533641022940477,0.025245309807360172,0.0,0.0,0.020767805576324464,False,False
0.495,6.008425712585449,1.385251760482788,0.5959377884864807,0.597067609248823,0.9911643216811542,0.7833500000000281,0.21664999999997192,0.0,554,517,0.5086847266112946,1.4913152733887054,23.0,23,1.0,25.0,0.0313447043299675,24.00133666781389,11.718454833096255,0.0,0.0,0.0,-0.6141440917358818,1.0,0.0034925725776702166,0.02100159227848053,0.04696297645568848,0.20739666658546296,0.20666853249817607,0.025200434029102325,0.025122181978076696,0.0,0.0,0.016487745046615602,False,False
0.5,6.054986953735352,1.4883029460906982,0.6330649852752686,-0.3432888303506682,0.33637868549178557,0.7832500000000281,0.2167499999999719,0.0,640,597,0.5496276660603534,1.4503723339396466,52.0,52,2.0,36.0,0.0313834585249424,22.0012252788294,10.741916930338233,0.0,0.0,0.0,-0.5629654174245583,1.0,0.0036014660727232695,0.021400582045316696,0.04696172475814819,0.2116437644800123,0.21186925010848306,0.025113879237324,0.02501632086932659,0.0,0.0,0.013764370679855347,False,False
0.505,6.18756628036499,1.572156548500061,0.6424342393875122,0.6296840385826201,0.6006728751872205,0.7831500000000281,0.2168499999999719,0.0,648,614,0.5871586938886573,1.4128413061113427,42.0,42,5.0,19.0,0.03146097809076309,20.167789838926947,9.84675718614338,0.0,0.0,0.0,-0.5160516326391783,1.0,0.003736914601176977,0.021681541576981544,0.046960413455963135,0.21917328920525303,0.21966061238664625,0.024931388907134533,0.02483049718042215,0.0,0.0,0.012997393608093263,False,False
0.51,6.314511299133301,1.6211602687835693,0.6087397933006287,1.000589348142444,0.7485837833782463,0.7830500000000281,0.2169499999999719,0.0,577,537,0.6215621360646025,1.3784378639353974,19.0,19,2.0,23.0,0.03158147260546684,18.487140685683034,9.026194087298098,0.0,0.0,0.0,-0.4730473299192468,1.0,0.003893056185916066,0.02175150252878666,0.04695916175842285,0.22767211149601363,0.2272311371862836,0.024731172403941553,0.02465320440630118,0.0,0.0,0.016917773485183717,False,False
0.515,6.304157257080078,1.6168677806854248,0.5820796489715576,0.9131322271720785,0.533166977041512,0.7829500000000281,0.21704999999997188,0.0,580,542,0.3197652913925525,1.5,30.0,30,2.0,18.0,0.03164146840572357,25.27987896187611,8.274011246689923,0.0,0.0,0.0,-0.8502933857593094,1.0,0.004069158807396889,0.02194219082593918,0.04695773124694824,0.22843041534255662,0.22724681879952022,0.0247199305643638,0.024657350343962513,0.0,0.0,0.011903610229492188,False,False
0.52,6.333162307739258,1.5715134143829346,0.5505288243293762,-0.11006099811621427,0.8147879593639701,0.7828500000000281,0.21714999999997187,0.0,664,626,0.7097848504431731,1.2902151495568268,53.0,53,5.0,26.0,0.03173227608203888,23.173222381719768,15.917843642799095,0.0,0.0,0.0,-0.3627689369460336,1.0,0.004264507442712784,0.022323157638311386,0.046956539154052734,0.22853890369707816,0.2263819856417003,0.024700130646427475,0.024653426371514797,0.0,0.0,0.018679288625717164,False,False
0.525,6.426928997039795,1.570402979850769,0.5479415655136108,0.712625803132071,0.9461361351971036,0.7827500000000281,0.21724999999997185,0.0,729,690,1.0673027795729086,0.9326972204270914,44.0,44,3.0,20.0,0.03203746676445007,21.242120516576453,22.92469000589917,0.0,0.0,0.0,0.08412847446613583,1.0,0.004478407558053732,0.022610822692513466,0.0469551682472229,0.23290440551222075,0.23034214591979446,0.02459540885562698,0.02455094363540411,0.0,0.0,0.025845453739166264,False,False
0.53,6.4355597496032715,1.5860353708267212,0.5357176065444946,-0.116684035424959,0.320720655859421,0.7826500000000282,0.21734999999997184,0.0,651,609,1.0616942146084996,0.9383057853915004,23.0,23,5.0,24.0,0.03201569616794586,19.47194380686175,21.01429917207424,0.0,0.0,0.0,0.07711776826062451,1.0,0.0047101816162467,0.022714586928486824,0.04695397615432739,0.23397606897632986,0.23114942763000196,0.024569377613564335,0.02453353178376953,0.0,0.0,0.024665439128875734,False,False
0.535,6.538729667663574,1.6030210256576538,0.6076931953430176,0.027991755532541247,0.7437251343234039,0.7825500000000282,0.21744999999997183,0.0,594,562,1.0565530300577912,0.9434469699422087,26.0,26,3.0,30.0,0.03221530467271805,17.849281822956602,19.263107574401385,0.0,0.0,0.0,0.07069128757223915,1.0,0.004858332686126232,0.02285557985305786,0.04695272445678711,0.2400089944430261,0.238638553072072,0.024467740828792255,0.024392931566884123,0.0,0.0,0.020046653747558596,False,False
0.54,6.698391437530518,1.552177906036377,0.6118031740188599,0.5221789571377712,0.6670900964120471,0.7824500000000282,0.21754999999997182,0.0,800,752,0.7185069442196421,1.2814930557803579,97.0,97,4.0,22.0,0.032236311584711075,24.695175004376882,17.657848609867937,0.0,0.0,0.0,-0.35186631972544724,1.0,0.005031372886151075,0.023608919233083725,0.0469512939453125,0.24552077520203525,0.2435193836558554,0.02433485273892681,0.02426152195160588,0.0,0.0,0.020490541458129886,False,False
0.545,6.772539138793945,1.5751596689224243,0.6018035411834717,0.5572032012758963,0.9928549258435603,0.7823500000000282,0.2176499999999718,0.0,710,672,0.40863136553467216,1.5,24.0,24,4.0,32.0,0.03233810514211655,30.97057708734547,16.186361225712275,0.0,0.0,0.0,-0.7392107930816598,1.0,0.005223484709858894,0.023727744817733765,0.046949923038482666,0.2480518223131018,0.24533120998180835,0.024269844094912212,0.024207130384941898,0.0,0.0,0.02431447267532349,False,False
0.55,6.76873254776001,1.6847926378250122,0.6588005423545837,0.771600744635672,0.339159779059821,0.7822500000000282,0.2177499999999718,0.0,593,557,0.4579120850734495,1.5,17.0,17,3.0,25.0,0.032318636775016785,28.389695663400015,14.837497790236252,0.0,0.0,0.0,-0.6776098936581881,1.0,0.005433978512883186,0.02376994490623474,0.04694873094558716,0.25423626346761397,0.2535691695207051,0.024221312875549,0.024124113842844963,0.0,0.0,0.020513424873352053,False,False
0.555,6.730249404907227,1.73812735080719,0.7095001935958862,0.6351196990503499,0.5990912479509021,0.7821500000000282,0.2178499999999718,0.0,579,545,0.5030860779839953,1.4969139220160046,21.0,21,1.0,20.0,0.0322636216878891,26.023887691450014,13.601039641049898,0.0,0.0,0.0,-0.6211424025200059,1.0,0.005561347585171461,0.023836012929677963,0.046947479248046875,0.25678220367058513,0.25815565845152383,0.024229191864530247,0.024101529270410538,0.0,0.0,0.020225527286529543,False,False
0.56,6.720579624176025,1.7570804357528687,0.7509187459945679,0.8501950094022656,0.9826952223158294,0.7820500000000282,0.21794999999997178,0.0,643,608,0.5444955714853291,1.4555044285146708,60.0,60,1.0,19.0,0.03221708908677101,32.18856371716251,20.80095300429574,0.0,0.0,0.0,-0.5693805356433386,1.0,0.005714092403650284,0.024260826408863068,0.046946048736572266,0.257607067950064,0.2603823995748475,0.024233799582968157,0.024086616467684507,0.0,0.0,0.02638598442077637,False,False
0.5650000000000001,6.746973037719727,1.8404604196548462,0.7984560132026672,0.735925748241997,0.6017383549819324,0.7819500000000282,0.21804999999997177,0.0,728,693,0.5824542738615518,1.417545726138448,51.0,51,4.0,27.0,0.03222736716270447,29.506183407398964,19.06754025393776,0.0,0.0,0.0,-0.5219321576730602,1.0,0.005886384751647711,0.024598943069577217,0.04694485664367676,0.2616608539416084,0.2662223000011035,0.024189609879006944,0.024017750596006714,0.0,0.0,0.03733106851577759,False,False
0.5700000000000001,6.765004634857178,1.8906328678131104,0.8407996892929077,0.6359042011041366,0.9999940611209932,0.7818500000000282,0.21814999999997176,0.0,638,602,0.2839164177064226,1.5,19.0,19,3.0,28.0,0.03237513080239296,35.38066812344905,17.478578566109615,0.0,0.0,0.0,-0.8951044778669717,1.0,0.005976689048111439,0.024671174585819244,0.046943604946136475,0.2625069841059485,0.2685843218797756,0.02418717136606574,0.02399105578660965,0.0,0.0,0.031613018512725834,False,False
0.5750000000000001,6.854128837585449,1.9647799730300903,0.8165998458862305,0.5376392154433514,0.8423679583087438,0.7817500000000283,0.21824999999997174,0.0,712,663,0.3435900495642208,1.5,25.0,25,5.0,26.0,0.03272117301821709,32.43227911316163,16.022030352267148,0.0,0.0,0.0,-0.820512438044724,1.0,0.006093478761613369,0.024765945971012115,0.04694223403930664,0.27114013596250974,0.27663182676582887,0.0240476056933403,0.023864049774905048,0.0,0.0,0.023197853565216066,False,False
0.58,6.886587619781494,2.197500705718994,0.8484529852867126,0.9773316496606805,0.5114754748783933,0.7816500000000283,0.21834999999997173,0.0,711,671,0.39829087876720237,1.5,62.0,62,4.0,32.0,0.032717328518629074,29.729589187064825,14.686861156244884,0.0,0.0,0.0,-0.752136401540997,1.0,0.006230898667126894,0.025186657905578613,0.04694092273712158,0.2834254290660157,0.2915396844502471,0.023904324043542147,0.0237062464778622,0.0,0.0,0.01561542272567749,False,False
0.585,6.939693927764893,2.4213743209838867,0.8593255877494812,1.1110080585961963,0.35636113261237273,0.7815500000000283,0.21844999999997172,0.0,731,689,0.4484333055366022,1.5,82.0,82,4.0,24.0,0.03292460739612579,35.58545675480942,21.796289393224477,0.0,0.0,0.0,-0.6894583680792472,1.0,0.006388223730027676,0.025846339762210846,0.046939730644226074,0.29622802997503983,0.3066466177633582,0.023756183994313083,0.023547657765448093,0.0,0.0,0.012460997104644777,False,False
0.59,7.086847305297852,2.513014316558838,0.8225982189178467,1.5366842809659114,0.5072840278200872,0.7814500000000283,0.2185499999999717,0.0,511,474,0.49439719674188554,1.5,22.0,22,3.0,23.0,0.0328647755086422,32.620002025241966,19.979931943789104,0.0,0.0,0.0,-0.632003504072643,1.0,0.006564746145159006,0.025905361399054527,0.046938419342041016,0.31403791164978617,0.3241489846147522,0.023515761519471805,0.023328522220253944,0.0,0.0,0.017142677307128908,False,False
0.595,7.162611961364746,2.46606707572937,0.8116195797920227,0.26241454692184185,0.47857531386807867,0.7813500000000283,0.2186499999999717,0.0,669,624,0.5365307636800617,1.4634692363199382,38.0,38,1.0,21.0,0.03283613547682762,29.90166852313847,18.31493761514001,0.0,0.0,0.0,-0.5793365453999229,1.0,0.00665894104167819,0.02609797567129135,0.04693716764450073,0.3216767707206234,0.3306432032057318,0.023422363835076492,0.02324722707271576,0.0,0.0,0.02043574094772339,False,False
0.6,7.156465530395508,2.396665096282959,0.8032518625259399,0.2370519745494956,0.8782537920274184,0.7812500000000283,0.2187499999999717,0.0,640,597,0.5751532000400565,1.4248467999599435,34.0,34,2.0,17.0,0.032800596207380295,27.409862812876927,16.788692813878342,0.0,0.0,0.0,-0.5310584999499293,1.0,0.00677929213270545,0.026270924136042595,0.046935856342315674,0.3194546845070944,0.327324955431116,0.023453542962670326,0.023281846661120653,0.0,0.0,0.019677191972732544,False,False
0.605,7.228487968444824,2.4041507244110107,0.7600758075714111,0.7805078749551596,0.45525178075684863,0.7811500000000283,0.21884999999997168,0.0,668,632,0.6105571000367186,1.3894428999632815,30.0,30,4.0,22.0,0.032875385135412216,25.125707578470514,15.38963507938848,0.0,0.0,0.0,-0.48680362495410173,1.0,0.0069199539721012115,0.02643495984375477,0.04693460464477539,0.32631851150653496,0.33219611505045715,0.02335837654148539,0.0232076287890474,0.0,0.0,0.027218835353851317,False,False
0.61,7.2993645668029785,2.4601638317108154,0.7642658352851868,0.47892774666107946,0.8996771057008662,0.7810500000000283,0.21894999999997167,0.0,711,665,0.6430106750336588,1.3569893249663412,25.0,25,3.0,33.0,0.03305445984005928,23.03189861359797,14.10716548943944,0.0,0.0,0.0,-0.4462366562079265,1.0,0.007080209907144308,0.026520181447267532,0.04693329334259033,0.3356790941090556,0.34199301410465643,0.023256930677841108,0.023104033898562193,0.0,0.0,0.03906530141830444,False,False
0.615,7.329095840454102,2.4685051441192627,0.7657995820045471,0.6329994430031317,0.4988674188419244,0.7809500000000283,0.21904999999997166,0.0,775,724,0.6727597854475205,1.3272402145524795,63.0,63,3.0,22.0,0.033087220042943954,21.112573729131473,12.931568365319487,0.0,0.0,0.0,-0.4090502681905993,1.0,0.007259362377226353,0.026939895004034042,0.04693198204040527,0.3398953667133967,0.3462812791683941,0.023212131733695667,0.02305945148691535,0.0,0.0,0.013437044620513917,False,False
0.62,7.459448337554932,2.483937978744507,0.8279463052749634,0.19915390679103243,0.4250111739409606,0.7808500000000284,0.21914999999997165,0.0,703,662,0.7000298033268939,1.299970196673106,35.0,35,6.0,15.0,0.033056922256946564,19.35319258503718,11.853937668209529,0.0,0.0,0.0,-0.3749627458413826,1.0,0.007456731516867876,0.02712898701429367,0.046930789947509766,0.35309680390543424,0.3625625243894672,0.023093911974380415,0.022911072398225468,0.0,0.0,0.023504414558410645,False,False
0.625,7.61410665512085,2.4736521244049072,0.7948339581489563,0.5566933757548868,0.9170310977260625,0.7807500000000284,0.21924999999997163,0.0,660,618,0.7250273197163193,1.2749726802836807,30.0,30,2.0,47.0,0.03302270919084549,17.740426536284083,10.866109529192068,0.0,0.0,0.0,-0.3437158503546008,1.0,0.007671655155718327,0.02725318819284439,0.04692953824996948,0.3672124943745548,0.37394500133891034,0.022936523115883272,0.022774503255883854,0.0,0.0,0.0210371470451355,False,False
0.63,7.6352620124816895,2.531895160675049,0.8221160769462585,1.067003363712271,0.5868119131680956,0.7806500000000284,0.21934999999997162,0.0,644,606,0.7479417097399594,1.2520582902600406,45.0,45,3.0,43.0,0.03301393985748291,16.26205765826041,9.960600401759395,0.0,0.0,0.0,-0.31507286282505076,1.0,0.007903486490249634,0.0275099016726017,0.046928226947784424,0.3697170231584374,0.3781014543181819,0.022919632028788328,0.022746749067058168,0.0,0.0,0.022279462814331054,False,False
0.635,7.5612263679504395,2.64011287689209,0.9016836285591125,0.8498374190206889,0.4618316978439743,0.7805500000000284,0.2194499999999716,0.0,662,621,0.7689465672616295,1.2310534327383706,34.0,34,2.0,32.0,0.033228445798158646,14.906886186738708,9.130550368279446,0.0,0.0,0.0,-0.28881679092296314,1.0,0.00815159734338522,0.027690455317497253,0.04692697525024414,0.37217756312339634,0.38727361149712497,0.022964063100516796,0.02274767883742849,0.0,0.0,0.019430041313171387,False,False
0.64,7.524471759796143,2.6826086044311523,0.9359778761863708,,0.0,0.7804500000000284,0.2195499999999716,0.0,736,675,0.7882010199898271,1.211798980010173,70.0,70,2.0,11.0,0.03331204131245613,13.664645671177148,8.369671170922825,0.0,0.0,0.0,-0.2647487250127162,1.0,0.008415374904870987,0.028177158907055855,0.04692566394805908,0.3734661096595141,0.39166738890545155,0.022981565756102405,0.022748787111292284,0.0,0.0,0.021733736991882323,False,False
0.645,7.547414302825928,2.71355938911438,0.9833062291145325,0.7713351743033314,0.947201572312222,0.7803500000000284,0.2196499999999716,0.0,754,721,0.8058509349906748,1.1941490650093252,56.0,56,6.0,15.0,0.03357725590467453,12.525925198579051,7.672198573345923,0.0,0.0,0.0,-0.24268633126165642,1.0,0.008594349958002567,0.028542382642626762,0.04692435264587402,0.37606853752209857,0.3974218365587201,0.02296975813806057,0.02271806277955572,0.0,0.0,0.021854350566864016,False,False
0.65,7.589256763458252,2.852736711502075,1.060960292816162,0.9832352223072004,0.971218865665636,0.7802500000000284,0.21974999999997158,0.0,665,631,0.822030023741452,1.177969976258548,36.0,36,4.0,11.0,0.03376004844903946,11.482098098697463,7.032848692233762,0.0,0.0,0.0,-0.22246247032318506,1.0,0.008795156143605709,0.028709400445222855,0.04692310094833374,0.37978042234293236,0.4067548747416492,0.022948346255968016,0.02265864672760169,0.0,0.0,0.02908724069595337,False,False
0.655,7.612570285797119,2.9381296634674072,1.092084288597107,1.009881797687141,0.539664564013363,0.7801500000000284,0.21984999999997157,0.0,585,544,1.1701941884296643,0.8298058115703357,42.0,42,0.0,19.0,0.033715613186359406,10.525256590472674,14.78011130121428,0.0,0.0,0.0,0.21274273553708029,1.0,0.00891217589378357,0.028921477496623993,0.04692178964614868,0.38114562627237647,0.4101279172828946,0.022922991774976254,0.022618863731622696,0.0,0.0,0.02450096130371094,False,False
0.66,7.642284393310547,3.070807695388794,1.0841395854949951,0.8044434040692976,0.9776900015462523,0.7800500000000284,0.21994999999997156,0.0,566,520,0.8226780060605257,1.1773219939394743,45.0,45,1.0,16.0,0.033648040145635605,17.981485207933282,13.548435359446422,0.0,0.0,0.0,-0.22165249242434298,1.0,0.008953098207712173,0.029184389859437943,0.046920597553253174,0.39698956783549566,0.42899025347269076,0.02280752096946041,0.02250719660272201,0.0,0.0,0.0158901846408844,False,False
0.665,7.620162010192871,3.2494537830352783,1.1002919673919678,1.1729490548621433,0.9995536190666666,0.7799500000000285,0.22004999999997155,0.0,610,562,0.8374548388888151,1.162545161111185,35.0,35,2.0,29.0,0.03359591215848923,16.483028107272176,12.419399079492553,0.0,0.0,0.0,-0.20318145138898114,1.0,0.00902127381414175,0.02932567335665226,0.04691934585571289,0.40476555951497506,0.4412469418477164,0.022760105784982443,0.022451929592837892,0.0,0.0,0.01005452275276184,False,False
0.67,7.642552852630615,3.404364585876465,1.0896649360656738,0.4281821274290356,1.0,0.7798500000000285,0.22014999999997154,0.0,583,542,0.8510002689814139,1.1489997310185862,16.0,16,2.0,16.0,0.033548638224601746,15.10944243166616,11.384449156201507,0.0,0.0,0.0,-0.18624966377323265,1.0,0.009110835380852222,0.02932368777692318,0.04691815376281738,0.4177181369991256,0.45760166971756944,0.022652951690057915,0.022348362642029922,0.0,0.0,0.013152155876159668,False,False
0.675,7.744073390960693,3.50040864944458,1.0624899864196777,0.3002189792769131,0.20770981893047263,0.7797500000000285,0.22024999999997152,0.0,651,606,0.8634169132329628,1.1365830867670372,32.0,32,3.0,27.0,0.03351576253771782,22.183655562360645,18.769078393184714,0.0,0.0,0.0,-0.17072885845879657,1.0,0.009221043437719345,0.029444104060530663,0.046916842460632324,0.4455452265602743,0.4886823015790318,0.022454026620835066,0.022165207968403898,0.0,0.0,0.01737873911857605,False,False
0.68,7.792006969451904,3.496070623397827,1.038368582725525,0.6528151342975755,0.4124939776946275,0.7796500000000285,0.2203499999999715,0.0,756,704,0.5414655037968825,1.4585344962031175,47.0,47,1.0,35.0,0.033490151166915894,28.66835093216392,17.204988527085987,0.0,0.0,0.0,-0.5731681202538967,1.0,0.009250342845916748,0.02966419979929924,0.046915531158447266,0.4620468499511373,0.5050118112098309,0.022372088860720396,0.02209567309667667,0.0,0.0,0.01358526349067688,False,False
0.685,7.810675144195557,3.453639507293701,1.0108754634857178,0.38913678846491195,0.7229826074336655,0.7795500000000285,0.2204499999999715,0.0,765,717,0.5796767118138091,1.420323288186191,30.0,30,6.0,24.0,0.033569637686014175,26.27932168781693,15.771239483162155,0.0,0.0,0.0,-0.5254041102327387,1.0,0.009307188913226128,0.02978454902768135,0.04691427946090698,0.4659841819225391,0.5062756287225715,0.02235672747095426,0.022089838360746704,0.0,0.0,0.013347275257110597,False,False
0.6900000000000001,7.8866424560546875,3.4820735454559326,0.9993007183074951,,0.0,0.7794500000000285,0.2205499999999715,0.0,695,649,0.2813703191626581,1.5,30.0,30,6.0,8.0,0.03380720317363739,32.42271154716552,14.456969526231974,0.0,0.0,0.0,-0.8982871010466773,1.0,0.009385707788169384,0.02989848144352436,0.046912968158721924,0.48099071188890813,0.5218552921476343,0.02225923351943493,0.02199695988868674,0.0,0.0,0.015876485109329225,False,False
0.6950000000000001,7.911825180053711,3.4879515171051025,0.9807277321815491,0.7483759951254666,0.854004367195739,0.7793500000000285,0.22064999999997148,0.0,674,618,0.34125612589910326,1.5,51.0,51,2.0,15.0,0.03407594934105873,29.720818918235057,13.252222065712642,0.0,0.0,0.0,-0.8234298426261208,1.0,0.009384316392242908,0.030168985947966576,0.04691171646118164,0.48935741204767275,0.5296428368743386,0.02220229711383581,0.0219503091648221,0.0,0.0,0.023115785121917726,False,False
0.7000000000000001,7.943118572235107,3.534416913986206,1.031317949295044,0.46062407238293246,0.710406273051698,0.7792500000000285,0.22074999999997147,0.0,788,728,0.19999999999999996,1.5,61.0,61,3.0,28.0,0.03402487561106682,35.57741734171547,12.147870226903255,0.0,0.0,0.0,-1.0,1.0,0.009411445818841457,0.03054422326385975,0.04691046476364136,0.49268855048094046,0.5382323804267868,0.02219094273944696,0.021915816857169073,0.0,0.0,0.021860380172729493,False,False
0.705,8.068899154663086,3.5673673152923584,1.0580503940582275,1.4005828850251378,0.7262392213871058,0.7791500000000285,0.22084999999997146,0.0,682,631,0.19999999999999996,1.5,54.0,54,4.0,13.0,0.033963173627853394,40.9459658965725,11.13554770799465,0.0,0.0,0.0,-1.0,1.0,0.00946119800209999,0.03086814098060131,0.046909213066101074,0.5160625623538969,0.5665932998061047,0.022071510708580416,0.02178563658768932,0.0,0.0,0.020983612537384032,False,False
0.71,8.160049438476562,3.5721352100372314,1.0246354341506958,0.8245260621740269,0.4963680445069478,0.7790500000000286,0.22094999999997145,0.0,673,635,0.24028466641881208,1.5,28.0,28,6.0,18.0,0.033910587430000305,37.533802071858126,18.54091873232843,0.0,0.0,0.0,-0.9496441669764849,1.0,0.009532804600894451,0.030923187732696533,0.046907901763916016,0.53683166757411,0.5850640785656733,0.02196455684800943,0.02169587571794788,0.0,0.0,0.020074839591979983,False,False
0.715,8.132858276367188,3.661940574645996,1.0848082304000854,0.8070602345328025,0.5269023831890736,0.7789500000000286,0.22104999999997144,0.0,770,704,0.6369276108839108,1.3630723891160892,35.0,35,3.0,31.0,0.03411996737122536,42.73931856586995,33.66250883796772,0.0,0.0,0.0,-0.4538404863951115,1.0,0.00962741207331419,0.03106817975640297,0.04690670967102051,0.531399722843108,0.5871719988472622,0.022000244352966547,0.021706301874170702,0.0,0.0,0.022532584667205813,False,False
0.72,8.065194129943848,3.7322912216186523,1.1535892486572266,0.5632586147819127,0.4933908721211614,0.7788500000000286,0.22114999999997142,0.0,756,706,0.6671836433102516,1.3328163566897484,61.0,61,5.0,28.0,0.03428336977958679,39.177708685380786,30.857299768137075,0.0,0.0,0.0,-0.41602044586218556,1.0,0.009639640338718891,0.03143560513854027,0.046905457973480225,0.5209185092989234,0.5850362581548455,0.02207785379141569,0.02175409346818924,0.0,0.0,0.023034379482269288,False,False
0.725,8.032238006591797,3.74515700340271,1.19487464427948,1.2995336020123447,0.6194123863675676,0.7787500000000286,0.22124999999997141,0.0,777,718,0.694918339701064,1.305081660298936,58.0,58,3.0,23.0,0.03433863818645477,35.91289962826572,28.28585812079232,0.0,0.0,0.0,-0.38135207537367,1.0,0.009679853916168213,0.031786270439624786,0.046904146671295166,0.5135896258931487,0.5813939097635311,0.02212346841891607,0.021786220216502748,0.0,0.0,0.025628495216369628,False,False
0.73,8.02165699005127,3.8014352321624756,1.2316399812698364,2.3024886652394816,0.26459640830816467,0.7786500000000286,0.2213499999999714,0.0,775,724,0.7203418113926419,1.2796581886073581,47.0,47,5.0,22.0,0.03428836911916733,32.92015799257691,25.92870327739296,0.0,0.0,0.0,-0.3495727357591976,1.0,0.00974216777831316,0.03202784061431885,0.04690295457839966,0.5103759931865961,0.581754708445307,0.022136385086923838,0.021787268730501335,0.0,0.0,0.03437881708145142,False,False
0.735,8.001148223876953,3.913489818572998,1.2957422733306885,0.8771414852419296,0.9231832420507223,0.7785500000000286,0.2214499999999714,0.0,692,640,0.743646660443255,1.256353339556745,22.0,22,5.0,16.0,0.0342237763106823,30.1768114931955,23.767978004276877,0.0,0.0,0.0,-0.3204416744459312,1.0,0.009724990464746952,0.03202419355511665,0.0469016432762146,0.49533985034623573,0.5691856697052583,0.022197449579834938,0.021820510737597942,0.0,0.0,0.043977851867675784,False,False
0.74,8.012255668640137,4.03398323059082,1.3193621635437012,2.547150936905558,1.0000000000000002,0.7784500000000286,0.22154999999997138,0.0,729,682,0.7650094387396504,1.2349905612603496,49.0,49,4.0,17.0,0.0341608002781868,27.662077202095876,21.787313170587137,0.0,0.0,0.0,-0.29373820157543695,1.0,0.009736742824316025,0.032280221581459045,0.04690045118331909,0.4908099784590189,0.5647617070115971,0.022185257015128933,0.021797273463259142,0.0,0.0,0.02525829315185547,False,False
0.745,7.979438304901123,4.214385032653809,1.3096507787704468,1.2359603420274263,0.5194515523785453,0.7783500000000286,0.22164999999997137,0.0,749,687,0.7845919855113462,1.2154080144886539,81.0,81,5.0,25.0,0.03409510850906372,25.35690410192122,19.971703739704875,0.0,0.0,0.0,-0.26926001811081723,1.0,0.009784572757780552,0.03282657265663147,0.04689919948577881,0.502147642016399,0.5830212272778016,0.022111804379771154,0.021726947743445635,0.0,0.0,0.01195500135421753,False,False
0.75,7.931668281555176,4.396213054656982,1.3200445175170898,0.634755392379375,0.9999947209981802,0.7782500000000286,0.22174999999997136,0.0,798,747,0.8025426533854007,1.1974573466145992,71.0,71,7.0,24.0,0.03419984132051468,23.243828760094452,18.30739509472947,0.0,0.0,0.0,-0.2468216832682492,1.0,0.009841430932283401,0.03325881436467171,0.04689788818359375,0.49853936249637437,0.5826248382578157,0.022095341701060534,0.021705052349716425,0.0,0.0,0.011987195014953614,False,False
0.755,7.96405029296875,4.522765636444092,1.3094431161880493,1.7537914702577833,0.4214045930716933,0.7781500000000287,0.22184999999997135,0.0,665,625,0.8189974322699507,1.1810025677300493,23.0,23,0.0,22.0,0.03440195694565773,21.30684303008658,16.781778836835347,0.0,0.0,0.0,-0.22625320966256163,1.0,0.009923643432557583,0.03330134227871895,0.04689669609069824,0.5122259927820294,0.6018356628902115,0.02198012157653769,0.021595895911256473,0.0,0.0,0.016491266489028933,False,False
0.76,8.063478469848633,4.600846767425537,1.2927101850509644,0.8934800198900561,0.5379295268578039,0.7780500000000287,0.22194999999997134,0.0,618,564,0.8340809795807881,1.1659190204192118,28.0,28,1.0,22.0,0.034341659396886826,27.864606110912696,23.7166306004324,0.0,0.0,0.0,-0.20739877552401484,1.0,0.00992185715585947,0.033333320170640945,0.046895503997802734,0.5448937409389637,0.6436484059231827,0.0218077019477884,0.02143278562774261,0.0,0.0,0.020688438415527345,False,False
0.765,8.084810256958008,4.577739715576172,1.2769744396209717,1.695018850386147,0.6498226947020002,0.7779500000000287,0.22204999999997133,0.0,713,650,1.1812408979490558,0.8187591020509443,79.0,79,2.0,22.0,0.03428282216191292,25.54255560166997,30.073578050396364,0.0,0.0,0.0,0.22655112243631964,1.0,0.009847586043179035,0.03383611515164375,0.046894192695617676,0.556336507587991,0.6565625182725334,0.02178159852822622,0.021410842115680378,0.0,0.0,0.013789956569671632,False,False
0.77,8.11471939086914,4.569390296936035,1.2299282550811768,1.8969342062207515,0.4419420575511377,0.7778500000000287,0.22214999999997131,0.0,759,696,1.1661374897866346,0.8338625102133654,44.0,44,2.0,28.0,0.03430941700935364,31.747342634864136,35.90077987953,0.0,0.0,0.0,0.20767186223329315,1.0,0.009724491275846958,0.03404691070318222,0.04689294099807739,0.572373768612729,0.672525566171839,0.021717979883154236,0.021361138982077442,0.0,0.0,0.01379438042640686,False,False
0.775,8.172074317932129,4.619720458984375,1.2064001560211182,1.8448828676740778,0.8082202030628325,0.7777500000000287,0.2222499999999713,0.0,788,718,1.1522926989710818,0.8477073010289183,39.0,39,7.0,20.0,0.03433836251497269,29.101730748625457,32.9090482229025,0.0,0.0,0.0,0.1903658737138521,1.0,0.00961303897202015,0.03420158475637436,0.04689180850982666,0.5924039737308879,0.6959836528387999,0.021618782387425504,0.021269680000841618,0.0,0.0,0.024086763858795168,False,False
0.78,8.20263957977295,4.629611492156982,1.1807578802108765,2.7327930721925617,0.8698214816226851,0.7776500000000287,0.2223499999999713,0.0,750,691,1.1396016407234917,0.8603983592765084,42.0,42,3.0,27.0,0.0345282256603241,26.676586519573334,30.166627537660624,0.0,0.0,0.0,0.1745020509043645,1.0,0.009528719820082188,0.034366000443696976,0.04689055681228638,0.610244033814704,0.7168422717787157,0.021547099264959495,0.02120980682472388,0.0,0.0,0.01569394588470459,False,False
0.785,8.264874458312988,4.721358776092529,1.251680612564087,0.3853990824714617,0.6310226812556038,0.7775500000000287,0.22244999999997128,0.0,691,639,1.1279681706632005,0.8720318293367995,41.0,41,2.0,18.0,0.03469570726156235,24.453537642942223,27.652741909522238,0.0,0.0,0.0,0.15996021332900073,1.0,0.009470653720200062,0.03457237035036087,0.04688924551010132,0.6079458782859004,0.7200607612542639,0.02152555078888933,0.02116091549396515,0.0,0.0,0.019043328762054446,False,False
0.79,8.415763854980469,4.781322002410889,1.2409839630126953,2.5025090384620268,0.6770387372507606,0.7774500000000287,0.22254999999997127,0.0,709,638,1.1173041564412671,0.8826958435587328,80.0,80,4.0,30.0,0.03462987020611763,22.415742839363702,25.348346750395383,0.0,0.0,0.0,0.14663019555158402,1.0,0.00943798292428255,0.035044264048337936,0.04688817262649536,0.6552535210052973,0.7779829176552412,0.02134452962006132,0.020986480327943962,0.0,0.0,0.015302560329437257,False,False
0.795,8.472941398620605,4.853869438171387,1.2316880226135254,1.0922376172750594,0.6977048763866709,0.7773500000000287,0.22264999999997126,0.0,781,723,1.1075288100711618,0.8924711899288382,71.0,71,4.0,33.0,0.03456836938858032,20.547764269416724,23.235984521195768,0.0,0.0,0.0,0.13441101258895216,1.0,0.009329034946858883,0.03548957407474518,0.0468868613243103,0.6728160923930347,0.7987102079950085,0.021258567770322166,0.020906496793031693,0.0,0.0,0.01746125102043152,False,False
0.8,8.400219917297363,4.958758354187012,1.2879071235656738,1.0213562226069808,0.7781221324230312,0.7772500000000288,0.22274999999997125,0.0,669,627,1.4319014092318982,0.5680985907681018,25.0,25,1.0,20.0,0.034496795386075974,18.835450580298662,29.63298581109612,0.0,0.0,0.0,0.5398767615398729,1.0,0.009252148680388927,0.03551730513572693,0.046885669231414795,0.6412005360983163,0.7675125366300165,0.021338563722868763,0.02096339516962568,0.0,0.0,0.016665967702865603,False,False
0.805,8.350008964538574,5.010035991668701,1.3232181072235107,1.6237654879144479,0.684061936612234,0.7771500000000288,0.22284999999997124,0.0,722,666,1.5,0.2707570415374265,36.0,36,3.0,13.0,0.03444233164191246,17.265829698607106,35.49690366017144,0.0,0.0,0.0,0.9115536980782167,1.0,0.009136497043073177,0.03562892600893974,0.04688447713851929,0.6230247803528957,0.7499071157226784,0.02139566621432702,0.021006201083461445,0.0,0.0,0.018924947977066044,False,False
0.81,8.356825828552246,5.033445835113525,1.3635081052780151,1.8237164755319046,0.41269970456400523,0.7770500000000288,0.22294999999997123,0.0,767,711,1.5,0.33152728807597454,27.0,27,9.0,23.0,0.03481725975871086,15.827010557056514,32.53882835515715,0.0,0.0,0.0,0.8355908899050318,1.0,0.00902229081839323,0.03566873073577881,0.04688316583633423,0.6155520686519499,0.7434143065822448,0.02141469235842427,0.021014000133921705,0.0,0.0,0.01811413645744324,False,False
0.8150000000000001,8.374479293823242,5.126007556915283,1.3846584558486938,0.5335221743060208,0.6092648410156025,0.7769500000000288,0.22304999999997122,0.0,880,806,1.5,0.19999999999999996,87.0,87,2.0,26.0,0.03476142883300781,14.508093010635138,38.16059265889405,0.0,0.0,0.0,1.0,1.0,0.008909512311220169,0.03622894734144211,0.04688197374343872,0.6109006235152339,0.7382476642764931,0.021384076680988073,0.020977600943297148,0.0,0.0,0.03055728912353516,False,False
0.8200000000000001,8.366175651550293,5.202216625213623,1.4073913097381592,2.2560984952001597,0.1616663061237653,0.7768500000000288,0.2231499999999712,0.0,840,784,1.2005916537694936,0.7994083462305065,78.0,78,6.0,27.0,0.03471415117383003,29.965751926415543,34.98054327065288,0.0,0.0,0.0,0.2507395672118669,1.0,0.008798143826425076,0.036693401634693146,0.04688078165054321,0.599663947906331,0.7247617918588051,0.02138881323238214,0.020975477527827024,0.0,0.0,0.02470820426940918,False,False
0.8250000000000001,8.37376880645752,5.276197910308838,1.3996886014938354,0.16178450872166159,0.2882241800556051,0.7767500000000288,0.2232499999999712,0.0,726,666,1.1838756826220358,0.8161243173779642,19.0,19,9.0,36.0,0.03468795865774155,27.46860593254758,32.06549799809847,0.0,0.0,0.0,0.22984460327754466,1.0,0.008688166737556458,0.03670318424701691,0.046879589557647705,0.6045476707468288,0.7322305195107883,0.02134029210234682,0.020928422454744577,0.0,0.0,0.014743813276290893,False,False
0.8300000000000001,8.302068710327148,5.422794342041016,1.3821123838424683,1.2539446666634109,0.35908760121672684,0.7766500000000288,0.22334999999997118,0.0,763,701,0.835219375736866,1.164780624263134,57.0,57,0.0,20.0,0.034640777856111526,33.51288877150195,29.3933731649236,0.0,0.0,0.0,-0.2059757803289175,1.0,0.008579564280807972,0.036956798285245895,0.0468783974647522,0.591817584168152,0.7196177173405718,0.02131391161431869,0.02090654258305828,0.0,0.0,0.025879526138305665,False,False
0.835,8.216243743896484,5.536954402923584,1.3900058269500732,1.3910414708099725,0.35045253799108916,0.7765500000000288,0.22344999999997117,0.0,802,737,0.8489510944254605,1.1510489055745396,123.0,123,3.0,21.0,0.03481271117925644,30.720148040543453,26.943925401179964,0.0,0.0,0.0,-0.18881113196817445,1.0,0.008472319692373276,0.037826165556907654,0.04687720537185669,0.5607350602013237,0.6796406105483412,0.021380078978836536,0.02096652596568068,0.0,0.0,0.01748804330825806,False,False
0.84,8.298859596252441,5.6132426261901855,1.3536607027053833,1.2945927692092623,0.7283237732375726,0.7764500000000288,0.22354999999997116,0.0,718,660,0.8615385032233388,1.138461496776661,37.0,37,3.0,20.0,0.03488350287079811,28.160135703831497,24.698598284414967,0.0,0.0,0.0,-0.1730768709708265,1.0,0.008366415277123451,0.037942659109830856,0.04687601327896118,0.5910351641103486,0.7203291824050079,0.02121616154909134,0.020815531412760418,0.0,0.0,0.018654344081878663,False,False
0.845,8.418007850646973,5.6378984451293945,1.3082475662231445,1.0072106917466341,0.6809229003973242,0.7763500000000289,0.22364999999997115,0.0,751,690,0.8730769612880606,1.1269230387119393,16.0,16,2.0,25.0,0.03499123454093933,25.813457728512205,22.64038176071372,0.0,0.0,0.0,-0.15865379838992427,1.0,0.00826183520257473,0.037890948355197906,0.04687470197677612,0.6455695636086013,0.7935883153863064,0.02101562141130368,0.02063330030068755,0.0,0.0,0.021419210433959963,False,False
0.85,8.431946754455566,5.6254682540893555,1.277681589126587,1.4296094062608153,0.39480177771201025,0.7762500000000289,0.22374999999997114,0.0,749,670,0.8836538811807223,1.1163461188192776,44.0,44,2.0,21.0,0.03497886285185814,23.662336251136185,20.753683280654244,0.0,0.0,0.0,-0.1454326485240971,1.0,0.008158562704920769,0.038030266761779785,0.046873629093170166,0.6621664958894097,0.8144371000863421,0.020977590077867113,0.020603747883190714,0.0,0.0,0.017778589725494388,False,False
0.855,8.464130401611328,5.690593719482422,1.2353925704956055,0.21830480671776145,0.31652993749151115,0.7761500000000289,0.22384999999997113,0.0,880,806,1.226682724415662,0.7733172755843379,124.0,124,5.0,19.0,0.03518635034561157,21.690474896874836,27.357543007266386,0.0,0.0,0.0,0.28335340551957755,1.0,0.008056581020355225,0.0389021560549736,0.04687243700027466,0.6809084755989252,0.8381365713352761,0.020877843877921503,0.02051781164482236,0.0,0.0,0.0226069974899292,False,False
0.86,8.523798942565918,5.770059585571289,1.1870323419570923,1.4676529719025595,0.6773514704429348,0.7760500000000289,0.22394999999997112,0.0,900,818,1.2077924973810235,0.7922075026189765,63.0,63,8.0,18.0,0.035138145089149475,19.882935322135264,25.07774775666085,0.0,0.0,0.0,0.2597406217262794,1.0,0.007955873385071754,0.039281051605939865,0.04687124490737915,0.7173682676292789,0.8879272627793044,0.020723145765562855,0.020383550630261503,0.0,0.0,0.05428228378295898,False,False
0.865,8.513278007507324,5.769444942474365,1.1445903778076172,0.9231411929730411,0.32649593035314967,0.7759500000000289,0.2240499999999711,0.0,814,741,1.1904764559326049,0.8095235440673951,55.0,55,5.0,27.0,0.035094041377305984,18.226024045290657,22.987935443605778,0.0,0.0,0.0,0.23809556991575603,1.0,0.007856424897909164,0.03955494612455368,0.04687011241912842,0.7229805904328652,0.8909045338133761,0.020710047489653032,0.020383240965505443,0.0,0.0,0.015002822875976563,False,False
0.87,8.609030723571777,5.8743577003479,1.1290764808654785,1.2478346225187624,0.7785416274533837,0.7758500000000289,0.2241499999999711,0.0,742,670,0.8412700846048878,1.1587299153951123,39.0,39,5.0,24.0,0.03506486490368843,25.040522041516432,21.072274156638628,0.0,0.0,0.0,-0.19841239424389023,1.0,0.007758219726383686,0.03970181941986084,0.04686892032623291,0.7461789314870858,0.9196979328108115,0.020570287791391216,0.02024856551239888,0.0,0.0,0.023701157569885258,False,False
0.875,8.794365882873535,5.957840442657471,1.119274377822876,0.4723486504298265,0.5786623132899085,0.7757500000000289,0.22424999999997108,0.0,867,774,1.1878309108878138,0.8121690891121862,60.0,60,3.0,22.0,0.03502138704061508,22.953811871390062,27.649584643585406,0.0,0.0,0.0,0.2347886386097672,1.0,0.007668172474950552,0.03998512774705887,0.0468677282333374,0.8093219260796713,0.9996731464564564,0.020356756479789816,0.020043860034396253,0.0,0.0,0.016473637819290163,False,False
0.88,8.906318664550781,6.099335670471191,1.149604320526123,1.7305813312712708,0.3914942487165049,0.7756500000000289,0.22434999999997107,0.0,900,808,1.5,0.49448833168617057,86.0,86,5.0,18.0,0.034977447241544724,21.04099421544089,33.678785923286625,0.0,0.0,0.0,0.6318895853922868,1.0,0.00757232028990984,0.040514834225177765,0.046866655349731445,0.816002098849645,1.0,0.020232622822125755,0.019915263789395492,0.0,0.0,0.015942561626434325,False,False
0.885,8.911032676696777,6.231161117553711,1.2030575275421143,1.2247286801244184,0.6788964793112229,0.7755500000000289,0.22444999999997106,0.0,1003,916,1.5,0.20328097071232298,82.0,82,7.0,32.0,0.035376351326704025,19.287578030820814,39.20555376301274,0.0,0.0,0.0,0.9958987866095962,1.0,0.00747766625136137,0.041038352996110916,0.04686552286148071,0.77492413660137,0.9524952924772871,0.02022438527395328,0.01988846343010664,0.0,0.0,0.020557208061218264,False,False
0.89,8.868650436401367,6.224066734313965,1.2056384086608887,2.538928726896777,0.5304221348589329,0.775450000000029,0.22454999999997105,0.0,820,750,1.5,0.26967422315296286,74.0,74,9.0,22.0,0.03543614596128464,17.680279861585745,35.93842428276167,0.0,0.0,0.0,0.9129072210587964,1.0,0.0077828033827245235,0.041448961943387985,0.046864449977874756,0.7712047252133307,0.9556467636152877,0.020245005531857412,0.01990311391030749,0.0,0.0,0.012992604970932006,False,False
0.895,8.791593551635742,6.23785924911499,1.2329773902893066,0.5005591238858182,0.7572403329485135,0.775350000000029,0.22464999999997104,0.0,734,665,1.5,0.3305347045568827,36.0,36,4.0,29.0,0.03537347540259361,16.2069232064536,32.94355559253153,0.0,0.0,0.0,0.8368316193038966,1.0,0.008090034127235413,0.041556648910045624,0.04686325788497925,0.737598096342119,0.9170179017036936,0.02032504805053274,0.019971743846933048,0.0,0.0,0.01980379343032837,False,False
0.9,8.777399063110352,6.330956935882568,1.2366541624069214,1.5997977372057683,0.3228170970973099,0.775250000000029,0.22474999999997103,0.0,791,721,1.2803431874895241,0.7196568125104759,61.0,61,3.0,29.0,0.03557336702942848,23.1896796059158,30.198259293153903,0.0,0.0,0.0,0.35042898436190517,1.0,0.008226924575865269,0.04185013845562935,0.046862125396728516,0.7161417058718533,0.8889635008126288,0.020304111919055384,0.019949181005358696,0.0,0.0,0.02667905569076538,False,False
0.905,8.810538291931152,6.372925281524658,1.2539927959442139,-0.5180230092733569,0.9998795756381123,0.775150000000029,0.22484999999997102,0.0,777,710,1.2569812551987305,0.7430187448012695,70.0,70,3.0,23.0,0.035651713609695435,21.257206305422816,27.681737685391077,0.0,0.0,0.0,0.32122656899841306,1.0,0.00819909293204546,0.042212434113025665,0.04686105251312256,0.7110365027561616,0.8795433411933273,0.020276440773159266,0.019916669310381017,0.0,0.0,0.02212218523025513,False,False
0.91,8.789387702941895,6.480139255523682,1.2158397436141968,1.5106009977699721,0.7896441620550275,0.775050000000029,0.224949999999971,0.0,718,653,1.2355661505988362,0.7644338494011638,43.0,43,3.0,28.0,0.035834550857543945,19.48577244663758,25.374926211608486,0.0,0.0,0.0,0.29445768824854535,1.0,0.009089287370443344,0.042355891317129135,0.046859920024871826,0.7110189964150222,0.8856228502740254,0.02018861627827088,0.019841862376779318,0.0,0.0,0.014651217460632323,False,False
0.915,8.707962989807129,6.644498348236084,1.2006196975708008,0.6545191679737901,0.3180208438803772,0.774950000000029,0.225049999999971,0.0,714,660,1.2159356380489332,0.7840643619510668,40.0,40,2.0,23.0,0.035769231617450714,17.86195807608445,23.26034902730778,0.0,0.0,0.0,0.26991954756116654,1.0,0.009736701846122742,0.0424695760011673,0.046858906745910645,0.6694720614589592,0.8329307557915451,0.020178087676564854,0.019837328388045233,0.0,0.0,0.018466453552246097,False,False
0.92,8.695068359375,6.7384185791015625,1.2089197635650635,2.7250569350957106,0.36293102318508585,0.774850000000029,0.22514999999997098,0.0,746,673,1.1979410015448555,0.8020589984551445,55.0,55,4.0,17.0,0.035685911774635315,16.373461569744077,21.321986608365464,0.0,0.0,0.0,0.24742625193106935,1.0,0.010202002711594105,0.0426725409924984,0.04685783386230469,0.6445904431193915,0.7979764126650801,0.020187597256153822,0.01983964505294959,0.0,0.0,0.022251715660095216,False,False
0.925,8.817793846130371,6.747927188873291,1.1522181034088135,0.2566536693183876,0.7805191759023693,0.774750000000029,0.22524999999997097,0.0,720,649,1.5,0.48522074858388253,60.0,60,5.0,12.0,0.03560022637248039,15.009006438932069,27.878487724335006,0.0,0.0,0.0,0.6434740642701469,1.0,0.010491104796528816,0.042947422713041306,0.046856701374053955,0.7026988893883758,0.8784308980367869,0.019990440147618454,0.01966638800998529,0.0,0.0,0.01824106812477112,False,False
0.93,8.906070709228516,6.716386795043945,1.1027674674987793,0.13286230880781855,0.15611057303527848,0.774650000000029,0.22534999999997096,0.0,814,725,1.5,0.19999999999999996,75.0,75,4.0,23.0,0.03553120046854019,13.758255902354396,33.88861374730709,0.0,0.0,0.0,1.0,1.0,0.010609777644276619,0.04335895925760269,0.04685568809509277,0.7629518623277365,0.9622082225481442,0.01985288147504131,0.01954978487143914,0.0,0.0,0.020900182723999024,False,False
0.935,8.896138191223145,6.703760147094727,1.0727773904800415,0.6393506151492738,1.0,0.774550000000029,0.22544999999997095,0.0,767,698,1.5,0.26188687901840124,33.0,33,4.0,23.0,0.03547747805714607,12.611734577158195,31.064562601698164,0.0,0.0,0.0,0.9226414012269984,1.0,0.01056364644318819,0.043411482125520706,0.046854615211486816,0.7722742836065407,0.9727402931526072,0.019847802662601076,0.019552585824082296,0.0,0.0,0.019161837100982668,False,False
0.9400000000000001,8.963666915893555,6.764225006103516,1.019102692604065,0.5676923061364029,0.6720776600708003,0.7744500000000291,0.22554999999997094,0.0,843,756,1.5,0.19999999999999996,59.0,59,2.0,21.0,0.03552639111876488,11.560756695728346,36.80918238488998,0.0,0.0,0.0,1.0,1.0,0.010431600734591484,0.04366748407483101,0.046853601932525635,0.8077274402019688,1.0,0.019708156275252502,0.019435014110058546,0.0,0.0,0.02466171503067017,False,False
0.9450000000000001,9.086727142333984,6.820003986358643,0.9379233121871948,0.4185485407506441,0.4937650277627947,0.7743500000000291,0.22564999999997093,0.0,903,818,1.5,0.19999999999999996,60.0,60,4.0,26.0,0.035648297518491745,10.59736030441765,33.74175051948248,0.0,0.0,0.0,1.0,1.0,0.011148534715175629,0.043918855488300323,0.0468524694442749,0.8699956794554782,1.0,0.01949957727144162,0.019263672487189375,0.0,0.0,0.024620621204376223,False,False
0.9500000000000001,9.189804077148438,6.878684043884277,0.9469707012176514,1.1502841277449714,0.532207826587992,0.7742500000000291,0.22574999999997092,0.0,921,823,1.5,0.19999999999999996,81.0,81,6.0,21.0,0.035650625824928284,9.714246945716178,30.92993797619227,0.0,0.0,0.0,1.0,1.0,0.011627846397459507,0.04438727721571922,0.04685157537460327,0.885045444160679,1.0,0.019381114592154823,0.01914404875909289,0.0,0.0,0.020308363437652587,False,False
0.9550000000000001,9.303911209106445,6.923764228820801,0.9483440518379211,-0.4378044901354464,0.2560831650591729,0.7741500000000291,0.2258499999999709,0.0,762,690,1.5,0.22209132888254313,41.0,41,6.0,24.0,0.035602014511823654,8.904726366906496,28.352443144842916,0.0,0.0,0.0,0.9723858388968211,1.0,0.011930077336728573,0.04447145760059357,0.04685044288635254,0.9116198250651143,1.0,0.019264693837612867,0.01902802692105373,0.0,0.0,0.015213122367858888,False,False
0.96,9.395027160644531,7.001269340515137,0.9159796237945557,2.145367566430205,0.06639296045813034,0.7740500000000291,0.2259499999999709,0.0,827,742,1.5,0.2869170514756646,64.0,64,4.0,24.0,0.035674430429935455,8.162665836330955,25.98973954943934,0.0,0.0,0.0,0.8913536856554192,1.0,0.012061023153364658,0.04478076845407486,0.04684954881668091,0.9366775018311816,1.0,0.019133789464831352,0.01891242184986671,0.0,0.0,0.011985598802566529,False,False
0.965,9.457539558410645,7.140429496765137,0.9211407899856567,1.4531203731679885,0.6059920936637054,0.7739500000000291,0.22604999999997089,0.0,937,843,1.5,0.34634063051935937,94.0,94,7.0,21.0,0.03618227690458298,7.482443683303376,23.82392792031939,0.0,0.0,0.0,0.8170742118508008,1.0,0.012026331387460232,0.04533505067229271,0.046848416328430176,0.9044546706117474,1.0,0.019022237199048202,0.018800635201235615,0.0,0.0,0.01771448135375977,False,False
0.97,9.485010147094727,7.217551231384277,0.9442511200904846,0.7228183325559019,0.9965185919865405,0.7738500000000291,0.22614999999997087,0.0,927,836,1.5,0.19999999999999996,69.0,69,6.0,20.0,0.03636826202273369,6.858906709694761,30.17193392695944,0.0,0.0,0.0,1.0,1.0,0.011876001954078674,0.045704737305641174,0.046847522258758545,0.8780003628221443,1.0,0.01896971371024847,0.01873890015607079,0.0,0.0,0.018336889743804933,False,False
0.975,9.471348762512207,7.207062244415283,0.9744139313697815,0.28085397160769704,0.3366225109930367,0.7737500000000291,0.22624999999997086,0.0,801,722,1.5,0.19999999999999996,58.0,58,3.0,26.0,0.036325760185718536,14.620664483886863,35.99093943304615,0.0,0.0,0.0,1.0,1.0,0.011727551929652691,0.04595596715807915,0.04684656858444214,0.8674072797260972,1.0,0.01900171938662728,0.01875889642784993,0.0,0.0,0.016184918880462647,False,False
0.98,9.462821960449219,7.269920825958252,0.9937152862548828,1.0387618417610767,0.24371063824443387,0.7736500000000291,0.22634999999997085,0.0,759,682,1.5,0.21642325186415945,50.0,50,1.0,27.0,0.036254264414310455,13.40227577689629,32.9916944802923,0.0,0.0,0.0,0.9794709351698007,1.0,0.011580957099795341,0.04609992727637291,0.04684555530548096,0.8343667320906919,1.0,0.018991491136451565,0.0187423056922853,0.0,0.0,0.020232892036437987,False,False
0.985,9.463875770568848,7.328672409057617,0.9864837527275085,1.3013651163800894,0.4743952927149549,0.7735500000000292,0.22644999999997084,0.0,819,732,1.5,0.28172131420881297,59.0,59,6.0,19.0,0.03618728742003441,12.285419462154932,30.24238660693461,0.0,0.0,0.0,0.8978483572389837,1.0,0.012007242999970913,0.046339720487594604,0.046844661235809326,0.8163331507580782,1.0,0.018954634045561157,0.01870862829188506,0.0,0.0,0.02749748945236206,False,False
0.99,9.461244583129883,7.3485002517700195,0.9825720191001892,0.795675294078306,0.9568071564396241,0.7734500000000292,0.22654999999997083,0.0,766,701,1.5,0.34157787135807827,49.0,49,8.0,26.0,0.03611450269818306,11.261634506975353,27.722187723023392,0.0,0.0,0.0,0.8230276608024021,1.0,0.012205308303236961,0.04649431258440018,0.046843647956848145,0.8114303872510599,1.0,0.01894430567820867,0.018698888209958874,0.0,0.0,0.015749288797378542,False,False
0.995,9.460354804992676,7.475445747375488,0.8908028602600098,0.8271032373609231,0.9631595416963497,0.7733500000000292,0.22664999999997082,0.0,837,762,1.5,0.39644638207823857,57.0,57,4.0,24.0,0.03604349121451378,10.323164964727408,25.412005412771443,0.0,0.0,0.0,0.7544420224022017,1.0,0.012235460802912712,0.0467253178358078,0.046842753887176514,0.8139633060581788,1.0,0.018810690380632877,0.0186038405324022,0.0,0.0,0.021326258182525638,False,False
1.0,9.408625602722168,7.585047721862793,0.9098944067955017,-2.890295314213524,0.34399397576507706,0.7732500000000292,0.2267499999999708,0.0,903,827,1.2199241497616147,0.7800758502383853,92.0,92,4.0,20.0,0.036010101437568665,17.796234551000122,23.29433829504049,0.0,0.0,0.0,0.2749051872020184,1.0,0.012103266082704067,0.04727691411972046,0.04684180021286011,0.751244085069728,0.9444264214870607,0.018845361967881523,0.018629166297614574,0.0,0.0,0.024229927062988283,False,False
1.0050000000000001,9.465218544006348,7.587878227233887,0.9027668237686157,0.6460255709912908,0.8603270997238326,0.7731500000000292,0.2268499999999708,0.0,833,763,0.8682638039481467,1.1317361960518533,53.0,53,4.0,26.0,0.03602506220340729,24.64654833841678,21.353143437120448,0.0,0.0,0.0,-0.16467024506481653,1.0,0.01289142481982708,0.04746909812092781,0.04684096574783325,0.7660804733509636,0.9633535969629654,0.018799968529492617,0.01858559980367621,0.0,0.0,0.024056646823883057,False,False
1.01,9.5729341506958,7.563568115234375,0.8345139622688293,0.8192699735211579,0.9612704251093184,0.7730500000000292,0.2269499999999708,0.0,875,785,0.8792418202858013,1.1207581797141986,53.0,53,5.0,22.0,0.036155279725790024,22.592669310215378,19.57371481736041,0.0,0.0,0.0,-0.15094772464274833,1.0,0.013439079746603966,0.04761693626642227,0.04684007167816162,0.8508668700568176,1.0,0.018636115516225498,0.018452658938864868,0.0,0.0,0.02092998504638672,False,False
1.0150000000000001,9.624022483825684,7.572076320648193,0.7904374599456787,0.6476073632634239,0.488504500062471,0.7729500000000292,0.22704999999997078,0.0,907,830,0.8893050019286513,1.1106949980713487,86.0,86,5.0,27.0,0.036557912826538086,20.70994686769743,17.94257191591371,0.0,0.0,0.0,-0.13836874758918594,1.0,0.013806849718093872,0.048072703182697296,0.046839118003845215,0.8914638002825067,1.0,0.018545071749637525,0.018380669256051384,0.0,0.0,0.024838211536407473,False,False
1.02,9.662421226501465,7.604997634887695,0.7558117508888245,0.07401441962801034,0.8940750255158026,0.7728500000000292,0.22714999999997076,0.0,766,694,0.8985295851012637,1.1014704148987362,55.0,55,3.0,24.0,0.03671053797006607,18.984117962055976,16.44735758958757,0.0,0.0,0.0,-0.12683801862342037,1.0,0.014000601135194302,0.048287320882081985,0.046838223934173584,0.9080173773914361,1.0,0.018471386283636093,0.018321328486005466,0.0,0.0,0.031528818607330325,False,False
1.025,9.734285354614258,7.633291721343994,0.7338381409645081,0.8863852630791232,0.9710877581231031,0.7727500000000292,0.22724999999997075,0.0,773,683,1.240318786342825,0.7596812136571749,50.0,50,5.0,14.0,0.036624643951654434,17.402108131884642,23.41007779045527,0.0,0.0,0.0,0.30039848292853133,1.0,0.014026057906448841,0.04844176769256592,0.04683738946914673,0.9277056904658454,1.0,0.018381765112280846,0.01824223048364123,0.0,0.0,0.03486225605010986,False,False
1.03,9.774916648864746,7.646847248077393,0.7079697251319885,-0.6197714044596427,0.31320611221797545,0.7726500000000293,0.22734999999997074,0.0,793,698,1.2202922208142564,0.7797077791857437,45.0,45,1.0,20.0,0.0365348719060421,15.951932454227588,21.459237974583996,0.0,0.0,0.0,0.27536527601782035,1.0,0.013888799585402012,0.04854029044508934,0.0468364953994751,0.954089523100582,1.0,0.018321875638018053,0.01819557355095943,0.0,0.0,0.034104318618774415,False,False
1.035,9.886297225952148,7.73392391204834,0.7175111174583435,-0.10668258405380492,0.5832691004251028,0.7725500000000293,0.22744999999997073,0.0,803,720,0.8686012024130683,1.1313987975869317,86.0,86,2.0,22.0,0.03645963594317436,22.955938083041953,19.67096814336866,0.0,0.0,0.0,-0.16424849698366462,1.0,0.014671538025140762,0.04900379106402397,0.04683554172515869,0.9323679457964774,1.0,0.01820092865576347,0.018071334343403578,0.0,0.0,0.019072337150573732,False,False
1.04,10.010231971740723,7.713364601135254,0.688736081123352,0.7290349787292044,0.4288777895250567,0.7724500000000293,0.22754999999997072,0.0,847,757,0.8795511022119793,1.1204488977880207,98.0,98,5.0,31.0,0.03639337420463562,21.042943242788457,18.03172079808794,0.0,0.0,0.0,-0.1505611222350259,1.0,0.015213430859148502,0.04955491051077843,0.04683482646942139,0.9773910895287758,1.0,0.018090892117470503,0.017973173720141254,0.0,0.0,0.018987028598785403,False,False
1.045,10.101737022399902,7.769723892211914,0.6862419247627258,0.8886807934559062,0.9692374011139164,0.7723500000000293,0.2276499999999707,0.0,771,695,0.8895885103609811,1.110411489639019,28.0,28,6.0,25.0,0.0364307202398777,19.28936463922275,16.529077398247278,0.0,0.0,0.0,-0.13801436204877363,1.0,0.0155751071870327,0.0495077520608902,0.04683387279510498,0.9709926641694969,1.0,0.017991583639134966,0.01787693938240409,0.0,0.0,0.014603132009506225,False,False
1.05,10.158978462219238,7.915083408355713,0.7215721011161804,0.6785053778800083,0.5992740849644668,0.7722500000000293,0.2277499999999707,0.0,918,833,0.8987894678308993,1.1012105321691008,62.0,62,5.0,31.0,0.03647409379482269,17.68191758595419,15.151654281726671,0.0,0.0,0.0,-0.12651316521137587,1.0,0.01576244831085205,0.04977649822831154,0.0468330979347229,0.8969327787868465,1.0,0.017897613967458408,0.017770220680783193,0.0,0.0,0.018131834268569947,False,False
1.055,10.160674095153809,7.937424182891846,0.7579383254051208,0.7529841638652031,0.48276678773133896,0.7721500000000293,0.2278499999999707,0.0,825,765,0.907223678844991,1.092776321155009,54.0,54,6.0,32.0,0.036426424980163574,16.208424453791338,13.889016424916115,0.0,0.0,0.0,-0.11597040144376117,1.0,0.015781188383698463,0.04991656541824341,0.046832144260406494,0.8749726200662344,1.0,0.01789164962247014,0.01774878241121769,0.0,0.0,0.016139122247695925,False,False
1.06,10.123315811157227,7.935327529907227,0.7963046431541443,0.7640018224195697,0.9754457934079672,0.7720500000000293,0.22794999999997068,0.0,895,791,0.9149550389412419,1.0850449610587583,81.0,81,4.0,25.0,0.03650132566690445,14.857722415975392,12.731598389506438,0.0,0.0,0.0,-0.1063062013234477,1.0,0.0167141892015934,0.050269365310668945,0.04683130979537964,0.8605024944171105,1.0,0.017930531563858192,0.017772885039448738,0.0,0.0,0.014194579124450685,False,False
1.065,10.125553131103516,8.029472351074219,0.8148787617683411,0.733326563598879,0.5235353141123797,0.7719500000000293,0.22804999999997067,0.0,846,766,0.9220421190294716,1.0779578809705284,63.0,63,6.0,19.0,0.036525577306747437,13.619578881310776,11.670631857047567,0.0,0.0,0.0,-0.09744735121316044,1.0,0.01740075647830963,0.050528377294540405,0.046830594539642334,0.8157136136715416,1.0,0.017893762948612373,0.01773098949342966,0.0,0.0,0.023360099792480472,False,False
1.07,10.153993606567383,8.065793991088867,0.8389512300491333,,0.0,0.7718500000000293,0.22814999999997065,0.0,792,713,0.928538609110349,1.071461390889651,62.0,62,4.0,23.0,0.03645520657300949,12.484613974534877,10.698079202293602,0.0,0.0,0.0,-0.08932673861206375,1.0,0.017901664599776268,0.05072743073105812,0.04682964086532593,0.7937726700156739,0.9897698520943288,0.017872131429612637,0.017700354413439832,0.0,0.0,0.022526338100433353,False,False
1.075,10.209251403808594,8.137564659118652,0.8115746974945068,0.9448058649806376,0.32775796434118576,0.7717500000000294,0.22824999999997064,0.0,714,649,0.9344937250178199,1.06550627498218,47.0,47,2.0,17.0,0.03636522218585014,11.44422947665697,9.806572602102468,0.0,0.0,0.0,-0.08188284372772507,1.0,0.018222935497760773,0.05085983872413635,0.04682892560958862,0.7818151661678961,0.9727063852747049,0.017779719394942127,0.017619597104688488,0.0,0.0,0.019414732456207277,False,False
1.08,10.222504615783691,8.308313369750977,0.787643313407898,0.07277979630427736,0.5721590033443779,0.7716500000000294,0.22834999999997063,0.0,773,695,0.939952581266335,1.060047418733665,48.0,48,1.0,24.0,0.03651725500822067,18.82387702026889,17.322691551927264,0.0,0.0,0.0,-0.07505927341708123,1.0,0.01837044209241867,0.05095385015010834,0.04682803153991699,0.7371315276001716,0.9180822681821664,0.017674070162077747,0.017527060117572546,0.0,0.0,0.017151398658752443,False,False
1.085,10.253150939941406,8.482276916503906,0.8125726580619812,0.791173834591297,0.9374639988457703,0.7715500000000294,0.22844999999997062,0.0,799,719,0.9449565328274737,1.0550434671725264,69.0,69,5.0,23.0,0.03687090799212456,17.255220601913148,15.87913392259999,0.0,0.0,0.0,-0.06880433396565788,1.0,0.01834990829229355,0.05124551057815552,0.04682725667953491,0.6770470110922889,0.834290888722966,0.017611627311756216,0.01745398777226607,0.0,0.0,0.015419540405273439,False,False
1.09,10.367077827453613,8.541903495788574,0.7718532681465149,0.7148958163164149,0.8343076753943156,0.7714500000000294,0.2285499999999706,0.0,813,741,0.9495434884251842,1.050456511574816,51.0,51,8.0,26.0,0.0368841253221035,15.817285551753718,14.555872762383324,0.0,0.0,0.0,-0.06307063946851973,1.0,0.0181669183075428,0.05139550566673279,0.04682654142379761,0.6851513498574332,0.8465434776743052,0.017462843097746372,0.017322669737040997,0.0,0.0,0.01737730622291565,False,False
1.095,10.470931053161621,8.525883674621582,0.7150291800498962,0.5540752070735848,0.8449735270077916,0.7713500000000294,0.2286499999999706,0.0,896,812,0.9537481977230855,1.0462518022769145,67.0,67,8.0,28.0,0.036828748881816864,14.499178422440908,13.342883365518047,0.0,0.0,0.0,-0.057814752846143055,1.0,0.0189041867852211,0.0516078844666481,0.0468258261680603,0.7223828471178637,0.9004608369804703,0.017327559956659876,0.017214204805592697,0.0,0.0,0.019070919752120975,False,False
1.1,10.456151962280273,8.4851655960083,0.6940836310386658,0.14240215245916704,0.062743893485305,0.7712500000000294,0.2287499999999706,0.0,864,798,0.6242691812461618,1.3757308187538382,67.0,67,4.0,25.0,0.03679708018898964,21.624246887237497,12.230976418391542,0.0,0.0,0.0,-0.4696635234422978,1.0,0.01940087415277958,0.051851786673069,0.046824872493743896,0.7399693225510242,0.9247676232270676,0.017338597681373358,0.017232901106278103,0.0,0.0,0.014905649423599242,False,False
1.105,10.52595043182373,8.486197471618652,0.6704089641571045,0.5690778052435085,0.9950514591411599,0.7711500000000294,0.22884999999997058,0.0,708,641,0.6555800828089816,1.3444199171910185,34.0,34,5.0,23.0,0.036733999848365784,28.15555964663437,19.54506171685891,0.0,0.0,0.0,-0.43052489648877296,1.0,0.019717613235116005,0.05185440555214882,0.04682415723800659,0.7486916718693892,0.9334316520330582,0.017271857553472124,0.017173681408166885,0.0,0.0,0.017991937398910522,False,False
1.11,10.634349822998047,8.554716110229492,0.6394991278648376,0.8241942720694726,0.9626240055698544,0.7710500000000294,0.22894999999997057,0.0,728,660,0.35094840924156656,1.5,43.0,43,3.0,16.0,0.036668047308921814,34.14259634274817,17.916306573787335,0.0,0.0,0.0,-0.8113144884480418,1.0,0.020937560126185417,0.051940951496362686,0.04682344198226929,0.7430410974472584,0.9266596220669427,0.01714006531983614,0.017056517147769533,0.0,0.0,0.032591629028320315,False,False
1.115,10.62061882019043,8.619125366210938,0.6115473508834839,0.3789334023015887,0.31253294117705605,0.7709500000000294,0.22904999999997055,0.0,730,667,0.4050360418047694,1.5,52.0,52,5.0,23.0,0.03674175590276718,31.297379980852487,16.423281025971722,0.0,0.0,0.0,-0.7437049477440383,1.0,0.021900303661823273,0.052052389830350876,0.04682266712188721,0.7281700538545672,0.9096468244381031,0.017118857552607857,0.01704649068415165,0.0,0.0,0.009644816517829896,False,False
1.12,10.67929744720459,8.657952308654785,0.5958651304244995,0.6130369336719528,0.989404138609406,0.7708500000000295,0.22914999999997054,0.0,728,657,0.45461637165437196,1.5,42.0,42,3.0,28.0,0.03690212965011597,28.689264982448112,15.05467427380741,0.0,0.0,0.0,-0.6817295354320351,1.0,0.022666897624731064,0.05210205912590027,0.0468219518661499,0.7132775029328793,0.884733734898248,0.017060345659653347,0.016991800318161648,0.0,0.0,0.021248412132263184,False,False
1.125,10.79948616027832,8.595579147338867,0.5637351274490356,-0.04799402463997385,0.8014068698865648,0.7707500000000295,0.22924999999997053,0.0,704,644,0.5000650073498409,1.499934992650159,34.0,34,5.0,22.0,0.036817312240600586,26.298492900577436,13.80011808432346,0.0,0.0,0.0,-0.6249187408126988,1.0,0.023243634030222893,0.052073780447244644,0.0468212366104126,0.7516545545918066,0.9340582395779365,0.016977143629143637,0.01692151107514898,0.0,0.0,0.017069946527481082,False,False
1.1300000000000001,10.954851150512695,8.630613327026367,0.5839340686798096,0.23282021386353724,0.7303858864195498,0.7706500000000295,0.22934999999997052,0.0,897,800,0.5417262567373542,1.4582737432626458,61.0,61,1.0,30.0,0.03679409623146057,24.106951825529315,12.650108243963171,0.0,0.0,0.0,-0.5728421790783071,1.0,0.023636652156710625,0.052249182015657425,0.04682046175003052,0.736302777063084,0.9050389859638893,0.016851307203372322,0.016790994753440223,0.0,0.0,0.020148839950561527,False,False
1.135,11.061403274536133,8.724963188171387,0.6785086989402771,0.17510695225699652,0.5498671158689451,0.7705500000000295,0.2294499999999705,0.0,734,685,0.5799157353425746,1.4200842646574254,57.0,57,3.0,22.0,0.03694674372673035,22.098039173401872,11.59593255696624,0.0,0.0,0.0,-0.5251053308217817,1.0,0.024929210543632507,0.05243119224905968,0.04681974649429321,0.6809207266022598,0.8181753093227547,0.0167550565674901,0.01666200968126456,0.0,0.0,0.019482231140136717,False,False
1.1400000000000001,11.065751075744629,8.730866432189941,0.7390503287315369,0.9237662201598066,0.9756885493017902,0.7704500000000295,0.2295499999999705,0.0,782,727,0.6149227573973601,1.3850772426026399,54.0,54,9.0,30.0,0.03698625788092613,20.256535908951715,10.62960484388572,0.0,0.0,0.0,-0.4813465532532998,1.0,0.025960998609662056,0.05257316306233406,0.04681903123855591,0.6669925565185487,0.7945438785614878,0.016763758224745594,0.016647659552594028,0.0,0.0,0.013755308389663698,False,False
1.145,11.079493522644043,8.734396934509277,0.7422778606414795,0.5247092250656543,0.6960342713602254,0.7703500000000295,0.2296499999999705,0.0,804,730,0.6470125276142469,1.3529874723857531,64.0,64,3.0,33.0,0.03714070841670036,18.568491249872405,9.743804440228576,0.0,0.0,0.0,-0.44123434048219146,1.0,0.026793168857693672,0.05281171575188637,0.04681825637817383,0.6688119531199175,0.7982563900574849,0.01673815849547585,0.016621085815131664,0.0,0.0,0.016029303073883058,False,False
1.1500000000000001,11.13351058959961,8.817771911621094,0.7684276103973389,0.02574552601522173,0.5988515531824468,0.7702500000000295,0.22974999999997048,0.0,788,714,0.6764281503130596,1.3235718496869404,68.0,68,5.0,32.0,0.03719121962785721,17.021116979049705,8.931820736876194,0.0,0.0,0.0,-0.4044648121086755,1.0,0.027432110160589218,0.053028404712677,0.0468176007270813,0.6378674723816262,0.7549135298169969,0.016671741226067148,0.01654710853472352,0.0,0.0,0.020412902832031253,False,False
1.155,11.157121658325195,8.84827995300293,0.8049293160438538,0.4704555237679406,0.6048502105379009,0.7701500000000295,0.22984999999997047,0.0,771,702,0.7033924711203046,1.2966075288796954,52.0,52,6.0,35.0,0.03711295127868652,23.936023897462228,16.520835675469844,0.0,0.0,0.0,-0.3707594110996192,1.0,0.02788405492901802,0.05314646661281586,0.046817004680633545,0.6181547492307773,0.7232408125760481,0.016661537035057943,0.016523597296327353,0.0,0.0,0.028410081863403318,False,False
1.16,11.250228881835938,8.87761402130127,0.7977126240730286,-0.17825713426502499,0.15264948436020986,0.7700500000000295,0.22994999999997046,0.0,792,728,0.7281097651936126,1.2718902348063874,43.0,43,3.0,38.0,0.03720385953783989,21.941355239340375,15.144099369180688,0.0,0.0,0.0,-0.3398627935079843,1.0,0.028155077248811722,0.053206976503133774,0.046816229820251465,0.6095680643878731,0.7086663426719437,0.016568430388967197,0.016434635811795793,0.0,0.0,0.016979838609695437,False,False
1.165,11.217339515686035,8.929463386535645,0.8042945265769958,0.40309832986963184,0.999370637916997,0.7699500000000296,0.23004999999997044,0.0,736,690,0.7507672847608116,1.2492327152391884,53.0,53,3.0,20.0,0.037430427968502045,20.112908969395342,13.882091088415631,0.0,0.0,0.0,-0.31154089404898555,1.0,0.029328377917408943,0.05331103131175041,0.04681551456451416,0.5963821396504696,0.6965335507305793,0.016558865706125896,0.016424376517534256,0.0,0.0,0.01578242301940918,False,False
1.17,11.228165626525879,8.970346450805664,0.8213289976119995,0.712625803132071,0.9461361351971036,0.7698500000000296,0.23014999999997043,0.0,673,616,0.7715366776974106,1.2284633223025894,26.0,26,3.0,21.0,0.0373421236872673,18.43683322194573,12.725250164380995,0.0,0.0,0.0,-0.2855791528782367,1.0,0.030243590474128723,0.05319930240511894,0.046814799308776855,0.5793155790890119,0.6723021025558152,0.01655170305942496,0.0164107047021389,0.0,0.0,0.013932337760925293,False,False
1.175,11.364097595214844,8.954230308532715,0.7872083783149719,0.4405770362307665,0.8196112257488206,0.7697500000000296,0.23024999999997042,0.0,731,668,0.45724195455595973,1.5,41.0,41,2.0,22.0,0.03745215758681297,25.233763786783584,11.664812650682578,0.0,0.0,0.0,-0.6784475568050503,1.0,0.03096180595457554,0.0532088428735733,0.046814143657684326,0.5905942095555223,0.6851538534574046,0.016419327973077696,0.01629254004607598,0.0,0.0,0.01959943175315857,False,False
1.18,11.405913352966309,8.94324779510498,0.7491998076438904,0.1804552463631409,0.4547209733200332,0.7696500000000296,0.2303499999999704,0.0,675,617,0.19999999999999996,1.5,56.0,56,2.0,30.0,0.03737516328692436,31.464283471218284,10.692744929792362,0.0,0.0,0.0,-1.0,1.0,0.031489357352256775,0.053338125348091125,0.0468134880065918,0.60388512279216,0.7048248934311003,0.016355026358117662,0.016243115533143282,0.0,0.0,0.010762486457824707,False,False
1.185,11.416797637939453,8.971199989318848,0.7056790590286255,0.4408472230594588,0.8557821463257763,0.7695500000000296,0.2304499999999704,0.0,740,672,0.23837692014771616,1.5,52.0,52,3.0,25.0,0.037298887968063354,28.84225984861676,9.801682852309664,0.0,0.0,0.0,-0.9520288498153547,1.0,0.03183242306113243,0.05344875901937485,0.04681277275085449,0.6016890100501332,0.7055428374732364,0.016320498349765938,0.016224216669797897,0.0,0.0,0.017132142782211306,False,False
1.19,11.50455093383789,9.008523941040039,0.6823801398277283,-0.04015798857604709,0.47615170240063753,0.7694500000000296,0.2305499999999704,0.0,778,700,0.6351788434687398,1.3648211565312602,39.0,39,7.0,21.0,0.037213731557130814,26.43873819456536,17.318209281283856,0.0,0.0,0.0,-0.4560264456640752,1.0,0.03199702873826027,0.05343976989388466,0.04681199789047241,0.5908876401409365,0.690108552794887,0.016229551595946155,0.016141928111513458,0.0,0.0,0.03007436752319336,False,False
1.195,11.532275199890137,8.9999418258667,0.6780546307563782,0.3392681585807366,0.8381231610675407,0.7693500000000296,0.23064999999997038,0.0,814,751,0.6655806065130115,1.3344193934869883,76.0,76,4.0,29.0,0.037161968648433685,24.235510011684912,15.875025174510201,0.0,0.0,0.0,-0.41802424185873555,1.0,0.03198904171586037,0.05375060811638832,0.04681134223937988,0.5924348340270277,0.6910841592289341,0.016210056686153017,0.016124133641521137,0.0,0.0,0.020238749980926514,False,False
1.2,11.588932037353516,9.034368515014648,0.7134037017822266,,0.0,0.7692500000000296,0.23074999999997037,0.0,734,679,0.36011555597026057,1.5,37.0,37,6.0,27.0,0.03709661588072777,30.549217510711166,14.552106409967683,0.0,0.0,0.0,-0.7998555550371742,1.0,0.032891467213630676,0.05373315513134003,0.04681062698364258,0.5787312567904452,0.6706871182893553,0.01615996782978376,0.01606358059992393,0.0,0.0,0.014351246356964113,False,False
1.205,11.725663185119629,9.040657043457031,0.7423880100250244,0.533316133383861,0.3659437416819438,0.7691500000000296,0.23084999999997036,0.0,725,676,0.7467725929727389,1.253227407027261,38.0,38,3.0,40.0,0.03701655939221382,28.00344938481857,21.672764209137043,0.0,0.0,0.0,-0.31653425878407637,1.0,0.03354373946785927,0.05373886600136757,0.04680997133255005,0.5684938917495173,0.6499215812980973,0.016067099447051685,0.01596108777448535,0.0,0.0,0.02277611255645752,False,False
1.21,11.808844566345215,9.022198677062988,0.7251643538475037,0.38160798615083863,0.544095629816612,0.7690500000000297,0.23094999999997035,0.0,712,652,0.7678748768916773,1.2321251231083226,51.0,51,2.0,23.0,0.037273939698934555,25.669828602750353,19.866700525042287,0.0,0.0,0.0,-0.2901564038854033,1.0,0.034006763249635696,0.05380069091916084,0.046809256076812744,0.5733123741882405,0.654765785146489,0.016025013756006956,0.01592818337182204,0.0,0.0,0.023863139152526858,False,False
1.215,11.818553924560547,9.118269920349121,0.7652450203895569,0.34874179393861443,0.33545596286679086,0.7689500000000297,0.23104999999997033,0.0,756,696,0.7872186371507043,1.2127813628492958,50.0,50,4.0,35.0,0.037204939872026443,23.53067621918782,18.211142147955428,0.0,0.0,0.0,-0.2659767035616197,1.0,0.03428668528795242,0.053889378905296326,0.04680854082107544,0.5465557596360512,0.6205882644181301,0.015992547074953716,0.015882620743165415,0.0,0.0,0.023086676597595217,False,False
1.22,11.787954330444336,9.219117164611816,0.821266770362854,1.0071019250186104,0.972006387099612,0.7688500000000297,0.23114999999997032,0.0,683,627,0.8049504173881454,1.1950495826118546,27.0,27,0.0,23.0,0.037746988236904144,21.569786534255503,16.69354696895914,0.0,0.0,0.0,-0.24381197826481812,1.0,0.03438949957489967,0.053797416388988495,0.046807944774627686,0.519056945668521,0.5847252316735545,0.01597889931872487,0.015848986028383177,0.0,0.0,0.02523224353790283,False,False
1.225,11.772004127502441,9.22925853729248,0.8599002361297607,0.05264220531832168,0.29469100961106215,0.7687500000000297,0.2312499999999703,0.0,753,690,0.4878712159391334,1.5,37.0,37,2.0,17.0,0.037705592811107635,28.105637656400877,15.302418054879212,0.0,0.0,0.0,-0.6401609800760832,1.0,0.03432105481624603,0.053758613765239716,0.04680722951889038,0.5140125876087571,0.5764833169728378,0.015991158628215395,0.015848948775480192,0.0,0.0,0.027028975486755376,False,False
1.23,11.79096794128418,9.297688484191895,0.9062686562538147,2.193632130089636,0.009621835293613235,0.7686500000000297,0.2313499999999703,0.0,775,716,0.5305486146108722,1.4694513853891278,55.0,55,4.0,11.0,0.03761010989546776,25.763501185034137,14.027216550305944,0.0,0.0,0.0,-0.5868142317364097,1.0,0.03408704698085785,0.05385764688253403,0.046806514263153076,0.49470363844495324,0.5502334916964041,0.015968787483870983,0.015812873219450317,0.0,0.0,0.03888467073440552,False,False
1.235,11.797735214233398,9.38391399383545,0.9589383006095886,1.606624777098904,0.8317157081807467,0.7685500000000297,0.2314499999999703,0.0,854,802,0.2363362300599663,1.5,85.0,85,10.0,14.0,0.037552397698163986,31.94987608628129,12.858281837780448,0.0,0.0,0.0,-0.954579712425042,1.0,0.03369303420186043,0.05423272028565407,0.046805739402770996,0.4715437185540682,0.5192372287604833,0.015968195317933958,0.015795281312117975,0.0,0.0,0.04963502883911133,False,False
1.24,11.84682559967041,9.432002067565918,0.9542789459228516,1.0075686494365275,0.833074028692298,0.7684500000000297,0.23154999999997028,0.0,715,668,0.2999748775549692,1.5,36.0,36,6.0,19.0,0.03748086094856262,29.287386412424514,11.786758351298744,0.0,0.0,0.0,-0.8750314030562885,1.0,0.03422170504927635,0.05422128736972809,0.04680520296096802,0.4608370281110097,0.5056004244989284,0.01591786276549101,0.01574610359966755,0.0,0.0,0.018220549821853636,False,False
1.245,11.901900291442871,9.626141548156738,0.9612136483192444,-0.31855633962324775,0.2619714958388045,0.7683500000000297,0.23164999999997027,0.0,654,605,0.35831030442538836,1.5,13.0,13,2.0,20.0,0.037417542189359665,26.846770878055803,10.804528488690515,0.0,0.0,0.0,-0.8021121194682644,1.0,0.034512195736169815,0.05405056104063988,0.04680448770523071,0.4269607862153298,0.46716943642806374,0.015800907276570797,0.015631276182830334,0.0,0.0,0.016276230812072755,False,False
1.25,11.878552436828613,9.836320877075195,0.9856043457984924,,0.0,0.7682500000000297,0.23174999999997026,0.0,649,604,0.7451177790566061,1.2548822209433939,50.0,50,4.0,9.0,0.03756817802786827,24.60953997155115,18.237484447966303,0.0,0.0,0.0,-0.3186027761792424,1.0,0.03462511673569679,0.054107990115880966,0.04680371284484863,0.39473392822219977,0.4301120108831571,0.015753647312521935,0.015577426335463922,0.0,0.0,0.00963807761669159,False,False
1.2550000000000001,11.974802017211914,9.962115287780762,0.9610198736190796,1.6989101227194974,0.18426836369630037,0.7681500000000298,0.23184999999997025,0.0,756,707,0.7663579641352223,1.2336420358647777,97.0,97,3.0,15.0,0.037500184029340744,22.558744973921886,16.717694077302443,0.0,0.0,0.0,-0.29205254483097215,1.0,0.03564359247684479,0.05453020706772804,0.04680311679840088,0.37762946179446166,0.41070177189694346,0.01561775493125121,0.015451017922411363,0.0,0.0,0.015509772300720214,False,False
1.26,12.104972839355469,9.992582321166992,0.942912220954895,1.151823291938466,1.0,0.7680500000000298,0.23194999999997024,0.0,622,583,1.1191614671239536,0.8808385328760464,26.0,26,2.0,26.0,0.03741340711712837,20.678849559428397,23.657886237527237,0.0,0.0,0.0,0.148951833904942,1.0,0.036407191306352615,0.05446360632777214,0.04680246114730835,0.3705628812064638,0.40205872530551284,0.015482679009437561,0.015325873003651699,0.0,0.0,0.01885020136833191,False,False
1.2650000000000001,12.099042892456055,9.951339721679688,0.9292680025100708,0.7481923026657483,0.7672989477712274,0.7679500000000298,0.23204999999997022,0.0,624,581,1.109231344863624,0.890768655136376,18.0,18,6.0,18.0,0.037341631948947906,18.955612096142698,21.686395717733298,0.0,0.0,0.0,0.13653918107953,1.0,0.03697694092988968,0.05431683361530304,0.04680180549621582,0.37530300427972363,0.40812121659330036,0.015487098135054111,0.015335176140069962,0.0,0.0,0.012001786231994629,False,False
1.27,12.114431381225586,9.915867805480957,0.8795503377914429,0.9416333098158716,0.46945469814497975,0.7678500000000298,0.2321499999999702,0.0,664,630,1.1001287327916554,0.8998712672083446,59.0,59,1.0,24.0,0.0374065525829792,17.37597775479747,19.879196074588855,0.0,0.0,0.0,0.12516091598956916,1.0,0.03735911101102829,0.05446659028530121,0.046801090240478516,0.381522156720351,0.4172045393983423,0.015471655254562696,0.015333487341801327,0.0,0.0,0.014002305269241334,False,False
1.2750000000000001,12.20411491394043,9.954339981079102,0.8604187965393066,1.0633511408985468,0.7135676752872265,0.7677500000000298,0.2322499999999702,0.0,618,579,1.091784671725684,0.908215328274316,52.0,52,0.0,22.0,0.03742222860455513,15.927979608564348,18.22259640170645,0.0,0.0,0.0,0.11473083965710514,1.0,0.037559814751148224,0.05458163470029831,0.046800434589385986,0.37410475652229375,0.4083340963460406,0.015386411299308142,0.015254613632957142,0.0,0.0,0.025026836395263673,False,False
1.28,12.220476150512695,9.968204498291016,0.8383605480194092,0.8964181830074387,0.9675610294203411,0.7676500000000298,0.2323499999999702,0.0,671,625,1.084135949081877,0.915864050918123,46.0,46,2.0,22.0,0.03742678090929985,14.600647974517319,16.704046701564245,0.0,0.0,0.0,0.10516993635234631,1.0,0.03758501261472702,0.0546809583902359,0.04679977893829346,0.37308498291297854,0.4083128543198011,0.01535429774473111,0.015230841624240082,0.0,0.0,0.02452394723892212,False,False
1.285,12.311429977416992,10.032829284667969,0.8992846012115479,2.1445363369666364,0.06556354221680974,0.7675500000000298,0.23244999999997018,0.0,705,660,1.0771246199917206,0.9228753800082794,34.0,34,5.0,17.0,0.03758106380701065,13.383927309974208,15.312042809767224,0.0,0.0,0.0,0.09640577498965079,1.0,0.03744051977992058,0.0546446219086647,0.04679912328720093,0.35752829016433785,0.3861592285105244,0.015286974764118593,0.015144855715334415,0.0,0.0,0.019243035316467285,False,False
1.29,12.508478164672852,10.038383483886719,0.8841162323951721,-2.7720398065191025,1.0,0.7674500000000298,0.23254999999997017,0.0,704,661,1.0706975683257438,0.9293024316742561,34.0,34,3.0,19.0,0.03778724744915962,12.268600034143024,14.036039242286622,0.0,0.0,0.0,0.0883719604071799,1.0,0.037132006138563156,0.05460628867149353,0.04679840803146362,0.35222303803636773,0.378016345941763,0.015144980667779844,0.015008466628690561,0.0,0.0,0.016935441493988037,False,False
1.295,12.626626014709473,10.09789752960205,0.883604884147644,1.2321509585411305,0.12965929392663883,0.7673500000000298,0.23264999999997016,0.0,652,614,0.7314727709652653,1.2685272290347347,20.0,20,2.0,21.0,0.03772677853703499,19.57955003129777,12.866369305429403,0.0,0.0,0.0,-0.33565903629341837,1.0,0.03666785731911659,0.054471518844366074,0.046797752380371094,0.34409374037011625,0.36845137136242395,0.015061295125633478,0.014928973590334257,0.0,0.0,0.02046052694320679,False,False
1.3,12.592341423034668,10.217219352722168,0.9530870318412781,0.5990170100008201,0.8684880805778716,0.7672500000000299,0.23274999999997015,0.0,707,664,0.42051670671816,1.5,33.0,33,7.0,28.0,0.03764816373586655,26.281254195356286,11.794171863310286,0.0,0.0,0.0,-0.7243541166023,1.0,0.03712497279047966,0.05443143844604492,0.04679703712463379,0.32796393731546114,0.34804322304017005,0.015064942029615244,0.014911276909212273,0.0,0.0,0.01938356876373291,False,False
1.305,12.507047653198242,10.254769325256348,0.9951742887496948,0.5695700032183164,0.9864949990392693,0.7671500000000299,0.23284999999997014,0.0,680,623,0.4688069811583133,1.5,53.0,53,2.0,29.0,0.03755342215299606,24.091149679076594,10.811324208034428,0.0,0.0,0.0,-0.6639912735521083,1.0,0.03734536096453667,0.054539021104574203,0.04679638147354126,0.32327418331056046,0.34188155012514854,0.015110660654803118,0.014942558482289314,0.0,0.0,0.01961509704589844,False,False
1.31,12.470725059509277,10.253020286560059,1.0272679328918457,0.7381371485544002,0.9544265726376714,0.7670500000000299,0.23294999999997013,0.0,709,669,0.5130730660617873,1.4869269339382127,29.0,29,4.0,25.0,0.03749648109078407,22.083553872486878,9.910380524031558,0.0,0.0,0.0,-0.608658667422766,1.0,0.037389591336250305,0.054458461701869965,0.04679572582244873,0.3235202455297035,0.34149566263145875,0.01513747964054346,0.014961599372327328,0.0,0.0,0.01874437093734741,False,False
1.315,12.50175952911377,10.368929862976074,1.0830057859420776,1.0866576404183759,0.3171783886686071,0.7669500000000299,0.23304999999997011,0.0,713,677,0.220316977223305,1.5,49.0,49,4.0,28.0,0.03754521533846855,28.576591049779637,9.084515480362262,0.0,0.0,0.0,-0.9746037784708687,1.0,0.038340773433446884,0.054537899792194366,0.0467950701713562,0.30915489144684616,0.32353462168511465,0.015107626095414162,0.014916400735576948,0.0,0.0,0.027696123123168947,False,False
1.32,12.521323204040527,10.432303428649902,1.1527372598648071,0.9377800777993447,0.4580519035088749,0.7668500000000299,0.2331499999999701,0.0,707,657,0.2852905624546963,1.5,25.0,25,1.0,35.0,0.037488147616386414,26.195208462297998,8.327472523665406,0.0,0.0,0.0,-0.8933867969316296,1.0,0.03903844207525253,0.054473236203193665,0.046794354915618896,0.301619972993302,0.31246131057788173,0.015127797766278189,0.014916938574363789,0.0,0.0,0.02122215270996094,False,False
1.325,12.560579299926758,10.47230052947998,1.1697040796279907,1.5211980813814048,0.6182321941036297,0.7667500000000299,0.2332499999999701,0.0,756,716,0.34484968225013823,1.5,22.0,22,8.0,37.0,0.037827152758836746,24.012274423773164,7.633516480026622,0.0,0.0,0.0,-0.8189378971873271,1.0,0.03954359516501427,0.05436293035745621,0.04679381847381592,0.2974213308952677,0.30721494208275524,0.015102903513858717,0.014889012866963943,0.0,0.0,0.01926243305206299,False,False
1.33,12.526748657226562,10.632447242736816,1.2051771879196167,1.6112057734806302,0.6812321546667105,0.7666500000000299,0.23334999999997008,0.0,744,698,0.7327788753959602,1.2672211246040397,88.0,88,2.0,25.0,0.03780115768313408,22.011251555125398,15.330723440024403,0.0,0.0,0.0,-0.3340264057550497,1.0,0.04093974828720093,0.05476200953125954,0.04679304361343384,0.2828803969391864,0.29157462583233207,0.01507459751640757,0.014853438672920069,0.0,0.0,0.019214867353439333,False,False
1.335,12.48097038269043,10.819458961486816,1.210244059562683,0.9045696945358674,0.7239190792882455,0.7665500000000299,0.23344999999997007,0.0,645,602,0.7550473024462969,1.244952697553703,56.0,56,2.0,21.0,0.037735577672719955,20.17698059219828,14.053163153355703,0.0,0.0,0.0,-0.30619087194212885,1.0,0.04206684231758118,0.054894302040338516,0.04679250717163086,0.2682052745704164,0.27655439687395417,0.015039234422147274,0.014817355355868738,0.0,0.0,0.011800880432128907,False,False
1.34,12.56630802154541,10.953048706054688,1.1720668077468872,1.1938301479696791,0.5018937172618022,0.7664500000000299,0.23354999999997006,0.0,570,542,0.7754600272424389,1.2245399727575612,17.0,17,5.0,18.0,0.03785083070397377,18.49556554284842,12.882066223909394,0.0,0.0,0.0,-0.28067496594695135,1.0,0.042986273765563965,0.05475517734885216,0.04679185152053833,0.2576932066027013,0.26610919624193863,0.014903393263618153,0.014693466946482658,0.0,0.0,0.013891260623931886,False,False
1.345,12.637928009033203,10.969252586364746,1.1459285020828247,0.8265378499391498,0.9630567147278909,0.76635000000003,0.23364999999997005,0.0,555,518,1.1275050249722356,0.8724949750277645,16.0,16,4.0,20.0,0.038004353642463684,16.95426841427772,20.141894038583608,0.0,0.0,0.0,0.15938128121529438,1.0,0.043704669922590256,0.054589349776506424,0.046791255474090576,0.2545223190287687,0.26329200437353906,0.014823089974621933,0.01462234960248073,0.0,0.0,0.012971043586730957,False,False
1.35,12.648185729980469,10.893573760986328,1.1232179403305054,1.2523172751978737,0.3804258479716469,0.76625000000003,0.23374999999997004,0.0,596,560,1.1168796062245492,0.8831203937754508,44.0,44,0.0,26.0,0.037994612008333206,15.54141271308791,18.46340286870164,0.0,0.0,0.0,0.14609950778068645,1.0,0.04422849416732788,0.0546218678355217,0.04679065942764282,0.2586254237797049,0.26820702315369593,0.014824798175444206,0.014629840540389221,0.0,0.0,0.013524712324142457,False,False
1.355,12.724390983581543,10.863155364990234,1.0813267230987549,1.4124825512785055,0.5829248300051847,0.76615000000003,0.23384999999997003,0.0,633,591,1.10713963903917,0.89286036096083,63.0,63,0.0,25.0,0.03790894150733948,14.24629498699725,16.9247859629765,0.0,0.0,0.0,0.13392454879896248,1.0,0.044564053416252136,0.05481603741645813,0.046790122985839844,0.25926148865836973,0.26950966774019686,0.014759622669468325,0.014576013976087173,0.0,0.0,0.019593135118484498,False,False
1.36,12.766288757324219,10.89187240600586,1.0778827667236328,0.49613277492505026,0.9897618429510118,0.76605000000003,0.23394999999997002,0.0,638,612,1.0982113357859058,0.9017886642140942,22.0,22,6.0,28.0,0.03783178701996803,13.059103738080813,15.514387132728459,0.0,0.0,0.0,0.12276416973238229,1.0,0.044717494398355484,0.054708268493413925,0.046789467334747314,0.2558122906880391,0.26571377820241554,0.01471436582505703,0.014532685745507479,0.0,0.0,0.025453712940216068,False,False
1.365,12.764732360839844,10.93468189239502,1.0822645425796509,0.5612802956311393,0.3663256008040614,0.76595000000003,0.23404999999997,0.0,655,606,1.4233603911370802,0.5766396088629198,29.0,29,3.0,22.0,0.037755124270915985,11.970845093240744,22.55485487166775,0.0,0.0,0.0,0.5292004889213503,1.0,0.04577208310365677,0.054618749767541885,0.04678887128829956,0.2525919882459504,0.2623695817903241,0.014696901974578699,0.01451548965026935,0.0,0.0,0.015667169094085696,False,False
1.37,12.875182151794434,10.999510765075684,1.1221623420715332,0.04173915035706922,0.7363226710164705,0.76585000000003,0.23414999999997,0.0,650,610,1.5,0.27858630812434315,31.0,31,4.0,18.0,0.03768054395914078,10.973274668804015,29.008616965695435,0.0,0.0,0.0,0.9017671148445711,1.0,0.04656752198934555,0.054600585252046585,0.04678827524185181,0.2452892961790726,0.2527055746167837,0.014625488159557184,0.014433433146526417,0.0,0.0,0.02353616237640381,False,False
1.375,13.018454551696777,11.041714668273926,1.0848619937896729,0.8858317425779401,0.9709528467064809,0.76575000000003,0.23424999999996998,0.0,689,637,1.5,0.33870411578064785,44.0,44,7.0,16.0,0.037592384964227676,10.058835113070346,26.591232218554147,0.0,0.0,0.0,0.8266198552741901,1.0,0.04716496542096138,0.054662466049194336,0.04678773880004883,0.2408091126624436,0.24821593872426095,0.014505266832808655,0.01432493639489015,0.0,0.0,0.017035967111587523,False,False
1.3800000000000001,13.034478187561035,11.156221389770508,1.1133486032485962,1.0219443382186844,0.5735427665584495,0.76565000000003,0.23434999999996997,0.0,638,599,1.5,0.3938121061322606,33.0,33,3.0,22.0,0.03769627586007118,9.220598853647816,24.3752962003413,0.0,0.0,0.0,0.7577348673346742,1.0,0.047570813447237015,0.0546184703707695,0.0467870831489563,0.23355187969281704,0.240114059019828,0.01447770744562149,0.014291681970159214,0.0,0.0,0.016452677249908447,False,False
1.385,12.986790657043457,11.26698112487793,1.161036729812622,0.5527330678643106,0.3300239331790479,0.76555000000003,0.23444999999996996,0.0,618,582,1.5,0.19999999999999996,53.0,53,4.0,19.0,0.037712447345256805,8.452215615843832,30.677354850312856,0.0,0.0,0.0,1.0,1.0,0.04779130220413208,0.05472446233034134,0.04678654670715332,0.22597025223075792,0.23123794826398972,0.01448891901721557,0.014289775087187689,0.0,0.0,0.019238169193267825,False,False
1.3900000000000001,12.973489761352539,11.270898818969727,1.1792086362838745,1.1384678076296073,0.3689815078427489,0.76545000000003,0.23454999999996995,0.0,626,589,1.5,0.19999999999999996,53.0,53,3.0,24.0,0.03773844242095947,7.747864314523512,28.120908612786785,0.0,0.0,0.0,1.0,1.0,0.04890979081392288,0.05482887476682663,0.04678589105606079,0.22508093200002563,0.2298347225763469,0.014496111155798038,0.014291733969002962,0.0,0.0,0.01580556035041809,False,False
1.395,12.969392776489258,11.316150665283203,1.2140778303146362,2.5802587177645293,0.48933740748163124,0.7653500000000301,0.23464999999996994,0.0,675,631,1.5,0.2529883757303467,34.0,34,1.0,21.0,0.037686917930841446,7.1022089549798855,25.777499561721218,0.0,0.0,0.0,0.9337645303370665,1.0,0.04976605996489525,0.054830145090818405,0.04678541421890259,0.2222807174458425,0.22628392074101364,0.014497564795116585,0.014285664850225052,0.0,0.0,0.019311556816101076,False,False
1.4000000000000001,12.985469818115234,11.418861389160156,1.2284631729125977,0.8782152058044403,0.7397955479262559,0.7652500000000301,0.23474999999996993,0.0,580,556,1.5,0.3152393444194844,14.0,14,1.0,21.0,0.03792406991124153,6.510358208731561,23.62937459824445,0.0,0.0,0.0,0.8559508194756444,1.0,0.050421349704265594,0.05464644730091095,0.046784818172454834,0.2159463888062112,0.2195081948060489,0.014460294041782618,0.01424603397026658,0.0,0.0,0.02749351024627686,False,False
1.405,12.996655464172363,11.444735527038574,1.2405012845993042,0.47593946869847764,0.7616837184465438,0.7651500000000301,0.23484999999996992,0.0,600,565,1.5,0.3723027323845274,20.0,20,4.0,15.0,0.037841495126485825,5.96782835800393,21.660260048390747,0.0,0.0,0.0,0.7846215845193407,1.0,0.05088214576244354,0.05450195446610451,0.04678434133529663,0.2142162994512615,0.2173811166888671,0.014454037106285494,0.014236887606481712,0.0,0.0,0.024451684951782227,False,False
1.41,12.999320030212402,11.550719261169434,1.2022011280059814,0.9222713375351556,0.19746839911921346,0.7650500000000301,0.2349499999999699,0.0,676,634,1.5,0.4246108380191501,31.0,31,4.0,21.0,0.03775160387158394,5.4705093281702695,19.855238377691517,0.0,0.0,0.0,0.7192364524760624,1.0,0.05115475878119469,0.05447001755237579,0.0467836856842041,0.2076365915080482,0.21166326245013112,0.014380631037056446,0.014174394309520721,0.0,0.0,0.018140095472335815,False,False
1.415,12.911755561828613,11.696232795715332,1.1893706321716309,0.80628604996253,1.0,0.7649500000000301,0.2350499999999699,0.0,703,657,1.1941067318157792,0.8058932681842209,50.0,50,4.0,11.0,0.03775244578719139,13.34796688415608,18.200635179550556,0.0,0.0,0.0,0.24263341476972383,1.0,0.0523226298391819,0.054530683904886246,0.0467832088470459,0.2007595015047069,0.20543286008666697,0.01437175398071607,0.014170329862584671,0.0,0.0,0.018895727396011353,False,False
1.42,12.893616676330566,11.771126747131348,1.1866809129714966,1.6227138393525098,0.32480573354681164,0.7648500000000301,0.23514999999996988,0.0,639,612,0.8445978374977976,1.1554021625022024,54.0,54,1.0,22.0,0.03767078369855881,20.568969643809737,16.683915581254677,0.0,0.0,0.0,-0.194252703127753,1.0,0.05322561413049698,0.054636839777231216,0.04678279161453247,0.19815582556804784,0.2027891895038337,0.014369357377290726,0.014167015130321186,0.0,0.0,0.018126549720764162,False,False
1.425,13.019289016723633,11.801336288452148,1.149545669555664,-0.61180481164102,0.37694821496113046,0.7647500000000301,0.23524999999996987,0.0,688,642,0.5242146843729811,1.4757853156270189,25.0,25,4.0,24.0,0.03769506514072418,27.188222173492257,15.293589282816786,0.0,0.0,0.0,-0.5947316445337736,1.0,0.053925029933452606,0.05458274856209755,0.04678219556808472,0.19485743637103112,0.19968367819549648,0.014249476759384077,0.014058249847342571,0.0,0.0,0.0200721287727356,False,False
1.43,13.099365234375,11.803672790527344,1.1081756353378296,1.2152100164632835,1.0,0.7646500000000301,0.23534999999996986,0.0,709,672,0.5638634606752326,1.4361365393247674,30.0,30,6.0,20.0,0.037817928940057755,24.922536992367903,14.01912350924872,0.0,0.0,0.0,-0.5451706741559591,1.0,0.055504702031612396,0.05452261120080948,0.04678165912628174,0.1931337677361397,0.19842361922375376,0.014160672047485908,0.013981754891574383,0.0,0.0,0.021071720123291015,False,False
1.435,13.117714881896973,11.828012466430664,1.0714203119277954,0.06497711759200399,0.8432578134386729,0.7645500000000301,0.23544999999996985,0.0,714,673,0.9335415056189633,1.0664584943810367,83.0,83,5.0,18.0,0.03778683766722679,22.845658909670576,21.18419655014466,0.0,0.0,0.0,-0.08307311797629584,1.0,0.056804873049259186,0.054898377507925034,0.04678112268447876,0.1916164796249894,0.19745128775573784,0.014120353541026514,0.013950873787204426,0.0,0.0,0.021431531906127933,False,False
1.44,13.174388885498047,11.90487289428711,1.042251467704773,0.6223915556527141,0.6234439086288234,0.7644500000000302,0.23554999999996984,0.0,659,620,0.9390797134840497,1.0609202865159504,31.0,31,2.0,14.0,0.037913549691438675,20.94185400053136,19.418846837632604,0.0,0.0,0.0,-0.07615035814493787,1.0,0.057887230068445206,0.0548628494143486,0.04678064584732056,0.18754566439768466,0.1936218886775849,0.01404261604572336,0.01388208552574118,0.0,0.0,0.02936064720153809,False,False
1.445,13.24201488494873,11.940681457519531,0.9995794296264648,0.5962580383351055,0.49705144968510845,0.7643500000000302,0.23564999999996983,0.0,671,627,0.6108230706937122,1.3891769293062879,47.0,47,2.0,27.0,0.03786015883088112,27.530032833820414,17.80060960116322,0.0,0.0,0.0,-0.4864711616328597,1.0,0.05983595922589302,0.054897457361221313,0.04678010940551758,0.1854933285824909,0.19211166176478842,0.013963065575808287,0.013815679121762514,0.0,0.0,0.03506808996200562,False,False
1.45,13.28507137298584,12.02580738067627,1.022502064704895,0.7858852190049553,0.5990131577865219,0.7642500000000302,0.23574999999996982,0.0,587,555,0.6432544814692363,1.3567455185307637,25.0,25,5.0,27.0,0.03782115504145622,25.235863431002045,16.31722546773295,0.0,0.0,0.0,-0.44593189816345474,1.0,0.06149166077375412,0.05479831248521805,0.0467795729637146,0.18084420251069774,0.1867484852482209,0.013913460231075685,0.013761190542330345,0.0,0.0,0.021644649505615236,False,False
1.455,13.452032089233398,12.084333419799805,1.0137662887573242,3.1233470172016435,0.45380767715245834,0.7641500000000302,0.2358499999999698,0.0,604,568,0.6729832746801332,1.3270167253198668,20.0,20,1.0,16.0,0.03780563548207283,23.132874811751872,14.957456678755204,0.0,0.0,0.0,-0.4087709066498334,1.0,0.06291637569665909,0.05469963699579239,0.046779096126556396,0.17641137015850164,0.18165985951820565,0.013796691782772541,0.01364678842946887,0.0,0.0,0.015899721384048462,False,False
1.46,13.589262008666992,12.126275062561035,1.0151361227035522,0.07256687741458268,0.4719840448257695,0.7640500000000302,0.2359499999999698,0.0,629,590,1.3669013351234554,0.6330986648765446,30.0,30,2.0,28.0,0.03781009465456009,21.205135244105882,30.377668622192267,0.0,0.0,0.0,0.45862666890431925,1.0,0.06411735713481903,0.05462850630283356,0.04677855968475342,0.17370151049829596,0.17856829320452672,0.013713673688471317,0.013567039277404547,0.0,0.0,0.015786824226379396,False,False
1.465,13.600168228149414,12.258479118347168,1.0571551322937012,0.06192054965241075,0.7597041770746706,0.7639500000000302,0.23604999999996978,0.0,591,561,1.3363262238631677,0.6636737761368324,30.0,30,4.0,17.0,0.037967242300510406,19.43804064043039,27.84619623700958,0.0,0.0,0.0,0.42040777982895944,1.0,0.06510168313980103,0.054551076143980026,0.046778082847595215,0.16798352266288882,0.17202199917565608,0.013681148023655018,0.01352506224066019,0.0,0.0,0.01588076114654541,False,False
1.47,13.565543174743652,12.364107131958008,1.086874008178711,0.9019743068709052,0.6324900322010395,0.7638500000000302,0.23614999999996977,0.0,638,601,0.9749657052079036,1.0250342947920965,21.0,21,8.0,18.0,0.03791532665491104,26.151537253727856,25.525679883925445,0.0,0.0,0.0,-0.03129286849012054,1.0,0.06587625294923782,0.05443396791815758,0.04677760601043701,0.163550746039173,0.16701064564970228,0.0136690610088408,0.01350417888412873,0.0,0.0,0.018165441751480105,False,False
1.475,13.541582107543945,12.337979316711426,1.11421537399292,1.5028018438610582,0.2777405864669917,0.7637500000000302,0.23624999999996976,0.0,563,529,0.9770518964405782,1.0229481035594217,37.0,37,0.0,26.0,0.03789428994059563,23.972242482583866,23.398539893598322,0.0,0.0,0.0,-0.028685129449277192,1.0,0.06644780188798904,0.05444233492016792,0.04677700996398926,0.16449235698859735,0.16758980695344097,0.013694267254322767,0.013521640406300625,0.0,0.0,0.013998336791992189,False,False
1.48,13.529036521911621,12.402263641357422,1.1541770696640015,1.1637151636677363,0.5375229468370339,0.7636500000000302,0.23634999999996975,0.0,606,561,0.9789642384038634,1.0210357615961367,63.0,63,0.0,32.0,0.03782586753368378,21.97455560903521,21.448661569131794,0.0,0.0,0.0,-0.02629470199517083,1.0,0.0679001659154892,0.05463159456849098,0.046776533126831055,0.16223354086589917,0.16482554653969503,0.01369476163138946,0.013513548765331507,0.0,0.0,0.017954978942871094,False,False
1.485,13.528942108154297,12.497923851013184,1.1840918064117432,0.49696400438861876,0.9896428606935265,0.7635500000000303,0.23644999999996974,0.0,623,593,0.9807172185368748,1.0192827814631251,25.0,25,3.0,23.0,0.03777456656098366,20.143342641615607,19.661273105037477,0.0,0.0,0.0,-0.024103476828906522,1.0,0.06907361000776291,0.05454156920313835,0.046775996685028076,0.15875102821612963,0.16087846069410047,0.013682113494724035,0.013494334028412899,0.0,0.0,0.04955617904663086,False,False
1.49,13.548273086547852,12.515755653381348,1.2021195888519287,2.466336309156649,0.5288295738128973,0.7634500000000303,0.23654999999996973,0.0,654,619,0.9823241169921353,1.0176758830078647,17.0,17,1.0,30.0,0.03800848871469498,18.464730754814305,18.022833679617687,0.0,0.0,0.0,-0.02209485375983089,1.0,0.07002982497215271,0.05441008880734444,0.04677551984786987,0.15799506616685155,0.15980817916150747,0.013675046308586996,0.013483401853591204,0.0,0.0,0.01632122039794922,False,False
1.495,13.543367385864258,12.653554916381836,1.1816215515136719,0.6954932162586605,0.9969364972682355,0.7633500000000303,0.23664999999996972,0.0,705,667,0.6504637739094574,1.3495362260905426,33.0,33,4.0,26.0,0.03808742016553879,25.259336525246443,16.52093087298288,0.0,0.0,0.0,-0.4369202826131781,1.0,0.07077574729919434,0.054366584867239,0.04677504301071167,0.15290476271385572,0.15506943746593713,0.013606724484513204,0.013421917489419382,0.0,0.0,0.022733504772186282,False,False
1.5,13.450460433959961,12.83729362487793,1.1963025331497192,-0.2679004483043456,0.2994634302731796,0.7632500000000303,0.2367499999999697,0.0,618,580,0.6795917927503361,1.320408207249664,38.0,38,4.0,14.0,0.038029395043849945,23.154391814809237,15.14418663356764,0.0,0.0,0.0,-0.4005102590620798,1.0,0.0713181272149086,0.0543503575026989,0.04677450656890869,0.1479088888140359,0.15006649814359477,0.013606228555242222,0.013418938033282757,0.0,0.0,0.015622438192367555,False,False
1.5050000000000001,13.496641159057617,12.963517189025879,1.1686798334121704,0.5148289707977658,0.8757584159801775,0.7631500000000303,0.2368499999999697,0.0,579,549,0.3729591433544748,1.5,39.0,39,1.0,13.0,0.03793788328766823,29.558192496908465,13.882171080770336,0.0,0.0,0.0,-0.7838010708069064,1.0,0.07166356593370438,0.05435615032911301,0.04677402973175049,0.1441100829886237,0.14641261131502328,0.013527433232714733,0.013346691460659107,0.0,0.0,0.0191089391708374,False,False
1.51,13.630935668945312,12.997978210449219,1.1186325550079346,0.3686315006441249,0.7836170544666003,0.7630500000000303,0.23694999999996968,0.0,583,556,0.42521254807493525,1.5,33.0,33,5.0,15.0,0.037853579968214035,27.09500978883276,12.72532349070614,0.0,0.0,0.0,-0.7184843149063309,1.0,0.07181847840547562,0.05432475358247757,0.046773552894592285,0.1415531761863545,0.14423886882451323,0.013389644833902519,0.013224872139592966,0.0,0.0,0.017181057929992676,False,False
1.5150000000000001,13.66358757019043,12.950202941894531,1.1068259477615356,1.2306701928448585,0.6646689836666287,0.7629500000000303,0.23704999999996967,0.0,597,560,0.47311150240202404,1.5,40.0,40,2.0,22.0,0.037766776978969574,24.837092306430026,11.664879866480629,0.0,0.0,0.0,-0.6586106219974699,1.0,0.07178914546966553,0.05437752604484558,0.04677301645278931,0.14214547432524113,0.1449493718876778,0.013374340099593004,0.013212777363757294,0.0,0.0,0.015706886053085328,False,False
1.52,13.711284637451172,12.964141845703125,1.0803718566894531,0.5061240467090306,0.8220334444591209,0.7628500000000303,0.23714999999996966,0.0,621,580,0.5170188772018554,1.4829811227981446,32.0,32,3.0,27.0,0.03768444061279297,22.767334614227522,10.692806544273909,0.0,0.0,0.0,-0.6037264034976807,1.0,0.07158166915178299,0.05435589328408241,0.046772658824920654,0.1412714445283602,0.14423734561074172,0.013333229968945186,0.013177323465545973,0.0,0.0,0.01374675750732422,False,False
1.5250000000000001,13.782281875610352,13.064681053161621,1.0707740783691406,0.4266630088662544,0.25476617644983995,0.7627500000000303,0.23724999999996965,0.0,569,539,0.8906006374350341,1.1093993625649659,24.0,24,2.0,19.0,0.0376078225672245,20.870056729708562,18.135072665584417,0.0,0.0,0.0,-0.13674920320620726,1.0,0.07227927446365356,0.05426594242453575,0.046772122383117676,0.13785784654970873,0.14075470261989437,0.013254728789130848,0.013102480831245582,0.0,0.0,0.022334764003753664,False,False
1.53,13.78288459777832,13.10954475402832,1.0570080280303955,1.1586696754904284,0.5347580228497555,0.7626500000000304,0.23734999999996964,0.0,668,632,0.8997172509821146,1.1002827490178853,44.0,44,3.0,29.0,0.037757497280836105,19.13088533556618,16.623816610119047,0.0,0.0,0.0,-0.12535343627235668,1.0,0.07272163778543472,0.0542965829372406,0.04677176475524902,0.13643950330869273,0.13949860394155889,0.01322322137032946,0.013075937749817967,0.0,0.0,0.02764113426208496,False,False
1.5350000000000001,13.861480712890625,13.182465553283691,1.0870252847671509,2.2280040543732653,0.14852674095983728,0.7625500000000304,0.23744999999996963,0.0,658,620,0.9080741467336051,1.091925853266395,34.0,34,3.0,23.0,0.037888336926698685,17.536644890935666,15.238498559275792,0.0,0.0,0.0,-0.11490731658299369,1.0,0.07404714077711105,0.05426528677344322,0.04677116870880127,0.13344126515462665,0.13592082396056168,0.013167125871405005,0.013012504593158763,0.0,0.0,0.019671571254730225,False,False
1.54,14.034029960632324,13.209336280822754,1.0760867595672607,1.6404208844237012,0.671818775583773,0.7624500000000304,0.23754999999996962,0.0,666,635,0.9157346345058047,1.0842653654941954,37.0,37,6.0,16.0,0.03792828693985939,16.075257816691025,13.968623679336142,0.0,0.0,0.0,-0.10533170686774414,1.0,0.0750960037112236,0.05427847057580948,0.04677081108093262,0.13150081474131894,0.13373063114626627,0.01306509521479408,0.012914226778472464,0.0,0.0,0.01870842456817627,False,False
1.545,14.108420372009277,13.285406112670898,1.0942614078521729,0.6926371639317331,0.9967730962937025,0.7623500000000304,0.2376499999999696,0.0,628,595,0.9227567482969876,1.0772432517030124,26.0,26,4.0,14.0,0.038033656775951385,14.735652998633439,12.80457170605813,0.0,0.0,0.0,-0.09655406462876544,1.0,0.07592988014221191,0.0542060025036335,0.04677027463912964,0.1295554963590856,0.13158978472541072,0.013021993606040876,0.012870512049024304,0.0,0.0,0.018348437547683717,False,False
1.55,14.068283081054688,13.41199016571045,1.1454293727874756,1.6666193804705447,0.5081540919462417,0.7622500000000304,0.2377499999999696,0.0,634,601,0.5958603526055719,1.404139647394428,61.0,61,1.0,29.0,0.03821497783064842,21.84101524874732,11.73752406388662,0.0,0.0,0.0,-0.505174559243035,1.0,0.07655566930770874,0.0543680414557457,0.046769917011260986,0.12633139090984752,0.12783470189850465,0.013015403334672253,0.012851290715237459,0.0,0.0,0.01779297947883606,False,False
1.555,14.015548706054688,13.445162773132324,1.1796293258666992,-1.9655277782339098,1.0,0.7621500000000304,0.23784999999996959,0.0,642,607,0.6295386565551077,1.3704613434448922,29.0,29,1.0,24.0,0.03816330060362816,20.02093064468504,10.759397058562733,0.0,0.0,0.0,-0.4630766793061154,1.0,0.07698007673025131,0.054326388984918594,0.04676932096481323,0.1254449474749435,0.12661976704916916,0.013037434546276927,0.012864146459226808,0.0,0.0,0.02065644979476929,False,False
1.56,13.987263679504395,13.431997299194336,1.2186918258666992,1.7430204231428452,0.5908772591135825,0.7620500000000304,0.23794999999996957,0.0,653,615,0.6604104351755153,1.3395895648244847,54.0,54,3.0,26.0,0.038104746490716934,18.352519757627952,9.862780637015838,0.0,0.0,0.0,-0.4244869560306057,1.0,0.07720965892076492,0.05445832759141922,0.04676896333694458,0.12582801000121674,0.12669129710349256,0.013064380424718063,0.01288284508821865,0.0,0.0,0.018029212951660156,False,False
1.565,13.978706359863281,13.515838623046875,1.2496070861816406,0.6303338271867072,0.4286346428460562,0.7619500000000304,0.23804999999996956,0.0,617,584,0.6887095655775558,1.3112904344224443,18.0,18,5.0,23.0,0.038181986659765244,16.823143111158956,9.040882250597852,0.0,0.0,0.0,-0.3891130430280552,1.0,0.07832807302474976,0.054325785487890244,0.0467684268951416,0.12391959446249225,0.1245435067978657,0.013054059042284887,0.012867153078938525,0.0,0.0,0.028259859085083012,False,False
1.57,13.968162536621094,13.597129821777344,1.306962490081787,0.7121138805819756,0.45601834153420706,0.7618500000000304,0.23814999999996955,0.0,603,573,0.7146504351127595,1.2853495648872406,19.0,19,3.0,18.0,0.03809879347681999,15.421214518562376,8.287475396381364,0.0,0.0,0.0,-0.3566869561090506,1.0,0.07917539775371552,0.05420875549316406,0.04676806926727295,0.1223888532621756,0.12245853049726857,0.013077444940184554,0.012877963405723374,0.0,0.0,0.032160038948059085,False,False
1.575,14.006014823913574,13.681319236755371,1.27406644821167,1.0402934693923607,0.9725741109591596,0.7617500000000305,0.23824999999996954,0.0,597,562,0.7384295655200295,1.2615704344799705,32.0,32,4.0,29.0,0.03800152614712715,14.136113308682178,7.596852446682917,0.0,0.0,0.0,-0.3269630430999631,1.0,0.07981317490339279,0.054146118462085724,0.046767592430114746,0.12003241585613864,0.12036960649893633,0.01301269706649085,0.01282090631624063,0.0,0.0,0.016769921779632567,False,False
1.58,13.959305763244629,13.773344993591309,1.2831486463546753,1.574665592843563,0.8318173438111356,0.7616500000000305,0.23834999999996953,0.0,609,579,0.7602271017266937,1.2397728982733063,36.0,36,2.0,22.0,0.037912871688604355,12.958103866291996,6.96378140945934,0.0,0.0,0.0,-0.2997161228416328,1.0,0.080248162150383,0.054106492549180984,0.04676711559295654,0.1180422324826912,0.11844710535602354,0.012996571992213529,0.012804744377111396,0.0,0.0,0.019676064252853395,False,False
1.585,13.932924270629883,13.920476913452148,1.3274619579315186,0.49613277492505026,0.9897618429510118,0.7615500000000305,0.23844999999996952,0.0,580,549,0.7802081765828026,1.2197918234171974,45.0,45,4.0,18.0,0.0378497913479805,20.211595210767662,14.716799625337728,0.0,0.0,0.0,-0.2747397792714967,1.0,0.08048694580793381,0.05419652909040451,0.046766579151153564,0.11532447993537748,0.11539301690676276,0.012988813299064835,0.012788603392740091,0.0,0.0,0.01403209686279297,False,False
1.59,14.011565208435059,14.079054832458496,1.2859808206558228,3.0455838711354297,0.8229919583094712,0.7614500000000305,0.2385499999999695,0.0,478,452,0.46519082853423577,1.5,18.0,18,1.0,11.0,0.037769731134176254,26.86062894320369,13.490399656559584,0.0,0.0,0.0,-0.6685114643322053,1.0,0.08053596317768097,0.054072268307209015,0.04676622152328491,0.11157472374088168,0.11192341470873331,0.012862340081483126,0.012673179153352976,0.0,0.0,0.015031981468200683,False,False
1.595,14.077238082885742,14.141119003295898,1.2371222972869873,1.5910468716379362,0.6216826013700459,0.7613500000000305,0.2386499999999695,0.0,564,530,0.5097582594897161,1.490241740510284,35.0,35,1.0,17.0,0.03804122284054756,24.622243197936715,12.366199685179618,0.0,0.0,0.0,-0.6128021756378549,1.0,0.0804014801979065,0.05406586080789566,0.04676574468612671,0.10960677102673529,0.11032562957470965,0.012765339342877269,0.012589611578732729,0.0,0.0,0.018949254751205447,False,False
1.6,14.085613250732422,14.085919380187988,1.221733808517456,1.2727051186675786,0.7087823472910518,0.7612500000000305,0.2387499999999695,0.0,625,588,0.550611737865573,1.449388262134427,30.0,30,2.0,35.0,0.0383300743997097,22.570389598108655,11.335683044747983,0.0,0.0,0.0,-0.5617353276680336,1.0,0.08008961379528046,0.053996991366147995,0.04676532745361328,0.11032721196890849,0.1111622251208534,0.012771702604368329,0.012598183238878846,0.0,0.0,0.012955316305160522,False,False
1.605,14.168055534362793,14.087512969970703,1.2001129388809204,2.467852496469335,0.5309248335682268,0.7611500000000305,0.23884999999996948,0.0,624,586,0.5880607597101088,1.4119392402898912,28.0,28,5.0,17.0,0.038335930556058884,20.689523798266265,10.391042791018984,0.0,0.0,0.0,-0.514924050362364,1.0,0.08068358898162842,0.053933337330818176,0.04676485061645508,0.10979026114412622,0.11067348075642287,0.012720939703285694,0.012551411055028439,0.0,0.0,0.01387187957763672,False,False
1.61,14.206258773803711,14.153700828552246,1.201846718788147,0.7221995450590435,0.22059861000760114,0.7610500000000305,0.23894999999996946,0.0,626,595,0.6223890297342665,1.3776109702657335,26.0,26,5.0,18.0,0.0382729135453701,18.96539681507741,9.525122558434068,0.0,0.0,0.0,-0.472013712832167,1.0,0.08102307468652725,0.05383145064115524,0.046764373779296875,0.10813750067213285,0.10897079877415405,0.012674860190600157,0.012506077764555812,0.0,0.0,0.02019819974899292,False,False
1.615,14.207219123840332,14.186568260192871,1.20016610622406,0.9272803158062787,0.9588338282108891,0.7609500000000305,0.23904999999996945,0.0,674,638,0.32052327725641083,1.5,59.0,59,1.0,14.0,0.03821045532822609,25.718280413820956,8.73136234523123,0.0,0.0,0.0,-0.8493459034294863,1.0,0.08116919547319412,0.05404069647192955,0.04676401615142822,0.10742486571597913,0.10830104705830768,0.012655563574905198,0.012488553378110131,0.0,0.0,0.017178522348403932,False,False
1.62,14.303561210632324,14.253002166748047,1.2511775493621826,1.1397698046945879,0.32220284095702356,0.7608500000000306,0.23914999999996944,0.0,591,559,0.3771463374850432,1.5,48.0,48,3.0,23.0,0.03813539445400238,23.575090379335876,8.00374881646196,0.0,0.0,0.0,-0.7785670781436959,1.0,0.0811283141374588,0.05414684861898422,0.046763479709625244,0.10574303809102988,0.10608697060262524,0.012612997476632398,0.012435060537730655,0.0,0.0,0.018818024396896362,False,False
1.625,14.42751693725586,14.289365768432617,1.2245742082595825,1.1681776331958778,0.4535440052234715,0.7607500000000306,0.23924999999996943,0.0,648,610,0.4290508093612898,1.5,28.0,28,4.0,33.0,0.03808692470192909,21.61049951439122,7.336769748423462,0.0,0.0,0.0,-0.7136864882983878,1.0,0.08090662956237793,0.0541076585650444,0.04676300287246704,0.10460707559901962,0.10503788185491898,0.012530200959493717,0.01235943054780364,0.0,0.0,0.022532730102539065,False,False
1.6300000000000001,14.420907974243164,14.363716125488281,1.2619975805282593,1.8306363102619807,0.7767351052476552,0.7606500000000306,0.23934999999996942,0.0,594,556,0.47662990858118237,1.5,25.0,25,3.0,31.0,0.038032930344343185,19.809624554858615,6.725372269388173,0.0,0.0,0.0,-0.6542126142735221,1.0,0.0805101990699768,0.05401330813765526,0.04676252603530884,0.10365947663395722,0.10387676300713537,0.01253199647180736,0.01235470175743103,0.0,0.0,0.02382441520690918,False,False
1.635,14.335411071777344,14.431371688842773,1.3365435600280762,1.9390608456261837,0.6740842779261133,0.7605500000000306,0.2394499999999694,0.0,574,548,0.8535774161994171,1.146422583800583,40.0,40,3.0,24.0,0.037953171879053116,18.158822508620396,14.498257913605823,0.0,0.0,0.0,-0.1830282297507287,1.0,0.079944908618927,0.05401696264743805,0.04676198959350586,0.1027110577668038,0.10246106208767489,0.012582354247570038,0.012389543699100614,0.0,0.0,0.023495416641235355,False,False
1.6400000000000001,14.284345626831055,14.437386512756348,1.3754740953445435,0.2960497588356735,0.32947993731731123,0.7604500000000306,0.2395499999999694,0.0,598,563,0.5324459648494657,1.4675540351505343,31.0,31,1.0,23.0,0.03787720203399658,24.978920632902028,13.29006975413867,0.0,0.0,0.0,-0.5844425439381679,1.0,0.07921650260686874,0.053963832557201385,0.046761512756347656,0.10262622179230424,0.10216323631675663,0.012615263306846222,0.012415302141259115,0.0,0.0,0.026311175823211668,False,False
1.645,14.270636558532715,14.473447799682617,1.4255201816558838,0.4714565193563123,0.7526534528631272,0.7603500000000306,0.2396499999999694,0.0,598,565,0.5714088011120102,1.4285911988879898,22.0,22,4.0,13.0,0.03780137002468109,22.897343913493525,12.18256394129378,0.0,0.0,0.0,-0.5357389986099872,1.0,0.07940787076950073,0.05386364832520485,0.04676109552383423,0.10214605859527111,0.10139103269576775,0.012631720940892896,0.012423875353609523,0.0,0.0,0.03255357027053833,False,False
1.6500000000000001,14.230716705322266,14.572199821472168,1.4860682487487793,0.4281821274290356,1.0,0.7602500000000306,0.23974999999996938,0.0,586,552,0.607124734352676,1.392875265647324,20.0,20,1.0,8.0,0.038090359419584274,20.989231920702398,11.1673502795193,0.0,0.0,0.0,-0.49109408205915495,1.0,0.07935832440853119,0.05373343080282211,0.046760499477386475,0.10095485530389846,0.09983253297380237,0.012662266381084919,0.012443461843455832,0.0,0.0,0.0444868278503418,False,False
1.655,14.233048439025879,14.608826637268066,1.5025761127471924,2.440211407019383,0.4294769973423594,0.7601500000000306,0.23984999999996937,0.0,612,582,0.6398643398232864,1.3601356601767136,29.0,29,4.0,15.0,0.03829452022910118,19.240129260643865,10.236737756226024,0.0,0.0,0.0,-0.45016957522089207,1.0,0.07912864536046982,0.0536598302423954,0.04676008224487305,0.10059905924834062,0.099337820266371,0.012669442221522331,0.012447086240475377,0.0,0.0,0.017590814828872682,False,False
1.6600000000000001,14.208256721496582,14.774231910705566,1.482919692993164,0.5509103468344932,0.7498413514900101,0.7600500000000306,0.23994999999996935,0.0,616,583,1.0032089781713458,0.9967910218286542,35.0,35,0.0,23.0,0.038350071758031845,17.63678515559021,17.717009609873855,0.0,0.0,0.0,0.004011222714182239,1.0,0.07980212569236755,0.05362953990697861,0.04675948619842529,0.09792622136076051,0.09691871071311718,0.01261479997386535,0.012397386599332094,0.0,0.0,0.019378128051757815,False,False
1.665,14.104378700256348,14.97242546081543,1.5142549276351929,2.890397689425984,0.5035738648994648,0.7599500000000307,0.24004999999996934,0.0,588,553,1.0029415633237335,0.9970584366762664,35.0,35,4.0,28.0,0.03831177577376366,24.500386392624357,24.573925475717697,0.0,0.0,0.0,0.0036769541546670228,1.0,0.08021850883960724,0.05363791063427925,0.046759068965911865,0.09516285017675795,0.09412006786341236,0.01261354424059391,0.012392698166271051,0.0,0.0,0.013239645957946777,False,False
1.67,14.06191635131836,15.176801681518555,1.505607008934021,2.972007464256354,0.7790077338573662,0.7598500000000307,0.24014999999996933,0.0,607,567,1.0026964330467558,0.9973035669532442,19.0,19,6.0,23.0,0.038239993155002594,22.458687526572326,22.526098352741222,0.0,0.0,0.0,0.0033705413084447857,1.0,0.08043897897005081,0.05351439118385315,0.04675847291946411,0.09221332623716216,0.09128251846786364,0.012563627290849885,0.012345115731780728,0.0,0.0,0.015223025083541872,False,False
1.675,14.126977920532227,15.3074312210083,1.4568030834197998,0.6937118996081878,0.4102739298796874,0.7597500000000307,0.24024999999996932,0.0,628,594,1.0024717302928596,0.9975282697071404,25.0,25,3.0,35.0,0.03818604722619057,20.587130232691297,20.648923490012788,0.0,0.0,0.0,0.003089662866074505,1.0,0.08046995848417282,0.05343450605869293,0.04675793647766113,0.08971908803516776,0.08908124665093077,0.01244628995967408,0.01223917390840749,0.0,0.0,0.02217615604400635,False,False
1.68,14.173821449279785,15.278912544250488,1.4004533290863037,-2.9687076316721623,0.23100624952518056,0.7596500000000307,0.2403499999999693,0.0,631,596,1.0022657527684546,0.9977342472315454,50.0,50,4.0,22.0,0.03810860961675644,18.87153604663369,18.928179865845056,0.0,0.0,0.0,0.002832190960568326,1.0,0.0813949853181839,0.05353790149092674,0.04675745964050293,0.08962675914323359,0.08931459686253,0.012398420367389917,0.01220166877222558,0.0,0.0,0.012022838592529297,False,False
1.685,14.221353530883789,15.190184593200684,1.3561453819274902,-0.1556044505670023,0.8583598227434682,0.7595500000000307,0.2404499999999693,0.0,690,656,0.6687436067044168,1.3312563932955832,58.0,58,3.0,33.0,0.03803166747093201,25.63224137608088,17.3508315436913,0.0,0.0,0.0,-0.41407049161947906,1.0,0.0820540264248848,0.05370064452290535,0.0467570424079895,0.09056010144995301,0.09045437296060622,0.012389290689801177,0.01219825935550034,0.0,0.0,0.011182163953781129,False,False
1.69,14.323145866394043,15.197023391723633,1.3351709842681885,0.795767426888801,0.23629180824595658,0.7594500000000307,0.2405499999999693,0.0,626,592,0.6963483061457153,1.3036516938542846,32.0,32,1.0,29.0,0.037964828312397,23.496221261407474,15.904928915050357,0.0,0.0,0.0,-0.37956461731785585,1.0,0.08250848948955536,0.05368000268936157,0.04675650596618652,0.08992518254369275,0.08986968389712052,0.0123234698548913,0.01213681612474223,0.0,0.0,0.012562593221664429,False,False
1.695,14.361411094665527,15.226733207702637,1.3304283618927002,0.30524210412572134,0.7940534357625049,0.7593500000000307,0.24064999999996928,0.0,660,616,1.054985947300239,0.945014052699761,12.0,12,5.0,22.0,0.037905581295490265,21.53820282295685,22.912851505462825,0.0,0.0,0.0,0.0687324341252987,1.0,0.08276503533124924,0.0535179041326046,0.04675590991973877,0.0891877111586099,0.089158222718783,0.012282247965534529,0.012098057971646389,0.0,0.0,0.016119495630264283,False,False
1.7,14.361041069030762,15.276078224182129,1.3694430589675903,0.7900027096837507,0.9352539287905093,0.7592500000000307,0.24074999999996927,0.0,654,623,1.3837371183585523,0.6162628816414477,35.0,35,5.0,25.0,0.03802243620157242,19.743352587710447,29.336780546674255,0.0,0.0,0.0,0.4796713979481904,1.0,0.08283013105392456,0.05348437651991844,0.04675549268722534,0.08857017433410293,0.08833065821556157,0.012285965494811535,0.012094936488817137,0.0,0.0,0.02534387826919556,False,False
1.705,14.470940589904785,15.360158920288086,1.3818570375442505,2.437653153829994,0.5641422901202382,0.7591500000000307,0.24084999999996926,0.0,642,600,1.3517590251620064,0.6482409748379936,46.0,46,3.0,25.0,0.03794033080339432,18.098073205401242,26.8920488344514,0.0,0.0,0.0,0.43969878145250796,1.0,0.08378738164901733,0.05355170741677284,0.04675501585006714,0.08706328060400145,0.08667711504967668,0.01221167544523875,0.012019181934495768,0.0,0.0,0.01604042053222656,False,False
1.71,14.566622734069824,15.473405838012695,1.3584662675857544,2.831267770498214,0.5898491900032159,0.7590500000000308,0.24094999999996924,0.0,661,626,1.3224457730651726,0.6775542269348274,56.0,56,2.0,28.0,0.03809279203414917,16.58990043828447,24.651044764913784,0.0,0.0,0.0,0.40305721633146574,1.0,0.08447679132223129,0.05366964265704155,0.04675447940826416,0.08538734356453431,0.08511204129659052,0.012122489667187136,0.011936495235810678,0.0,0.0,0.0200980281829834,False,False
1.715,14.529308319091797,15.568693161010742,1.4143704175949097,-1.637271679197047,0.4223426217454928,0.7589500000000308,0.24104999999996923,0.0,527,498,1.2955752919764083,0.7044247080235917,18.0,18,3.0,15.0,0.03802589327096939,15.207408735094097,22.596791034504303,0.0,0.0,0.0,0.3694691149705103,1.0,0.08495983481407166,0.053554028272628784,0.04675400257110596,0.08449269412830263,0.08397536476375327,0.012143477409457168,0.011948116201286515,0.0,0.0,0.016841275691986086,False,False
1.72,14.444252014160156,15.631830215454102,1.4521055221557617,1.2152100164632835,1.0,0.7588500000000308,0.24114999999996922,0.0,548,521,0.9376106843117076,1.0623893156882924,26.0,26,0.0,15.0,0.03795287013053894,22.273458007169587,20.713725114962276,0.0,0.0,0.0,-0.07798664461036556,1.0,0.08524320274591446,0.053471360355615616,0.046753525733947754,0.08375920919142457,0.08308763276971672,0.01217998331412673,0.011976997290427487,0.0,0.0,0.022918372154235842,False,False
1.725,14.425521850585938,15.613794326782227,1.4781826734542847,0.7228183325559019,0.9965185919865405,0.7587500000000308,0.2412499999999692,0.0,567,538,0.9428097939523987,1.0571902060476013,28.0,28,2.0,18.0,0.03786886855959892,20.41733650657212,18.987581355382087,0.0,0.0,0.0,-0.07148775755950165,1.0,0.0853334292769432,0.05340895801782608,0.046752989292144775,0.08392887620270666,0.08314345393422784,0.012197468119362991,0.011990387768795093,0.0,0.0,0.016843138933181765,False,False
1.73,14.395185470581055,15.683554649353027,1.5196537971496582,-0.46638229180169094,0.29438880673765444,0.7586500000000308,0.2413499999999692,0.0,609,565,1.2809089777896987,0.7190910222103013,27.0,27,2.0,13.0,0.037878602743148804,18.71589179769111,25.73861624243358,0.0,0.0,0.0,0.35113622223712343,1.0,0.08523688465356827,0.05335770547389984,0.04675251245498657,0.08325952239101547,0.08231870456365666,0.012210467054198187,0.011997546534985304,0.0,0.0,0.022326428890228272,False,False
1.735,14.38531494140625,15.767155647277832,1.5364630222320557,1.1749402416380688,0.39745352515414406,0.7585500000000308,0.2414499999999692,0.0,714,684,1.257499896307224,0.7425001036927761,36.0,36,5.0,26.0,0.03791385889053345,17.156234147883517,23.593731555564112,0.0,0.0,0.0,0.3218748703840298,1.0,0.0860370621085167,0.05331823602318764,0.04675203561782837,0.08234643525878384,0.08134996418561584,0.01220031757839024,0.01198515722838541,0.0,0.0,0.03199366331100464,False,False
1.74,14.381474494934082,15.826543807983398,1.5417083501815796,1.8349390079776449,0.3327642995357587,0.7584500000000308,0.24154999999996918,0.0,680,642,1.236041571614955,0.7639584283850449,34.0,34,3.0,34.0,0.037875186651945114,15.726547968893223,21.627587259267102,0.0,0.0,0.0,0.2950519645186939,1.0,0.08657385408878326,0.05329155549407005,0.04675149917602539,0.08169525819830395,0.08069218208407784,0.012188256174946826,0.011972618522122502,0.0,0.0,0.020381715297698978,False,False
1.745,14.314974784851074,15.968027114868164,1.5130014419555664,1.4358097108780608,0.48075723724720043,0.7583500000000308,0.24164999999996917,0.0,683,638,0.883038107313709,1.116961892686291,23.0,23,6.0,34.0,0.03780175745487213,22.749335638152118,19.825288320994844,0.0,0.0,0.0,-0.14620236585786373,1.0,0.08690862357616425,0.05321235954761505,0.04675108194351196,0.07991921191010426,0.0791456428030486,0.012155174820994338,0.011944964450473588,0.0,0.0,0.01751314640045166,False,False
1.75,14.225606918334961,16.081674575805664,1.5216777324676514,-1.693680979371725,1.0,0.7582500000000308,0.24174999999996916,0.0,625,586,0.5594515983709,1.4405484016291,53.0,53,1.0,29.0,0.037745386362075806,29.186891001639438,18.17318096091194,0.0,0.0,0.0,-0.550685502036375,1.0,0.08704797178506851,0.05331974849104881,0.04675060510635376,0.07894002286655014,0.0781863890600682,0.01216898284231623,0.01195764906393985,0.0,0.0,0.015165249109268189,False,False
1.7550000000000001,14.250170707702637,16.19023323059082,1.5051668882369995,1.1700152196663929,0.5464044757260046,0.7581500000000309,0.24184999999996915,0.0,532,510,0.596163965173325,1.403836034826675,30.0,30,2.0,15.0,0.037669964134693146,26.75465008483615,16.658749214169276,0.0,0.0,0.0,-0.5047950435333437,1.0,0.08807559311389923,0.053293630480766296,0.04675006866455078,0.07765311577201939,0.0769723251260177,0.01210956135764718,0.011902081702525418,0.0,0.0,0.016479282379150393,False,False
1.76,14.344523429870605,16.28880500793457,1.4755809307098389,2.1890115725758497,0.5852000309645314,0.7580500000000309,0.24194999999996913,0.0,535,502,0.2964836347422145,1.5,28.0,28,0.0,15.0,0.03759203106164932,32.85842924443314,15.270520112988503,0.0,0.0,0.0,-0.8793954565722318,1.0,0.08883161842823029,0.05319537967443466,0.04674959182739258,0.07597664346685445,0.07544334844033979,0.012001479820658764,0.011801881870875757,0.0,0.0,0.021365244388580323,False,False
1.7650000000000001,14.377569198608398,16.294675827026367,1.446250557899475,2.4862089964815235,0.9989892864797307,0.7579500000000309,0.24204999999996912,0.0,569,536,0.35510999851369673,1.5,16.0,16,3.0,14.0,0.03777003660798073,30.120226807397042,13.997976770239461,0.0,0.0,0.0,-0.8061125018578791,1.0,0.08937761932611465,0.05304878205060959,0.046749114990234375,0.07560767720142812,0.0752055387295143,0.01196548924781382,0.011771136972432336,0.0,0.0,0.017831488847732547,False,False
1.77,14.396520614624023,16.317405700683594,1.4165335893630981,2.060635433337885,0.659741520038295,0.7578500000000309,0.2421499999999691,0.0,657,614,0.4088508319708888,1.5,33.0,33,2.0,28.0,0.038097083568573,27.61020790678062,12.831478706052838,0.0,0.0,0.0,-0.738936460036389,1.0,0.08972039818763733,0.05301841348409653,0.046748578548431396,0.07525206882428813,0.07495797690671373,0.011939505347982049,0.011749281159912547,0.0,0.0,0.014439263343811034,False,False
1.7750000000000001,14.456363677978516,16.407743453979492,1.3906245231628418,2.531173067096681,1.0,0.7577500000000309,0.2422499999999691,0.0,644,622,0.4581132626399814,1.5,35.0,35,3.0,16.0,0.038280684500932693,25.309357247882232,11.762188813881767,0.0,0.0,0.0,-0.6773584217000232,1.0,0.08986657857894897,0.05302617698907852,0.04674804210662842,0.07411069802753442,0.07390895243640805,0.011867933596173923,0.011683242240299782,0.0,0.0,0.04042881965637207,False,False
1.78,14.471785545349121,16.417816162109375,1.3729629516601562,1.9061072586934427,0.33010485527228395,0.7576500000000309,0.2423499999999691,0.0,664,627,0.19999999999999996,1.5,41.0,41,4.0,22.0,0.03821653127670288,31.53357747722538,10.782006412724954,0.0,0.0,0.0,-1.0,1.0,0.08982263505458832,0.05304977297782898,0.046747565269470215,0.07393496378014303,0.07380583821252427,0.011847267548243206,0.011666102800518274,0.0,0.0,0.027405025959014895,False,False
1.7850000000000001,14.532217979431152,16.530776977539062,1.4113378524780273,1.0046412014552568,0.9672376690436223,0.7575500000000309,0.24244999999996908,0.0,642,606,0.23910906096831774,1.5,46.0,46,3.0,22.0,0.038136184215545654,28.90577935412326,9.883505878331206,0.0,0.0,0.0,-0.9511136737896028,1.0,0.09067214280366898,0.05309813842177391,0.046747028827667236,0.07262579820273884,0.07231592665969525,0.011803098410988849,0.011615905677899718,0.0,0.0,0.0242497730255127,False,False
1.79,14.687996864318848,16.620628356933594,1.4215096235275269,-2.5837193379209,0.3574677969534124,0.7574500000000309,0.24254999999996907,0.0,584,558,0.30251663922095795,1.5,48.0,48,1.0,28.0,0.03805172070860863,26.496964407946322,9.059880388470273,0.0,0.0,0.0,-0.8718542009738025,1.0,0.09125509858131409,0.05321061983704567,0.04674655199050903,0.07142247883183706,0.07101872434560035,0.011706423247233033,0.011519754383092126,0.0,0.0,0.020069007873535157,False,False
1.795,14.738080024719238,16.67861557006836,1.430677056312561,-2.7720398065191025,1.0,0.7573500000000309,0.24264999999996906,0.0,532,496,0.19999999999999996,1.5,14.0,14,1.0,25.0,0.03797871991991997,32.62221737395079,8.304890356097749,0.0,0.0,0.0,-1.0,1.0,0.09163295477628708,0.05305610969662666,0.046746015548706055,0.07102243452922574,0.07060403577998725,0.011678498315935334,0.01149244257248938,0.0,0.0,0.020881943702697754,False,False
1.8,14.641291618347168,16.740036010742188,1.4908627271652222,1.6237654879144479,0.684061936612234,0.757250000000031,0.24274999999996905,0.0,580,541,0.19999999999999996,1.5,25.0,25,1.0,14.0,0.037914227694272995,38.237032592788225,7.612816159756269,0.0,0.0,0.0,-1.0,1.0,0.09181240946054459,0.052935708314180374,0.0467454195022583,0.0706247706880465,0.0700081878486072,0.011727332215135297,0.011530548023680847,0.0,0.0,0.021014962196350098,False,False
1.805,14.541058540344238,16.74482536315918,1.5511250495910645,-1.0640833238405454,0.26115179451985276,0.757150000000031,0.24284999999996904,0.0,662,630,0.21044539745549495,1.5,21.0,21,3.0,25.0,0.03784126043319702,35.05061321005587,15.311748146443247,0.0,0.0,0.0,-0.9869432531806313,1.0,0.09179996699094772,0.0528174564242363,0.04674500226974487,0.07072349756490262,0.06990991015685548,0.011795824393630028,0.011588834458962083,0.0,0.0,0.020456109046936035,False,False
1.81,14.508880615234375,16.73952865600586,1.6033951044082642,2.8254884091082366,0.6299138031631203,0.757050000000031,0.24294999999996902,0.0,663,623,0.2762416143342039,1.5,43.0,43,11.0,25.0,0.03795687109231949,32.129728775884544,14.035769134239642,0.0,0.0,0.0,-0.9046979820822451,1.0,0.09267925471067429,0.052851952612400055,0.04674452543258667,0.07093103615954964,0.06993914460173324,0.01183658993492524,0.011622321714336675,0.0,0.0,0.020351409912109375,False,False
1.815,14.42460823059082,16.87166976928711,1.7034950256347656,0.3563532322941459,0.653303419241477,0.756950000000031,0.243049999999969,0.0,783,750,0.3365548131396868,1.5,66.0,66,2.0,27.0,0.03800278529524803,29.452251377894164,12.866121706386338,0.0,0.0,0.0,-0.8293064835753914,1.0,0.09329032152891159,0.05306728556752205,0.04674398899078369,0.07032906392604558,0.06900893196866986,0.011904723554228743,0.011676914291456342,0.0,0.0,0.03428172588348389,False,False
1.82,14.373370170593262,16.96851921081543,1.7529047727584839,2.696739670147682,0.355720590797353,0.756850000000031,0.243149999999969,0.0,656,622,0.39184191204471297,1.5,46.0,46,2.0,28.0,0.03794689476490021,26.997897096402983,11.79394489752081,0.0,0.0,0.0,-0.7601976099441087,1.0,0.09369467198848724,0.053147803992033005,0.04674339294433594,0.06983922718046061,0.06837647468177432,0.01193756121210754,0.011704077090447148,0.0,0.0,0.030887761116027833,False,False
1.825,14.338590621948242,17.08226776123047,1.7568552494049072,2.0718016438597413,0.13107421926871937,0.756750000000031,0.243249999999969,0.0,528,500,0.4425217527076536,1.5,20.0,20,1.0,24.0,0.037872519344091415,24.7480723383694,10.811116156060741,0.0,0.0,0.0,-0.696847809115433,1.0,0.09389902651309967,0.05301913246512413,0.04674285650253296,0.06877263137154731,0.06735357135363376,0.011917273125921687,0.011683865838373702,0.0,0.0,0.01921603322029114,False,False
1.83,14.209484100341797,17.21398162841797,1.7823957204818726,2.7721641387895644,0.32651159942945573,0.756650000000031,0.24334999999996898,0.0,528,496,0.48897827331534915,1.5,21.0,21,2.0,19.0,0.03802548348903656,22.685732976838615,9.910189809722345,0.0,0.0,0.0,-0.6387771583558135,1.0,0.09390995651483536,0.052909404039382935,0.04674232006072998,0.06782394617795776,0.06640631197253077,0.011942945808793109,0.011706971175347766,0.0,0.0,0.011358089447021486,False,False
1.835,14.112859725952148,17.35759735107422,1.7779802083969116,-2.178668772750156,0.23676392165040228,0.756550000000031,0.24344999999996897,0.0,553,514,0.8648967505390701,1.1351032494609299,16.0,16,2.0,25.0,0.038086920976638794,20.79525522876873,17.417673992245483,0.0,0.0,0.0,-0.1688790618261624,1.0,0.09373386204242706,0.05277119576931,0.04674196243286133,0.06665944902458992,0.06531612094701104,0.011933909651512902,0.011699340539053082,0.0,0.0,0.010320167541503906,False,False
1.84,14.111846923828125,17.502927780151367,1.7655030488967896,2.0514304263902616,0.5074891594470862,0.756450000000031,0.24354999999996896,0.0,585,553,0.8761553546608143,1.1238446453391857,24.0,24,3.0,15.0,0.03811110928654671,19.062317293038003,15.96620115955836,0.0,0.0,0.0,-0.1548058066739822,1.0,0.09445425122976303,0.05263753980398178,0.0467413067817688,0.06519545328492758,0.06394836718053398,0.011869055839876335,0.011638302045563858,0.0,0.0,0.018830076456069947,False,False
1.845,14.15000057220459,17.555404663085938,1.762386441230774,2.270966076118312,0.4521580606839662,0.756350000000031,0.24364999999996895,0.0,529,496,0.8864757417724131,1.113524258227587,13.0,13,4.0,20.0,0.03811442852020264,17.473790851951502,14.635684396261828,0.0,0.0,0.0,-0.1419053227844837,1.0,0.09491105377674103,0.05247557908296585,0.046740829944610596,0.06453576799412096,0.06332942748310197,0.01182765622312824,0.011598340158040326,0.0,0.0,0.017791237831115726,False,False
1.85,14.177553176879883,17.517908096313477,1.7350152730941772,2.1561735516205953,0.13943077407880924,0.7562500000000311,0.24374999999996894,0.0,550,524,0.895936096624712,1.1040639033752881,44.0,44,2.0,24.0,0.03803292289376259,16.017641614288877,13.416044029906676,0.0,0.0,0.0,-0.13007987921911007,1.0,0.0951656624674797,0.05250414460897446,0.046740174293518066,0.0646723367201614,0.06354280050098739,0.01181449469489356,0.011587424669414759,0.0,0.0,0.01455948829650879,False,False
1.855,14.220447540283203,17.56319808959961,1.7053052186965942,1.504915683412073,0.6158627715829571,0.7561500000000311,0.24384999999996892,0.0,623,588,0.9046080885726526,1.0953919114273474,86.0,86,2.0,23.0,0.037945475429296494,14.68283814643147,12.298040360747786,0.0,0.0,0.0,-0.1192398892841842,1.0,0.09522470086812973,0.05290447175502777,0.04673975706100464,0.06412749310644804,0.06308554410740265,0.011768625893940529,0.011544555891305208,0.0,0.0,0.018105103969573978,False,False
1.86,14.242111206054688,17.61589241027832,1.6948120594024658,2.2148999736829222,0.2611184980947533,0.7560500000000311,0.24394999999996891,0.0,647,607,0.9125574145249316,1.0874425854750684,21.0,21,5.0,26.0,0.03802219778299332,13.459268300895513,11.273203664018803,0.0,0.0,0.0,-0.10930323184383547,1.0,0.09509462118148804,0.05284552648663521,0.04673922061920166,0.06359071829030132,0.06259101824873592,0.01173447157877187,0.011512259176621836,0.0,0.0,0.02282646656036377,False,False
1.865,14.23401927947998,17.646108627319336,1.7012907266616821,2.1655288860859474,0.8514388514882368,0.7559500000000311,0.2440499999999689,0.0,571,534,0.9198442966478539,1.080155703352146,17.0,17,2.0,25.0,0.03823050111532211,12.33766260915422,10.333770025350569,0.0,0.0,0.0,-0.10019462919018256,1.0,0.09585899859666824,0.05270760506391525,0.046738624572753906,0.06335554812638862,0.062351176117545294,0.011728745109091204,0.01150641202305754,0.0,0.0,0.014982117414474489,False,False
1.87,14.287925720214844,17.773826599121094,1.7790464162826538,2.40372190510168,0.59160375732157,0.7558500000000311,0.2441499999999689,0.0,628,599,0.5931906052605329,1.406809394739467,28.0,28,1.0,24.0,0.038249943405389786,19.6428573917247,9.472622523238021,0.0,0.0,0.0,-0.5085117434243339,1.0,0.0963578149676323,0.052625421434640884,0.04673796892166138,0.0625516173250492,0.061308981013793215,0.011716045749684175,0.011485493741929531,0.0,0.0,0.020907249450683597,False,False
1.875,14.388998031616211,17.884498596191406,1.7580351829528809,2.2399749124837802,0.84800255633146,0.7557500000000311,0.24424999999996888,0.0,656,617,0.6270913881554885,1.3729086118445115,62.0,62,3.0,24.0,0.038177043199539185,18.005952609080975,8.683237312968187,0.0,0.0,0.0,-0.4661357648056394,1.0,0.09665251523256302,0.05281118303537369,0.04673755168914795,0.061614757282890696,0.06044498666911234,0.011628045855710905,0.011402347978825372,0.0,0.0,0.019789899587631228,False,False
1.8800000000000001,14.34805679321289,17.945276260375977,1.7766189575195312,2.6554120512335704,0.4284922091689017,0.7556500000000311,0.24434999999996887,0.0,618,580,0.6581671058091978,1.3418328941908022,32.0,32,4.0,26.0,0.03810472786426544,16.505456558324227,7.95963420355417,0.0,0.0,0.0,-0.4272911177385028,1.0,0.09674977511167526,0.05276880040764809,0.04673689603805542,0.06133736654883098,0.06014633646583966,0.011638153422002992,0.01141067051018278,0.0,0.0,0.021183037757873537,False,False
1.885,14.23685073852539,17.967021942138672,1.8351662158966064,-2.8321864484511377,0.30955632170419584,0.7555500000000311,0.24444999999996886,0.0,585,555,0.6866531803250979,1.313346819674902,9.0,9,4.0,15.0,0.038024626672267914,15.13000184513054,7.296331353257989,0.0,0.0,0.0,-0.39168352459362754,1.0,0.09665609896183014,0.052585601806640625,0.04673641920089722,0.06134338750387388,0.060007431196202575,0.011714177283768853,0.011479227881257733,0.0,0.0,0.019338040351867678,False,False
1.8900000000000001,14.195291519165039,17.954429626464844,1.8820343017578125,2.296244352652489,0.4115700753088752,0.7554500000000312,0.24454999999996885,0.0,569,543,0.7127654152980065,1.2872345847019935,24.0,24,1.0,20.0,0.037944991141557693,13.869168358036328,6.68830374048649,0.0,0.0,0.0,-0.3590432308774919,1.0,0.09637783467769623,0.05248609557747841,0.04673588275909424,0.0615433530801271,0.060084313441609714,0.011759524932131171,0.011520024466638764,0.0,0.0,0.021385605335235598,False,False
1.895,14.17064094543457,17.985769271850586,1.9288474321365356,2.5959731255204836,0.8769430322777677,0.7553500000000312,0.24464999999996884,0.0,603,562,0.4033682973565059,1.5,66.0,66,3.0,30.0,0.03786370903253555,21.0467376615333,6.1309450954459495,0.0,0.0,0.0,-0.7457896283043676,1.0,0.0969984382390976,0.05270766094326973,0.04673522710800171,0.06147897408017735,0.05991138936043566,0.011785190242032211,0.011542418117945394,0.0,0.0,0.028200166225433348,False,False
1.9000000000000001,14.105202674865723,18.056148529052734,1.9819910526275635,,0.0,0.7552500000000312,0.24474999999996883,0.0,647,614,0.7864209392434638,1.2135790607565362,48.0,48,2.0,18.0,0.038010042160749435,19.292842856405525,13.953366337492119,0.0,0.0,0.0,-0.2669738259456703,1.0,0.09735778719186783,0.05279609560966492,0.04673469066619873,0.06130000571758955,0.059611934490189956,0.011832645783821743,0.011585763034721216,0.0,0.0,0.04024477481842041,False,False
1.905,14.089967727661133,18.0722599029541,1.995880365371704,2.090691226762078,0.4890141489145726,0.7551500000000312,0.24484999999996881,0.0,584,550,0.8042191943065083,1.1957808056934915,20.0,20,6.0,9.0,0.03792153298854828,17.685105951705065,12.790585809367775,0.0,0.0,0.0,-0.2447260071168645,1.0,0.097517229616642,0.05266156047582626,0.04673415422439575,0.061311648730963175,0.05958634543659327,0.011846766186257204,0.011598882265388966,0.0,0.0,0.022764339447021487,False,False
1.9100000000000001,13.984196662902832,18.218809127807617,1.9835759401321411,2.409782401625609,0.32739419872129233,0.7550500000000312,0.2449499999999688,0.0,586,556,1.153867594780966,0.8461324052190339,21.0,21,2.0,16.0,0.03803636133670807,16.211347122396308,20.05803699192046,0.0,0.0,0.0,0.1923344934762076,1.0,0.09748333692550659,0.05253775790333748,0.04673349857330322,0.06020867549977116,0.05859895287640247,0.011837247293442488,0.011589963299532732,0.0,0.0,0.02546229124069214,False,False
1.915,13.77474308013916,18.339488983154297,2.0143277645111084,2.294292869728708,1.0000000000000002,0.7549500000000312,0.2450499999999688,0.0,554,522,1.1410452952158856,0.8589547047841144,30.0,30,2.0,17.0,0.03798302635550499,14.860401528863282,18.38653390926042,0.0,0.0,0.0,0.176306619019857,1.0,0.09726250916719437,0.05248267203569412,0.046732962131500244,0.05953208980569466,0.057930093145772604,0.011911277348796528,0.011661489261314273,0.0,0.0,0.010522470474243165,False,False
1.92,13.663298606872559,18.45121192932129,1.9938198328018188,2.65230093711551,0.8630439430348031,0.7548500000000312,0.24514999999996878,0.0,651,611,0.7959581872812285,1.2040418127187715,21.0,21,3.0,16.0,0.03792371228337288,21.955368068124674,16.854322750155387,0.0,0.0,0.0,-0.25505226589846436,1.0,0.09793826937675476,0.05237114802002907,0.04673236608505249,0.0587417574784083,0.0572303006846133,0.011914426771303019,0.011665843582401674,0.0,0.0,0.020006055831909182,False,False
1.925,13.715516090393066,18.54758071899414,1.9491162300109863,2.373011700136309,0.2339978364660974,0.7547500000000312,0.24524999999996877,0.0,579,543,1.146295005007793,0.8537049949922071,57.0,57,4.0,21.0,0.0379951149225235,20.125754062447616,23.783129187642437,0.0,0.0,0.0,0.18286875625974108,1.0,0.09835056215524673,0.05250087007880211,0.04673182964324951,0.05766143280383986,0.05630778161552593,0.011815899051725864,0.011573577842985591,0.0,0.0,0.021746149063110353,False,False
1.93,13.795686721801758,18.582460403442383,1.9354666471481323,1.6054183254911047,0.5497010450842729,0.7546500000000312,0.24534999999996876,0.0,612,580,1.4674370879238101,0.5325629120761899,44.0,44,1.0,32.0,0.037907980382442474,18.44860789057698,30.134535088672234,0.0,0.0,0.0,0.5842963599047627,1.0,0.09856078028678894,0.052543383091688156,0.04673117399215698,0.05719070798639687,0.05588952635104318,0.011760067427530885,0.01151874971886476,0.0,0.0,0.016802134513854983,False,False
1.935,13.822837829589844,18.556739807128906,1.909127116203308,1.78932540588379,0.4251608947540748,0.7545500000000313,0.24544999999996875,0.0,509,481,1.4284839972634926,0.5715160027365074,30.0,30,0.0,18.0,0.03783050552010536,16.911223899695564,27.623323831282878,0.0,0.0,0.0,0.5356049965793657,1.0,0.09857556223869324,0.0525042824447155,0.04673051834106445,0.057294666560830966,0.05603378285304502,0.011752662636960547,0.01151133639117082,0.0,0.0,0.011063098907470703,False,False
1.94,13.816747665405273,18.65612030029297,1.8717762231826782,2.7595404023741317,0.32445371433079834,0.7544500000000313,0.24554999999996874,0.0,557,521,1.0594436641582015,0.9405563358417985,17.0,17,5.0,18.0,0.03774674981832504,23.835288574720934,25.32138017867597,0.0,0.0,0.0,0.07430458019775177,1.0,0.09840136766433716,0.052369389683008194,0.046729981899261475,0.05647582956054107,0.055330186622681576,0.01170129127179583,0.011463508708402514,0.0,0.0,0.013948580026626587,False,False
1.945,13.794574737548828,18.727922439575195,1.8355075120925903,1.964624713392956,0.5373348862229602,0.7543500000000313,0.24564999999996873,0.0,598,551,1.0544900254783514,0.9455099745216486,28.0,28,3.0,23.0,0.03767017647624016,21.84901452682752,23.211265163786305,0.0,0.0,0.0,0.0681125318479392,1.0,0.0980444923043251,0.052309416234493256,0.046729445457458496,0.05584451689113101,0.05481670459825407,0.011661708510170381,0.011428257372851174,0.0,0.0,0.014231988191604613,False,False
1.95,13.775104522705078,18.747140884399414,1.7907565832138062,-0.5025035518749916,1.0000000000000002,0.7542500000000313,0.24574999999996872,0.0,612,577,1.3832825233551556,0.6167174766448446,30.0,30,8.0,17.0,0.0376417450606823,20.02826331625856,29.610326400137446,0.0,0.0,0.0,0.4791031541939443,1.0,0.09858835488557816,0.05224546790122986,0.04672890901565552,0.05567156088476241,0.05475026204219572,0.01164067458982269,0.011411438851306837,0.0,0.0,0.010591555833816529,False,False
1.955,13.807008743286133,18.825326919555664,1.7687442302703857,2.6983285636105547,0.5766180276237196,0.7541500000000313,0.2458499999999687,0.0,622,586,1.3513423130755593,0.6486576869244407,26.0,26,0.0,12.0,0.037654709070920944,18.359241373237012,27.142799200125992,0.0,0.0,0.0,0.439177891344449,1.0,0.09887280315160751,0.052137088030576706,0.04672825336456299,0.05514252991648252,0.054272068407152346,0.011602405769129595,0.011374485523750385,0.0,0.0,0.02042370319366455,False,False
1.96,13.876690864562988,18.93978500366211,1.7576098442077637,2.2208552095898138,0.8527071334406909,0.7540500000000313,0.2459499999999687,0.0,657,627,0.988730453652596,1.011269546347404,50.0,50,3.0,19.0,0.0378214493393898,33.495971258800594,33.214232600115494,0.0,0.0,0.0,-0.014086932934255003,1.0,0.09895913302898407,0.05224446579813957,0.04672771692276001,0.05436063870469283,0.053528118363269823,0.011528197986384233,0.011303358478471637,0.0,0.0,0.018344300985336303,False,False
1.965,13.829466819763184,19.03241729736328,1.817656397819519,2.0228535560877106,0.7446846820392963,0.7539500000000313,0.24604999999996868,0.0,572,540,0.9896695825148797,1.0103304174851204,36.0,36,1.0,26.0,0.037973999977111816,30.70464032056721,30.446379883439203,0.0,0.0,0.0,-0.01291302185640042,1.0,0.09885387122631073,0.052295856177806854,0.046727120876312256,0.054023673930514486,0.05307733264673989,0.011564330585921805,0.011333514703437686,0.0,0.0,0.019575333595275878,False,False
1.97,13.77539348602295,19.099510192871094,1.8491047620773315,0.9319685875887818,0.5288269883222798,0.7538500000000313,0.24614999999996867,0.0,548,517,0.9905304506386396,1.0094695493613604,30.0,30,6.0,18.0,0.037942975759506226,28.145920293853276,27.909181559819267,0.0,0.0,0.0,-0.011836936701700473,1.0,0.09964067488908768,0.05223732814192772,0.0467265248298645,0.05364688490540586,0.052644563743610484,0.011586162727326155,0.011351940144474309,0.0,0.0,0.012729893922805787,False,False
1.975,13.769025802612305,19.09322166442871,1.8782951831817627,2.471278937802161,0.999103639070612,0.7537500000000313,0.24624999999996866,0.0,510,477,1.3246529130854197,0.6753470869145803,23.0,23,1.0,20.0,0.037866201251745224,25.800426936032167,33.91674976316766,0.0,0.0,0.0,0.4058161413567746,1.0,0.10015959292650223,0.05214163661003113,0.04672592878341675,0.053710352130155285,0.05264061052623693,0.011600905951733392,0.011364012413347762,0.0,0.0,0.011125780344009401,False,False
1.98,13.70792007446289,19.11859130859375,1.911394476890564,-3.1063017658450627,0.5971147200970813,0.7536500000000314,0.24634999999996865,0.0,626,587,1.2975985036616349,0.7024014963383651,30.0,30,2.0,29.0,0.037953827530145645,23.650391358029484,31.090353949570353,0.0,0.0,0.0,0.3719981295770435,1.0,0.10047213733196259,0.05209037661552429,0.04672539234161377,0.05362755657794441,0.05250100377015638,0.011635225576659044,0.01139514846727252,0.0,0.0,0.0174442720413208,False,False
1.985,13.665568351745605,19.163314819335938,1.917457103729248,2.2284891963497784,0.4540099380523051,0.7535500000000314,0.24644999999996864,0.0,609,578,1.2727986283564985,0.7272013716435015,64.0,64,2.0,44.0,0.0380641408264637,21.679525411527028,28.49949112043949,0.0,0.0,0.0,0.34099828544562316,1.0,0.10058505088090897,0.05227317288517952,0.04672473669052124,0.05336705690668762,0.052242201264480675,0.011646323061237734,0.011405348001668852,0.0,0.0,0.0185976243019104,False,False
1.99,13.65570068359375,19.195566177368164,1.9202311038970947,2.6968544415865945,0.8984701139654429,0.7534500000000314,0.24654999999996863,0.0,557,520,1.2500654093267904,0.7499345906732097,21.0,21,1.0,30.0,0.03798084706068039,19.872898293899773,26.12453352706953,0.0,0.0,0.0,0.3125817616584879,1.0,0.10050491243600845,0.052186496555805206,0.046724140644073486,0.05319361696454253,0.05206628939920596,0.011647366530572375,0.011406043777242303,0.0,0.0,0.015766379833221437,False,False
1.995,13.56268310546875,19.284162521362305,1.9015597105026245,2.2417973158137876,0.8321029994541,0.7533500000000314,0.24664999999996862,0.0,613,584,0.8958932918828911,1.1041067081171088,20.0,20,3.0,29.0,0.03791812062263489,26.550156769408122,23.9474890664804,0.0,0.0,0.0,-0.1301333851463861,1.0,0.100238136947155,0.05206983909010887,0.04672354459762573,0.05252966483457192,0.05149336321426737,0.011639102206875881,0.011399414700766405,0.0,0.0,0.022648935317993165,False,False
2.0,13.444406509399414,19.340105056762695,1.9272853136062622,2.528098012447446,0.9985669538011216,0.7532500000000314,0.2467499999999686,0.0,576,543,0.9045688508926503,1.0954311491073496,46.0,46,4.0,12.0,0.03783315420150757,24.337643705290777,21.951864977607034,0.0,0.0,0.0,-0.11928893638418714,1.0,0.10086823999881744,0.05209881812334061,0.0467228889465332,0.052343914441995876,0.05128142385464033,0.011687882166976731,0.011445831429834168,0.0,0.0,0.01493095636367798,False,False
2.005,13.430190086364746,19.443416595458984,1.895970106124878,2.0755310776629767,0.8115472314343654,0.7531500000000314,0.2468499999999686,0.0,564,531,1.2458547799849293,0.7541452200150707,16.0,16,1.0,5.0,0.03774777427315712,22.30950672984988,28.455876229473112,0.0,0.0,0.0,0.30731847498116166,1.0,0.10123516619205475,0.051981013268232346,0.046722471714019775,0.05170100003713611,0.050716626086503847,0.011643578764051199,0.01140435536702474,0.0,0.0,0.01747586011886597,False,False
2.0100000000000002,13.47857666015625,19.531627655029297,1.8392460346221924,2.4721314319330223,0.999529229363286,0.7530500000000314,0.24694999999996858,0.0,597,561,1.225366881652852,0.774633118347148,28.0,28,8.0,5.0,0.037706535309553146,20.450381169029054,26.084553210350354,0.0,0.0,0.0,0.28170860206606496,1.0,0.10140031576156616,0.051926739513874054,0.046721696853637695,0.050870518410499485,0.05003227078774818,0.011550031679992875,0.01131799848129352,0.0,0.0,0.021846058368682864,False,False
2.015,13.513558387756348,19.5283145904541,1.7989133596420288,0.3529149347008265,1.0000000000000002,0.7529500000000314,0.24704999999996857,0.0,619,580,1.206586308181781,0.7934136918182191,44.0,44,4.0,10.0,0.03785872086882591,18.746182738276634,23.910840442821158,0.0,0.0,0.0,0.2582328852272262,1.0,0.10137031972408295,0.0519665889441967,0.04672116041183472,0.050669400188604954,0.0499230380749783,0.01151100150309503,0.011283272178843617,0.0,0.0,0.018728756904602052,False,False
2.02,13.543737411499023,19.569921493530273,1.7543070316314697,2.5028171803791848,0.9999999999999999,0.7528500000000314,0.24714999999996856,0.0,621,589,1.189370782499966,0.8106292175000341,52.0,52,1.0,17.0,0.03785897046327591,17.184000843420247,21.918270405919394,0.0,0.0,0.0,0.23671347812495735,1.0,0.10115165263414383,0.05205373466014862,0.04672062397003174,0.05030196864825237,0.04964578597588962,0.011461966981490454,0.011238975372786324,0.0,0.0,0.02759553909301758,False,False
2.025,13.547723770141602,19.653240203857422,1.724897861480713,-1.041562738557104,0.5702662153828536,0.7527500000000314,0.24724999999996855,0.0,582,555,1.173589883958302,0.8264101160416979,12.0,12,0.0,16.0,0.03785686939954758,24.085334106468558,28.42508120542611,0.0,0.0,0.0,0.21698735494787763,1.0,0.10075060278177261,0.05191655457019806,0.04671996831893921,0.04977463397856987,0.04919006704422521,0.01141539542004466,0.01119661571768423,0.0,0.0,0.037436594963073735,False,False
2.0300000000000002,13.545720100402832,19.689579010009766,1.7032948732376099,2.525587113884231,0.7396369025983723,0.7526500000000315,0.24734999999996854,0.0,583,548,1.1591240602951103,0.8408759397048897,24.0,24,2.0,36.0,0.037782881408929825,22.07822293092951,26.056324438307268,0.0,0.0,0.0,0.1989050753688879,1.0,0.10125059634447098,0.05179675295948982,0.04671931266784668,0.04953685127314988,0.04900353530887392,0.011391197331249714,0.011175504187121987,0.0,0.0,0.017720638513565066,False,False
2.035,13.566222190856934,19.8516845703125,1.7303225994110107,2.4825720394113464,0.21887048797834477,0.7525500000000315,0.24744999999996853,0.0,615,583,1.1458637219371843,0.8541362780628157,16.0,16,4.0,32.0,0.03776334598660469,20.238371020018718,23.884964068448326,0.0,0.0,0.0,0.18232965242148041,1.0,0.10149147361516953,0.051679931581020355,0.0467187762260437,0.0487014163297123,0.04812110228976113,0.011343199682111543,0.011125611296544474,0.0,0.0,0.02032130002975464,False,False
2.04,13.660574913024902,20.010772705078125,1.7257877588272095,2.2881725582969343,0.7551891930683825,0.7524500000000315,0.24754999999996852,0.0,633,593,1.1337084117757523,0.8662915882242477,54.0,54,5.0,22.0,0.038062214851379395,18.551840101683823,21.89455039607763,0.0,0.0,0.0,0.16713551471969038,1.0,0.10153454542160034,0.05177254229784012,0.04671812057495117,0.047847422927616824,0.047275214175304454,0.011251094207788508,0.0110362539999187,0.0,0.0,0.011383802890777589,False,False
2.045,13.68077564239502,20.133573532104492,1.7316786050796509,-2.6629720573829467,0.3417622676265213,0.7523500000000315,0.2476499999999685,0.0,629,594,1.122566044127773,0.8774339558722271,59.0,59,5.0,25.0,0.03814050555229187,17.005853426543503,20.070004529737826,0.0,0.0,0.0,0.15320755515971615,1.0,0.10246361047029495,0.051931027323007584,0.04671746492385864,0.047317531581734046,0.04675409362721139,0.011214948802565535,0.011001506354659796,0.0,0.0,0.011671061515808106,False,False
2.05,13.583905220031738,20.2354736328125,1.7616060972213745,0.15189124904376913,0.7934164454603329,0.7522500000000315,0.2477499999999685,0.0,594,557,1.1123522071171252,0.8876477928828748,34.0,34,4.0,15.0,0.038065917789936066,15.588698974331544,18.397504152259675,0.0,0.0,0.0,0.14044025889640652,1.0,0.1031188890337944,0.051948245614767075,0.046716928482055664,0.046847198315274036,0.04624676084937412,0.011244354148705801,0.011027007130905986,0.0,0.0,0.017338428497314453,False,False
2.055,13.522910118103027,20.249046325683594,1.7949458360671997,2.793658530611814,0.15671456494399152,0.7521500000000315,0.24784999999996848,0.0,564,545,1.102989523190698,0.8970104768093019,30.0,30,4.0,24.0,0.03802115097641945,14.289640726470582,16.864378806238033,0.0,0.0,0.0,0.12873690398837256,1.0,0.10356204956769943,0.05188523605465889,0.046716272830963135,0.04679311753638591,0.04612944699202858,0.01128211113003393,0.0110598416843762,0.0,0.0,0.017890374660491946,False,False
2.06,13.509961128234863,20.222043991088867,1.834484577178955,3.0113884128314368,0.8954076259143209,0.7520500000000315,0.24794999999996847,0.0,579,539,0.7610737295914732,1.2389262704085269,29.0,29,1.0,22.0,0.037985704839229584,21.432170665931366,15.459013905718196,0.0,0.0,0.0,-0.2986578380106585,1.0,0.10379999876022339,0.051835447549819946,0.04671567678451538,0.046984857261645356,0.046247110327937414,0.011310179252177477,0.011083561306198439,0.0,0.0,0.01437608003616333,False,False
2.065,13.461268424987793,20.28466033935547,1.8606587648391724,2.4412449258663655,0.9999999999999999,0.7519500000000315,0.24804999999996846,0.0,574,545,1.1143175854588505,0.8856824145411495,25.0,25,1.0,16.0,0.03790668770670891,19.64615644377042,22.50409608024168,0.0,0.0,0.0,0.14289698182356309,1.0,0.1038394495844841,0.051760122179985046,0.04671508073806763,0.04675387054487634,0.045984683901536046,0.01132373659250637,0.011094736012940606,0.0,0.0,0.02311838388442993,False,False
2.07,13.417606353759766,20.311294555664062,1.902095079421997,2.720752337752027,0.10897040109295335,0.7518500000000315,0.24814999999996845,0.0,657,618,1.4381244533372795,0.5618755466627204,15.0,15,1.0,27.0,0.037840425968170166,26.342310073456215,37.2954214068882,0.0,0.0,0.0,0.5476555666715994,1.0,0.10368696600198746,0.051601044833660126,0.04671454429626465,0.04675241554000608,0.04591340378555354,0.011362383762995403,0.011129259364679456,0.0,0.0,0.034481794834136964,False,False
2.075,13.396197319030762,20.38826560974121,1.867398977279663,2.697859855664978,0.3192418114812597,0.7517500000000316,0.24824999999996844,0.0,616,576,1.4016140822258394,0.5983859177741605,26.0,26,4.0,20.0,0.03776693716645241,24.147117567334863,34.18746962298085,0.0,0.0,0.0,0.5020176027822993,1.0,0.10442620515823364,0.05150097608566284,0.04671400785446167,0.04625268977787229,0.04549195859790664,0.011323739308863878,0.011093999880055588,0.0,0.0,0.018491579294204714,False,False
2.08,13.292692184448242,20.440095901489258,1.8458538055419922,2.8989094068878485,0.3854334760659254,0.7516500000000316,0.24834999999996843,0.0,636,610,1.368146242040353,0.6318537579596472,21.0,21,4.0,29.0,0.03771105036139488,22.134857770056957,31.338513821065778,0.0,0.0,0.0,0.46018280255044103,1.0,0.10489726066589355,0.05140797048807144,0.04671323299407959,0.04589095818305583,0.0452039204142045,0.011329822785531482,0.011102285546561083,0.0,0.0,0.021790351867675785,False,False
2.085,13.194986343383789,20.501314163208008,1.8766205310821533,1.8133063936084033,0.40386674199897576,0.7515500000000316,0.24844999999996842,0.0,593,558,1.0041340552036568,0.9958659447963432,60.0,60,4.0,33.0,0.037624459713697433,28.62361962255221,28.72697100264363,0.0,0.0,0.0,0.005167569004571071,1.0,0.10516166687011719,0.05154427886009216,0.04671269655227661,0.04577389494174355,0.04504153372029039,0.011373467665786546,0.011142355700333914,0.0,0.0,0.017169778347015382,False,False
2.09,13.219852447509766,20.625822067260742,1.8208614587783813,1.9310127402889359,0.7660665279703355,0.7514500000000316,0.2485499999999684,0.0,562,531,1.003789550603352,0.9962104493966478,40.0,40,4.0,26.0,0.037689510732889175,26.238317987339524,26.333056752423328,0.0,0.0,0.0,0.004736938254190193,1.0,0.10522618144750595,0.051589857786893845,0.04671216011047363,0.045041122705907356,0.044418011091881246,0.011286744459842643,0.011062402045354247,0.0,0.0,0.01660475730895996,False,False
2.095,13.286242485046387,20.702228546142578,1.7624521255493164,-2.7438175759102243,0.23616880213601357,0.7513500000000316,0.2486499999999684,0.0,531,502,1.0034737547197394,0.9965262452802606,22.0,22,2.0,27.0,0.03773149847984314,24.051791488394564,24.13863535638805,0.0,0.0,0.0,0.004342193399674343,1.0,0.10509740561246872,0.05149254947900772,0.046711504459381104,0.04443417566486832,0.04392548044770844,0.011191373923793435,0.010975360637530684,0.0,0.0,0.020119028091430666,False,False
2.1,13.315455436706543,20.697059631347656,1.728883981704712,0.3529149347008265,1.0000000000000002,0.7512500000000316,0.24874999999996839,0.0,634,590,1.3365176084930943,0.6634823915069056,27.0,27,5.0,24.0,0.037661198526620865,22.04747553102835,30.46041574335571,0.0,0.0,0.0,0.420647010616368,1.0,0.10585904121398926,0.05144193768501282,0.046710848808288574,0.04433760724922841,0.04388403713408127,0.011163863819092512,0.010951512182752293,0.0,0.0,0.02010377883911133,False,False
2.105,13.337337493896484,20.736738204956055,1.6993598937988281,1.5801410860712095,0.21772446937380854,0.7511500000000316,0.24884999999996837,0.0,598,562,1.3084744744520032,0.6915255255479968,26.0,26,1.0,27.0,0.037822410464286804,20.210185903442653,27.922047764742732,0.0,0.0,0.0,0.38559309306500394,1.0,0.10635121166706085,0.0513378269970417,0.046710312366485596,0.04410654055536613,0.04369686408899614,0.011130849597975612,0.010921842961882552,0.0,0.0,0.020698082447052003,False,False
2.11,13.365757942199707,20.792591094970703,1.662536382675171,1.1835166542008748,0.9994978074327774,0.7510500000000316,0.24894999999996836,0.0,630,599,1.2827682682476695,0.7172317317523305,48.0,48,1.0,10.0,0.03802018612623215,18.526003744822432,25.59521045101417,0.0,0.0,0.0,0.353460335309587,1.0,0.10663548111915588,0.05141321197152138,0.04670977592468262,0.0437580425220065,0.04342206102919966,0.011070272497211894,0.010867862729355693,0.0,0.0,0.027593088150024415,False,False
2.115,13.366535186767578,20.832857131958008,1.656355857849121,1.3512014457450359,0.4141070197417271,0.7509500000000316,0.24904999999996835,0.0,645,606,0.9258709125603639,1.074129087439636,39.0,39,6.0,17.0,0.037974074482917786,25.315503432753893,23.46227624676299,0.0,0.0,0.0,-0.09266135929954515,1.0,0.10671865195035934,0.051446281373500824,0.04670912027359009,0.043551771595529726,0.04323583766701521,0.011047812877222896,0.010847431840375066,0.0,0.0,0.013145639896392822,False,False
2.12,13.375997543334961,20.99332618713379,1.6822130680084229,1.2901985946820456,0.4412786148352523,0.7508500000000317,0.24914999999996834,0.0,589,553,0.932048336513667,1.067951663486333,35.0,35,4.0,20.0,0.03792436793446541,23.205878146691067,21.50708655953274,0.0,0.0,0.0,-0.08493957935791627,1.0,0.10768463462591171,0.05143823102116585,0.04670846462249756,0.0429458552785207,0.042580468777100415,0.011017031501978636,0.010813310897598665,0.0,0.0,0.01976410746574402,False,False
2.125,13.438105583190918,21.164562225341797,1.6583685874938965,-0.5025035518749916,1.0000000000000002,0.7507500000000317,0.24924999999996833,0.0,458,435,0.9377109751375281,1.062289024862472,13.0,13,1.0,22.0,0.03783570975065231,21.272054967800145,19.714829346238346,0.0,0.0,0.0,-0.07786128107808991,1.0,0.1083737462759018,0.05127410590648651,0.04670792818069458,0.04219692434991293,0.041876561712006904,0.010927836022650203,0.010729680846755704,0.0,0.0,0.015851131677627563,False,False
2.13,13.422564506530762,21.269315719604492,1.6813600063323975,-2.9280421198312157,0.9404456177111171,0.7506500000000317,0.24934999999996832,0.0,469,438,0.9429017272094008,1.0570982727905993,30.0,30,0.0,20.0,0.037749599665403366,19.499383720483465,18.071926900718484,0.0,0.0,0.0,-0.07137284098824903,1.0,0.1088477373123169,0.05120785906910896,0.0467073917388916,0.041821402039300216,0.0414775022740155,0.01091545408902069,0.010715690829480689,0.0,0.0,0.015548957586288454,False,False
2.1350000000000002,13.330233573913574,21.31842803955078,1.7241103649139404,0.6912395030086548,0.4350574985982885,0.7505500000000317,0.2494499999999683,0.0,517,478,0.9476599166086175,1.0523400833913825,23.0,23,0.0,15.0,0.03766469284892082,17.87443507710984,16.565932992325276,0.0,0.0,0.0,-0.0654251042392282,1.0,0.10911360383033752,0.051095716655254364,0.04670673608779907,0.04166201595659262,0.041256195673718,0.010964172349000972,0.010758179317538938,0.0,0.0,0.021174294948577883,False,False
2.14,13.292643547058105,21.300111770629883,1.759824514389038,1.571915127227798,0.5971106353627688,0.7504500000000317,0.2495499999999683,0.0,567,543,0.952021590224566,1.0479784097754339,26.0,26,1.0,21.0,0.037596169859170914,16.38489882068402,15.18543857629817,0.0,0.0,0.0,-0.05997301221929243,1.0,0.10917814821004868,0.051003165543079376,0.04670608043670654,0.04173034388005318,0.041263132325217326,0.01099692890420556,0.010785512859001756,0.0,0.0,0.01587354063987732,False,False
2.145,13.27083969116211,21.32059669494629,1.788425326347351,-1.3901660505571949,0.19278026901295958,0.7503500000000317,0.2496499999999683,0.0,677,639,1.2893531243725187,0.7106468756274813,33.0,33,5.0,12.0,0.03767889738082886,15.019490585627016,22.253318694939985,0.0,0.0,0.0,0.36169140546564843,1.0,0.1090480163693428,0.051007963716983795,0.046705543994903564,0.04167215133535881,0.04116906907393803,0.011005726410076022,0.01079146129389604,0.0,0.0,0.01583132266998291,False,False
2.15,13.232039451599121,21.41488265991211,1.7993080615997314,2.4127329684126946,0.9929941671113592,0.7502500000000317,0.24974999999996828,0.0,689,651,0.9319070306748088,1.0680929693251913,55.0,55,8.0,15.0,0.03773275017738342,22.10119970349143,20.398875470361652,0.0,0.0,0.0,-0.08511621165648897,1.0,0.10872968286275864,0.051126934587955475,0.046704888343811035,0.04130136239854515,0.04079569303407231,0.010994314604128402,0.01077952329069376,0.0,0.0,0.027864010334014894,False,False
2.1550000000000002,13.214337348937988,21.456573486328125,1.82645845413208,0.3775480901445056,0.23096092455019354,0.7501500000000317,0.24984999999996826,0.0,602,564,0.9375814447852414,1.0624185552147585,34.0,34,1.0,30.0,0.03791392967104912,20.259433061533812,18.69896918116485,0.0,0.0,0.0,-0.07802319401844819,1.0,0.10822946578264236,0.051134780049324036,0.046704232692718506,0.04121184672190082,0.040664656709800996,0.011009708978235722,0.010791890866433581,0.0,0.0,0.021866047382354738,False,False
2.16,13.169225692749023,21.57931900024414,1.7768956422805786,-3.0880573164296012,0.5993791404742685,0.7500500000000317,0.24994999999996825,0.0,571,541,0.9427829910531379,1.057217008946862,15.0,15,2.0,36.0,0.03798891603946686,18.57114697307266,17.14072174940111,0.0,0.0,0.0,-0.0715212611835776,1.0,0.10863079130649567,0.05099603533744812,0.04670369625091553,0.04059040469288103,0.04014008860251144,0.010952506757651767,0.010741058892259996,0.0,0.0,0.023585457801818848,False,False
2.165,12.991443634033203,21.682857513427734,1.7930878400802612,0.760428937509081,0.475384527815968,0.7499500000000318,0.25004999999996824,0.0,598,565,0.6142177417987098,1.3857822582012902,50.0,50,0.0,46.0,0.03794080764055252,25.356884725316604,15.712328270284349,0.0,0.0,0.0,-0.48222782275161274,1.0,0.10877350717782974,0.051061250269412994,0.046703040599823,0.04023032492794926,0.03978773739933866,0.010993542770544689,0.010780877976988753,0.0,0.0,0.015187603235244752,False,False
2.17,12.919404983520508,21.79339027404785,1.785554051399231,1.6344317276244327,0.8333432518172712,0.7498500000000318,0.25014999999996823,0.0,570,537,0.3130329299821506,1.5,42.0,42,1.0,23.0,0.03785691410303116,31.577144331540218,14.402967581093986,0.0,0.0,0.0,-0.8587088375223116,1.0,0.10871893167495728,0.05112922936677933,0.04670238494873047,0.03990214237205894,0.03946783570215628,0.01098876780209442,0.010776418494060636,0.0,0.0,0.02001758337020874,False,False
2.1750000000000003,13.011284828186035,21.890586853027344,1.7355254888534546,2.4402142014753236,0.33662144246557424,0.7497500000000318,0.2502499999999682,0.0,502,473,0.3702801858169714,1.5,20.0,20,4.0,11.0,0.03777991980314255,28.9457156372452,13.202720282669487,0.0,0.0,0.0,-0.7871497677287856,1.0,0.10847360640764236,0.05100485309958458,0.04670184850692749,0.03935335478690974,0.03899942138317563,0.010878570222606262,0.010674994749327501,0.0,0.0,0.01883332133293152,False,False
2.18,13.083047866821289,21.9254207611084,1.7259109020233154,-3.0548452418799568,0.7666641854377316,0.7496500000000318,0.2503499999999682,0.0,549,520,0.42275683699889055,1.5,20.0,20,3.0,15.0,0.03769182041287422,26.533572667474765,12.10249359244703,0.0,0.0,0.0,-0.7215539537513868,1.0,0.10804390162229538,0.050878703594207764,0.046701133251190186,0.03910328752477555,0.03876891660503945,0.010827780545999607,0.010626463141913216,0.0,0.0,0.020222108364105228,False,False
2.185,13.077455520629883,21.94232749938965,1.7003979682922363,1.5939915623952645,0.7131046745884604,0.7495500000000318,0.2504499999999682,0.0,640,599,0.4708604339156496,1.5,24.0,24,2.0,22.0,0.03761771693825722,24.32244161185187,11.09395245974311,0.0,0.0,0.0,-0.661424457605438,1.0,0.10743604600429535,0.05080626159906387,0.04670059680938721,0.03899896284580752,0.03870011673114785,0.010816049762070179,0.010617207347725829,0.0,0.0,0.012240160703659058,False,False
2.19,13.080888748168945,22.036800384521484,1.6793286800384521,1.9430658062834816,0.4255269688908553,0.7494500000000318,0.2505499999999682,0.0,583,554,0.5149553977560122,1.4850446022439878,45.0,45,2.0,25.0,0.03758694604039192,22.295571477530878,10.169456421431184,0.0,0.0,0.0,-0.6063057528049847,1.0,0.10665609687566757,0.0508342906832695,0.04670000076293945,0.03863397416790539,0.03836574793172282,0.010774973391865691,0.01057924780373772,0.0,0.0,0.01869961261749268,False,False
2.195,13.08289909362793,22.111583709716797,1.6553670167922974,-0.02529521912885111,0.6953992727666064,0.7493500000000318,0.2506499999999682,0.0,648,599,0.5553757812763445,1.4446242187236555,55.0,55,5.0,20.0,0.0376550666987896,20.43760718773664,9.322001719645252,0.0,0.0,0.0,-0.5557802734045694,1.0,0.10570995509624481,0.050994500517845154,0.04669928550720215,0.03832135402900069,0.03809315336379126,0.010731365764513612,0.010540200164541602,0.0,0.0,0.025629706382751465,False,False
2.2,13.083345413208008,22.174007415771484,1.6687778234481812,1.5232449929939578,0.3644871542113542,0.7492500000000318,0.25074999999996817,0.0,627,603,0.5924277995033158,1.4075722004966842,35.0,35,8.0,20.0,0.03769133239984512,18.73447325542525,8.545168243008147,0.0,0.0,0.0,-0.5094652506208551,1.0,0.1056806668639183,0.051011595875024796,0.04669862985610962,0.03811451918693784,0.037868324166318065,0.01071784218462805,0.010525275332232317,0.0,0.0,0.020871586799621582,False,False
2.205,13.18248462677002,22.33241844177246,1.7037158012390137,1.4792362318884875,0.3731346305790248,0.7491500000000318,0.25084999999996815,0.0,661,618,0.6263921495447062,1.3736078504552938,16.0,16,0.0,26.0,0.037870850414037704,25.50660048413981,16.166404222757468,0.0,0.0,0.0,-0.4670098130691171,1.0,0.1054076999425888,0.05085255578160286,0.04669797420501709,0.03755791570098665,0.03725215183415666,0.010649278604735931,0.01045371328170101,0.0,0.0,0.01951521158218384,False,False
2.21,13.279346466064453,22.45709228515625,1.6948708295822144,-2.4306170056704812,0.2513262085355461,0.7490500000000319,0.25094999999996814,0.0,680,642,0.9908594704159809,1.009140529584019,39.0,39,2.0,27.0,0.03804469853639603,23.381050443794823,23.152537204194346,0.0,0.0,0.0,-0.011425661980023882,1.0,0.10495197772979736,0.05085183307528496,0.04669743776321411,0.03717696630349288,0.03689087914908211,0.01056940178386867,0.010378246273224553,0.0,0.0,0.01943656921386719,False,False
2.215,13.207578659057617,22.529953002929688,1.7494257688522339,2.769453874864883,0.8578536283357479,0.7489500000000319,0.25104999999996813,0.0,700,661,0.9916211812146491,1.0083788187853509,53.0,53,6.0,20.0,0.038052190095186234,21.432629573478586,21.223159103844814,0.0,0.0,0.0,-0.010473523481688573,1.0,0.10431966930627823,0.05100636184215546,0.04669672250747681,0.03702316510467695,0.036676509997030406,0.010604336469744643,0.010406756773591042,0.0,0.0,0.01713333606719971,False,False
2.22,13.093594551086426,22.565643310546875,1.8012281656265259,2.266073596256688,0.7734295775366374,0.7488500000000319,0.2511499999999681,0.0,629,594,0.9923194161134283,1.0076805838865717,40.0,40,1.0,18.0,0.03797174617648125,19.646577109022036,19.454562511857745,0.0,0.0,0.0,-0.009600729858214585,1.0,0.10459407418966293,0.05103553459048271,0.04669606685638428,0.03691496149155528,0.036502741989678705,0.010662317896882694,0.010457205353304744,0.0,0.0,0.02128082275390625,False,False
2.225,13.068825721740723,22.553451538085938,1.8232614994049072,-0.022386167116824267,0.07293704401852469,0.7487500000000319,0.2512499999999681,0.0,569,536,0.9929594647706427,1.0070405352293574,22.0,22,5.0,26.0,0.03802291303873062,18.009362349936865,17.83334896920293,0.0,0.0,0.0,-0.008800669036696717,1.0,0.10461491346359253,0.05092354118824005,0.04669541120529175,0.03692694269772525,0.03648766869585868,0.010676948198427757,0.010469081268335383,0.0,0.0,0.02121866464614868,False,False
2.23,13.047786712646484,22.60625648498535,1.8475096225738525,2.538730992264699,0.7374650607526737,0.7486500000000319,0.2513499999999681,0.0,584,557,0.9935461760397558,1.006453823960244,22.0,22,4.0,22.0,0.03794744610786438,16.50858215410879,16.347236555102686,0.0,0.0,0.0,-0.008067279950305206,1.0,0.10444335639476776,0.05082126334309578,0.04669487476348877,0.036779239965834654,0.03631787722309338,0.010675540349135797,0.010465910891070962,0.0,0.0,0.021156692504882814,False,False
2.235,13.012845039367676,22.723358154296875,1.8758060932159424,-2.164750733898215,0.2942015778910735,0.7485500000000319,0.2514499999999681,0.0,602,560,1.3274173280364427,0.6725826719635573,44.0,44,4.0,31.0,0.03786817938089371,15.132866974599724,23.318300175510792,0.0,0.0,0.0,0.40927166004555343,1.0,0.10408581793308258,0.05084078013896942,0.046694159507751465,0.036474326469313666,0.035984428682906876,0.010674421209841967,0.01046247275856634,0.0,0.0,0.023567399978637694,False,False
2.24,13.00966739654541,22.78276252746582,1.9034202098846436,2.367869276607784,0.9972944770320827,0.7484500000000319,0.2515499999999681,0.0,671,637,1.5,0.19999999999999996,47.0,47,3.0,23.0,0.03795589134097099,13.871794726716413,38.04177516088489,0.0,0.0,0.0,1.0,1.0,0.10462582856416702,0.05092228949069977,0.046693503856658936,0.03631730697350485,0.035799285284941106,0.010666662128642201,0.010452971716100972,0.0,0.0,0.01838632583618164,False,False
2.245,12.920090675354004,22.85061264038086,1.9030539989471436,2.14573964304814,0.4223437455021182,0.7483500000000319,0.25164999999996807,0.0,636,603,1.5,0.4471007174138225,17.0,17,5.0,23.0,0.03833647817373276,21.049145166156713,34.87162723081115,0.0,0.0,0.0,0.6911241032327219,1.0,0.10490334033966064,0.050793830305337906,0.046692848205566406,0.03607073243008834,0.03557023294844263,0.010670478222891688,0.010457005895053348,0.0,0.0,0.01822051525115967,False,False
2.25,12.771297454833984,22.941390991210938,1.920257329940796,-3.025405966364509,0.46603825684057826,0.748250000000032,0.25174999999996805,0.0,617,581,1.5,0.49317565762933724,24.0,24,2.0,34.0,0.03829335793852806,19.29504973564365,31.96565829491022,0.0,0.0,0.0,0.6335304279633285,1.0,0.1049797460436821,0.05070172995328903,0.04669219255447388,0.03583223510719745,0.03532751275125491,0.010705497503901523,0.01049045550947388,0.0,0.0,0.01294474482536316,False,False
2.255,12.699134826660156,23.069381713867188,1.8817964792251587,1.5934310608466937,0.3912990824239326,0.748150000000032,0.25184999999996804,0.0,657,620,1.464588980506441,0.5354110194935591,50.0,50,5.0,21.0,0.03825908154249191,17.687128924340012,29.301853437001036,0.0,0.0,0.0,0.5807362256330512,1.0,0.10486167669296265,0.05076584219932556,0.04669153690338135,0.035403126719174005,0.03494994216598481,0.010670508878926437,0.010459503391757607,0.0,0.0,0.01897677540779114,False,False
2.2600000000000002,12.732948303222656,23.156723022460938,1.802893877029419,2.3423479704100663,0.5295465769238195,0.748050000000032,0.25194999999996803,0.0,587,546,1.4258732321309042,0.5741267678690958,30.0,30,1.0,16.0,0.03816875442862511,16.213201513978344,26.860032317250948,0.0,0.0,0.0,0.5323415401636302,1.0,0.10563287138938904,0.05072195827960968,0.046690940856933594,0.034949934206514044,0.034600631878089524,0.010573446052148938,0.010373512438187998,0.0,0.0,0.023546552658081053,False,False
2.265,12.806739807128906,23.12099266052246,1.7671582698822021,2.275375856832407,0.591954365716565,0.747950000000032,0.252049999999968,0.0,518,491,1.3903837961199954,0.6096162038800046,36.0,36,4.0,25.0,0.038081422448158264,14.862101387813482,24.621696290813368,0.0,0.0,0.0,0.4879797451499943,1.0,0.10613349825143814,0.05073140189051628,0.046690285205841064,0.03494835562771097,0.034644136748508594,0.010539997213830551,0.010343680623918772,0.0,0.0,0.01648460149765015,False,False
2.27,12.883475303649902,23.12462615966797,1.7574107646942139,2.029351952806673,0.5483539253157182,0.747850000000032,0.252149999999968,0.0,585,548,1.357851813109996,0.6421481868900041,44.0,44,3.0,25.0,0.03799218684434891,13.623592938829024,22.56988826657892,0.0,0.0,0.0,0.4473147663874949,1.0,0.10642515122890472,0.050800856202840805,0.046689629554748535,0.03491811064933338,0.034611587818478284,0.010514570167288184,0.0103180514027675,0.0,0.0,0.019922940731048586,False,False
2.275,12.892714500427246,23.237323760986328,1.7292956113815308,2.124467363462481,0.31635652962473976,0.747750000000032,0.252249999999968,0.0,568,537,0.9946974953508296,1.0053025046491704,22.0,22,4.0,29.0,0.03791803866624832,20.82162686059327,20.689064244364012,0.0,0.0,0.0,-0.0066281308114628954,1.0,0.10651466995477676,0.05068274587392807,0.046688973903656006,0.03453637916385108,0.034267247952519966,0.010458090497801702,0.010266106886168322,0.0,0.0,0.02656367301940918,False,False
2.2800000000000002,12.837017059326172,23.28911590576172,1.689897060394287,3.0984364978447787,0.851851871490202,0.747650000000032,0.252349999999968,0.0,605,573,0.6618060374049273,1.3381939625950727,24.0,24,3.0,23.0,0.03784182667732239,27.419824622210495,18.964975557333677,0.0,0.0,0.0,-0.4227424532438409,1.0,0.10640871524810791,0.05061519145965576,0.04668831825256348,0.03432248136649442,0.03411467917418642,0.010431241244077682,0.010246060555800796,0.0,0.0,0.019592164754867556,False,False
2.285,12.840855598449707,23.392858505249023,1.7096859216690063,2.4798450037299844,0.3823150932237568,0.747550000000032,0.252449999999968,0.0,641,598,1.0233222009545166,0.9766777990454832,24.0,24,2.0,30.0,0.03794896975159645,25.134839237026284,25.717894260889203,0.0,0.0,0.0,0.02915275119314593,1.0,0.1071910560131073,0.050517551600933075,0.04668772220611572,0.034037683981004235,0.03380373136186886,0.010409702469284337,0.010221887302274506,0.0,0.0,0.026021356582641604,False,False
2.29,12.964579582214355,23.551971435546875,1.7069538831710815,-2.6048569093851226,0.17678806926124296,0.747450000000032,0.25254999999996797,0.0,618,590,1.021378684208307,0.978621315791693,35.0,35,2.0,30.0,0.038318682461977005,23.040269300607427,23.574736405815102,0.0,0.0,0.0,0.02672335526038374,1.0,0.10770188271999359,0.05050709471106529,0.04668706655502319,0.03359028435583762,0.03335150345546729,0.010318806550155084,0.010133159424488744,0.0,0.0,0.015842372179031373,False,False
2.295,13.00397777557373,23.741682052612305,1.7254308462142944,2.590741795908636,0.7278671349306497,0.747350000000032,0.25264999999996796,0.0,652,622,1.019597127190948,0.9804028728090519,59.0,59,3.0,33.0,0.038427580147981644,21.12024685889014,21.610175038663844,0.0,0.0,0.0,0.024496408988685124,1.0,0.10800282657146454,0.050665393471717834,0.046686410903930664,0.03312689071641374,0.03288103325598944,0.01025660545565188,0.01007207203656435,0.0,0.0,0.012143752574920655,False,False
2.3000000000000003,12.938241958618164,23.89850425720215,1.79814875125885,0.3944139088843599,0.13242504232178126,0.747250000000032,0.25274999999996794,0.0,611,576,0.6846306999250359,1.315369300074964,35.0,35,2.0,22.0,0.038360703736543655,27.693559620649292,19.80932711877519,0.0,0.0,0.0,-0.3942116250937051,1.0,0.10810074210166931,0.050657156854867935,0.046685755252838135,0.03279036562854806,0.03248233387735589,0.01027154503390193,0.01008068754648169,0.0,0.0,0.015196181535720827,False,False
2.305,12.911499977111816,23.94496726989746,1.8413195610046387,2.5118302222846003,0.5750027565010886,0.7471500000000321,0.25284999999996793,0.0,538,510,1.0442448082646163,0.9557551917353837,20.0,20,3.0,27.0,0.038272831588983536,25.385762985595182,26.49188319221059,0.0,0.0,0.0,0.05530601033077041,1.0,0.10800233483314514,0.05053623020648956,0.046685099601745605,0.032663253422360025,0.03230557380244053,0.010283749240140121,0.01008815326107045,0.0,0.0,0.011546666622161866,False,False
2.31,12.903580665588379,23.916574478149414,1.8577181100845337,2.5952861606247564,0.574591574709109,0.7470500000000321,0.2529499999999679,0.0,627,588,1.373891074242565,0.626108925757435,17.0,17,7.0,25.0,0.03820445016026497,23.270282736795583,32.617559592859706,0.0,0.0,0.0,0.4673638428032062,1.0,0.10771410912275314,0.050398945808410645,0.04668450355529785,0.032701339472860504,0.032319521169332587,0.010290368227288127,0.010091739629084866,0.0,0.0,0.013244103193283082,False,False
2.315,12.810321807861328,23.947769165039062,1.8851624727249146,1.148021335703876,0.27104330214787664,0.7469500000000321,0.2530499999999679,0.0,554,522,1.0094001513890178,0.9905998486109822,34.0,34,3.0,18.0,0.03812631592154503,29.664425842062617,29.899429626788063,0.0,0.0,0.0,0.011750189236272312,1.0,0.1083197072148323,0.05035758763551712,0.04668384790420532,0.03263224455818916,0.03222951700934126,0.010323598592852553,0.010121500430007776,0.0,0.0,0.018501873016357424,False,False
2.32,12.764556884765625,23.997098922729492,1.9053564071655273,2.7572704255448968,0.9123494349094771,0.7468500000000321,0.2531499999999679,0.0,585,551,1.008616805439933,0.991383194560067,48.0,48,0.0,19.0,0.038046348839998245,27.192390355224063,27.40781049122239,0.0,0.0,0.0,0.010771006799916272,1.0,0.10865917801856995,0.05043943226337433,0.046683311462402344,0.032535256771990824,0.03211651218387527,0.010337071726098657,0.010133024770766497,0.0,0.0,0.019189921617507936,False,False
2.325,12.738945007324219,24.066848754882812,1.8882908821105957,1.9706878689509704,0.4791729678399031,0.7467500000000321,0.2532499999999679,0.0,602,571,1.0078987383199385,0.9921012616800614,42.0,42,2.0,10.0,0.03799762576818466,24.926357825622055,25.12382628362052,0.0,0.0,0.0,0.009873422899923235,1.0,0.10879401862621307,0.050499606877565384,0.046682536602020264,0.03232366752694278,0.03192807759204797,0.010314998604978125,0.010112910143410167,0.0,0.0,0.019565078020095827,False,False
2.33,12.587337493896484,24.161399841308594,1.8667734861373901,2.5701443561819097,0.9998678358581615,0.7466500000000321,0.2533499999999679,0.0,551,517,1.0072405101266104,0.9927594898733897,19.0,19,4.0,25.0,0.03806588053703308,22.84916134015355,23.03017409331881,0.0,0.0,0.0,0.00905063765826295,1.0,0.1087309792637825,0.05036661773920059,0.046681880950927734,0.03198824520455592,0.03163350612739952,0.010317066917195916,0.01011741968492667,0.0,0.0,0.010805953741073609,False,False
2.335,12.466531753540039,24.240068435668945,1.8757431507110596,3.0352031562697643,0.27742836829714906,0.7465500000000321,0.25344999999996787,0.0,596,561,1.006637134282726,0.9933628657172738,19.0,19,6.0,24.0,0.03802352771162987,20.94506456180742,21.110992918875574,0.0,0.0,0.0,0.008296417853407689,1.0,0.10847660899162292,0.05025318264961243,0.04668128490447998,0.03184930953131131,0.03148886628293662,0.01034281876248618,0.010141931318988403,0.0,0.0,0.018424320220947265,False,False
2.34,12.493361473083496,24.340864181518555,1.835805058479309,1.9853001972684279,0.370498554962615,0.7464500000000321,0.25354999999996786,0.0,628,593,1.0060840397591655,0.9939159602408344,65.0,65,1.0,23.0,0.03794853016734123,27.532975848323467,27.685076842302607,0.0,0.0,0.0,0.0076050496989569895,1.0,0.10911458730697632,0.050464291125535965,0.04668068885803223,0.031525934646603776,0.031207389572634497,0.010275670792907476,0.01008010042520861,0.0,0.0,0.014572405815124511,False,False
2.345,12.578360557556152,24.4185733795166,1.7914804220199585,2.2824423180894295,0.49980952896755887,0.7463500000000322,0.25364999999996785,0.0,600,575,1.3389103697792353,0.6610896302207647,42.0,42,5.0,36.0,0.037863485515117645,25.238561194296512,33.71132043877739,0.0,0.0,0.0,0.423637962224044,1.0,0.10948500782251358,0.05052614584565163,0.04667997360229492,0.031199987992294263,0.0309317992158459,0.0101883162278682,0.009999606603135666,0.0,0.0,0.01911957621574402,False,False
2.35,12.601540565490723,24.386737823486328,1.7602918148040771,2.7379051344909766,0.2612066169453214,0.7462500000000322,0.25374999999996783,0.0,475,441,1.310667838964299,0.689332161035701,20.0,20,1.0,19.0,0.03815557062625885,23.135347761438467,30.90204373554594,0.0,0.0,0.0,0.3883347987053737,1.0,0.10964939743280411,0.05040663480758667,0.04667943716049194,0.031219457028626912,0.030981861058544197,0.01017628509240846,0.009990754382063946,0.0,0.0,0.014738326072692872,False,False
2.355,12.616972923278809,24.44971466064453,1.7248032093048096,2.4277346010536336,0.3407994494654117,0.7461500000000322,0.2538499999999678,0.0,554,521,1.2847788523839407,0.7152211476160593,32.0,32,0.0,29.0,0.038209524005651474,21.207402114651927,28.326873424250444,0.0,0.0,0.0,0.3559735654799258,1.0,0.1096145361661911,0.050361890345811844,0.04667866230010986,0.031029274100242938,0.030824703550508696,0.010136921579639118,0.009955622566243013,0.0,0.0,0.02175594806671143,False,False
2.36,12.627445220947266,24.569047927856445,1.6729263067245483,1.1934080298374985,0.3675542914170985,0.7460500000000322,0.2539499999999678,0.0,666,628,1.5,0.4056193853147211,18.0,18,2.0,25.0,0.03812256455421448,19.4401186050976,34.29963397222957,0.0,0.0,0.0,0.7429757683565986,1.0,0.10938703268766403,0.050219081342220306,0.046678125858306885,0.030695733147905357,0.030545483114546315,0.010064956344043216,0.009891905744249623,0.0,0.0,0.039497311115264895,False,False
2.365,12.603816986083984,24.593599319458008,1.6616991758346558,1.9801674832648302,0.6582387428691763,0.7459500000000322,0.2540499999999678,0.0,589,560,1.5,0.19999999999999996,19.0,19,4.0,12.0,0.038099728524684906,17.820108721339466,39.77466447454377,0.0,0.0,0.0,1.0,1.0,0.10897331684827805,0.05011506378650665,0.04667741060256958,0.030604452047845492,0.03047110315749809,0.010054438607767224,0.009883855236694217,0.0,0.0,0.019612053632736208,False,False
2.37,12.63834285736084,24.743358612060547,1.6675828695297241,0.026772160714818107,0.5299672483372301,0.7458500000000322,0.2541499999999678,0.0,666,615,1.5,0.19999999999999996,61.0,61,6.0,10.0,0.038012877106666565,16.335099661227844,36.46010910166512,0.0,0.0,0.0,1.0,1.0,0.10945693403482437,0.05025533586740494,0.04667675495147705,0.030230635896052703,0.030085268155088808,0.010002968289578956,0.009831615025177598,0.0,0.0,0.023718008995056154,False,False
2.375,12.7670316696167,24.896486282348633,1.649571418762207,2.8712582295866094,0.3733787074211397,0.7457500000000322,0.2542499999999678,0.0,558,534,1.4045836794827002,0.5954163205172998,50.0,50,4.0,19.0,0.03794648498296738,23.307174689458854,33.42176667652636,0.0,0.0,0.0,0.5057295993533752,1.0,0.10967785865068436,0.05036159232258797,0.04667609930038452,0.029872269072685552,0.029740884544676337,0.009906275275473794,0.009739930586268505,0.0,0.0,0.01377559781074524,False,False
2.38,12.758105278015137,25.047142028808594,1.6959959268569946,2.6827708343632573,0.9838519890389549,0.7456500000000322,0.25434999999996777,0.0,566,532,1.370868372859142,0.6291316271408581,36.0,36,1.0,18.0,0.03785917907953262,21.36491013200395,30.636619453482496,0.0,0.0,0.0,0.4635854660739273,1.0,0.10969750583171844,0.050365038216114044,0.04667544364929199,0.029608009091267228,0.029445465424989842,0.0098883465398103,0.00971862425406774,0.0,0.0,0.012129729986190796,False,False
2.3850000000000002,12.6742525100708,25.147249221801758,1.7515366077423096,-3.0401740573191804,0.5275762108836132,0.7455500000000322,0.25444999999996776,0.0,514,482,1.33996267512088,0.66003732487912,22.0,22,0.0,28.0,0.03778345510363579,19.584500954336953,28.083567832358952,0.0,0.0,0.0,0.42495334390109996,1.0,0.10952253639698029,0.05025174468755722,0.046674907207489014,0.029413540881514415,0.029205988913579714,0.00991235914019247,0.00973630774145325,0.0,0.0,0.016813082695007326,False,False
2.39,12.652905464172363,25.131399154663086,1.7533246278762817,-1.5533978211038633,0.23643722338385711,0.7454500000000323,0.25454999999996775,0.0,557,524,1.31163245219414,0.68836754780586,25.0,25,0.0,26.0,0.03777012974023819,17.952459208142205,25.743270512995704,0.0,0.0,0.0,0.38954056524267494,1.0,0.1091594398021698,0.05018133297562599,0.046674251556396484,0.02938892149575911,0.029172914951806142,0.00991410769832631,0.009736495946223538,0.0,0.0,0.009967541098594667,False,False
2.395,12.599505424499512,25.112146377563477,1.7860065698623657,1.3166377031211411,0.8319913369730179,0.7453500000000323,0.25464999999996774,0.0,546,519,1.2856630811779617,0.7143369188220384,26.0,26,2.0,17.0,0.03782258182764053,16.45642094079702,23.59799797024606,0.0,0.0,0.0,0.35707885147245194,1.0,0.10861452668905258,0.050076086074113846,0.04667353630065918,0.029434739114832305,0.029191399349907905,0.009945575923969349,0.009763626536975305,0.0,0.0,0.014150733947753907,False,False
2.4,12.531882286071777,25.16851806640625,1.795152187347412,-0.6069064348632806,0.33972201523682055,0.7452500000000323,0.2547499999999677,0.0,586,555,1.2618578244131315,0.7381421755868685,17.0,17,5.0,30.0,0.03774774819612503,15.085052529063935,21.63149813939222,0.0,0.0,0.0,0.3273222805164143,1.0,0.10789397358894348,0.04993445798754692,0.04667288064956665,0.02931244512690001,0.029065585382476018,0.009955124308665594,0.009772059274837375,0.0,0.0,0.02110013246536255,False,False
2.4050000000000002,12.536087036132812,25.1738224029541,1.8038002252578735,2.619459783344264,0.6781728245977653,0.7451500000000323,0.2548499999999677,0.0,632,598,1.2400363390453704,0.7599636609546295,42.0,42,1.0,28.0,0.03767918795347214,13.827964818308606,19.828873294442868,0.0,0.0,0.0,0.30004542380671306,1.0,0.10700378566980362,0.049959149211645126,0.04667222499847412,0.029299548056441537,0.029042790265520285,0.009958709900577864,0.009774503608544668,0.0,0.0,0.021816205978393555,False,False
2.41,12.499528884887695,25.25320816040039,1.749807596206665,2.3122195966242303,0.40371002017662594,0.7450500000000323,0.2549499999999677,0.0,586,552,1.2200333107915897,0.7799666892084103,14.0,14,2.0,35.0,0.038091301918029785,12.675634416782888,18.17646718657263,0.0,0.0,0.0,0.2750416384894871,1.0,0.10594983398914337,0.04981325939297676,0.04667162895202637,0.029040429238733713,0.028839767603047697,0.009911042870953679,0.009734044627596935,0.0,0.0,0.02566431999206543,False,False
2.415,12.355652809143066,25.326141357421875,1.7631912231445312,1.5898043619822788,0.5756916279919954,0.7449500000000323,0.2550499999999677,0.0,651,606,1.2016972015589573,0.7983027984410428,32.0,32,4.0,22.0,0.038242653012275696,11.619331548717646,16.661761587691576,0.0,0.0,0.0,0.2521215019486965,1.0,0.105815090239048,0.04979551583528519,0.04667097330093384,0.02889016144951576,0.02868962310056594,0.009939760202541947,0.009761737504353126,0.0,0.0,0.01208859920501709,False,False
2.42,12.315656661987305,25.41457748413086,1.7482491731643677,2.1769992515451113,0.6368813822008598,0.7448500000000323,0.2551499999999677,0.0,711,675,0.8515557680957107,1.1484442319042893,78.0,78,9.0,18.0,0.03817122057080269,18.984387252991176,15.273281455383943,0.0,0.0,0.0,-0.18555528988036168,1.0,0.10543897747993469,0.05011645331978798,0.04667025804519653,0.028735668278764195,0.02854475604125691,0.009921970389162501,0.009745626787965497,0.0,0.0,0.02197720050811768,False,False
2.4250000000000003,12.392611503601074,25.506338119506836,1.6936688423156738,1.6653136575502037,0.6588017853523409,0.7447500000000323,0.25524999999996767,0.0,654,610,0.5305927874210682,1.4694072125789317,41.0,41,5.0,12.0,0.03808785602450371,25.73568831524191,14.000508000768614,0.0,0.0,0.0,-0.5867590157236647,1.0,0.10595964640378952,0.05016491934657097,0.04666966199874878,0.028444500895837208,0.02830277453250334,0.009836188595121106,0.009668002215524515,0.0,0.0,0.018049435615539552,False,False
2.43,12.458023071289062,25.5411319732666,1.659659504890442,0.6393506151492738,1.0,0.7446500000000323,0.25534999999996766,0.0,633,599,0.9030433884693124,1.0969566115306875,40.0,40,1.0,13.0,0.03806775063276291,23.591047622305084,21.167132334037895,0.0,0.0,0.0,-0.12119576441335944,1.0,0.10621707886457443,0.05022956430912018,0.046668946743011475,0.028284881013871686,0.028174211641889272,0.009778618114069104,0.009616235038265586,0.0,0.0,0.02077286720275879,False,False
2.435,12.467446327209473,25.5476016998291,1.6268372535705566,2.9232548272186363,0.8916853472151722,0.7445500000000324,0.25544999999996765,0.0,533,508,1.244456439430203,0.755543560569797,26.0,26,2.0,17.0,0.03800124302506447,21.625126987112992,27.736537972868067,0.0,0.0,0.0,0.30557054928775373,1.0,0.10627270489931107,0.050153739750385284,0.046668410301208496,0.028233045247149854,0.02814785421895722,0.00976092143294712,0.009602381226917108,0.0,0.0,0.01892276167869568,False,False
2.44,12.494108200073242,25.6243839263916,1.5941957235336304,1.1409415988210538,0.3612041336095958,0.7444500000000324,0.25554999999996764,0.0,574,541,1.224085069477686,0.775914930522314,15.0,15,4.0,30.0,0.037933290004730225,19.823033071520243,25.425159808462393,0.0,0.0,0.0,0.2801063368471075,1.0,0.10613319277763367,0.05000070109963417,0.046667635440826416,0.028045311128525898,0.02798678634897734,0.009712097235023975,0.009558774375667175,0.0,0.0,0.02576214075088501,False,False
2.445,12.503681182861328,25.669694900512695,1.570414662361145,2.4207444132810925,0.14336380320523642,0.7443500000000324,0.2556499999999676,0.0,595,556,1.2054113136878788,0.7945886863121212,30.0,30,2.0,30.0,0.037912532687187195,18.171113648893556,23.306396491090524,0.0,0.0,0.0,0.25676414210984844,1.0,0.10688229650259018,0.04992639273405075,0.04666692018508911,0.027944683649925722,0.027908203725003848,0.009682402790834507,0.009533272823318839,0.0,0.0,0.02489851236343384,False,False
2.45,12.519420623779297,25.78508949279785,1.5878475904464722,2.5785953238533175,0.7480424603649464,0.7442500000000324,0.2557499999999676,0.0,601,571,1.1882937042138888,0.8117062957861111,32.0,32,3.0,29.0,0.03784185275435448,16.656854178152425,21.364196783499647,0.0,0.0,0.0,0.23536713026736109,1.0,0.10736021399497986,0.04989057034254074,0.04666638374328613,0.027724811085964772,0.027672314089023733,0.009648254684483012,0.00949762606372436,0.0,0.0,0.02182517528533936,False,False
2.455,12.602351188659668,25.907976150512695,1.587558627128601,1.3863664512128917,0.7068970444622849,0.7441500000000324,0.2558499999999676,0.0,565,526,1.172602562196065,0.827397437803935,49.0,49,4.0,28.0,0.03776281699538231,15.268782996639722,19.583847051541344,0.0,0.0,0.0,0.2157532027450811,1.0,0.10762857645750046,0.049954742193222046,0.046665728092193604,0.02746396938028364,0.0274058224010507,0.009585885563865304,0.009436375306298336,0.0,0.0,0.009990919828414917,False,False
2.46,12.653064727783203,26.028697967529297,1.5771353244781494,0.7228183325559019,0.9965185919865405,0.7440500000000324,0.2559499999999676,0.0,526,497,1.158219015346393,0.8417809846536071,30.0,30,2.0,12.0,0.03782224655151367,13.99638441358641,17.951859797246232,0.0,0.0,0.0,0.1977737691829911,1.0,0.10769423842430115,0.0499117486178875,0.0466650128364563,0.027234006143174366,0.027186970620648235,0.009532110222304862,0.009386120364069939,0.0,0.0,0.013044514656066894,False,False
2.465,12.603032112121582,26.15583038330078,1.6023848056793213,1.8282274711648245,0.8179156873995572,0.7439500000000324,0.2560499999999676,0.0,542,516,1.1450340974008602,0.85496590259914,33.0,33,2.0,8.0,0.037733666598796844,12.830019045787543,16.455871480809044,0.0,0.0,0.0,0.18129262175107508,1.0,0.10756388306617737,0.0498824343085289,0.04666435718536377,0.026979858565027128,0.026915828508557057,0.009519533098985752,0.009371238217378657,0.0,0.0,0.01653282642364502,False,False
2.47,12.532649040222168,26.221750259399414,1.6325490474700928,1.8282274711648245,0.8179156873995572,0.7438500000000324,0.25614999999996757,0.0,558,522,0.7996145892841218,1.2003854107158782,18.0,18,2.0,10.0,0.0376942902803421,20.094184125305247,15.08454885740829,0.0,0.0,0.0,-0.25048176339484785,1.0,0.10724404454231262,0.049761608242988586,0.04666370153427124,0.026832231982920875,0.026742570678663997,0.00953093442755441,0.0093782142115136,0.0,0.0,0.020561459064483645,False,False
2.475,12.518536567687988,26.178640365600586,1.6707603931427002,-1.5076758752777977,0.1476468603150013,0.7437500000000324,0.25624999999996756,0.0,509,475,0.4829800401771117,1.5,27.0,27,4.0,13.0,0.03761341795325279,26.75300211486314,13.827503119290933,0.0,0.0,0.0,-0.6462749497786103,1.0,0.10781834274530411,0.04970366135239601,0.04666304588317871,0.026921845087897266,0.026800426078959605,0.009557213246201476,0.009398762679969272,0.0,0.0,0.012237701416015625,False,False
2.48,12.473231315612793,26.201833724975586,1.7058711051940918,,0.0,0.7436500000000325,0.25634999999996755,0.0,524,488,0.5260650368290192,1.4739349631709808,22.0,22,3.0,13.0,0.037754274904727936,24.523585271957877,12.675211192683355,0.0,0.0,0.0,-0.5924187039637261,1.0,0.10812683403491974,0.04960350692272186,0.046662330627441406,0.02689447569718981,0.02675079899199704,0.009573310380801558,0.009410886171584329,0.0,0.0,0.01875420928001404,False,False
2.485,12.409139633178711,26.282955169677734,1.7613253593444824,1.1103133124041669,0.4541131794953575,0.7435500000000325,0.25644999999996754,0.0,641,610,0.8988929504266008,1.1011070495733992,50.0,50,3.0,15.0,0.03780007362365723,22.479953165961387,19.952276926626407,0.0,0.0,0.0,-0.126383811966749,1.0,0.10823101550340652,0.049694549292325974,0.04666179418563843,0.026780389884059244,0.026595492953123457,0.009597503812983632,0.009428540943190455,0.0,0.0,0.028548254966735843,False,False
2.49,12.415937423706055,26.320451736450195,1.7653350830078125,-3.002288842098176,0.2597316134948257,0.7434500000000325,0.2565499999999675,0.0,602,571,0.5739852045577174,1.4260147954422826,37.0,37,3.0,19.0,0.037821657955646515,28.939957068797938,18.289587182740874,0.0,0.0,0.0,-0.5325184943028531,1.0,0.1092148870229721,0.049707911908626556,0.04666101932525635,0.026711318210697978,0.026523283210039078,0.009585080357889336,0.009416043370341262,0.0,0.0,0.015788546800613402,False,False
2.495,12.310730934143066,26.442705154418945,1.7458305358886719,2.0296999451438733,0.6263962425783186,0.7433500000000325,0.2566499999999675,0.0,574,539,0.609486437511241,1.390513562488759,18.0,18,2.0,35.0,0.03775846213102341,26.52829397973144,16.765454917512468,0.0,0.0,0.0,-0.48814195311094866,1.0,0.10991887003183365,0.049579765647649765,0.04666036367416382,0.02644338282314061,0.02628163527685615,0.0095624973376592,0.00939691400465866,0.0,0.0,0.023686780929565433,False,False
2.5,12.150418281555176,26.58565330505371,1.7633824348449707,2.5379895696119563,0.5754850924069912,0.7432500000000325,0.2567499999999675,0.0,543,509,0.6420292343853042,1.3579707656146958,25.0,25,3.0,30.0,0.037678975611925125,24.31760281475382,15.368333674386427,0.0,0.0,0.0,-0.4474634570183696,1.0,0.11040482670068741,0.049501243978738785,0.046659767627716064,0.026198252540818364,0.02603048824456764,0.009573721326887608,0.009406877604002755,0.0,0.0,0.015644459724426272,False,False
2.505,12.119098663330078,26.7198486328125,1.7349241971969604,1.3137617368908896,0.33778634481676284,0.7431500000000325,0.2568499999999675,0.0,623,580,0.3385267981865292,1.5,33.0,33,2.0,32.0,0.037636898458004,30.624469246857664,14.087639201520892,0.0,0.0,0.0,-0.8268415022668385,1.0,0.11067983508110046,0.049479786306619644,0.046658992767333984,0.02594271183964574,0.025795050149317163,0.009527786945303282,0.009365075966343284,0.0,0.0,0.015639058351516723,False,False
2.5100000000000002,12.206796646118164,26.803428649902344,1.6965103149414062,2.4579481684547897,0.9952852352950393,0.7430500000000325,0.2569499999999675,0.0,630,599,0.39364956500431836,1.5,21.0,21,3.0,27.0,0.03766552358865738,28.072430142952857,12.913669268060817,0.0,0.0,0.0,-0.757938043744602,1.0,0.11075078696012497,0.049382198601961136,0.04665839672088623,0.025721930079277873,0.02560464952303962,0.009445517789572477,0.009289818505446117,0.0,0.0,0.020259153842926026,False,False
2.515,12.258678436279297,26.801212310791016,1.6825182437896729,0.6717343615059176,0.36651760339606315,0.7429500000000325,0.25704999999996747,0.0,613,571,0.44417876792062516,1.5,38.0,38,5.0,30.0,0.0377647690474987,25.73306096437345,11.837530162389081,0.0,0.0,0.0,-0.6947765400992185,1.0,0.11170168220996857,0.049407556653022766,0.0466577410697937,0.025672264219067015,0.02556787462904983,0.009421521875386437,0.009267851710319519,0.0,0.0,0.016258869171142578,False,False
2.52,12.276678085327148,26.81936264038086,1.658301591873169,2.7829472550066283,0.5951880626797161,0.7428500000000325,0.25714999999996746,0.0,621,587,0.4904972039272397,1.5,72.0,72,4.0,18.0,0.037796199321746826,23.58863921734233,10.851069315523324,0.0,0.0,0.0,-0.6368784950909503,1.0,0.11237294971942902,0.04966641962528229,0.04665696620941162,0.02563607193599389,0.02554635680897561,0.009405668824911118,0.009254404964546364,0.0,0.0,0.014840395450592042,False,False
2.525,12.286749839782715,26.93613624572754,1.6415390968322754,2.3503780172952387,0.7369519564608669,0.7427500000000326,0.25724999999996745,0.0,603,574,0.19999999999999996,1.5,25.0,25,6.0,16.0,0.037728145718574524,29.956252615897135,9.946813539229714,0.0,0.0,0.0,-1.0,1.0,0.11282644420862198,0.049585822969675064,0.04665642976760864,0.025414643278228392,0.025337400896357647,0.009358137613162398,0.009210044518113136,0.0,0.0,0.025409419536590577,False,False
2.5300000000000002,12.264906883239746,26.98993682861328,1.627486228942871,1.0192730987226162,0.6209495215381574,0.7426500000000326,0.25734999999996744,0.0,543,506,0.5996539005221945,1.4003460994778054,13.0,13,2.0,16.0,0.03764178231358528,27.45989823123904,17.451245744293903,0.0,0.0,0.0,-0.5004326243472569,1.0,0.11306923627853394,0.0494462326169014,0.04665571451187134,0.025307738492652745,0.025242741539064764,0.009337812274073562,0.009192459595700106,0.0,0.0,0.0221220326423645,False,False
2.535,12.3017578125,27.08344841003418,1.663189172744751,1.1301898334736218,0.4304905237155138,0.7425500000000326,0.2574499999999674,0.0,627,586,0.6330160754786782,1.3669839245213218,45.0,45,2.0,25.0,0.03759864717721939,25.171573378635788,15.996975265602744,0.0,0.0,0.0,-0.45872990565165217,1.0,0.11418551206588745,0.049483850598335266,0.04665505886077881,0.02513599673658544,0.025043066300451104,0.009311864462991556,0.009162324713543057,0.0,0.0,0.01952789068222046,False,False
2.54,12.440796852111816,27.23518180847168,1.6677042245864868,0.052904074238775974,0.8329124349052837,0.7424500000000326,0.2575499999999674,0.0,631,600,0.9969314025221218,1.0030685974778784,61.0,61,4.0,16.0,0.03775012493133545,23.073942263749473,22.997227326802516,0.0,0.0,0.0,-0.0038357468473478205,1.0,0.11501584202051163,0.049675360321998596,0.04665440320968628,0.024865222284918942,0.024763853574403857,0.00922407217634221,0.009075994215284785,0.0,0.0,0.019034165143966674,False,False
2.545,12.48650074005127,27.3444881439209,1.6750293970108032,2.529924587855293,0.767714501913612,0.7423500000000326,0.2576499999999674,0.0,578,554,0.9971871189786116,1.0028128810213885,30.0,30,1.0,19.0,0.03770508989691734,21.15111374177035,21.080791716235638,0.0,0.0,0.0,-0.0035161012767355613,1.0,0.11562225222587585,0.04964245483279228,0.04665374755859375,0.024726234950279796,0.024625996179451215,0.00918574204357962,0.009039036619166534,0.0,0.0,0.02111013650894165,False,False
2.5500000000000003,12.382022857666016,27.411951065063477,1.7412540912628174,1.4249604231943045,0.695807080336456,0.7422500000000326,0.2577499999999674,0.0,569,535,0.33075485906372726,1.5,29.0,29,3.0,12.0,0.037625670433044434,36.055187596622815,19.324059073216,0.0,0.0,0.0,-0.8365564261703409,1.0,0.11601197719573975,0.049576204270124435,0.046653151512145996,0.024629659616620576,0.024486440643163077,0.009222380661716064,0.009067600282529991,0.0,0.0,0.018528075218200685,False,False
2.555,12.29984188079834,27.412700653076172,1.7860490083694458,1.8131895054116691,0.7891538459784945,0.7421500000000326,0.2578499999999674,0.0,616,579,0.3865252874750835,1.5,20.0,20,6.0,3.0,0.0375458225607872,33.05058863023758,17.713720817114666,0.0,0.0,0.0,-0.7668433906561456,1.0,0.11619208008050919,0.04946795105934143,0.046652376651763916,0.024616236927103543,0.024441156013053206,0.009258262192209562,0.009097310636813443,0.0,0.0,0.02274641990661621,False,False
2.56,12.2713623046875,27.39240264892578,1.8326843976974487,,0.0,0.7420500000000326,0.25794999999996737,0.0,636,595,0.4376481801854931,1.5,51.0,51,4.0,7.0,0.037475746124982834,30.29637291105111,16.237577415688442,0.0,0.0,0.0,-0.7029397747681335,1.0,0.11616945266723633,0.04957551881670952,0.04665172100067139,0.024661363519960375,0.02445658280921571,0.009285819251090288,0.009119850195323428,0.0,0.0,0.021950571537017825,False,False
2.565,12.187049865722656,27.48515510559082,1.9144670963287354,2.4354448605095937,0.9961733507500822,0.7419500000000326,0.25804999999996736,0.0,618,586,0.48451083183670207,1.5,40.0,40,3.0,17.0,0.03742112219333649,27.771675168463517,14.88444596438107,0.0,0.0,0.0,-0.6443614602041223,1.0,0.11702806502580643,0.049599118530750275,0.04665112495422363,0.02458935394541607,0.024334502171685597,0.009325141242394846,0.009151349077001214,0.0,0.0,0.029243080615997313,False,False
2.57,12.11256217956543,27.58245849609375,1.961972951889038,2.4962191440826613,0.6751556784019358,0.7418500000000326,0.25814999999996735,0.0,590,557,0.5274682625169769,1.4725317374830231,27.0,27,3.0,17.0,0.03750472888350487,25.45736890442489,13.644075467349314,0.0,0.0,0.0,-0.5906646718537788,1.0,0.11760832369327545,0.04951198026537895,0.04665052890777588,0.024486539686098062,0.024206538681871566,0.009343530206630628,0.009166005766019225,0.0,0.0,0.029560632705688476,False,False
2.575,12.059965133666992,27.654884338378906,1.9573235511779785,1.8141662168662969,0.13437037181972095,0.7417500000000327,0.25824999999996734,0.0,665,627,0.566845907307229,1.433154092692771,21.0,21,2.0,31.0,0.037606626749038696,23.335921495722815,12.507069178403537,0.0,0.0,0.0,-0.5414426158659639,1.0,0.11797206103801727,0.04940049722790718,0.046649813652038574,0.024345177939005806,0.02407206601176038,0.009330571241055926,0.00915365720478197,0.0,0.0,0.017814394235610966,False,False
2.58,11.998072624206543,27.693429946899414,1.9664040803909302,2.2763576472389797,0.7937849032116332,0.7416500000000327,0.25834999999996733,0.0,639,604,0.6029420816982931,1.397057918301707,43.0,43,5.0,14.0,0.03757172077894211,21.391261371079246,11.464813413536575,0.0,0.0,0.0,-0.4963223978771335,1.0,0.11812634021043777,0.049446359276771545,0.046649158000946045,0.024272038246853582,0.023997403684770068,0.009333879764502248,0.00915641081519425,0.0,0.0,0.018675719499588014,False,False
2.585,11.927118301391602,27.778661727905273,2.0015242099761963,1.8343683530075678,0.7759051222649022,0.7415500000000327,0.2584499999999673,0.0,551,521,0.6360302415567687,1.3639697584432313,28.0,28,4.0,13.0,0.03757807984948158,19.60865625682264,10.50941229574186,0.0,0.0,0.0,-0.45496219805403904,1.0,0.11915532499551773,0.04939545318484306,0.046648502349853516,0.02415827925526474,0.023866321276756315,0.009340221683184307,0.009160470605517428,0.0,0.0,0.0148286771774292,False,False
2.59,11.871870040893555,27.945154190063477,1.9828134775161743,2.4222812672678438,0.9952393329453978,0.7414500000000327,0.2585499999999673,0.0,580,548,0.6663610547603714,1.3336389452396284,25.0,25,5.0,23.0,0.03749140724539757,26.307934902087418,17.966961271096704,0.0,0.0,0.0,-0.41704868154953567,1.0,0.11989957839250565,0.049314286559820175,0.04664778709411621,0.02385159765160581,0.023577428289378075,0.009288068007056912,0.009111509037514528,0.0,0.0,0.013666614294052123,False,False
2.595,11.832682609558105,28.04416275024414,1.947860598564148,0.15189124904376913,0.7934164454603329,0.7413500000000327,0.2586499999999673,0.0,565,530,0.3608309668636738,1.5,28.0,28,2.0,21.0,0.03740696609020233,32.448940326913466,16.46971449850531,0.0,0.0,0.0,-0.7989612914204077,1.0,0.12042110413312912,0.04926195740699768,0.04664725065231323,0.02363476732571082,0.023387906992652155,0.009246021897221606,0.009073878560836118,0.0,0.0,0.01832393050193787,False,False
2.6,11.853043556213379,28.016733169555664,1.9136443138122559,2.376574939494761,0.3415942061643062,0.7412500000000327,0.2587499999999673,0.0,563,537,0.7474283862917009,1.252571613708299,50.0,50,2.0,16.0,0.037325017154216766,29.744861966337343,23.430571623629866,0.0,0.0,0.0,-0.3157145171353738,1.0,0.12072711437940598,0.04935089871287346,0.0466465950012207,0.023642948816762623,0.023416848230058657,0.009235015604645014,0.009065624714518588,0.0,0.0,0.01586520552635193,False,False
2.605,11.89930248260498,28.091110229492188,1.9011141061782837,2.7024594721380897,0.8941843710426608,0.7411500000000327,0.2588499999999673,0.0,526,491,1.101809354100726,0.8981906458992742,26.0,26,0.0,15.0,0.03726014122366905,27.266123469142563,29.811357321660708,0.0,0.0,0.0,0.12726169262590722,1.0,0.1208246573805809,0.04928342625498772,0.046645939350128174,0.02351938895493064,0.023299075254665392,0.00919756052705149,0.009029266657307744,0.0,0.0,0.021776885986328126,False,False
2.61,11.88569450378418,28.161245346069336,1.8953484296798706,2.69253939111539,0.7254544231428568,0.7410500000000327,0.25894999999996726,0.0,684,640,1.0933252412589989,0.9066747587410012,59.0,59,4.0,28.0,0.03722107782959938,33.32727984671401,35.66041087818898,0.0,0.0,0.0,0.1166565515737485,1.0,0.12072060257196426,0.04946747422218323,0.04664522409439087,0.023402947096619147,0.023187967878882172,0.009176807167629402,0.009009560647731027,0.0,0.0,0.024775233268737797,False,False
2.615,11.874770164489746,28.18223762512207,1.8855688571929932,2.6456386466746418,0.4122131063425582,0.7409500000000327,0.25904999999996725,0.0,755,719,1.0855481378207488,0.9144518621792511,29.0,29,4.0,42.0,0.03746269270777702,30.55000652615451,32.688709971673234,0.0,0.0,0.0,0.1069351722759361,1.0,0.12149891257286072,0.04939630255103111,0.04664468765258789,0.023352357825845802,0.02314583471463933,0.00916242211436232,0.008997009911884865,0.0,0.0,0.02480041027069092,False,False
2.62,11.89389419555664,28.3109130859375,1.9539140462875366,-3.1378148383109097,0.4480515709986823,0.7408500000000328,0.25914999999996724,0.0,678,636,1.0784191263356864,0.9215808736643136,23.0,23,5.0,22.0,0.037685032933950424,28.00417264897497,29.96465080736713,0.0,0.0,0.0,0.098023907919608,1.0,0.12199997901916504,0.04930198937654495,0.04664403200149536,0.023193367748947525,0.022945795691493926,0.009149465865145128,0.008978308954586586,0.0,0.0,0.021037392616271973,False,False
2.625,11.973363876342773,28.456701278686523,1.9395700693130493,2.6440932565984254,0.40490425624171794,0.7407500000000328,0.25924999999996723,0.0,633,609,1.071884199141046,0.928115800858954,33.0,33,4.0,23.0,0.03798019140958786,25.67049159489372,27.46759657341987,0.0,0.0,0.0,0.0898552489263075,1.0,0.1222856193780899,0.04927638918161392,0.04664337635040283,0.022993573332204816,0.02275672722161533,0.009081474660585325,0.008913726002598803,0.0,0.0,0.020922079086303714,False,False
2.63,11.922876358032227,28.52928352355957,1.9630376100540161,2.491101800355694,0.6714785518654367,0.7406500000000328,0.2593499999999672,0.0,523,492,1.0658938492126255,0.9341061507873745,33.0,33,1.0,22.0,0.03790527954697609,23.531283961985906,25.178630192301544,0.0,0.0,0.0,0.08236731151578187,1.0,0.12236288189888,0.04922923818230629,0.0466427206993103,0.022926896120188167,0.0226830522529775,0.009088737424463034,0.008919771062210202,0.0,0.0,0.01487595558166504,False,False
2.6350000000000002,11.80234432220459,28.554758071899414,2.0066065788269043,0.23689227909319324,0.12109460550556884,0.7405500000000328,0.2594499999999672,0.0,492,459,0.72706936177824,1.27293063822176,21.0,21,3.0,21.0,0.03783173859119415,29.903676965153746,23.080411009609747,0.0,0.0,0.0,-0.34116329777719995,1.0,0.1222386285662651,0.049132511019706726,0.04664206504821777,0.022879504525140884,0.022611038577703482,0.009129139749954145,0.00895531886878113,0.0,0.0,0.022380337715148926,False,False
2.64,11.766751289367676,28.538724899291992,2.043290376663208,2.972007464256354,0.7790077338573662,0.7404500000000328,0.2595499999999672,0.0,672,625,0.41648024829672015,1.5,26.0,26,3.0,18.0,0.03775506839156151,35.7450372180576,21.1570434254756,0.0,0.0,0.0,-0.7293996896290998,1.0,0.12299682945013046,0.049044277518987656,0.04664146900177002,0.022904043374155678,0.02261458173258327,0.009155510148654383,0.008978433130929869,0.0,0.0,0.022701585292816163,False,False
2.645,11.742768287658691,28.54845428466797,2.089843273162842,2.3608266331767696,0.5391741890167282,0.7403500000000328,0.2596499999999672,0.0,616,578,0.19999999999999996,1.5,40.0,40,3.0,23.0,0.037674933671951294,41.099617449886125,19.39395647335263,0.0,0.0,0.0,-1.0,1.0,0.12347787618637085,0.049086324870586395,0.04664081335067749,0.022917374431387853,0.0226046057943016,0.009175087713326018,0.008995048701763153,0.0,0.0,0.02420346260070801,False,False
2.65,11.70531177520752,28.564910888671875,2.114896535873413,2.4259985142759772,0.9945672029193032,0.7402500000000328,0.2597499999999672,0.0,656,619,0.20412576419377204,1.5,42.0,42,2.0,19.0,0.037585217505693436,37.67464932906228,17.777793433906577,0.0,0.0,0.0,-0.9948427947577849,1.0,0.12374360114336014,0.04907313734292984,0.04664027690887451,0.022918834157365092,0.022593715870131464,0.009193406052266559,0.009011602572475871,0.0,0.0,0.029457006454467777,False,False
2.6550000000000002,11.672334671020508,28.570619583129883,2.141693353652954,2.3017570626135178,0.3070614717563367,0.7401500000000328,0.25984999999996716,0.0,634,611,0.27044861717762436,1.5,38.0,38,8.0,29.0,0.03763159364461899,34.535095218307085,16.296310647747696,0.0,0.0,0.0,-0.9119392285279695,1.0,0.12380103021860123,0.049113936722278595,0.04663962125778198,0.022945486084984326,0.02260526202483199,0.009218493554120263,0.009034651253993314,0.0,0.0,0.015323333740234377,False,False
2.66,11.608211517333984,28.660600662231445,2.1025187969207764,2.7265703988638528,0.5458130006563888,0.7400500000000328,0.25994999999996715,0.0,637,599,0.664577899079489,1.335422100920511,20.0,20,2.0,29.0,0.03761475905776024,31.657170616781492,23.27161809376872,0.0,0.0,0.0,-0.4192776261506387,1.0,0.12473432719707489,0.04903595894575119,0.04663896560668945,0.02277376271330227,0.02246007771894743,0.009190520504489541,0.00900932160827021,0.0,0.0,0.023630948066711427,False,False
2.665,11.493818283081055,28.72654151916504,2.1368021965026855,2.516995123737933,0.9998994946446575,0.7399500000000329,0.26004999999996714,0.0,561,535,0.3591964074895315,1.5,37.0,37,3.0,18.0,0.037537723779678345,37.35240639871637,21.332316585954658,0.0,0.0,0.0,-0.8010044906380855,1.0,0.12538403272628784,0.049033548682928085,0.046638429164886475,0.022688647336830414,0.022363894584976174,0.009210658414910238,0.009027730751161775,0.0,0.0,0.012584042549133301,False,False
2.67,11.404824256896973,28.829008102416992,2.1391284465789795,1.687684334949187,0.5099184995345724,0.7398500000000329,0.26014999999996713,0.0,529,498,0.41259670686540395,1.5,67.0,67,1.0,16.0,0.03769969567656517,34.23970586549,19.554623537125103,0.0,0.0,0.0,-0.734254116418245,1.0,0.12581214308738708,0.04926346614956856,0.046637773513793945,0.022532890281988655,0.02221182298997825,0.009200481387476128,0.009018151710430782,0.0,0.0,0.01029881477355957,False,False
2.6750000000000003,11.376114845275879,28.973318099975586,2.1067886352539062,2.0079294792692233,0.7940600481520709,0.7397500000000329,0.2602499999999671,0.0,482,450,0.461546981293287,1.5,28.0,28,1.0,27.0,0.03776051476597786,31.386397043365832,17.92507157569801,0.0,0.0,0.0,-0.6730662733833912,1.0,0.12602587044239044,0.04921576380729675,0.046637117862701416,0.022267888519330297,0.021970234617473914,0.009138877503573895,0.008960597527523836,0.0,0.0,0.02005702257156372,False,False
2.68,11.388333320617676,29.00935173034668,2.0922186374664307,2.599151252233416,0.716215337453183,0.7396500000000329,0.2603499999999671,0.0,556,515,0.5064180661855131,1.493581933814487,23.0,23,2.0,24.0,0.03767429292201996,28.77086395641868,16.431315611056508,0.0,0.0,0.0,-0.6169774172681086,1.0,0.12603223323822021,0.049115121364593506,0.04663658142089844,0.022178960924501886,0.021892821844084552,0.009115485396857064,0.008938685447598498,0.0,0.0,0.0171326220035553,False,False
2.685,11.425287246704102,28.996841430664062,2.0605263710021973,2.8088041151679537,0.5319999351793759,0.7395500000000329,0.2604499999999671,0.0,588,551,0.5475498940033872,1.4524501059966128,13.0,13,4.0,26.0,0.03759026154875755,26.373291960050455,15.062039310135132,0.0,0.0,0.0,-0.5655626324957661,1.0,0.12583808600902557,0.0489647351205349,0.04663586616516113,0.02217841333007227,0.021905687555126896,0.00910039059817791,0.008924994229649505,0.0,0.0,0.014987795352935793,False,False
2.69,11.435222625732422,29.094072341918945,2.0425357818603516,2.4412449258663655,0.9999999999999999,0.7394500000000329,0.2605499999999671,0.0,574,545,0.9185874028364381,1.081412597163562,30.0,30,2.0,22.0,0.03754386678338051,24.17551763004625,22.140202700957204,0.0,0.0,0.0,-0.10176574645445235,1.0,0.12545013427734375,0.04892469942569733,0.04663527011871338,0.022034619051846106,0.021770986859220444,0.009063415927812457,0.008889513555914164,0.0,0.0,0.023711655139923096,False,False
2.695,11.417028427124023,29.13600730895996,2.03511643409729,2.5945618627727733,0.6767994070192359,0.7393500000000329,0.2606499999999671,0.0,704,663,0.9253717859334016,1.0746282140665984,78.0,78,2.0,26.0,0.03749706968665123,22.160891160875728,20.295185809210768,0.0,0.0,0.0,-0.09328526758324802,1.0,0.12595213949680328,0.04919254407286644,0.046634674072265625,0.021961864563674712,0.021704363103567367,0.00904951283397774,0.00887663452886045,0.0,0.0,0.029943652153015136,False,False
2.7,11.39880657196045,29.202110290527344,2.063547372817993,2.516995123737933,0.9998994946446575,0.7392500000000329,0.26074999999996706,0.0,649,609,0.9315908037722848,1.0684091962277151,31.0,31,2.0,27.0,0.03784788027405739,20.31415023080275,18.60392032510987,0.0,0.0,0.0,-0.08551149528464404,1.0,0.12618432939052582,0.04913923144340515,0.04663407802581787,0.021885536903708914,0.021615177519114438,0.009045552384729188,0.008871026026705902,0.0,0.0,0.01654913902282715,False,False
2.705,11.443785667419434,29.36863136291504,2.097583293914795,2.5239263983190954,0.4929182630666134,0.739150000000033,0.26084999999996705,0.0,620,594,0.9372915701245944,1.0627084298754057,16.0,16,6.0,29.0,0.03790031000971794,18.621304378235852,17.05359363135071,0.0,0.0,0.0,-0.07838553734425702,1.0,0.1262083500623703,0.049006108194589615,0.04663342237472534,0.021691496607963358,0.021405063964193127,0.008997530288373431,0.008822340363015732,0.0,0.0,0.02051679372787476,False,False
2.71,11.470481872558594,29.475357055664062,2.0811586380004883,3.0551082702903227,0.8644709788419745,0.739050000000033,0.26094999999996704,0.0,544,508,0.9425172726142116,1.0574827273857883,25.0,25,2.0,24.0,0.03782099485397339,17.069529013382862,15.632460828738152,0.0,0.0,0.0,-0.07185340923223552,1.0,0.1260310709476471,0.048927318304777145,0.04663282632827759,0.02156282360110531,0.02128930954056892,0.008953060411537688,0.008780571321646374,0.0,0.0,0.023637723922729493,False,False
2.715,11.366911888122559,29.488698959350586,2.11899471282959,2.8627244883473297,1.0,0.738950000000033,0.26104999999996703,0.0,596,561,0.9473074998963606,1.0526925001036394,25.0,25,3.0,21.0,0.03773518651723862,15.647068262267624,14.329755759676639,0.0,0.0,0.0,-0.06586562512954926,1.0,0.12565919756889343,0.04887207970023155,0.046632230281829834,0.021566514521642648,0.021276771743082814,0.008995021150136989,0.008819245267659426,0.0,0.0,0.018521722555160526,False,False
2.72,11.26526927947998,29.478675842285156,2.177475690841675,2.5691209058626914,0.5406764307352794,0.738850000000033,0.261149999999967,0.0,525,493,0.9516985415716639,1.048301458428336,40.0,40,2.0,27.0,0.03764354810118675,14.343145907078654,13.135609446370252,0.0,0.0,0.0,-0.060376823035420114,1.0,0.1250992715358734,0.048874251544475555,0.04663163423538208,0.021600678671965745,0.021283005181815855,0.00905190051222841,0.00887159879008929,0.0,0.0,0.02292628049850464,False,False
2.725,11.254267692565918,29.49739646911621,2.210226058959961,2.4234555892025247,0.7171490536249363,0.738750000000033,0.261249999999967,0.0,737,688,0.9557236631073585,1.0442763368926415,81.0,81,5.0,31.0,0.03761132061481476,13.147883748155433,12.040975325839396,0.0,0.0,0.0,-0.05534542111580185,1.0,0.1243576630949974,0.04920532554388046,0.046630859375,0.021592005736582036,0.021259287657409663,0.00906098362368842,0.008879184412459534,0.0,0.0,0.023539936542510985,False,False
2.73,11.200419425964355,29.664669036865234,2.2155234813690186,2.9094254149466994,0.12258608581369754,0.738650000000033,0.261349999999967,0.0,624,592,1.2927466911817453,0.7072533088182548,26.0,26,3.0,22.0,0.03757016360759735,12.05222676914248,19.37089404868611,0.0,0.0,0.0,0.3659333639771815,1.0,0.12451786547899246,0.04914325848221779,0.04663032293319702,0.021355320672348826,0.02102701533585732,0.009021909597019356,0.008841106900945306,0.0,0.0,0.01860566020011902,False,False
2.735,11.134929656982422,29.76096534729004,2.26188325881958,2.428964828471878,0.7799235009982458,0.738550000000033,0.261449999999967,0.0,586,554,1.5,0.3983155330834003,23.0,23,3.0,25.0,0.0378778800368309,11.047874538380606,26.0899862112956,0.0,0.0,0.0,0.7521055836457496,1.0,0.12441977858543396,0.04905417561531067,0.04662966728210449,0.021285606319549864,0.020940671211922925,0.009037797960142296,0.008855663084735474,0.0,0.0,0.027562968730926514,False,False
2.74,11.093506813049316,29.79706573486328,2.287468910217285,2.7646078490626476,0.6090957384536683,0.738450000000033,0.261549999999967,0.0,522,493,1.2182107613402167,0.7817892386597834,19.0,19,0.0,29.0,0.03791172057390213,18.46055166018222,23.915820693687632,0.0,0.0,0.0,0.27276345167527066,1.0,0.12412477284669876,0.048940010368824005,0.04662901163101196,0.021255414210763827,0.020901796293405585,0.009045194213589033,0.008862041480218371,0.0,0.0,0.015478377342224122,False,False
2.745,10.974580764770508,29.832855224609375,2.2841014862060547,-2.5409310806245826,0.22232323698689244,0.738350000000033,0.26164999999996696,0.0,515,483,0.8666931978951986,1.1333068021048014,28.0,28,1.0,21.0,0.03782699629664421,25.255505688500364,21.92283563588033,0.0,0.0,0.0,-0.16663350263100174,1.0,0.12363943457603455,0.04887135326862335,0.04662841558456421,0.021193530704088265,0.020845962955111402,0.009062721704443296,0.008878818868348997,0.0,0.0,0.018360538482666017,False,False
2.75,10.81450366973877,29.84032440185547,2.3102335929870605,2.9703535299806276,0.8758490468838581,0.738250000000033,0.26174999999996695,0.0,499,468,0.8778020980705987,1.1221979019294013,25.0,25,1.0,26.0,0.03777632862329483,23.150880214458667,20.095932666223636,0.0,0.0,0.0,-0.15274737741175154,1.0,0.12297019362449646,0.04878327250480652,0.04662775993347168,0.02118476096924805,0.0208298453999445,0.00911050126887858,0.008924861516182622,0.0,0.0,0.013780399560928344,False,False
2.755,10.726219177246094,29.947593688964844,2.2811200618743896,2.390202266064118,0.9948965259998047,0.7381500000000331,0.26184999999996694,0.0,636,594,0.8879852565647155,1.1120147434352845,25.0,25,3.0,20.0,0.03769107162952423,21.22164019658711,18.421271610705,0.0,0.0,0.0,-0.14001842929410557,1.0,0.12212332338094711,0.04870351776480675,0.0466272234916687,0.021004719298215964,0.020666708734933675,0.009082784332955878,0.008898914093151689,0.0,0.0,0.014089207649230958,False,False
2.7600000000000002,10.708588600158691,30.05159568786621,2.2341625690460205,3.039555363260825,0.9239585515217187,0.7380500000000331,0.26194999999996693,0.0,661,627,0.897319818517656,1.1026801814823441,28.0,28,9.0,23.0,0.03786714747548103,19.45317018020485,16.88616564314625,0.0,0.0,0.0,-0.12835022685293004,1.0,0.12110492587089539,0.04863771051168442,0.04662644863128662,0.020797487257824047,0.02048588383221014,0.00902705282593767,0.008846567943692207,0.0,0.0,0.015503129959106446,False,False
2.765,10.73310375213623,30.049694061279297,2.202132225036621,-2.8213343797884214,0.23153456445518614,0.7379500000000331,0.2620499999999669,0.0,672,630,0.23920983364118475,1.5,54.0,54,3.0,20.0,0.0378430001437664,34.49873933185444,15.47898517288406,0.0,0.0,0.0,-0.950987707948519,1.0,0.11992095410823822,0.048783689737319946,0.04662579298019409,0.02076254986657241,0.020466083870734484,0.00900827309427162,0.008829261253898343,0.0,0.0,0.012251884937286378,False,False
2.77,10.754043579101562,30.09800910949707,2.1748690605163574,1.6567278169950144,0.3305928194851693,0.7378500000000331,0.2621499999999669,0.0,599,564,0.3026090141710862,1.5,42.0,42,2.0,19.0,0.037814151495695114,31.623844387533232,14.189069741810389,0.0,0.0,0.0,-0.8717387322861422,1.0,0.11965449154376984,0.04884601756930351,0.04662519693374634,0.020685321558382753,0.020400018707654528,0.00898033535728852,0.008802522206678987,0.0,0.0,0.014706149101257324,False,False
2.775,10.732995986938477,30.185693740844727,2.1617536544799805,2.2540262274077647,0.7242825173099098,0.7377500000000331,0.2622499999999669,0.0,656,617,0.3607249296568291,1.5,47.0,47,5.0,25.0,0.037767115980386734,28.988524021905462,13.00664726332619,0.0,0.0,0.0,-0.7990938379289636,1.0,0.11914504319429398,0.04893384128808975,0.04662454128265381,0.02056699615767327,0.020289322022891382,0.008953575743362308,0.00877692480571568,0.0,0.0,0.022979040145874024,False,False
2.7800000000000002,10.729592323303223,30.21125030517578,2.1382694244384766,-2.7398597798378144,0.2759334087462531,0.7376500000000331,0.2623499999999669,0.0,534,512,0.19999999999999996,1.5,19.0,19,3.0,21.0,0.03770437091588974,34.906147020080006,11.92275999138234,0.0,0.0,0.0,-1.0,1.0,0.11845357716083527,0.0488051101565361,0.04662388563156128,0.02050919710483814,0.020243720936122755,0.008931574411690235,0.008756978980576,0.0,0.0,0.02235189437866211,False,False
2.785,10.686518669128418,30.321361541748047,2.190781593322754,2.1489189417115595,0.6712025209262704,0.7375500000000331,0.2624499999999669,0.0,583,548,0.19999999999999996,1.5,36.0,36,3.0,19.0,0.037638191133737564,31.997301435073336,10.929196658767145,0.0,0.0,0.0,-1.0,1.0,0.11758631467819214,0.04881885647773743,0.046623170375823975,0.020403115259560532,0.020117330171516568,0.008932180547465881,0.008754920757686099,0.0,0.0,0.017855753898620607,False,False
2.79,10.73343563079834,30.51872444152832,2.181879997253418,2.789766717030168,0.6897420114456203,0.7374500000000331,0.26254999999996687,0.0,740,695,0.5608361582021064,1.4391638417978936,65.0,65,6.0,26.0,0.03760787844657898,29.330859648817224,18.351763603869884,0.0,0.0,0.0,-0.548954802247367,1.0,0.11762657016515732,0.04902985319495201,0.046622514724731445,0.020172555566182766,0.01989323992856416,0.008859310764819384,0.008684578739727538,0.0,0.0,0.018231940269470216,False,False
2.795,10.725046157836914,30.65446662902832,2.1832826137542725,2.89323318945509,0.45118142972267994,0.7373500000000331,0.26264999999996685,0.0,683,643,0.2640998116852642,1.5,34.0,34,4.0,25.0,0.03798369690775871,35.21995467808245,16.82244997021406,0.0,0.0,0.0,-0.9198752353934196,1.0,0.11741410195827484,0.04901260510087013,0.046621859073638916,0.020037777420016414,0.019765255617675784,0.008820480822275083,0.008647515593717497,0.0,0.0,0.022907114028930663,False,False
2.8000000000000003,10.61913776397705,30.656415939331055,2.2621877193450928,2.6985161773166366,0.8633199178271692,0.7372500000000332,0.26274999999996684,0.0,638,605,0.3254248273781589,1.5,15.0,15,4.0,27.0,0.037934061139822006,32.28495845490891,15.420579139362887,0.0,0.0,0.0,-0.8432189657773013,1.0,0.11701013147830963,0.048863448202610016,0.04662114381790161,0.020082006830799182,0.01977791900183799,0.008883319872741898,0.008705599466338754,0.0,0.0,0.021655726432800292,False,False
2.805,10.552048683166504,30.585128784179688,2.313276529312134,2.44144568348686,1.0,0.7371500000000332,0.26284999999996683,0.0,550,523,0.38163942509664583,1.5,26.0,26,1.0,24.0,0.037845972925424576,29.594545250333166,14.135530877749312,0.0,0.0,0.0,-0.7729507186291926,1.0,0.11642109602689743,0.04876738414168358,0.04662054777145386,0.020176137926172864,0.019848452541045322,0.008942244263986748,0.00876091381845375,0.0,0.0,0.018664529323577882,False,False
2.81,10.524835586547852,30.54667854309082,2.343799114227295,-1.4524379526723137,0.20957157246219346,0.7370500000000332,0.2629499999999668,0.0,537,505,0.43316947300525876,1.5,44.0,44,3.0,13.0,0.03776761516928673,27.128333146138733,12.957569971270203,0.0,0.0,0.0,-0.7085381587434265,1.0,0.11673055589199066,0.04883579537272453,0.04661983251571655,0.020222596884122524,0.01988416814885516,0.00896878579321007,0.008786125496650737,0.0,0.0,0.01701388120651245,False,False
2.815,10.393570899963379,30.593399047851562,2.40231990814209,2.6362998029866906,0.9490767543448949,0.7369500000000332,0.2630499999999668,0.0,695,646,0.48040535025482056,1.5,48.0,48,4.0,28.0,0.03768927603960037,24.867638717293836,11.877772473664352,0.0,0.0,0.0,-0.6494933121814742,1.0,0.11677848547697067,0.04888830706477165,0.04661917686462402,0.02021844654433221,0.01986085401098968,0.009018676743532222,0.00883382900307576,0.0,0.0,0.03140666246414185,False,False
2.82,10.311243057250977,30.65895652770996,2.4451489448547363,2.8915173011912403,0.5100177658103873,0.7368500000000332,0.2631499999999668,0.0,621,591,0.8570382377335857,1.1429617622664143,27.0,27,3.0,29.0,0.03761696070432663,22.795335490852683,19.221291434192324,0.0,0.0,0.0,-0.17870220283301794,1.0,0.1166263222694397,0.04884294420480728,0.04661858081817627,0.020193564843735128,0.019822613497496994,0.00904425629414618,0.008858572691679,0.0,0.0,0.026017901897430425,False,False
2.825,10.238164901733398,30.723735809326172,2.43064546585083,2.5049415526990746,0.5298252930173979,0.7367500000000332,0.2632499999999668,0.0,606,575,0.5356183845891203,1.4643816154108797,31.0,31,2.0,26.0,0.03772478923201561,29.229057533281622,17.619517148009628,0.0,0.0,0.0,-0.5804770192635997,1.0,0.11628071963787079,0.04882879555225372,0.04661780595779419,0.020092291369218782,0.019730077775311137,0.00903696791889767,0.008851316524669528,0.0,0.0,0.018726027011871337,False,False
2.83,10.104961395263672,30.746318817138672,2.4407548904418945,2.9822460262664414,0.5658686325685751,0.7366500000000332,0.2633499999999668,0.0,644,604,0.5743168525400268,1.4256831474599732,52.0,52,4.0,22.0,0.03791779652237892,35.12663607217482,24.48455738567549,0.0,0.0,0.0,-0.5321039343249664,1.0,0.11682544648647308,0.04894644767045975,0.04661715030670166,0.020047458575960346,0.01968580651407389,0.00906534919825693,0.008878761824841302,0.0,0.0,0.010789756774902345,False,False
2.835,10.002382278442383,30.7669734954834,2.468111753463745,2.042255878951635,0.8239427366110408,0.7365500000000332,0.26344999999996677,0.0,504,478,0.6097904481616915,1.3902095518383084,34.0,34,4.0,20.0,0.03796818479895592,32.19941639949358,22.444177603535866,0.0,0.0,0.0,-0.4877619397978856,1.0,0.11710069328546524,0.048919133841991425,0.046616554260253906,0.020033069468723706,0.0196645665381409,0.00909449610238274,0.008907419396564364,0.0,0.0,0.014876397848129271,False,False
2.84,9.933792114257812,30.891050338745117,2.4560391902923584,2.6100952474150323,0.7451637995246593,0.7364500000000332,0.26354999999996676,0.0,495,455,0.6423079108148839,1.357692089185116,26.0,26,0.0,34.0,0.03788528963923454,29.51613169953578,20.573829469907878,0.0,0.0,0.0,-0.4471151114813951,1.0,0.11716807633638382,0.048836708068847656,0.046615779399871826,0.019846120724337588,0.019488295427988703,0.009060065106799206,0.008874260432397326,0.0,0.0,0.01686430096626282,False,False
2.845,9.90218448638916,30.971506118774414,2.425687074661255,2.7248001227168803,0.7459246043027282,0.7363500000000333,0.26364999999996674,0.0,475,446,0.6721155849136435,1.3278844150863565,14.0,14,1.0,30.0,0.037785496562719345,27.056454057907796,18.859343680748886,0.0,0.0,0.0,-0.4098555188579455,1.0,0.11703446507453918,0.04871027171611786,0.04661524295806885,0.019701383370090687,0.01935936911217817,0.009026188248147568,0.008841454982757568,0.0,0.0,0.017008416652679444,False,False
2.85,9.92168140411377,30.94534683227539,2.3923492431640625,2.4310192022194705,0.6399907640979379,0.7362500000000333,0.26374999999996673,0.0,570,532,0.69943928617084,1.3005607138291602,20.0,20,2.0,31.0,0.037693895399570465,24.801749553082146,17.287731707353146,0.0,0.0,0.0,-0.37570089228645004,1.0,0.11670653522014618,0.04859011620283127,0.04661452770233154,0.019706479060579506,0.019375094254500656,0.00901836397436758,0.008833834435790777,0.0,0.0,0.013266654014587403,False,False
2.855,9.914519309997559,31.02565574645996,2.367941379547119,2.741041935317237,0.9160126834486563,0.7361500000000333,0.2638499999999667,0.0,614,583,0.7244860123232699,1.27551398767673,24.0,24,6.0,23.0,0.03762730956077576,22.7349370903253,15.84708739840705,0.0,0.0,0.0,-0.3443924845959125,1.0,0.1161908209323883,0.04850311949849129,0.046613872051239014,0.019601550250080826,0.01927895169937932,0.008988667201871674,0.008804599056020379,0.0,0.0,0.01882112264633179,False,False
2.86,9.884937286376953,31.088529586791992,2.361581325531006,-1.7151805294771811,0.27186345241680354,0.7360500000000333,0.2639499999999667,0.0,688,638,0.7474455112963307,1.2525544887036693,53.0,53,3.0,21.0,0.03754066303372383,20.840358999464858,14.526496781873128,0.0,0.0,0.0,-0.3156931108795865,1.0,0.11549366265535355,0.04859623685479164,0.046613216400146484,0.019520233906455756,0.019201905087722584,0.008973884008203944,0.008790196540455025,0.0,0.0,0.025000603199005128,False,False
2.865,9.868428230285645,31.103042602539062,2.367673873901367,2.457900322375619,0.9998613020898636,0.7359500000000333,0.2640499999999667,0.0,677,646,1.1018250520216366,0.8981749479783634,33.0,33,7.0,23.0,0.03781917691230774,19.103662416176117,21.64928871671703,0.0,0.0,0.0,0.12728131502704568,1.0,0.11569853127002716,0.048600178211927414,0.04661250114440918,0.01949441861547478,0.01917654233425805,0.008969221186513703,0.008786038573210439,0.0,0.0,0.015811337232589723,False,False
2.87,9.832745552062988,31.23989486694336,2.431061267852783,2.52075957202757,0.6743269903816871,0.7358500000000333,0.2641499999999667,0.0,619,584,1.0933396310198336,0.9066603689801664,22.0,22,1.0,29.0,0.03780603036284447,17.51169054816144,19.84518132365728,0.0,0.0,0.0,0.11667453877479197,1.0,0.11564531177282333,0.04852674528956413,0.04661184549331665,0.019401232514529913,0.019062737261875965,0.00896697669910888,0.00878273043781519,0.0,0.0,0.021808717250823974,False,False
2.875,9.844179153442383,31.385892868041992,2.4077911376953125,2.9356375804716683,0.4069255483277957,0.7357500000000333,0.2642499999999667,0.0,645,605,1.0855613284348475,0.9144386715651525,22.0,22,3.0,41.0,0.03776805102825165,16.052383002481317,18.191416213352504,0.0,0.0,0.0,0.10695166054355934,1.0,0.11539535969495773,0.04842505231499672,0.04661118984222412,0.019241907586692322,0.018915548370219266,0.00891031154120962,0.008728054817765951,0.0,0.0,0.02121295213699341,False,False
2.88,9.754204750061035,31.409936904907227,2.4247896671295166,2.577201358794381,0.9774196954001593,0.7356500000000333,0.26434999999996667,0.0,583,548,0.7450978843986102,1.2549021156013898,33.0,33,1.0,24.0,0.03767896816134453,23.04801775227454,16.675464862239796,0.0,0.0,0.0,-0.3186276445017372,1.0,0.11495524644851685,0.04841822013258934,0.046610474586486816,0.019228053525244933,0.01889857579041999,0.00893347275753816,0.008750248622770112,0.0,0.0,0.020114102363586427,False,False
2.8850000000000002,9.651762962341309,31.37188720703125,2.476731538772583,2.3116696607214027,0.2056252058282273,0.7355500000000333,0.26444999999996666,0.0,481,451,0.7663397273653928,1.2336602726346073,37.0,37,2.0,25.0,0.037598997354507446,21.12734960625166,15.285842790386479,0.0,0.0,0.0,-0.29207534079325903,1.0,0.11433138698339462,0.04840750992298126,0.04660981893539429,0.01928173061506772,0.01893481918249695,0.008996666486685475,0.0088112890565147,0.0,0.0,0.019511228799819945,False,False
2.89,9.638680458068848,31.343168258666992,2.5185563564300537,2.412835739846236,0.9961776350669965,0.7354500000000334,0.26454999999996665,0.0,519,485,0.78581141675161,1.21418858324839,29.0,29,2.0,15.0,0.0375061109662056,19.36673713906402,14.012022557854271,0.0,0.0,0.0,-0.2677357290604875,1.0,0.11353002488613129,0.04839378222823143,0.04660910367965698,0.019335969432256607,0.018975433082047664,0.009026662058507403,0.008840748341754079,0.0,0.0,0.019360809326171877,False,False
2.895,9.597416877746582,31.344701766967773,2.564995765686035,3.059926679199589,0.4173822108686043,0.7353500000000334,0.26464999999996663,0.0,583,559,0.8036604653556424,1.1963395346443575,28.0,28,3.0,19.0,0.037430740892887115,17.752842377475353,12.844354011366415,0.0,0.0,0.0,-0.24542441830544695,1.0,0.11255726218223572,0.04832783713936806,0.04660844802856445,0.019366187500766897,0.018993074201551385,0.009055067397033175,0.008869064428533118,0.0,0.0,0.027070245742797854,False,False
2.9,9.499371528625488,31.35666275024414,2.6109507083892822,2.798561768807969,0.4527045089985921,0.7352500000000334,0.2647499999999666,0.0,706,665,0.8200220932426723,1.1799779067573277,16.0,16,4.0,31.0,0.03736061230301857,16.273438846019072,11.773991177085879,0.0,0.0,0.0,-0.22497238344665965,1.0,0.11141903698444366,0.04819823056459427,0.04660773277282715,0.019395794707699168,0.01901019768009378,0.009101051061103742,0.008914674011369547,0.0,0.0,0.0387936282157898,False,False
2.9050000000000002,9.471556663513184,31.37424087524414,2.639406204223633,-3.0076807924346465,0.6321336130797652,0.7351500000000334,0.2648499999999666,0.0,754,716,0.8350202521391162,1.1649797478608839,33.0,33,6.0,41.0,0.037890974432229996,14.91731894218415,10.792825245662055,0.0,0.0,0.0,-0.20622468482610473,1.0,0.11012113839387894,0.048163995146751404,0.04660695791244507,0.019420331610987072,0.01902584439531539,0.009121625917032361,0.008935678439835709,0.0,0.0,0.03304742097854614,False,False
2.91,9.338824272155762,31.442554473876953,2.623145580291748,3.014715427226152,0.5726431547155525,0.7350500000000334,0.2649499999999666,0.0,664,632,1.1821018977941897,0.8178981022058103,39.0,39,5.0,30.0,0.03800063952803612,13.67420903033547,18.226756475190214,0.0,0.0,0.0,0.22762737224273719,1.0,0.10974647849798203,0.04820006713271141,0.04660630226135254,0.019304893371027698,0.018920165969446425,0.009125251090154052,0.008938157310088476,0.0,0.0,0.022834193706512452,False,False
2.915,9.187034606933594,31.387327194213867,2.639526844024658,2.4524191969502818,0.6011629912686647,0.7349500000000334,0.2650499999999666,0.0,529,495,1.1669267396446739,0.8330732603553261,38.0,38,2.0,23.0,0.03801566734910011,12.534691611140847,16.707860102257694,0.0,0.0,0.0,0.20865842455584235,1.0,0.10913441330194473,0.04821448773145676,0.046605706214904785,0.01934846910741129,0.01896153577440368,0.009186395909637213,0.008998342479268711,0.0,0.0,0.01556212067604065,False,False
2.92,9.082361221313477,31.423233032226562,2.6298210620880127,3.101160493133524,0.6036899994155515,0.7348500000000334,0.2651499999999666,0.0,575,533,0.8196828446742843,1.1803171553257157,45.0,45,1.0,23.0,0.037925563752651215,19.823467310212443,15.315538427069551,0.0,0.0,0.0,-0.2253964441571446,1.0,0.10834575444459915,0.048283230513334274,0.046604931354522705,0.019279623674111866,0.01889862619961252,0.009192690486088395,0.009004870662465692,0.0,0.0,0.01363764524459839,False,False
2.9250000000000003,9.028950691223145,31.558908462524414,2.596536874771118,-3.0801971346860033,0.8531541162230577,0.7347500000000334,0.26524999999996657,0.0,600,566,0.8347092742847606,1.1652907257152394,31.0,31,3.0,21.0,0.03784474730491638,18.171511701028074,14.039243558147088,0.0,0.0,0.0,-0.20661340714404924,1.0,0.10738657414913177,0.048280175775289536,0.0466042160987854,0.019076887009199205,0.018711416413424973,0.009143390925601125,0.008955873005713027,0.0,0.0,0.012895495891571046,False,False
2.93,9.03597354888916,31.61260414123535,2.564162254333496,3.1055633959372257,0.4648531598966326,0.7346500000000334,0.26534999999996656,0.0,612,577,0.8484835014276971,1.1515164985723028,49.0,49,3.0,37.0,0.03777168691158295,24.990552392609064,21.202639928301494,0.0,0.0,0.0,-0.18939562321537853,1.0,0.10626276582479477,0.04836277291178703,0.046603500843048096,0.018976535837864003,0.018623701716423476,0.009111247103040418,0.008923465696473917,0.0,0.0,0.018286372423172,False,False
2.935,9.057246208190918,31.60594367980957,2.5279624462127686,-3.103963770320667,0.6906715466959258,0.7345500000000335,0.26544999999996655,0.0,628,596,0.8611098763087224,1.1388901236912776,40.0,40,2.0,29.0,0.03770342841744423,22.90800635989164,19.4357532676097,0.0,0.0,0.0,-0.17361265461409695,1.0,0.10605736821889877,0.04838816821575165,0.046602845191955566,0.018960300005118173,0.018616672127274303,0.009098930361991128,0.008910386047015589,0.0,0.0,0.014645180702209474,False,False
2.94,9.013360023498535,31.69010353088379,2.5089292526245117,-2.971630914892268,0.15810292419859712,0.7344500000000335,0.26554999999996654,0.0,613,578,0.5393507199496622,1.4606492800503377,16.0,16,3.0,27.0,0.037704434245824814,29.332339163234003,17.81610716197556,0.0,0.0,0.0,-0.5758116000629222,1.0,0.10560984909534454,0.04827846959233284,0.046602070331573486,0.018854055122821095,0.018517602945017763,0.009076879359781742,0.008888392864416044,0.0,0.0,0.0241637659072876,False,False
2.945,8.951809883117676,31.733613967895508,2.4887020587921143,2.610973907210812,0.9711157574087634,0.7343500000000335,0.2656499999999665,0.0,621,585,0.5777381599538569,1.422261840046143,39.0,39,6.0,28.0,0.03789500892162323,26.887977566297835,16.33143156514426,0.0,0.0,0.0,-0.5278273000576787,1.0,0.10605840384960175,0.04827696830034256,0.04660147428512573,0.018779042762238032,0.018451633595395346,0.00906636705622077,0.008878227090463042,0.0,0.0,0.022711336612701416,False,False
2.95,8.894048690795898,31.798755645751953,2.5203700065612793,2.6535387548191234,0.5671043562761592,0.7342500000000335,0.2657499999999665,0.0,630,594,0.612926646624369,1.387073353375631,52.0,52,1.0,30.0,0.03780859708786011,24.647312769106346,14.97047893471557,0.0,0.0,0.0,-0.4838416917195388,1.0,0.1062430590391159,0.04837941750884056,0.04660069942474365,0.018734912783489068,0.018399348448767464,0.009075718699023128,0.008887172443792224,0.0,0.0,0.01898681163787842,False,False
2.955,8.862388610839844,31.968996047973633,2.537564754486084,1.151823291938466,1.0,0.7341500000000335,0.2658499999999665,0.0,554,529,0.31184942607233834,1.5,32.0,32,5.0,28.0,0.03773230314254761,30.926703371680816,13.722939023489273,0.0,0.0,0.0,-0.8601882174095771,1.0,0.10622528940439224,0.048339247703552246,0.04659998416900635,0.018572208743037475,0.01823500487429507,0.00903917127288878,0.00885163783095777,0.0,0.0,0.018061392307281494,False,False
2.96,8.82087516784668,32.11660385131836,2.5150227546691895,2.6929342844546977,0.9080296623853216,0.7340500000000335,0.2659499999999665,0.0,617,575,0.19999999999999996,1.5,43.0,43,0.0,23.0,0.037643469870090485,36.68281142404075,12.579360771531833,0.0,0.0,0.0,-1.0,1.0,0.10601179301738739,0.0484023354947567,0.04659932851791382,0.01841243587096639,0.01808776473265559,0.008988591531912487,0.008802394149824977,0.0,0.0,0.02365031719207764,False,False
2.965,8.730199813842773,32.1146125793457,2.5763132572174072,2.7257524479705086,0.583835322756905,0.7339500000000335,0.2660499999999665,0.0,638,598,0.4495401427413396,1.5,44.0,44,4.0,24.0,0.03773769363760948,33.625910472037354,19.864414040570846,0.0,0.0,0.0,-0.6880748215733254,1.0,0.10560910403728485,0.04846742004156113,0.046598613262176514,0.018461382821861477,0.01812060142098878,0.009042603584627312,0.008855470223352313,0.0,0.0,0.020706882476806642,False,False
2.97,8.647311210632324,32.04042434692383,2.652923822402954,3.1353879157096873,0.6781586712851028,0.7338500000000335,0.26614999999996647,0.0,652,618,0.49541179751289477,1.5,33.0,33,3.0,41.0,0.038143083453178406,30.82375126603424,18.20904620385661,0.0,0.0,0.0,-0.6307352531088816,1.0,0.10502360016107559,0.048436231911182404,0.046597957611083984,0.01858520723809439,0.018221456561547535,0.009128302335739136,0.008940467766175669,0.0,0.0,0.02095731019973755,False,False
2.975,8.636834144592285,31.991878509521484,2.6926822662353516,2.71975665127559,0.4746472883642675,0.7337500000000335,0.26624999999996646,0.0,616,587,0.5374608143868203,1.4625391856131797,21.0,21,4.0,20.0,0.03820258751511574,28.255105327198052,16.69162568686856,0.0,0.0,0.0,-0.5781739820164746,1.0,0.10426149517297745,0.04833279177546501,0.04659724235534668,0.01865151220967478,0.01827695398544844,0.009161092651387056,0.008973561925813556,0.0,0.0,0.022188076972961428,False,False
2.98,8.548762321472168,31.991540908813477,2.767751932144165,2.732762784645655,0.7192367541101156,0.7336500000000336,0.26634999999996645,0.0,628,586,0.5760057465212518,1.4239942534787482,14.0,14,4.0,15.0,0.03813817724585533,25.900513216598213,15.30065687962951,0.0,0.0,0.0,-0.5299928168484351,1.0,0.10332883894443512,0.04819518327713013,0.0465964674949646,0.018724456982453792,0.018332405897671804,0.009222507942467928,0.009036791355659565,0.0,0.0,0.021897244453430175,False,False
2.985,8.365483283996582,32.016387939453125,2.8597097396850586,2.6969487777220054,0.9862906463034907,0.7335500000000336,0.26644999999996644,0.0,741,704,0.6113386009778143,1.3886613990221857,77.0,77,3.0,20.0,0.0381113700568676,23.742137115215026,14.025602139660384,0.0,0.0,0.0,-0.48582674877773213,1.0,0.10330881178379059,0.048445701599121094,0.046595871448516846,0.018797364885918297,0.018389229507456667,0.009308852410564821,0.009126546016583841,0.0,0.0,0.06625282764434814,False,False
2.99,8.281825065612793,32.011775970458984,2.882636785507202,2.9015563020098276,0.6094852239431695,0.7334500000000336,0.2665499999999664,0.0,652,621,0.6437270508963298,1.3562729491036702,66.0,66,3.0,26.0,0.03805132582783699,21.76362568894711,12.856801961355352,0.0,0.0,0.0,-0.44534118637958786,1.0,0.10304101556539536,0.04866315424442291,0.046595096588134766,0.018811307448078383,0.018399523771251067,0.009342302024985354,0.00916031460898618,0.0,0.0,0.020240411758422852,False,False
2.995,8.157538414001465,31.964929580688477,2.8900413513183594,-2.4988712364980046,0.6959615352792933,0.7333500000000336,0.2666499999999664,0.0,593,557,0.6734164633216355,1.3265835366783645,13.0,13,6.0,29.0,0.03799360245466232,28.283323548201516,20.118735131242403,0.0,0.0,0.0,-0.40822942084795566,1.0,0.10258651524782181,0.048526763916015625,0.04659438133239746,0.018823722472957147,0.018410455414403983,0.009390393970534205,0.00920694360199074,0.0,0.0,0.016694618463516237,False,False
3.0,7.9873199462890625,31.92531394958496,2.8954930305480957,3.0433969084714882,0.3177180520651656,0.7332500000000336,0.2667499999999664,0.0,567,533,0.19999999999999996,1.5,20.0,20,1.0,31.0,0.03791443631052971,42.59304658585138,18.442173870305535,0.0,0.0,0.0,-1.0,1.0,0.10195160657167435,0.048405177891254425,0.04659372568130493,0.01882774987688704,0.01841572422150008,0.009445676114410162,0.009261873395492634,0.0,0.0,0.010840697288513185,False,False
3.005,7.821890354156494,31.937564849853516,2.873898506164551,2.955960822275502,0.5230954233347647,0.7331500000000336,0.2668499999999664,0.0,635,598,0.19999999999999996,1.5,58.0,58,1.0,24.0,0.03786353021860123,39.043626037030435,16.905326047780072,0.0,0.0,0.0,-1.0,1.0,0.10114245116710663,0.048568833619356155,0.04659301042556763,0.018750859415740208,0.018347557947271945,0.009471379453316331,0.009286806064968308,0.0,0.0,0.029790012836456298,False,False
3.0100000000000002,7.7581987380981445,32.00646209716797,2.861569404602051,2.6590858496006136,0.9733347896717993,0.7330500000000336,0.2669499999999664,0.0,610,569,0.19999999999999996,1.5,25.0,25,1.0,17.0,0.03799830377101898,35.78999053394456,15.496548877131731,0.0,0.0,0.0,-1.0,1.0,0.10016503185033798,0.04848315194249153,0.04659223556518555,0.018658131895586356,0.018259607445292935,0.009461742204924425,0.009275643387809396,0.0,0.0,0.015089988708496094,False,False
3.015,7.813012599945068,32.04027557373047,2.863396167755127,-2.7997248817515357,0.9108483851013769,0.7329500000000336,0.26704999999996637,0.0,469,447,0.25590713925019626,1.5,33.0,33,4.0,14.0,0.038139697164297104,32.80749132278251,14.20516980403742,0.0,0.0,0.0,-0.9301160759372546,1.0,0.0990251898765564,0.04841597378253937,0.04659152030944824,0.018634887917781683,0.018236177634214496,0.00944538585220774,0.009258294012397528,0.0,0.0,0.013367840051651,False,False
3.02,7.8386383056640625,32.108299255371094,2.8273839950561523,-2.9816876839064697,0.33299922101067453,0.7328500000000336,0.26714999999996636,0.0,534,504,0.3179148776460132,1.5,24.0,24,1.0,22.0,0.03807947784662247,30.073533712550635,13.021405653700967,0.0,0.0,0.0,-0.8526064029424834,1.0,0.09778737276792526,0.04833981394767761,0.046590983867645264,0.01854135239950798,0.01815055914653883,0.009404907080655297,0.009215662721544504,0.0,0.0,0.025247132778167723,False,False
3.025,7.815080165863037,32.15975570678711,2.8285205364227295,2.844260250864421,0.8917314021012485,0.7327500000000337,0.26724999999996635,0.0,625,596,0.3747553045088454,1.5,21.0,21,5.0,24.0,0.03801172226667404,27.567405903171416,11.936288515892553,0.0,0.0,0.0,-0.7815558693639432,1.0,0.09656503051519394,0.04823008552193642,0.046590209007263184,0.01848806087936536,0.018098602778782277,0.00939417164772749,0.00920502895799776,0.0,0.0,0.04576499462127685,False,False
3.0300000000000002,7.78989315032959,32.17119216918945,2.8245606422424316,2.112681438197197,0.17211384967411816,0.7326500000000337,0.26734999999996634,0.0,575,541,0.42685902913310847,1.5,23.0,23,2.0,29.0,0.037942104041576385,25.27012207790713,10.94159780623484,0.0,0.0,0.0,-0.7164262135836144,1.0,0.0953579694032669,0.04814477637410164,0.04658949375152588,0.01846087698611227,0.018073746620599324,0.009392698605855307,0.009203376636529963,0.0,0.0,0.022864642143249514,False,False
3.035,7.722935199737549,32.228763580322266,2.884333610534668,2.9898400870820203,0.6472406042275469,0.7325500000000337,0.2674499999999663,0.0,597,557,0.19999999999999996,1.5,31.0,31,0.0,35.0,0.03790798783302307,31.497611904748197,10.029797989048603,0.0,0.0,0.0,-1.0,1.0,0.09416599571704865,0.04811054468154907,0.046588778495788574,0.018463344886549257,0.01806576378736597,0.00942086762127777,0.009234522779782614,0.0,0.0,0.015393331050872806,False,False
3.04,7.6748480796813965,32.35477828979492,2.888782262802124,2.7224751026826395,0.7047282249719451,0.7324500000000337,0.2675499999999663,0.0,687,657,0.21284682309101488,1.5,48.0,48,2.0,32.0,0.03813105821609497,28.872810912685846,9.193981489961219,0.0,0.0,0.0,-0.9839414711362313,1.0,0.09335869550704956,0.04820080101490021,0.046588003635406494,0.01834595169243354,0.017952153897028873,0.00939086467648546,0.009205602885534367,0.0,0.0,0.026792526245117188,False,False
3.045,7.648772239685059,32.3693733215332,2.8778653144836426,2.80259275477258,0.9258856081283324,0.7323500000000337,0.2676499999999663,0.0,683,650,0.2784429211667637,1.5,45.0,45,5.0,24.0,0.038189854472875595,26.466743336628692,8.427816365797783,0.0,0.0,0.0,-0.9019463485415453,1.0,0.09233234077692032,0.048272278159856796,0.04658728837966919,0.018321512809798875,0.017930972614790767,0.00938101710441212,0.009194677307580909,0.0,0.0,0.026904737949371337,False,False
3.0500000000000003,7.594430923461914,32.29225158691406,2.965277671813965,2.023922205191993,0.3551219541195289,0.7322500000000337,0.2677499999999663,0.0,649,606,0.3385726777361999,1.5,29.0,29,8.0,24.0,0.0381234809756279,24.261181391909634,7.725498335314634,0.0,0.0,0.0,-0.82678415282975,1.0,0.09117818623781204,0.048240985721349716,0.046586573123931885,0.018479225205257046,0.0180711952254637,0.009470857912674546,0.009289474304144582,0.0,0.0,0.023695476055145263,False,False
3.055,7.52524995803833,32.267799377441406,3.0277483463287354,-2.5666679226930587,0.9798084949967449,0.7321500000000337,0.2678499999999663,0.0,622,590,0.39369162125818324,1.5,53.0,53,1.0,22.0,0.038087014108896255,22.239416275917165,7.081706807371748,0.0,0.0,0.0,-0.7578854734272709,1.0,0.09091684222221375,0.048371411859989166,0.046585798263549805,0.01854108381143256,0.01812359879996269,0.009527871928488215,0.009351066158463558,0.0,0.0,0.022147912979125977,False,False
3.06,7.486586093902588,32.28444290161133,3.0642828941345215,-2.6701432579667355,0.22577359818958578,0.7320500000000337,0.26794999999996627,0.0,575,548,0.19999999999999996,1.5,42.0,42,1.0,20.0,0.03802530840039253,28.71946491959073,6.491564573424101,0.0,0.0,0.0,-1.0,1.0,0.09041891992092133,0.048422496765851974,0.0465850830078125,0.01854762367287136,0.018126731659013608,0.009547372270996373,0.009373805175224941,0.0,0.0,0.033121643066406255,False,False
3.065,7.402887344360352,32.23204040527344,3.1341068744659424,2.8140249092467133,0.7201913224636942,0.7319500000000337,0.26804999999996626,0.0,581,547,0.19999999999999996,1.5,24.0,24,1.0,33.0,0.038117144256830215,26.3261761762915,5.950600858972093,0.0,0.0,0.0,-1.0,1.0,0.08974519371986389,0.048323746770620346,0.046584367752075195,0.0186679559648032,0.01823804334539406,0.009623639052733779,0.009456338981787365,0.0,0.0,0.03716382265090943,False,False
3.0700000000000003,7.2954936027526855,32.16013717651367,-3.0914690494537354,-2.8820080818825495,0.43877281041868427,0.7318500000000338,0.26814999999996625,0.0,577,543,0.5862289050316217,1.4137710949683782,25.0,25,0.0,30.0,0.03820478171110153,24.13232816160054,13.788050787391084,0.0,0.0,0.0,-0.5172138687104728,1.0,0.08890166133642197,0.048239730298519135,0.046583712100982666,0.01879421871349476,0.018357353709598827,0.009700352093204856,0.00953835357601444,0.0,0.0,0.034691226482391355,False,False
3.075,7.147047519683838,32.104949951171875,-3.087097406387329,-2.9281191836037954,0.7923475506105346,0.7317500000000338,0.26824999999996624,0.0,499,467,0.6207098296123199,1.37929017038768,24.0,24,2.0,27.0,0.038184259086847305,22.121300814800495,12.639046555108493,0.0,0.0,0.0,-0.4741127129846001,1.0,0.08789417147636414,0.04815367981791496,0.04658287763595581,0.018840192239925075,0.0184019955903442,0.009775301053499183,0.009611515949169796,0.0,0.0,0.02017080068588257,False,False
3.08,6.982749938964844,31.991382598876953,-3.0648701190948486,3.0315452661942937,0.625144007988387,0.7316500000000338,0.2683499999999662,0.0,545,503,0.6523173438112932,1.3476826561887068,33.0,33,2.0,18.0,0.03811594471335411,20.277859080233785,11.585792675516117,0.0,0.0,0.0,-0.4346033202358834,1.0,0.08679549396038055,0.04812224581837654,0.046582162380218506,0.018929219789569695,0.018487945156520674,0.00987174998347958,0.009708569462721547,0.0,0.0,0.01079671859741211,False,False
3.085,6.847814559936523,31.931564331054688,-3.0656394958496094,-2.793712138242509,0.5440193120232312,0.7315500000000338,0.2684499999999662,0.0,539,507,0.34795756516035226,1.5,28.0,28,3.0,24.0,0.03804522007703781,26.921370823547633,10.62030995255644,0.0,0.0,0.0,-0.8150530435495597,1.0,0.0857105478644371,0.048066746443510056,0.046581387519836426,0.018945600919463786,0.018506446276519265,0.009927677844340604,0.00976455514319241,0.0,0.0,0.012837661504745485,False,False
3.09,6.720296859741211,31.966968536376953,-3.0631885528564453,-2.8578033357088164,0.8752896373846232,0.7314500000000338,0.2685499999999662,0.0,518,488,0.4022944347303229,1.5,17.0,17,2.0,21.0,0.03796832263469696,24.677923254918664,9.735284123176736,0.0,0.0,0.0,-0.7471319565870964,1.0,0.08463916927576065,0.04793347418308258,0.04658067226409912,0.018874690548943168,0.018439478446845407,0.009954780883466205,0.009791205326716106,0.0,0.0,0.017175798416137696,False,False
3.095,6.664115905761719,32.0104866027832,-3.052589178085327,1.0001568142520965,0.06808325260086374,0.7313500000000338,0.2686499999999662,0.0,623,584,0.4521032318361293,1.5,46.0,46,2.0,25.0,0.03793226554989815,22.621429650342108,8.924010446245342,0.0,0.0,0.0,-0.6848709602048383,1.0,0.0841001346707344,0.04800049215555191,0.046579957008361816,0.018834748790831735,0.01839975146285675,0.0099682726431638,0.009804264409467578,0.0,0.0,0.02148987054824829,False,False
3.1,6.690661430358887,32.0081787109375,-3.0887553691864014,3.099844893475282,0.5532504237001404,0.7312500000000338,0.2687499999999662,0.0,718,684,0.19999999999999996,1.5,62.0,62,6.0,25.0,0.03807888925075531,29.06964384614693,8.18034290905823,0.0,0.0,0.0,-1.0,1.0,0.0833355113863945,0.04821494221687317,0.046579182147979736,0.018807101133511833,0.018374670833077106,0.009952276013791561,0.009783339531471332,0.0,0.0,0.01937510132789612,False,False
3.105,6.63480806350708,32.03981018066406,-3.1144871711730957,-2.6830144135217036,0.6697391938961064,0.7311500000000338,0.26884999999996617,0.0,739,704,0.234058965640081,1.5,26.0,26,5.0,26.0,0.03821633383631706,26.647173525634685,7.4986476666367095,0.0,0.0,0.0,-0.9574262929498987,1.0,0.08240577578544617,0.04816976562142372,0.04657846689224243,0.018750588909217897,0.018320132284618738,0.009950775808344286,0.009777725984652838,0.0,0.0,0.020923776626586916,False,False
3.11,6.598626613616943,32.08049392700195,-3.110661029815674,-2.386055964121139,0.589813155229418,0.7310500000000338,0.26894999999996616,0.0,626,596,0.2978873851700743,1.5,19.0,19,3.0,25.0,0.03823127970099449,24.426575731831793,6.87376036108365,0.0,0.0,0.0,-0.8776407685374071,1.0,0.08239392191171646,0.0480535514652729,0.046577632427215576,0.018714829179108577,0.018284639962599127,0.009950092450405162,0.009776913793757558,0.0,0.0,0.026935706138610842,False,False
3.115,6.602254867553711,32.094600677490234,-3.097325325012207,-2.8526732196751468,0.6944732870175414,0.7309500000000339,0.26904999999996615,0.0,621,585,0.35639676973923473,1.5,47.0,47,0.0,42.0,0.03856569528579712,22.39102775417914,6.300946997660012,0.0,0.0,0.0,-0.8045040378259565,1.0,0.08213939517736435,0.04808307811617851,0.04657691717147827,0.01870072403647111,0.0182714296153276,0.00994611958352228,0.009774862167735895,0.0,0.0,0.01779665231704712,False,False
3.12,6.486129283905029,32.14362716674805,-3.0034003257751465,-1.5523443273803914,0.4603100114564285,0.7308500000000339,0.26914999999996614,0.0,586,557,0.7433637055942985,1.2566362944057015,31.0,31,4.0,30.0,0.038491252809762955,20.52510877466421,14.109201414521676,0.0,0.0,0.0,-0.32079536800712677,1.0,0.0817030817270279,0.04805958643555641,0.04657614231109619,0.018759645724940238,0.018324089871835408,0.010010602418333292,0.00985117784390847,0.0,0.0,0.02362358331680298,False,False
3.125,6.409677982330322,32.2526969909668,-3.0208494663238525,2.5694243406766293,0.9855942860691521,0.7307500000000339,0.2692499999999661,0.0,613,576,0.431416730128107,1.5,27.0,27,4.0,29.0,0.038430292159318924,27.148016376775526,12.933434629978203,0.0,0.0,0.0,-0.7107290873398662,1.0,0.08109112828969955,0.048001617193222046,0.04657536745071411,0.018624675268190415,0.018195338795426747,0.009974994851897161,0.009812491092210015,0.0,0.0,0.02470566749572754,False,False
3.13,6.375411510467529,32.21152114868164,-3.004467725753784,-2.554948336574675,0.6627204582585525,0.7306500000000339,0.2693499999999661,0.0,666,623,0.4787986692840981,1.5,24.0,24,2.0,33.0,0.0383666530251503,24.8856816787109,11.855648410813352,0.0,0.0,0.0,-0.6515016633948774,1.0,0.08030951768159866,0.04791172966361046,0.04657459259033203,0.01866812831353502,0.018236413551105942,0.01000023369366924,0.009838932892307639,0.0,0.0,0.0274168062210083,False,False
3.1350000000000002,6.362198352813721,32.103885650634766,-2.930222272872925,3.1198035701399953,0.7715779730119501,0.7305500000000339,0.2694499999999661,0.0,620,587,0.8555654468437567,1.1444345531562434,16.0,16,2.0,36.0,0.03830679878592491,22.811874872151655,19.201011043245572,0.0,0.0,0.0,-0.18054319144530417,1.0,0.07936409115791321,0.047786060720682144,0.04657387733459473,0.01885326861031303,0.018414859267416848,0.01008948776870966,0.009939402807503939,0.0,0.0,0.022302889823913576,False,False
3.14,6.3550262451171875,32.06565856933594,-2.888291835784912,-2.489447398915022,0.8086073884380711,0.7304500000000339,0.2695499999999661,0.0,645,601,0.8676016596067768,1.1323983403932232,65.0,65,6.0,38.0,0.038268256932497025,20.91088529947235,17.600926789641772,0.0,0.0,0.0,-0.16549792549152897,1.0,0.07933780550956726,0.04796956107020378,0.046573102474212646,0.018926924410624858,0.01848706969048313,0.010125139184917014,0.009981762850657105,0.0,0.0,0.024471287727355958,False,False
3.145,6.313534259796143,32.04484558105469,-2.8469855785369873,-2.2377326467255996,0.748980043622179,0.7303500000000339,0.2696499999999661,0.0,627,600,0.8786348546395453,1.1213651453604547,56.0,56,5.0,27.0,0.03819303214550018,19.168311524516323,16.134182890504956,0.0,0.0,0.0,-0.15170643170056836,1.0,0.0790700614452362,0.04813475161790848,0.046572327613830566,0.018980971292863715,0.018541084879387916,0.010161537987490496,0.010024669269720714,0.0,0.0,0.033250911235809325,False,False
3.15,6.262131214141846,31.99674415588379,-2.8188698291778564,-2.524656925207603,0.5335388109570739,0.7302500000000339,0.2697499999999661,0.0,566,534,0.8887486167529165,1.1112513832470834,19.0,19,4.0,23.0,0.03812616318464279,17.57095223080663,14.789667649629543,0.0,0.0,0.0,-0.13906422905885432,1.0,0.07862172275781631,0.048034489154815674,0.046571552753448486,0.019055459254614812,0.018614504530520926,0.010208719953273734,0.010076266092558702,0.0,0.0,0.03512510538101197,False,False
3.1550000000000002,6.203943252563477,31.947587966918945,-2.7890210151672363,-2.4231472363018427,0.9075518038346602,0.7301500000000339,0.26984999999996606,0.0,541,506,0.8980195653568401,1.1019804346431599,46.0,46,3.0,26.0,0.038124509155750275,16.106706211572742,13.557195345493747,0.0,0.0,0.0,-0.12747554330394975,1.0,0.07799889147281647,0.0480995774269104,0.04657071828842163,0.019140366112114348,0.018698504529310822,0.010258038140212497,0.010130811715498567,0.0,0.0,0.014855040311813356,False,False
3.16,6.101812362670898,31.885141372680664,-2.7991509437561035,-2.238467266893139,0.4554396608268725,0.730050000000034,0.26994999999996605,0.0,531,497,0.9065179349104369,1.0934820650895631,29.0,29,2.0,35.0,0.03806821629405022,14.76448069394168,12.4274290667026,0.0,0.0,0.0,-0.11685258136195395,1.0,0.0772075206041336,0.04804205149412155,0.046570003032684326,0.019169863655813458,0.01872590455269236,0.01031410414725542,0.010183102373654645,0.0,0.0,0.020531983375549318,False,False
3.165,6.022248268127441,31.782926559448242,-2.7701690196990967,-2.6444416345873334,0.827094207850676,0.729950000000034,0.27004999999996604,0.0,510,483,0.9143081070012338,1.0856918929987662,20.0,20,0.0,22.0,0.03800021857023239,13.534107302779873,11.391809977810716,0.0,0.0,0.0,-0.10711486624845783,1.0,0.07733067870140076,0.04792490601539612,0.04656928777694702,0.019272411204408337,0.018828079075202772,0.010390285945807895,0.010263898099462192,0.0,0.0,0.011648049354553224,False,False
3.17,5.89426851272583,31.698192596435547,-2.7684473991394043,-2.9477993247549032,0.6710988176493252,0.729850000000034,0.27014999999996603,0.0,602,572,0.588115764751131,1.411884235248869,25.0,25,1.0,32.0,0.03810318559408188,20.739598360881548,10.442492479659823,0.0,0.0,0.0,-0.5148552940610862,1.0,0.07720788568258286,0.04784151911735535,0.046568453311920166,0.01932568925293111,0.018881324106943292,0.010468056813503306,0.010341641027480364,0.0,0.0,0.011329007148742676,False,False
3.1750000000000003,5.758007049560547,31.68130111694336,-2.8018813133239746,-2.3629943172562244,0.710188315151638,0.729750000000034,0.270249999999966,0.0,594,556,0.62243945102187,1.37756054897813,17.0,17,2.0,24.0,0.03833029791712761,19.01129849747475,9.572284773021504,0.0,0.0,0.0,-0.47195068622266234,1.0,0.07690010964870453,0.047715555876493454,0.04656761884689331,0.019264737971708593,0.01882256566919336,0.01051704864948988,0.010383277743433913,0.0,0.0,0.01923878788948059,False,False
3.18,5.735744476318359,31.704742431640625,-2.8184285163879395,-2.8074299470727544,0.8729658394280058,0.729650000000034,0.270349999999966,0.0,547,521,0.653902830103381,1.3460971698966189,22.0,22,2.0,28.0,0.03827832639217377,17.427023622685187,8.774594375269713,0.0,0.0,0.0,-0.4326214623707737,1.0,0.07749082893133163,0.047599706798791885,0.046566903591156006,0.019229554695775218,0.018786197100998332,0.010522647062316537,0.01038373059903582,0.0,0.0,0.011111948490142822,False,False
3.185,5.740244388580322,31.762392044067383,-2.8566489219665527,-2.857899898842303,0.7587981758285687,0.729550000000034,0.270449999999966,0.0,559,523,0.6827442609280994,1.3172557390719006,24.0,24,6.0,31.0,0.03820454701781273,15.974771654128087,8.04337817733057,0.0,0.0,0.0,-0.39656967383987585,1.0,0.07781995832920074,0.047535017132759094,0.04656606912612915,0.019150081011699,0.01870550047850652,0.010494600671033066,0.010347725668301186,0.0,0.0,0.014468687772750854,False,False
3.19,5.655792713165283,31.79366683959961,-2.8718032836914062,-2.6820322666996494,0.3733842302587524,0.729450000000034,0.270549999999966,0.0,592,554,0.709182239184091,1.290817760815909,43.0,43,3.0,21.0,0.03811667487025261,14.643540682950746,7.3730966625530225,0.0,0.0,0.0,-0.3635222010198862,1.0,0.07794886082410812,0.04758504033088684,0.046565234661102295,0.01909545654124374,0.018651228508950336,0.010509663649524253,0.010358974104747176,0.0,0.0,0.02144610643386841,False,False
3.1950000000000003,5.605499744415283,31.7679386138916,-2.885225296020508,-2.4183943218082566,0.727689100616876,0.729350000000034,0.270649999999966,0.0,715,672,0.7334170525854167,1.2665829474145833,50.0,50,4.0,28.0,0.03804020211100578,13.423245626038184,6.7586719406736036,0.0,0.0,0.0,-0.33322868426822905,1.0,0.07788413017988205,0.04768270626664162,0.046564459800720215,0.019094876994184325,0.018650716547659717,0.010536094972242912,0.010382157439986866,0.0,0.0,0.026009712219238285,False,False
3.2,5.544626235961914,31.764875411987305,-2.858893394470215,-2.6318364813429826,0.5707310765798512,0.729250000000034,0.27074999999996596,0.0,653,612,0.7556322982032988,1.2443677017967012,25.0,25,4.0,35.0,0.03796813637018204,20.637975157201666,14.528782612284136,0.0,0.0,0.0,-0.3054596272458765,1.0,0.07763220369815826,0.04763886332511902,0.046563684940338135,0.019115423500537364,0.018671154134324255,0.010569935354093712,0.010419954778626561,0.0,0.0,0.019270070791244508,False,False
3.205,5.400835990905762,31.845918655395508,-2.819545030593872,-2.8721171780849715,0.6676420637314053,0.729150000000034,0.27084999999996595,0.0,601,564,0.7759962733530239,1.224003726646976,30.0,30,3.0,34.0,0.038015834987163544,18.918143894101526,13.318050727927124,0.0,0.0,0.0,-0.28000465830872007,1.0,0.0782766118645668,0.04759814962744713,0.04656285047531128,0.019048861121797114,0.018608307431179843,0.010597064392641187,0.01045371328170101,0.0,0.0,0.018096640110015872,False,False
3.21,5.304758548736572,31.88606834411621,-2.829836845397949,-2.534976763960473,0.7087579069417163,0.7290500000000341,0.27094999999996594,0.0,621,585,1.1279965839069386,0.8720034160930615,49.0,49,2.0,36.0,0.037996795028448105,25.67496523625973,28.874879833933193,0.0,0.0,0.0,0.1599957298836731,1.0,0.07865732908248901,0.04773532971739769,0.0465620756149292,0.018985888059560946,0.018547199332077182,0.010602809488773346,0.01045596164961656,0.0,0.0,0.020624361038208007,False,False
3.215,5.265059471130371,31.793228149414062,-2.794888734817505,-2.518582490850206,0.9745681180197182,0.7289500000000341,0.27104999999996593,0.0,617,584,1.1173302019146936,0.8826697980853063,45.0,45,2.0,19.0,0.03797144070267677,23.53538479990475,26.468639847772092,0.0,0.0,0.0,0.14666275239336707,1.0,0.07883577048778534,0.047798268496990204,0.046561241149902344,0.019110510730649764,0.0186689831855469,0.01067510844829182,0.010534045674527686,0.0,0.0,0.018148057460784912,False,False
3.22,5.2337141036987305,31.691526412963867,-2.74961519241333,-2.676216177597528,0.9231257949672957,0.7288500000000341,0.2711499999999659,0.0,629,602,1.1075526850884692,0.8924473149115308,25.0,25,7.0,16.0,0.03828594833612442,21.574102733246022,24.26291986045775,0.0,0.0,0.0,0.1344408563605864,1.0,0.07989586144685745,0.04771726205945015,0.046560466289520264,0.019263704023439854,0.018819927125276185,0.010764229809865355,0.010631919528047245,0.0,0.0,0.0236321496963501,False,False
3.225,5.230638027191162,31.681339263916016,-2.6995837688446045,-2.345270778870161,0.6905969513211467,0.7287500000000341,0.2712499999999659,0.0,608,566,0.7652566279977634,1.2347433720022365,26.0,26,5.0,31.0,0.03844868019223213,28.109594172142184,22.24100987208627,0.0,0.0,0.0,-0.29342921500279573,1.0,0.08067794144153595,0.04763322323560715,0.046559691429138184,0.019324890605018265,0.01888365465445238,0.010785255969191592,0.01066378705824415,0.0,0.0,0.01745062828063965,False,False
3.23,5.1892924308776855,31.632848739624023,-2.663397789001465,-2.6594464172404537,0.8362658796131066,0.7286500000000341,0.2713499999999659,0.0,706,661,0.4514852423312833,1.5,47.0,47,4.0,43.0,0.038389477878808975,34.100461324463666,20.387592382745748,0.0,0.0,0.0,-0.6856434470858959,1.0,0.08124377578496933,0.047691524028778076,0.04655897617340088,0.019398258504224424,0.01895825663523232,0.010831458882118266,0.010717030381783843,0.0,0.0,0.029666738510131834,False,False
3.235,5.157865524291992,31.57099723815918,-2.638908624649048,-2.496918886269186,0.6086801990072273,0.7285500000000341,0.2714499999999659,0.0,626,599,0.4971948054703429,1.5,45.0,45,2.0,34.0,0.03831778094172478,31.258756214091694,18.688626350850267,0.0,0.0,0.0,-0.6285064931620713,1.0,0.0816003754734993,0.047737155109643936,0.046558260917663574,0.019482013817410392,0.019042026671541652,0.010876489880805215,0.010767131655787429,0.0,0.0,0.04120180130004883,False,False
3.24,5.1167311668396,31.538944244384766,-2.6528329849243164,-2.870669546880936,0.8472174051727926,0.7284500000000341,0.2715499999999659,0.0,499,466,0.5390952383478144,1.4609047616521855,27.0,27,2.0,28.0,0.038242027163505554,28.653859862917386,17.131240821612746,0.0,0.0,0.0,-0.576130952065232,1.0,0.08175457268953323,0.047669973224401474,0.04655730724334717,0.019493222521695098,0.019051090056076136,0.01090031039590637,0.01078742672689259,0.0,0.0,0.019182058572769167,False,False
3.245,4.982565402984619,31.387836456298828,-2.6502208709716797,-2.386426066529417,0.9323526991493237,0.7283500000000341,0.27164999999996586,0.0,549,510,0.9108373018188297,1.0891626981811704,19.0,19,2.0,20.0,0.038217052817344666,26.26603820767427,24.036970753145013,0.0,0.0,0.0,-0.11145337272646287,1.0,0.08171302825212479,0.04758083075284958,0.04655659198760986,0.01960290880361519,0.019158998782280317,0.011022944236174226,0.010908986053739985,0.0,0.0,0.01900699615478516,False,False
3.25,4.866269111633301,31.20071792602539,-2.6302921772003174,-2.32836623319404,0.600881262631202,0.7282500000000341,0.27174999999996585,0.0,532,506,0.9182675266672605,1.0817324733327396,23.0,23,0.0,35.0,0.038302041590213776,24.07720169036808,22.033889857049594,0.0,0.0,0.0,-0.10216559166592436,1.0,0.08148223161697388,0.047483112663030624,0.04655581712722778,0.019789903542686036,0.019344784163364933,0.011164043098688126,0.011055043044810494,0.0,0.0,0.01333593249320984,False,False
3.255,4.757915496826172,31.142641067504883,-2.661945343017578,2.99820473393117,0.5412952319053805,0.7281500000000342,0.27184999999996584,0.0,610,573,0.9250785661116555,1.0749214338883446,31.0,31,4.0,38.0,0.038245294243097305,22.07076821617074,20.19773236896213,0.0,0.0,0.0,-0.09365179236043061,1.0,0.08106851577758789,0.047450534999370575,0.04655510187149048,0.019776553987563675,0.019331984900636076,0.011221865036835274,0.011106928965697687,0.0,0.0,0.018601346015930175,False,False
3.2600000000000002,4.665415287017822,31.2032470703125,-2.6935207843780518,-2.5917167530683267,0.9458778997810879,0.7280500000000342,0.27194999999996583,0.0,673,631,0.9313220189356842,1.0686779810643159,18.0,18,7.0,37.0,0.03824678063392639,20.231537531489845,18.51458800488195,0.0,0.0,0.0,-0.08584747633039473,1.0,0.0815553292632103,0.047346051782369614,0.04655426740646362,0.019649949818965454,0.01920652731612739,0.011232014124592146,0.011106814490631223,0.0,0.0,0.023434903621673588,False,False
3.265,4.663307189941406,31.25797462463379,-2.7062888145446777,-2.3266373858055607,0.4903604559972922,0.7279500000000342,0.2720499999999658,0.0,638,600,0.9370451840243771,1.0629548159756228,58.0,58,5.0,36.0,0.03821110352873802,18.54557607053236,16.971705671141788,0.0,0.0,0.0,-0.07869351996952859,1.0,0.08178253471851349,0.0475064218044281,0.04655343294143677,0.019608534456540615,0.019159912251866838,0.011223879798005026,0.011091889270270865,0.0,0.0,0.013156533241271973,False,False
3.27,4.6419477462768555,31.288881301879883,-2.7471165657043457,-2.903242949413444,0.8625392262333293,0.7278500000000342,0.2721499999999658,0.0,678,641,0.6089580853556791,1.391041914644321,57.0,57,1.0,34.0,0.03815094009041786,25.33344473132133,15.557396865213304,0.0,0.0,0.0,-0.4888023933054012,1.0,0.08181146532297134,0.047666389495134354,0.04655271768569946,0.01955052669474337,0.019098103883481696,0.011211820334816974,0.011070282974590858,0.0,0.0,0.015983434915542605,False,False
3.275,4.572656631469727,31.291257858276367,-2.7891228199005127,-2.224043178802395,0.6134587419066934,0.7277500000000342,0.2722499999999658,0.0,607,571,0.9748782449093722,1.0251217550906278,19.0,19,4.0,34.0,0.038264717906713486,23.22232433704455,22.594280459778858,0.0,0.0,0.0,-0.03140219386328465,1.0,0.08164867013692856,0.04755399003624916,0.04655200242996216,0.01949506672471709,0.019041333719039755,0.01123193729047974,0.011079882582028707,0.0,0.0,0.02030174255371094,False,False
3.2800000000000002,4.5268964767456055,31.275903701782227,-2.7930126190185547,-2.73188111399037,0.6654941405856678,0.7276500000000342,0.2723499999999658,0.0,574,538,0.9769717245002579,1.0230282754997422,25.0,25,3.0,27.0,0.03831975534558296,21.287130642290837,20.711423754797284,0.0,0.0,0.0,-0.028785344374677634,1.0,0.08130054920911789,0.0474824458360672,0.04655122756958008,0.0194944910846723,0.019040778693936566,0.011255058537547788,0.01110161926286916,0.0,0.0,0.01388932228088379,False,False
3.285,4.407310962677002,31.281362533569336,-2.734379291534424,-2.6921059773919027,0.4866229647841093,0.7275500000000342,0.2724499999999658,0.0,547,514,0.9788907474585697,1.0211092525414303,21.0,21,1.0,37.0,0.03844358026981354,19.5132030887666,18.98547177523084,0.0,0.0,0.0,-0.02638656567678783,1.0,0.08077333122491837,0.04739396274089813,0.04655039310455322,0.01953533765432993,0.019082750870302426,0.011322684197997054,0.011180843381832044,0.0,0.0,0.02152725696563721,False,False
3.29,4.2588300704956055,31.35160255432129,-2.7369656562805176,-2.6866227532073985,0.954207405032034,0.7274500000000342,0.27254999999996576,0.0,584,547,1.3139831851703554,0.6860168148296445,40.0,40,2.0,40.0,0.038469307124614716,17.887102831369383,25.73668246062827,0.0,0.0,0.0,0.39247898146294435,1.0,0.08115037530660629,0.04738502576947212,0.04654961824417114,0.01942514445155341,0.018976300467387266,0.01134563780700167,0.011201776020849746,0.0,0.0,0.01494762182235718,False,False
3.295,4.165500640869141,31.34895133972168,-2.7511754035949707,-2.6271241634578244,0.7917000534149841,0.7273500000000342,0.27264999999996575,0.0,651,615,0.9544845864061593,1.0455154135938407,31.0,31,3.0,40.0,0.0384136438369751,24.729844262088598,23.59195892224258,0.0,0.0,0.0,-0.056894266992300935,1.0,0.0812714472413063,0.047353800386190414,0.04654884338378906,0.01938625036218772,0.018937576530811177,0.011370038846507668,0.011220877834906181,0.0,0.0,0.018094724416732787,False,False
3.3000000000000003,4.14078950881958,31.228450775146484,-2.7002313137054443,-2.1822120477830067,0.7137076338650652,0.7272500000000343,0.27274999999996574,0.0,523,484,0.9582775375389794,1.0417224624610206,10.0,10,4.0,42.0,0.038362570106983185,22.669023906914546,21.62596234538903,0.0,0.0,0.0,-0.05215307807627578,1.0,0.08119779080152512,0.04720107838511467,0.04654812812805176,0.01957120863612068,0.019119734956688356,0.011473114912708601,0.011334997058535617,0.0,0.0,0.014436541795730593,False,False
3.305,4.14901065826416,31.14811897277832,-2.652627944946289,-2.8842525610974703,0.8714509339110675,0.7271500000000343,0.27284999999996573,0.0,611,574,0.6284210760773978,1.3715789239226022,29.0,29,5.0,25.0,0.03829982504248619,29.113271914671664,19.82379881660661,0.0,0.0,0.0,-0.4644736549032526,1.0,0.08093587309122086,0.047145288437604904,0.0465472936630249,0.019719186433939665,0.01926726833684318,0.011540465444947284,0.01141426619142294,0.0,0.0,0.01807453989982605,False,False
3.31,4.150680065155029,31.15176010131836,-2.6126210689544678,-2.117201756846166,0.7050591360328511,0.7270500000000343,0.2729499999999657,0.0,770,732,0.6593859864042814,1.3406140135957187,79.0,79,4.0,39.0,0.03825576603412628,26.68716592178236,18.171815581889394,0.0,0.0,0.0,-0.42576751699464827,1.0,0.08049199730157852,0.04745025187730789,0.04654645919799805,0.019749567500043443,0.019301371721317472,0.011545501571769517,0.011429300842185816,0.0,0.0,0.020316593647003174,False,False
3.315,4.094213962554932,31.09840202331543,-2.5742392539978027,-2.503536859461728,0.9915714335357929,0.7269500000000343,0.2730499999999657,0.0,678,638,0.6877704875372579,1.312229512462742,42.0,42,4.0,22.0,0.038219477981328964,24.463235428300496,16.657497616731945,0.0,0.0,0.0,-0.3902868905784276,1.0,0.08094958961009979,0.04754544794559479,0.04654574394226074,0.019832854278152273,0.01938678193464823,0.011604526080191135,0.011497532638410728,0.0,0.0,0.013533384799957277,False,False
3.3200000000000003,4.078354358673096,31.037263870239258,-2.5221920013427734,-2.6780607323640018,0.9382332777876996,0.7268500000000343,0.2731499999999657,0.0,599,570,1.047122946909153,0.952877053090847,21.0,21,4.0,26.0,0.03825642168521881,22.424632475942122,23.602706148670947,0.0,0.0,0.0,0.05890368363644125,1.0,0.08114849776029587,0.047440748661756516,0.04654496908187866,0.019963966996874125,0.01952190257585555,0.01165357263137897,0.011561195909356078,0.0,0.0,0.028049201965332032,False,False
3.325,4.012405872344971,31.01386260986328,-2.5423429012298584,-2.0296143990255198,0.5802116024768587,0.7267500000000343,0.2732499999999657,0.0,635,599,1.0431960346667235,0.9568039653332765,51.0,51,5.0,34.0,0.03842586278915405,20.555913102946946,21.635813969615032,0.0,0.0,0.0,0.053995043333404345,1.0,0.08115001767873764,0.047527946531772614,0.04654425382614136,0.019954848955190823,0.0195096452165933,0.01169379606532554,0.011595159691448014,0.0,0.0,0.022726194858551027,False,False
3.33,3.95151686668396,30.871044158935547,-2.518120765686035,-2.3517740739268818,0.6970559135421558,0.7266500000000343,0.2733499999999657,0.0,542,502,1.039596365111163,0.9604036348888368,34.0,34,0.0,33.0,0.03845086321234703,18.842920344368032,19.83282947214711,0.0,0.0,0.0,0.04949545638895394,1.0,0.08096069097518921,0.04754260927438736,0.0465434193611145,0.020090203942187215,0.01964374978328071,0.011797695963953933,0.011703485700612267,0.0,0.0,0.013892955780029298,False,False
3.335,3.885746479034424,30.725584030151367,-2.5087859630584717,-2.3224062023501575,0.732264636715067,0.7265500000000343,0.27344999999996566,0.0,491,466,1.0362966680185661,0.9637033319814339,26.0,26,0.0,40.0,0.03835747763514519,17.272676982337362,18.180093682801516,0.0,0.0,0.0,0.04537083502320769,1.0,0.08058688789606094,0.04746032506227493,0.046542584896087646,0.020228350008138843,0.01978072330972592,0.01190180191770196,0.011810831104715666,0.0,0.0,0.013011096715927126,False,False
3.34,3.762425184249878,30.689973831176758,-2.5551114082336426,-2.218949416868896,0.5913946076976122,0.7264500000000343,0.27354999999996565,0.0,538,505,1.0332719456836856,0.9667280543163144,20.0,20,1.0,35.0,0.038273997604846954,15.833287233809248,16.66508587590139,0.0,0.0,0.0,0.04158993210460711,1.0,0.08003482222557068,0.04735681414604187,0.04654186964035034,0.02017421769765928,0.0197226489880505,0.011967621200407546,0.01186341978609562,0.0,0.0,0.017297030687332154,False,False
3.345,3.6774826049804688,30.730186462402344,-2.595351219177246,-2.5049986434709837,0.9123615496584611,0.7263500000000344,0.27364999999996564,0.0,648,606,0.6971659502100451,1.3028340497899549,29.0,29,3.0,25.0,0.0382244698703289,22.847179964325143,15.276328719576274,0.0,0.0,0.0,-0.3785425622374435,1.0,0.07931055873632431,0.04729489982128143,0.04654115438461304,0.02007291489680399,0.019617707991118324,0.011995518580079079,0.011876610418160757,0.0,0.0,0.020566112995147705,False,False
3.35,3.6994035243988037,30.776702880859375,-2.6247031688690186,-3.073538178614899,0.8462044440875557,0.7262500000000344,0.27374999999996563,0.0,622,583,0.7224021210258748,1.2775978789741251,18.0,18,8.0,37.0,0.03817956522107124,20.94324830063138,14.003301326278251,0.0,0.0,0.0,-0.34699734871765653,1.0,0.078419990837574,0.04717586189508438,0.04654031991958618,0.02002508371486275,0.019565477904281054,0.011970384124045571,0.011842449894174933,0.0,0.0,0.013949638605117798,False,False
3.355,3.626783847808838,30.786298751831055,-2.649233818054199,-2.159435789872508,0.7566828890993982,0.7261500000000344,0.2738499999999656,0.0,713,664,0.7455352776070518,1.2544647223929482,59.0,59,2.0,26.0,0.03827204927802086,19.197977608912097,12.836359549088396,0.0,0.0,0.0,-0.3180809029911851,1.0,0.0784461498260498,0.047306254506111145,0.0465395450592041,0.019983006102847325,0.019521376212165785,0.011994545347988605,0.011859723987678688,0.0,0.0,0.01918785572052002,False,False
3.36,3.525460958480835,30.726470947265625,-2.6691365242004395,-2.4119096851633146,0.66331776033448,0.7260500000000344,0.2739499999999656,0.0,701,674,0.7667406711397976,1.2332593288602025,45.0,45,2.0,31.0,0.0383644700050354,17.598146141502756,11.766662919997696,0.0,0.0,0.0,-0.291574161075253,1.0,0.07822850346565247,0.047384168952703476,0.04653877019882202,0.019988660975203625,0.019525296363125343,0.012066859053447843,0.011924916179850698,0.0,0.0,0.03297390460968018,False,False
3.365,3.4985504150390625,30.69466781616211,-2.6771621704101562,-3.0028331376201036,0.7213886365215446,0.7259500000000344,0.2740499999999656,0.0,581,544,0.7861789485448145,1.2138210514551855,28.0,28,6.0,20.0,0.03829381614923477,16.13163396304419,10.786107676664555,0.0,0.0,0.0,-0.2672763143189818,1.0,0.07782797515392303,0.047351691871881485,0.04653799533843994,0.020003189220441895,0.01953904076444398,0.012092622928321362,0.011948246974498034,0.0,0.0,0.020045340061187744,False,False
3.37,3.3541080951690674,30.711275100708008,-2.6372203826904297,-2.541765565003354,0.9334213901980318,0.7258500000000344,0.2741499999999656,0.0,624,581,0.47066403616608,1.5,31.0,31,1.0,20.0,0.038227569311857224,23.12066446612384,9.887265370275841,0.0,0.0,0.0,-0.6616699547924,1.0,0.07725072652101517,0.04731536656618118,0.046537160873413086,0.020003187210337343,0.01954179664937882,0.01216975001928707,0.012034349298725527,0.0,0.0,0.02321442127227783,False,False
3.375,3.1595613956451416,30.764997482299805,-2.655287742614746,-3.015737970468845,0.7423815779007049,0.7257500000000344,0.2742499999999656,0.0,643,607,0.5147753664855732,1.4852246335144268,36.0,36,2.0,26.0,0.03837732598185539,21.193942427280188,9.063326589419521,0.0,0.0,0.0,-0.6065307918930334,1.0,0.0775800570845604,0.04733164235949516,0.04653632640838623,0.019871050092973207,0.019412509830668043,0.0122148710458229,0.012071775272488594,0.0,0.0,0.017145210504531862,False,False
3.38,3.050933837890625,30.721651077270508,-2.6229052543640137,-2.2422804599020054,0.4583284118460789,0.7256500000000344,0.27434999999996557,0.0,584,555,0.8885440859451088,1.1114559140548912,28.0,28,2.0,26.0,0.03831307217478752,19.42778055834017,16.641382706967892,0.0,0.0,0.0,-0.13931989256861393,1.0,0.07765566557645798,0.047259874641895294,0.046535611152648926,0.019919666766654163,0.01946234450268041,0.012285010501121482,0.012147518573328853,0.0,0.0,0.02098874092102051,False,False
3.3850000000000002,3.0385353565216064,30.603452682495117,-2.547667980194092,-2.450221314324168,0.895973519927907,0.7255500000000344,0.27444999999996555,0.0,629,599,0.8978320787830164,1.1021679212169835,46.0,46,8.0,24.0,0.03824804350733757,17.808798845145155,15.254600814720567,0.0,0.0,0.0,-0.12770990152122944,1.0,0.07753873616456985,0.04736649617552757,0.04653489589691162,0.020142840028080235,0.019687676522763844,0.012400096748024225,0.01228498488975068,0.0,0.0,0.01944173336029053,False,False
3.39,3.080777168273926,30.54818344116211,-2.5130414962768555,-2.316375823407371,0.842535981646762,0.7254500000000345,0.27454999999996554,0.0,614,574,0.9063460722177651,1.093653927782235,22.0,22,4.0,22.0,0.03828846663236618,16.324732274716393,13.98338408016052,0.0,0.0,0.0,-0.11706740972779368,1.0,0.0783129557967186,0.04726412147283554,0.04653412103652954,0.020251576168190455,0.019797582662586213,0.012435949950789412,0.012332677530745666,0.0,0.0,0.02029827833175659,False,False
3.395,3.085390567779541,30.51424217224121,-2.481173515319824,-2.311887315204264,0.9783455912732393,0.7253500000000345,0.27464999999996553,0.0,568,538,0.5808172328662846,1.4191827671337154,65.0,65,1.0,35.0,0.03831588849425316,23.29767125182336,12.818102073480475,0.0,0.0,0.0,-0.5239784589171442,1.0,0.0788184180855751,0.04744340479373932,0.04653334617614746,0.020311855299048505,0.019860576093894824,0.012461019214242697,0.01236661298510929,0.0,0.0,0.01934811115264893,False,False
3.4,3.018096446990967,30.428054809570312,-2.4282498359680176,-2.132588918674132,0.7662737735913134,0.7252500000000345,0.2747499999999655,0.0,460,431,0.6157491301274276,1.3842508698725724,21.0,21,0.0,31.0,0.038241587579250336,21.356198647504744,11.749926900690435,0.0,0.0,0.0,-0.4803135873407155,1.0,0.07911667227745056,0.0473560132086277,0.04653257131576538,0.02045304421847631,0.02000689650404524,0.012549433546761673,0.012471641724308332,0.0,0.0,0.026064376831054687,False,False
3.4050000000000002,2.9638075828552246,30.388879776000977,-2.3831725120544434,-2.3757714119819484,0.8248311255155354,0.7251500000000345,0.2748499999999655,0.0,489,460,0.647770035950142,1.352229964049858,20.0,20,1.0,27.0,0.03816710412502289,19.576515426879347,10.770766325632898,0.0,0.0,0.0,-0.4402874550623224,1.0,0.07921449840068817,0.04725194349884987,0.046531856060028076,0.020527101867288417,0.020088114593526735,0.012597772292792797,0.012534159080435833,0.0,0.0,0.016808918714523315,False,False
3.41,2.9291329383850098,30.38006591796875,-2.3693366050720215,-2.6364860071093954,0.9941621085895868,0.7250500000000345,0.2749499999999655,0.0,505,474,0.6771225329542968,1.322877467045703,22.0,22,0.0,21.0,0.03809388354420662,17.94513914130607,9.873202465163489,0.0,0.0,0.0,-0.40359683380712896,1.0,0.079118512570858,0.047167226672172546,0.04653102159500122,0.020529789623454593,0.02009311579156147,0.012608680796499055,0.012548127754901847,0.0,0.0,0.020840818881988528,False,False
3.415,2.955014944076538,30.309795379638672,-2.3240678310394287,-2.633876044580166,0.8409083413409143,0.7249500000000345,0.2750499999999655,0.0,581,550,1.037362321874772,0.962637678125228,31.0,31,1.0,20.0,0.03806402534246445,16.449710879530564,17.383768926399863,0.0,0.0,0.0,0.04670290234346499,1.0,0.0788351520895958,0.04710131883621216,0.046530306339263916,0.02064775428979136,0.02021752638431832,0.01263985022281607,0.012594792448605101,0.0,0.0,0.015390318632125855,False,False
3.42,2.91341233253479,30.283571243286133,-2.331019163131714,-2.1588468342851375,0.8216622686566278,0.7248500000000345,0.2751499999999655,0.0,583,543,1.3675821283852077,0.6324178716147923,23.0,23,2.0,31.0,0.038221828639507294,15.078901639569683,24.268454849199873,0.0,0.0,0.0,0.4594776604815095,1.0,0.07944797724485397,0.0470195896923542,0.04652947187423706,0.020652665091639138,0.02022065487298284,0.012675747275352478,0.012628395343199372,0.0,0.0,0.014804812669754027,False,False
3.4250000000000003,2.7987570762634277,30.28508758544922,-2.3628296852111816,-2.111909911247733,0.7565323406649505,0.7247500000000345,0.27524999999996547,0.0,616,584,1.3369502843531071,0.6630497156468929,23.0,23,7.0,34.0,0.038196638226509094,13.822326502938875,22.24608361176655,0.0,0.0,0.0,0.4211878554413838,1.0,0.07979696989059448,0.04694332182407379,0.04652869701385498,0.020586350550641678,0.02014851998619215,0.012741206058611473,0.012681987524653476,0.0,0.0,0.01818285584449768,False,False
3.43,2.7740070819854736,30.265636444091797,-2.4099223613739014,-2.1698812531346867,0.9652318284653942,0.7246500000000345,0.27534999999996546,0.0,566,525,0.9755377606570148,1.0244622393429852,29.0,29,4.0,26.0,0.03815924748778343,21.003799294360633,20.392243310786004,0.0,0.0,0.0,-0.030577799178731446,1.0,0.07994356006383896,0.04689589887857437,0.046527862548828125,0.020557672485980272,0.020110432917717302,0.012779840423415106,0.012704150673622887,0.0,0.0,0.012539772987365725,False,False
3.435,2.754093885421753,30.24761390686035,-2.4671480655670166,-2.768628667803012,0.8905003851001925,0.7245500000000346,0.27544999999996544,0.0,627,595,0.6442429472689302,1.3557570527310698,28.0,28,3.0,33.0,0.038113441318273544,27.58681601983058,18.692889701553835,0.0,0.0,0.0,-0.4446963159138372,1.0,0.07989441603422165,0.046854522079229355,0.04652714729309082,0.02052208778203875,0.02006500618609856,0.012801906947667401,0.012707160785794258,0.0,0.0,0.02104848861694336,False,False
3.44,2.673187494277954,30.239093780517578,-2.4917221069335938,-2.26466583006638,0.7346271857386211,0.7244500000000346,0.27554999999996543,0.0,673,629,0.6738893683298526,1.3261106316701474,51.0,51,2.0,26.0,0.03833621367812157,25.287914684844697,17.135148893091014,0.0,0.0,0.0,-0.40763828958768417,1.0,0.0807332918047905,0.046994004398584366,0.046526312828063965,0.020491078407153866,0.02003047956537867,0.0128489441704005,0.01274547112795214,0.0,0.0,0.02992803335189819,False,False
3.4450000000000003,2.6312637329101562,30.252195358276367,-2.5053141117095947,-2.3738824024319114,0.4017231857066243,0.7243500000000346,0.2756499999999654,0.0,663,635,1.0343985876356983,0.9656014123643019,31.0,31,7.0,36.0,0.038449082523584366,23.18058846110764,24.040553152000093,0.0,0.0,0.0,0.042998234544622704,1.0,0.08130038529634476,0.046986665576696396,0.04652559757232666,0.020452828321062096,0.01999131032490738,0.01286189576300482,0.012753520859405398,0.0,0.0,0.022745742797851565,False,False
3.45,2.5468413829803467,30.19654083251953,-2.47540283203125,-2.2049690658319028,0.583601644380618,0.7242500000000346,0.2757499999999654,0.0,559,526,1.0315320386660567,0.9684679613339433,20.0,20,2.0,27.0,0.03837357833981514,21.248872756015334,22.03717372266675,0.0,0.0,0.0,0.03941504833257081,1.0,0.08165732771158218,0.046877671033144,0.046524763107299805,0.02050402657113293,0.020045408836022103,0.012944651922831934,0.012844145142783722,0.0,0.0,0.01665416717529297,False,False
3.455,2.381906032562256,30.189929962158203,-2.4603915214538574,-2.33751455031725,0.8545263798335436,0.7241500000000346,0.2758499999999654,0.0,558,520,1.0289043687772186,0.9710956312227814,29.0,29,3.0,23.0,0.03829744830727577,19.478133359680722,20.200742579111186,0.0,0.0,0.0,0.03613046097152317,1.0,0.08181098103523254,0.046853289008140564,0.0465240478515625,0.0204766929277679,0.020021409583277458,0.01303188114737471,0.01293480124635001,0.0,0.0,0.01317666530609131,False,False
3.46,2.2745361328125,30.19199562072754,-2.4731040000915527,-2.6989290288538514,0.7992296109426219,0.7240500000000346,0.2759499999999654,0.0,587,553,1.026495671379117,0.9735043286208831,50.0,50,2.0,23.0,0.03822680935263634,17.85495557970733,18.51734736418525,0.0,0.0,0.0,0.03311958922389611,1.0,0.0828453004360199,0.046970341354608536,0.046523213386535645,0.020429200421630166,0.01997288030762327,0.013066104923685392,0.012961466951916616,0.0,0.0,0.01330871105194092,False,False
3.465,2.2365055084228516,30.085023880004883,-2.44062876701355,-2.428541705732776,0.7559305175786376,0.7239500000000346,0.2760499999999654,0.0,646,612,1.0242876987641905,0.9757123012358097,43.0,43,3.0,36.0,0.038204874843358994,16.36704261473172,16.97423508383648,0.0,0.0,0.0,0.030359623455237995,1.0,0.08360066264867783,0.04701085388660431,0.04652237892150879,0.020580358779018496,0.020124164312650527,0.01317389930287997,0.013079673905546468,0.0,0.0,0.017963962554931642,False,False
3.47,2.2443575859069824,29.977279663085938,-2.3972935676574707,-2.484666094960114,0.5820668999666037,0.7238500000000346,0.27614999999996537,0.0,575,543,0.6889303905338412,1.3110696094661587,12.0,12,2.0,32.0,0.03827246278524399,23.33645573017074,15.559715493516771,0.0,0.0,0.0,-0.3888370118326985,1.0,0.0841388925909996,0.04687550291419029,0.04652172327041626,0.020762246230034528,0.020308348273159388,0.01327229974170526,0.01319503877311945,0.0,0.0,0.023323376178741455,False,False
3.475,2.2697112560272217,29.979297637939453,-2.3547286987304688,-2.278605191684808,0.7263736057479461,0.7237500000000346,0.27624999999996536,0.0,581,551,0.3815195246560211,1.5,25.0,25,3.0,29.0,0.0382002629339695,29.725084419323178,14.263072535723706,0.0,0.0,0.0,-0.7731005941799736,1.0,0.08446702361106873,0.0467926561832428,0.046520888805389404,0.02081085796654168,0.020364586349537354,0.013269219392289719,0.01320783126478394,0.0,0.0,0.02250410079956055,False,False
3.48,2.2641353607177734,29.9300537109375,-2.3168187141418457,-2.4867337898406214,0.7961311479308877,0.7236500000000347,0.27634999999996535,0.0,670,633,0.4330595642680194,1.5,53.0,53,2.0,21.0,0.03814706578850746,27.247994051046245,13.07448315774673,0.0,0.0,0.0,-0.7086755446649757,1.0,0.08566919714212418,0.046927884221076965,0.04652005434036255,0.02089480128100396,0.02045389985432793,0.013309001612166565,0.013260489019254845,0.0,0.0,0.027438936233520513,False,False
3.485,2.2654082775115967,29.874082565307617,-2.284362316131592,-2.093716697236615,0.8949817897647847,0.7235500000000347,0.27644999999996533,0.0,720,689,0.4803046005790177,1.5,47.0,47,7.0,22.0,0.03810502588748932,24.977327880125724,11.984942894601168,0.0,0.0,0.0,-0.6496192492762278,1.0,0.08658595383167267,0.047023218125104904,0.046519339084625244,0.020993234791675943,0.020557131848297456,0.013343015064795813,0.013306629067907732,0.0,0.0,0.03396366596221924,False,False
3.49,2.253544807434082,29.8675479888916,-2.2932991981506348,-2.6305554187402986,0.9891328342732622,0.7234500000000347,0.2765499999999653,0.0,685,630,0.5236125505307663,1.4763874494692337,40.0,40,4.0,26.0,0.038115158677101135,22.895883890115247,10.986197653384403,0.0,0.0,0.0,-0.5954843118365422,1.0,0.0872792899608612,0.047056738287210464,0.04651862382888794,0.0209937571655798,0.020555847771387612,0.01334468446051081,0.01330553088337183,0.0,0.0,0.01913391351699829,False,False
3.495,2.189641237258911,29.73173713684082,-2.292741537094116,-1.7852447961014035,0.7424704635714569,0.7233500000000347,0.2766499999999653,0.0,671,630,0.5633115046532025,1.4366884953467975,47.0,47,1.0,27.0,0.038441985845565796,20.987893565938975,10.070681182269036,0.0,0.0,0.0,-0.5458606191834969,1.0,0.08775641024112701,0.047149691730737686,0.046517789363861084,0.021114733696060924,0.020671692672767115,0.013484806598474583,0.013444342960913977,0.0,0.0,0.02274918079376221,False,False
3.5,2.1575419902801514,29.545129776000977,-2.2564282417297363,-1.7950336981462276,0.6988554537756128,0.7232500000000347,0.2767499999999653,0.0,557,528,0.5997022125987689,1.400297787401231,17.0,17,4.0,45.0,0.03839287906885147,19.23890243544406,9.231457750413282,0.0,0.0,0.0,-0.5003722342515389,1.0,0.08910159766674042,0.04702111706137657,0.046517014503479004,0.021349418517434392,0.02090922307502422,0.013632535313566526,0.013607085372010868,0.0,0.0,0.009774523973464965,False,False
3.505,2.062202215194702,29.427898406982422,-2.2909111976623535,-2.0596198615870414,0.9404981556089219,0.7231500000000347,0.2768499999999653,0.0,474,447,0.2997270282155382,1.5,23.0,23,2.0,18.0,0.038328975439071655,25.968993899157052,8.462169604545508,0.0,0.0,0.0,-0.8753412147305772,1.0,0.09015556424856186,0.046936046332120895,0.0465162992477417,0.021392467344994073,0.02094564504145277,0.013757275107006233,0.013721632615973553,0.0,0.0,0.017131925821304322,False,False
3.5100000000000002,1.9506076574325562,29.420236587524414,-2.3224873542785645,-2.7616809565961784,0.9007207393913406,0.7230500000000347,0.2769499999999653,0.0,566,532,0.3580831091975767,1.5,29.0,29,2.0,29.0,0.03825103119015694,23.804911074227295,7.756988804166715,0.0,0.0,0.0,-0.8023961135030291,1.0,0.09098046272993088,0.04688549414277077,0.046515583992004395,0.021328384362354607,0.020875397937100127,0.013849322373668354,0.013798282792170843,0.0,0.0,0.021030399799346924,False,False
3.515,1.9393798112869263,29.475841522216797,-2.3308370113372803,-2.1943762099844473,0.6194357716950492,0.7229500000000347,0.27704999999996527,0.0,574,542,0.411576183431112,1.5,39.0,39,1.0,36.0,0.03818772733211517,21.821168484708352,7.110573070486155,0.0,0.0,0.0,-0.7355297707111099,1.0,0.09158363193273544,0.04692661017179489,0.046514809131622314,0.02128767376311531,0.02082911589124649,0.013840682028482359,0.013783067309608063,0.0,0.0,0.01320022225379944,False,False
3.52,1.904847502708435,29.507549285888672,-2.35969877243042,-2.4990131240257636,0.8457089751165905,0.7228500000000347,0.27714999999996526,0.0,589,548,0.46061150147851937,1.5,29.0,29,3.0,17.0,0.038119908422231674,20.002737777649322,6.518025314612308,0.0,0.0,0.0,-0.6742356231518507,1.0,0.09197225421667099,0.046885546296834946,0.046514034271240234,0.021228042959312646,0.020763830510704837,0.013834138711293539,0.013766300398856401,0.0,0.0,0.017413355112075805,False,False
3.525,1.8067023754119873,29.43556022644043,-2.3651318550109863,-2.7090355824213326,0.8547679415804402,0.7227500000000348,0.27724999999996525,0.0,594,568,0.8388938763553093,1.1611061236446907,18.0,18,2.0,20.0,0.038073018193244934,18.335842962845213,14.308189871727947,0.0,0.0,0.0,-0.2013826545558633,1.0,0.09215331077575684,0.046757206320762634,0.04651319980621338,0.02127449552505219,0.020806855834787145,0.01394439721480012,0.013873577117919922,0.0,0.0,0.01812527298927307,False,False
3.5300000000000002,1.790705919265747,29.38422203063965,-2.3831629753112793,-2.200115356915768,0.7911007272620619,0.7226500000000348,0.27734999999996524,0.0,568,538,0.8523193866590335,1.1476806133409665,25.0,25,5.0,21.0,0.03813740238547325,16.80785604927478,13.115840715750618,0.0,0.0,0.0,-0.18460076667620803,1.0,0.09213363379240036,0.046690404415130615,0.0465124249458313,0.021291135526261648,0.02082040608860496,0.013994680096705755,0.013915984891355038,0.0,0.0,0.024720661640167237,False,False
3.535,1.7034964561462402,29.35647201538086,-2.324033737182617,-2.536180174861981,0.980675688744901,0.7225500000000348,0.2774499999999652,0.0,621,587,0.5312927711041142,1.4687072288958858,43.0,43,4.0,26.0,0.038204412907361984,23.74053471183521,12.022853989438067,0.0,0.0,0.0,-0.5858840361198572,1.0,0.09191986918449402,0.04674537107348442,0.046511709690093994,0.021374878664189988,0.02091262314635427,0.014073064861198267,0.014017441620429357,0.0,0.0,0.024099924564361573,False,False
3.54,1.5279903411865234,29.382356643676758,-2.332634687423706,-2.001211785219095,0.6013292407642697,0.7224500000000348,0.2775499999999652,0.0,678,634,0.5703517068454381,1.4296482931545618,32.0,32,5.0,27.0,0.03816630691289902,21.762156819182273,11.020949490318227,0.0,0.0,0.0,-0.5370603664432023,1.0,0.09259577840566635,0.04675745964050293,0.04651099443435669,0.021275994099404397,0.020815049748595552,0.014151229212681454,0.014090633485466242,0.0,0.0,0.02114322662353516,False,False
3.545,1.460806131362915,29.339946746826172,-2.331247091293335,-2.0507084358329593,0.9320489528494956,0.7223500000000348,0.2776499999999652,0.0,648,617,0.606155731274985,1.393844268725015,27.0,27,3.0,30.0,0.03814205527305603,19.948643750917082,10.102537032791707,0.0,0.0,0.0,-0.49230533590626874,1.0,0.09300152957439423,0.046687155961990356,0.046510159969329834,0.021284910511923376,0.020822324824402473,0.014196853153407574,0.014133249254276356,0.0,0.0,0.017877553701400758,False,False
3.5500000000000003,1.5200271606445312,29.228565216064453,-2.2626798152923584,-1.648234112030678,0.7509518629965521,0.7222500000000348,0.2777499999999652,0.0,645,612,0.6389760870020696,1.3610239129979305,30.0,30,3.0,21.0,0.03852206841111183,18.28625677167399,9.260658946725732,0.0,0.0,0.0,-0.4512798912474129,1.0,0.0931987538933754,0.046678557991981506,0.04650932550430298,0.02152287967697038,0.021069320884959514,0.014272977132350206,0.014239777810871601,0.0,0.0,0.022754991054534913,False,False
3.555,1.5779095888137817,29.17128562927246,-2.2145252227783203,-2.480882305593429,0.7620171094865112,0.7221500000000348,0.2778499999999652,0.0,614,577,0.6690614130852306,1.3309385869147694,60.0,60,0.0,27.0,0.038464099168777466,16.762402040701158,8.488937367831921,0.0,0.0,0.0,-0.4136732336434618,1.0,0.09319429099559784,0.04687052220106125,0.046508610248565674,0.0216841617403158,0.021238766531071356,0.014312493149191141,0.014301013822356861,0.0,0.0,0.02340266704559326,False,False
3.56,1.5706946849822998,29.153928756713867,-2.1725478172302246,-2.4259401611694074,0.9260002607528702,0.7220500000000348,0.27794999999996517,0.0,594,565,0.6966396286614613,1.3033603713385387,41.0,41,2.0,29.0,0.038393840193748474,15.36553520397606,7.781525920512594,0.0,0.0,0.0,-0.3792004641731733,1.0,0.092994824051857,0.04693144932389259,0.046507835388183594,0.02173988692613725,0.02130430783366261,0.014335426967591047,0.014340130146592855,0.0,0.0,0.026241655349731448,False,False
3.565,1.5541558265686035,29.061229705810547,-2.1098647117614746,-1.7375394328327842,0.7389336992847484,0.7219500000000348,0.27804999999996516,0.0,565,522,0.7219196596063395,1.2780803403936605,23.0,23,3.0,24.0,0.03832049295306206,14.085073936978056,7.133065427136545,0.0,0.0,0.0,-0.34760042549207554,1.0,0.0936841368675232,0.04685257375240326,0.04650712013244629,0.021907046556394572,0.021486386051400908,0.01440201885998249,0.014434234083940586,0.0,0.0,0.033893547058105475,False,False
3.5700000000000003,1.535008192062378,28.94948959350586,-2.062399387359619,-2.0700612962013967,0.7545751586022965,0.7218500000000349,0.27814999999996515,0.0,663,626,0.7450930213058113,1.2549069786941887,28.0,28,4.0,31.0,0.03829105198383331,21.244651108896548,14.871976641541831,0.0,0.0,0.0,-0.3186337233677358,1.0,0.0941024199128151,0.0467832013964653,0.046506285667419434,0.022074898636006774,0.02166632124028731,0.014467707369476557,0.0145217248549064,0.0,0.0,0.028801002502441407,False,False
3.575,1.480021357536316,28.840173721313477,-2.0849318504333496,-2.394666466715912,0.7409497636476631,0.7217500000000349,0.27824999999996514,0.0,651,609,1.0996686028636604,0.9003313971363396,56.0,56,7.0,38.0,0.03824291750788689,19.474263516488502,21.965978588080013,0.0,0.0,0.0,0.12458575357957553,1.0,0.09431132674217224,0.046951137483119965,0.04650557041168213,0.022167830030316815,0.021747323910123073,0.01459723183264335,0.014642727716515463,0.0,0.0,0.02269603729248047,False,False
3.58,1.4701377153396606,28.63335418701172,-2.063589096069336,-2.300211879987529,0.7406641211311866,0.7216500000000349,0.2783499999999651,0.0,572,545,0.758029552625022,1.241970447374978,36.0,36,1.0,50.0,0.03816986829042435,26.184741556781127,20.13548037240668,0.0,0.0,0.0,-0.3024630592187224,1.0,0.0943177342414856,0.04693560674786568,0.04650479555130005,0.022431732146650875,0.02201120503149712,0.014777463705589374,0.014835000038146973,0.0,0.0,0.011107337474822999,False,False
3.585,1.4761956930160522,28.436466217041016,-2.0573742389678955,-1.9380109899725153,0.8071644123924973,0.7215500000000349,0.2784499999999651,0.0,665,631,0.7781937565729369,1.2218062434270631,30.0,30,3.0,38.0,0.038212742656469345,24.002679760382698,18.45752367470612,0.0,0.0,0.0,-0.27725780428382885,1.0,0.09412834048271179,0.046902965754270554,0.04650396108627319,0.022676134286796986,0.02225457718215512,0.01492516448100408,0.01499131244296829,0.0,0.0,0.014325168132781983,False,False
3.59,1.3955649137496948,28.34624671936035,-2.0987629890441895,-2.029303523269109,0.7829322768432753,0.7214500000000349,0.2785499999999651,0.0,729,689,0.7966776101918589,1.203322389808141,29.0,29,5.0,28.0,0.03819052502512932,22.002456447017472,16.919396701813945,0.0,0.0,0.0,-0.2541529872601764,1.0,0.09482695162296295,0.0468883290886879,0.04650324583053589,0.022694332161917668,0.022262846792348988,0.015065660700201988,0.015117727840940159,0.0,0.0,0.02485196352005005,False,False
3.595,1.3023581504821777,28.35104751586914,-2.1193480491638184,-2.2137157375930228,0.9355835476360245,0.7213500000000349,0.2786499999999651,0.0,687,649,0.8136211426758706,1.1863788573241294,50.0,50,1.0,24.0,0.038539476692676544,20.168918409766015,15.509446976662781,0.0,0.0,0.0,-0.23297357165516167,1.0,0.09525378793478012,0.04695109650492668,0.046502530574798584,0.022660435638428667,0.022216085275712127,0.015165638954689106,0.015203037764877081,0.0,0.0,0.017044018507003787,False,False
3.6,1.2911081314086914,28.415205001831055,-2.136871337890625,-2.083733275599057,0.8433225973652387,0.7212500000000349,0.2787499999999651,0.0,529,501,0.8291527141195482,1.170847285880452,38.0,38,4.0,15.0,0.038705773651599884,18.48817520895218,14.216993061940883,0.0,0.0,0.0,-0.21355910735056477,1.0,0.09547052532434464,0.046982962638139725,0.04650169610977173,0.022590743963023963,0.022137954523747495,0.015134992233167093,0.015162051810572546,0.0,0.0,0.011986010074615479,False,False
3.605,1.2283786535263062,28.39490509033203,-2.160910129547119,-2.0450739973713192,0.8341534167728668,0.7211500000000349,0.27884999999996507,0.0,519,482,0.8433899879429192,1.1566100120570808,26.0,26,5.0,17.0,0.0386282242834568,16.947493941539495,13.032243640112476,0.0,0.0,0.0,-0.19576251507135095,1.0,0.09548404812812805,0.046902112662792206,0.046500980854034424,0.022579852148191387,0.022118045709793786,0.015195809149493774,0.015212581492960453,0.0,0.0,0.02031707525253296,False,False
3.61,1.1607258319854736,28.306900024414062,-2.174100399017334,-2.385780447224158,0.9300414257636881,0.7210500000000349,0.27894999999996506,0.0,581,547,1.1897741556143426,0.8102258443856574,20.0,20,4.0,22.0,0.03857414051890373,15.535202779744536,20.2795566701031,0.0,0.0,0.0,0.2372176945179283,1.0,0.0953010842204094,0.04679347202181816,0.046500205993652344,0.02265051754645476,0.022181653920211226,0.015323765886326631,0.015335056620339554,0.0,0.0,0.02253091096878052,False,False
3.615,1.1600888967514038,28.268775939941406,-2.1758811473846436,-2.100744169832078,0.6958128403431848,0.720950000000035,0.27904999999996505,0.0,592,558,1.173959642646481,0.8260403573535192,34.0,34,3.0,26.0,0.03849783539772034,14.240602548099156,18.589593614261176,0.0,0.0,0.0,0.21744955330810098,1.0,0.09600546211004257,0.046776048839092255,0.04649949073791504,0.022699274226052377,0.022228297426403514,0.015369901278366646,0.015380020874241989,0.0,0.0,0.01618329405784607,False,False
3.62,1.0311614274978638,28.22646141052246,-2.135772466659546,-1.6521869791878327,0.695563542533698,0.720850000000035,0.27914999999996504,0.0,648,609,0.8261296724259408,1.1738703275740592,68.0,68,3.0,29.0,0.038428567349910736,21.387219002424224,17.040460813072745,0.0,0.0,0.0,-0.21733790946757398,1.0,0.09643742442131042,0.047008831053972244,0.046498656272888184,0.02276677397184478,0.02230469937133542,0.01549182382101814,0.015521849660823744,0.0,0.0,0.026304960250854492,False,False
3.625,0.8452674150466919,28.192045211791992,-2.1695380210876465,-2.008400451879538,0.6764736565946832,0.720750000000035,0.279249999999965,0.0,638,605,0.8406188663904457,1.1593811336095543,24.0,24,6.0,32.0,0.038362059742212296,19.604950752222205,15.620422411983348,0.0,0.0,0.0,-0.19922641701194282,1.0,0.09665866196155548,0.04693661257624626,0.04649794101715088,0.02269587067107142,0.02222399028099547,0.015642145493378244,0.01565296435728669,0.0,0.0,0.016569266319274904,False,False
3.63,0.7956458926200867,28.090024948120117,-2.1289258003234863,-2.28075293197898,0.7340130291273705,0.720650000000035,0.279349999999965,0.0,689,650,0.520567294191242,1.479432705808758,36.0,36,2.0,27.0,0.03832148015499115,26.30453818953702,14.318720544318069,0.0,0.0,0.0,-0.5992908822609475,1.0,0.09775335341691971,0.046982016414403915,0.0464971661567688,0.022828236683271202,0.022362436220476106,0.015740843955427408,0.015768238032857578,0.0,0.0,0.020497889518737794,False,False
3.6350000000000002,0.8723752498626709,28.000600814819336,-2.061979293823242,-1.9456549490982844,0.881955849080506,0.720550000000035,0.279449999999965,0.0,628,591,0.5605200196753051,1.439479980324695,28.0,28,3.0,32.0,0.03828518092632294,24.112493340408935,13.125493832291562,0.0,0.0,0.0,-0.5493499754058686,1.0,0.0985620990395546,0.04691043868660927,0.04649633169174194,0.02308002505707491,0.022631649432121155,0.015784799276540678,0.01585031238694986,0.0,0.0,0.020844922065734864,False,False
3.64,0.9450634717941284,28.004972457885742,-2.032222270965576,-1.746449312044598,0.6549924281581537,0.720450000000035,0.279549999999965,0.0,578,549,0.5971433513690297,1.4028566486309701,33.0,33,4.0,29.0,0.03827856108546257,22.103118895374855,12.031702679600599,0.0,0.0,0.0,-0.5035708107887128,1.0,0.09914693236351013,0.046872034668922424,0.04649561643600464,0.02315153954818316,0.022712993178050346,0.01575252894933025,0.015835225737343233,0.0,0.0,0.01905308246612549,False,False
3.645,0.9513112306594849,27.96620750427246,-2.003408432006836,-1.7167044394030215,0.697210255659379,0.720350000000035,0.279649999999965,0.0,520,488,0.6307147387549439,1.3692852612450561,21.0,21,2.0,31.0,0.03821084275841713,20.261192320760284,11.029060789633881,0.0,0.0,0.0,-0.4616065765563201,1.0,0.09951510280370712,0.046776268631219864,0.046494901180267334,0.023224622056663643,0.022793375169547273,0.015787725181629263,0.015883004913727444,0.0,0.0,0.02164069175720215,False,False
3.65,0.92153000831604,27.863075256347656,-1.9661498069763184,-1.5923227374470574,0.691223816774088,0.720250000000035,0.27974999999996497,0.0,581,551,0.6614885105253653,1.3385114894746346,43.0,43,3.0,30.0,0.038286007940769196,18.57275962736359,10.109972390497724,0.0,0.0,0.0,-0.42313936184329337,1.0,0.09967367351055145,0.046822689473629,0.046494126319885254,0.02337859695462912,0.02295774929085684,0.01588227072109779,0.015997492397824924,0.0,0.0,0.03246801137924195,False,False
3.6550000000000002,0.9035515785217285,27.8267765045166,-1.929370403289795,-2.1603225571667353,0.8984385898456018,0.720150000000035,0.27984999999996496,0.0,678,641,0.6896978013149182,1.3103021986850818,50.0,50,1.0,24.0,0.03839430212974548,17.025029658416624,9.26747469128958,0.0,0.0,0.0,-0.3878777483563522,1.0,0.09962954372167587,0.04691753536462784,0.04649341106414795,0.023461950115160373,0.02305627968453273,0.01589561657359203,0.016030493813256424,0.0,0.0,0.029262847900390625,False,False
3.66,0.8609788417816162,27.69951629638672,-1.953782081604004,-2.2888067592810524,0.9277089891200705,0.720050000000035,0.27994999999996495,0.0,624,582,0.7155563178720086,1.2844436821279914,17.0,17,6.0,30.0,0.03834972530603409,23.939610520215236,16.82851846701545,0.0,0.0,0.0,-0.35555460265998934,1.0,0.09938941895961761,0.04678674414753914,0.046492695808410645,0.023584132965808715,0.023161730578401426,0.016056768751392763,0.016181544245531164,0.0,0.0,0.02119952201843262,False,False
3.665,0.9292771220207214,27.53905487060547,-1.945616364479065,-1.7140657278563405,0.8886337717309944,0.7199500000000351,0.28004999999996494,0.0,630,597,0.7392599580493411,1.260740041950659,32.0,32,2.0,33.0,0.03829158470034599,30.2779763101973,23.75947526143083,0.0,0.0,0.0,-0.32592505243832354,1.0,0.10003714263439178,0.04677906632423401,0.04649186134338379,0.023841114334877858,0.023415076976757786,0.016160983747492235,0.016293584679563843,0.0,0.0,0.011557235717773439,False,False
3.67,0.9181949496269226,27.416114807128906,-1.9412769079208374,-2.196866547309543,0.90034116966085,0.7198500000000351,0.2801499999999649,0.0,667,623,1.0943216282118962,0.905678371788104,49.0,49,2.0,35.0,0.03824959322810173,27.754811617680858,30.11285232297826,0.0,0.0,0.0,0.11790203526487009,1.0,0.10041294991970062,0.0468599908053875,0.04649108648300171,0.023988742867018374,0.02356331895908742,0.016278103770067297,0.01641760968292753,0.0,0.0,0.014324108362197876,False,False
3.6750000000000003,0.7839230298995972,27.343868255615234,-1.9744035005569458,-1.8078716127042074,0.1864735096867975,0.7197500000000351,0.2802499999999649,0.0,641,613,1.0864614925275715,0.9135385074724286,55.0,55,5.0,16.0,0.03825187683105469,25.441910649540784,27.60344796273007,0.0,0.0,0.0,0.10807686565946426,1.0,0.10057852417230606,0.04698476940393448,0.046490371227264404,0.023990691428886997,0.023549497809299245,0.01648656868686279,0.016611446626484394,0.0,0.0,0.01756736278533936,False,False
3.68,0.7326838970184326,27.36073112487793,-2.0095341205596924,-2.033151609066259,0.9450004576359556,0.7196500000000351,0.2803499999999649,0.0,584,541,1.0792563681502738,0.9207436318497262,22.0,22,4.0,22.0,0.03821871429681778,23.321751428745717,25.30316063250256,0.0,0.0,0.0,0.09907046018784219,1.0,0.10161805152893066,0.04689914360642433,0.0464896559715271,0.02393984183203364,0.02348125845368422,0.016556473759313427,0.01666067400947213,0.0,0.0,0.015798039436340332,False,False
3.685,0.743040144443512,27.40615463256836,-2.047316312789917,-1.689802683677804,0.6899458196588053,0.7195500000000351,0.2804499999999649,0.0,585,553,1.0726516708044176,0.9273483291955824,58.0,58,3.0,19.0,0.03815973922610283,21.378272143016908,23.194563913127347,0.0,0.0,0.0,0.09081458850552196,1.0,0.10237212479114532,0.04703332483768463,0.04648888111114502,0.023877832895027748,0.0234048301443684,0.016528153015921514,0.016612766000131767,0.0,0.0,0.014688239097595215,False,False
3.69,0.6543651223182678,27.346548080444336,-2.0761120319366455,-2.3813172585269533,0.9651937322316886,0.7194500000000351,0.2805499999999649,0.0,473,445,0.7332640315707161,1.266735968429284,36.0,36,0.0,25.0,0.03809332475066185,27.930082797765497,21.2616835870334,0.0,0.0,0.0,-0.3334199605366049,1.0,0.10290277004241943,0.04704996943473816,0.04648810625076294,0.023885435810971665,0.023400810863084764,0.016659208728621405,0.016730738958964746,0.0,0.0,0.02639737129211426,False,False
3.6950000000000003,0.6176402568817139,27.28434944152832,-2.099724531173706,-2.138670413766332,0.6783820072886324,0.7193500000000351,0.28064999999996487,0.0,486,461,0.7554920289398231,1.244507971060177,21.0,21,0.0,27.0,0.03805448114871979,25.602575897951706,19.489876621447284,0.0,0.0,0.0,-0.3056349638252211,1.0,0.1032172441482544,0.04694012552499771,0.04648745059967041,0.023918624978395454,0.023424115239525502,0.01675639534369111,0.01681615598499775,0.0,0.0,0.030102479457855224,False,False
3.7,0.5950953960418701,27.223527908325195,-2.067915439605713,-2.0145846549555118,0.8378916788641333,0.7192500000000351,0.28074999999996486,0.0,509,475,0.775867693194838,1.2241323068051622,17.0,17,1.0,35.0,0.03806997835636139,23.46902790645573,17.865720236326677,0.0,0.0,0.0,-0.2801653835064526,1.0,0.1033226028084755,0.046814654022455215,0.046486616134643555,0.024031347163797012,0.023544065322066637,0.016838160033027332,0.016915452045698963,0.0,0.0,0.021287493705749512,False,False
3.705,0.4335339069366455,27.171701431274414,-2.0643205642700195,-1.91096640228091,0.7024059817375232,0.7191500000000352,0.28084999999996485,0.0,646,605,0.7945453854286015,1.2054546145713985,33.0,33,5.0,41.0,0.0380231998860836,21.51327558091775,16.376910216632787,0.0,0.0,0.0,-0.25681826821424814,1.0,0.10322574526071548,0.04677653685212135,0.04648590087890625,0.024046295659499513,0.02355939423917573,0.017020922775069874,0.017102900116393965,0.0,0.0,0.022166805267333986,False,False
3.71,0.28123360872268677,27.117576599121094,-2.0816986560821533,-2.1086424401656574,0.9271701989879526,0.7190500000000352,0.28094999999996484,0.0,705,665,0.8116666033095514,1.1883333966904486,27.0,27,4.0,46.0,0.038004450500011444,19.72050261584127,15.012167698580054,0.0,0.0,0.0,-0.23541674586306077,1.0,0.1029333770275116,0.04671071097254753,0.04648512601852417,0.023995208109495507,0.023500675962305918,0.017171741152803104,0.017239443647364776,0.0,0.0,0.01978374481201172,False,False
3.715,0.2932404577732086,27.002389907836914,-2.0166192054748535,-2.2713621344712833,0.8689126008539806,0.7189500000000352,0.28104999999996483,0.0,655,619,0.8273610530337554,1.1726389469662446,21.0,21,5.0,32.0,0.03810148686170578,18.077127397854497,13.761153723698383,0.0,0.0,0.0,-0.2157986837078057,1.0,0.10352934151887894,0.04661159962415695,0.046484410762786865,0.024233603228659015,0.023755020360616934,0.017254588504632316,0.017358991317451,0.0,0.0,0.020551509857177734,False,False
3.72,0.3897325396537781,26.927471160888672,-1.9595015048980713,-2.3067801141249937,0.7995695322297882,0.7188500000000352,0.2811499999999648,0.0,610,574,0.8417476319476092,1.1582523680523908,34.0,34,3.0,27.0,0.038213059306144714,16.570700114699953,12.614390913390183,0.0,0.0,0.0,-0.1978154600654885,1.0,0.10385386645793915,0.04659806936979294,0.046483635902404785,0.02449065414074897,0.024030387316713385,0.017271969312181078,0.017415251738081377,0.0,0.0,0.021874563694000246,False,False
3.725,0.43395838141441345,26.935121536254883,-1.9387483596801758,-2.357678243677008,1.0,0.7187500000000352,0.2812499999999648,0.0,679,637,0.521601995951975,1.478398004048025,78.0,78,6.0,27.0,0.03829163685441017,23.52314177180829,11.563191670607667,0.0,0.0,0.0,-0.5979975050600312,1.0,0.10396863520145416,0.04694044589996338,0.04648292064666748,0.02453191744512811,0.024078867140225405,0.017248985047141712,0.01740389115487536,0.0,0.0,0.018248524665832523,False,False
3.73,0.4302830696105957,26.884464263916016,-1.8959369659423828,-2.2738530142915576,0.838935167534348,0.7186500000000352,0.2813499999999648,0.0,576,540,0.5614684962893105,1.4385315037106894,26.0,26,1.0,21.0,0.03826027736067772,29.896213290824264,18.932925698057026,0.0,0.0,0.0,-0.5481643796383618,1.0,0.10388055443763733,0.046895820647478104,0.046482205390930176,0.024636709931655114,0.024199582088233553,0.01728035199145476,0.01745876157656312,0.0,0.0,0.01614006519317627,False,False
3.735,0.42775169014930725,26.780427932739258,-1.8307558298110962,-1.2681287834245707,0.7801680115079569,0.7185500000000352,0.2814499999999648,0.0,658,620,0.5980127882652015,1.4019872117347985,10.0,10,3.0,25.0,0.03820302337408066,35.7381955165889,25.68851522321894,0.0,0.0,0.0,-0.5024840146684981,1.0,0.10467364639043808,0.046736348420381546,0.046481430530548096,0.024857442502630188,0.02444765500060681,0.017331611209859453,0.017548439403374992,0.0,0.0,0.03635384559631348,False,False
3.74,0.41881847381591797,26.737960815429688,-1.8213584423065186,-2.0751072859872925,0.6964290449942094,0.7184500000000352,0.2815499999999648,0.0,716,680,0.6315117225764348,1.3684882774235652,47.0,47,5.0,33.0,0.03815073519945145,32.76001255687316,23.547805621284027,0.0,0.0,0.0,-0.4606103467794565,1.0,0.10518831759691238,0.046781111508607864,0.04648071527481079,0.024918891506036062,0.024512524057877513,0.01735981786623597,0.017581908032298088,0.0,0.0,0.013529371023178102,False,False
3.745,0.42729994654655457,26.595661163330078,-1.825536847114563,-1.9049539445824595,0.8618952381973721,0.7183500000000352,0.28164999999996476,0.0,729,690,0.6622190790283986,1.3377809209716014,40.0,40,4.0,38.0,0.03815557435154915,30.03001151046706,21.585488486177024,0.0,0.0,0.0,-0.42222615121450174,1.0,0.1054864451289177,0.04682718962430954,0.046480000019073486,0.02511239869108665,0.024695117462852603,0.017521264962852,0.017745206908633314,0.0,0.0,0.02325484752655029,False,False
3.75,0.49735841155052185,26.443458557128906,-1.7916673421859741,-1.5637014786774568,0.8781153819264017,0.7182500000000352,0.28174999999996475,0.0,548,520,0.6903674891093655,1.3096325108906344,25.0,25,4.0,31.0,0.03810685873031616,27.527510551261468,19.786697778995606,0.0,0.0,0.0,-0.3870406386132931,1.0,0.10665237158536911,0.0467534214258194,0.046479225158691406,0.025409428429439898,0.025002762811063728,0.017606729331115883,0.017853586468845606,0.0,0.0,0.011181678771972656,False,False
3.755,0.4618479907512665,26.283905029296875,-1.8144091367721558,-1.9417012529931696,0.668975352289864,0.7181500000000353,0.28184999999996474,0.0,572,546,0.7161701983502518,1.2838298016497482,34.0,34,3.0,34.0,0.038058359175920486,25.233551338656344,18.137806297412638,0.0,0.0,0.0,-0.3547872520621853,1.0,0.10752686113119125,0.046754833310842514,0.0464785099029541,0.02558556617586803,0.02516526038874803,0.017818654887378216,0.0180624231385688,0.0,0.0,0.013582247495651244,False,False
3.7600000000000002,0.3654592037200928,26.19817543029785,-1.8576233386993408,-1.7584581310400382,0.852497031094895,0.7180500000000353,0.28194999999996473,0.0,641,600,0.4064893484877308,1.5,66.0,66,5.0,26.0,0.03803057223558426,31.464088727101647,16.626322439294917,0.0,0.0,0.0,-0.7418883143903365,1.0,0.10817211121320724,0.04693666473031044,0.04647785425186157,0.025625351564763966,0.02518022041558219,0.018068979649494093,0.018292687988529604,0.0,0.0,0.02002889633178711,False,False
3.765,0.3495543897151947,26.242403030395508,-1.8777525424957275,-1.1334511844440154,0.7766620026057333,0.7179500000000353,0.2820499999999647,0.0,577,543,0.19999999999999996,1.5,31.0,31,0.0,29.0,0.03817644715309143,37.17541466650984,15.240795569353674,0.0,0.0,0.0,-1.0,1.0,0.10859552770853043,0.046917472034692764,0.04647713899612427,0.025576760753096,0.025117011280108792,0.018074809728811186,0.018283839647968612,0.0,0.0,0.012976309061050415,False,False
3.77,0.29440224170684814,26.2742919921875,-1.9057234525680542,-1.8187430274269576,0.6407271105248198,0.7178500000000353,0.2821499999999647,0.0,517,492,0.19999999999999996,1.5,13.0,13,3.0,34.0,0.0382094644010067,34.07746344430068,13.970729271907533,0.0,0.0,0.0,-1.0,1.0,0.10880432277917862,0.04676828533411026,0.04647648334503174,0.025487905272747625,0.02501608340023017,0.018097766054173313,0.018292312355091177,0.0,0.0,0.013617147207260132,False,False
3.775,0.21905431151390076,26.192811965942383,-1.9019455909729004,-2.261835927271676,0.8714047214603924,0.7177500000000353,0.2822499999999647,0.0,568,522,0.2627530803455844,1.5,22.0,22,0.0,40.0,0.038229700177907944,31.237674823942292,12.806501832581905,0.0,0.0,0.0,-0.9215586495680194,1.0,0.10880555212497711,0.04666968435049057,0.046475768089294434,0.02557038629633149,0.02509652651706641,0.018248905738194786,0.018448759025583666,0.0,0.0,0.025942714214324952,False,False
3.7800000000000002,0.2295117825269699,26.142444610595703,-1.903037428855896,-2.2175933674352666,0.9108465508020414,0.7176500000000353,0.2823499999999647,0.0,636,601,0.3241903236501191,1.5,35.0,35,2.0,37.0,0.038448065519332886,28.634535255280433,11.739293346533412,0.0,0.0,0.0,-0.844762095437351,1.0,0.10860607773065567,0.046672724187374115,0.046475112438201904,0.0256443742691765,0.025167796578800857,0.01830935167769591,0.01850988871107499,0.0,0.0,0.02039102077484131,False,False
3.785,0.16522929072380066,26.0854434967041,-1.856208086013794,-1.6020972179147666,0.7766458067059452,0.7175500000000353,0.2824499999999647,0.0,659,621,0.3805077966792759,1.5,36.0,36,4.0,23.0,0.03841442987322807,26.24832398400706,10.76101890098896,0.0,0.0,0.0,-0.7743652541509051,1.0,0.10928986221551895,0.04668388143181801,0.0464743971824646,0.02575966674950834,0.025302337547647068,0.01839289984976252,0.018623823610444866,0.0,0.0,0.022928128242492678,False,False
3.79,0.024496668949723244,26.04307746887207,-1.860455870628357,-2.549019815075939,0.7951713738121854,0.7174500000000353,0.28254999999996466,0.0,657,621,0.43213214695600277,1.5,48.0,48,6.0,16.0,0.03835317865014076,32.39429698533981,18.19760065923988,0.0,0.0,0.0,-0.7098348163049965,1.0,0.10969729721546173,0.046774137765169144,0.04647374153137207,0.025734664753078708,0.025275590936807844,0.018559239494303863,0.018788140732795,0.0,0.0,0.022052898406982425,False,False
3.795,-0.006788016762584448,25.989227294921875,-1.854067087173462,-1.7205021418041282,0.957154618207003,0.7173500000000353,0.28264999999996465,0.0,579,544,0.812787801376336,1.187212198623664,32.0,32,4.0,20.0,0.03829099237918854,29.694772236561487,25.014467270969888,0.0,0.0,0.0,-0.23401524827957995,1.0,0.10989020019769669,0.04674491286277771,0.046473026275634766,0.025764168080873076,0.02530263767996733,0.018612390849739313,0.018840536940842867,0.0,0.0,0.022868096828460693,False,False
3.8000000000000003,0.06975562870502472,25.902652740478516,-1.7819721698760986,-1.912532184494937,0.7837586002624,0.7172500000000354,0.28274999999996464,0.0,537,502,0.8283888179283081,1.171611182071692,15.0,15,2.0,41.0,0.03827371075749397,27.220207883514696,22.929928331722397,0.0,0.0,0.0,-0.21451397758961493,1.0,0.11095289140939713,0.046622101217508316,0.046472370624542236,0.02603863633656803,0.025609199656638545,0.018618972972035408,0.018895814816157024,0.0,0.0,0.02053457498550415,False,False
3.805,0.13215036690235138,25.857194900512695,-1.7353464365005493,-2.08776034086418,0.7696449146382796,0.7171500000000354,0.28284999999996463,0.0,591,560,0.5093564164342824,1.4906435835657175,34.0,34,2.0,38.0,0.03821250796318054,33.28519055988847,21.01910097074553,0.0,0.0,0.0,-0.613304479457147,1.0,0.11172609031200409,0.04661427438259125,0.046471595764160156,0.026234347696104915,0.0258277143431277,0.01862045532713334,0.01892916082094113,0.0,0.0,0.026005465984344483,False,False
3.81,0.14501695334911346,25.840131759643555,-1.6950732469558716,-1.581737082826517,0.9131775673898896,0.7170500000000354,0.2829499999999646,0.0,652,620,0.21691004839809236,1.5,57.0,57,3.0,27.0,0.03813888132572174,38.84475801323109,19.267509223183403,0.0,0.0,0.0,-0.9788624395023845,1.0,0.11227195709943771,0.046729568392038345,0.04647088050842285,0.0263092475471002,0.025923053491045008,0.018613136683901153,0.018943843121329944,0.0,0.0,0.033617458343505865,False,False
3.815,0.19251008331775665,25.7491455078125,-1.6124749183654785,-1.2918081148771012,0.9190470928568412,0.7169500000000354,0.2830499999999646,0.0,620,582,0.19999999999999996,1.5,20.0,20,2.0,24.0,0.038211289793252945,43.941028178795165,17.661883454584785,0.0,0.0,0.0,-1.0,1.0,0.11259785294532776,0.04663346707820892,0.04647022485733032,0.026550016529391717,0.026211180730838536,0.018570500736435257,0.018945591679463785,0.0,0.0,0.036941778659820554,False,False
3.8200000000000003,0.27151110768318176,25.640369415283203,-1.5227351188659668,-1.6280747075784145,0.7872270083673556,0.7168500000000354,0.2831499999999646,0.0,624,591,0.36976469344561924,1.5,13.0,13,6.0,21.0,0.038137130439281464,40.279275830562234,24.523393166702718,0.0,0.0,0.0,-0.7877941331929759,1.0,0.11271096765995026,0.046492572873830795,0.04646956920623779,0.026789323084172055,0.026505167914670162,0.01846643708025416,0.018880287340531748,0.0,0.0,0.032672441005706786,False,False
3.825,0.32316115498542786,25.502901077270508,-1.5195082426071167,-1.6296944520383105,0.8301811257426083,0.7167500000000354,0.2832499999999646,0.0,604,567,0.4222843023251509,1.5,29.0,29,2.0,21.0,0.03809277340769768,36.922669511348715,22.47977706947749,0.0,0.0,0.0,-0.7221446220935613,1.0,0.11369558423757553,0.04643803834915161,0.04646885395050049,0.027066112776441373,0.026777570625572348,0.018571714560190838,0.018993199337273836,0.0,0.0,0.024193360805511478,False,False
3.83,0.439395934343338,25.34865379333496,-1.5108306407928467,-1.1958028868309538,0.8721001934394707,0.7166500000000354,0.2833499999999646,0.0,600,566,0.4704272771313883,1.5,57.0,57,5.0,21.0,0.03800531104207039,33.84578038540299,20.606462313687697,0.0,0.0,0.0,-0.6619659035857646,1.0,0.11439238488674164,0.04658268019556999,0.04646819829940796,0.027413924440042294,0.02712703794939369,0.018655224703252316,0.01908949421097835,0.0,0.0,0.008968132734298705,False,False
3.835,0.510242760181427,25.19092559814453,-1.5071324110031128,-1.4007486956083877,0.7183578871548894,0.7165500000000354,0.28344999999996456,0.0,506,470,0.5145583373704392,1.4854416626295608,34.0,34,0.0,28.0,0.03804302215576172,31.025298686619404,18.889257120880387,0.0,0.0,0.0,-0.6068020782869509,1.0,0.11486349999904633,0.046603720635175705,0.046467602252960205,0.027693447713428965,0.027413111541070217,0.018752648029476404,0.019197980873286724,0.0,0.0,0.014310271739959718,False,False
3.84,0.4871566891670227,25.057109832763672,-1.5153981447219849,-2.254713358372643,0.7612007956161919,0.7164500000000354,0.28354999999996455,0.0,451,423,0.8883451425895693,1.1116548574104308,21.0,21,0.0,33.0,0.03795546665787697,28.43985712940112,25.64848569414035,0.0,0.0,0.0,-0.13956857176303838,1.0,0.11511625349521637,0.046501245349645615,0.046466827392578125,0.027912537710429956,0.02762341112868474,0.018954859115183353,0.019406438029060762,0.0,0.0,0.015460562705993653,False,False
3.845,0.43933388590812683,25.00489616394043,-1.5054222345352173,0.18075960396352594,0.8997071532245668,0.7163500000000355,0.28364999999996454,0.0,522,493,0.8976497140404385,1.1023502859595615,26.0,26,1.0,27.0,0.0378633476793766,26.06986903528436,23.51111188629532,0.0,0.0,0.0,-0.1279378574494519,1.0,0.11515781283378601,0.04644561558961868,0.046466171741485596,0.028026904704979778,0.027733680281205268,0.019072802582134805,0.019531709452470146,0.0,0.0,0.023554582595825196,False,False
3.85,0.4268041253089905,25.03795051574707,-1.5400899648666382,-1.4753396173289732,0.7311758500596373,0.7162500000000355,0.28374999999996453,0.0,529,493,0.9061789045370686,1.0938210954629315,31.0,31,1.0,25.0,0.0377826914191246,23.897379949010663,21.55185256243738,0.0,0.0,0.0,-0.11727636932866421,1.0,0.11499513685703278,0.04638848081231117,0.04646545648574829,0.027975314014551705,0.02765478660969453,0.019098532696564995,0.019540439049402874,0.0,0.0,0.017283875942230225,False,False
3.855,0.39463701844215393,24.993602752685547,-1.575417399406433,-2.145437435792654,0.9389992683336068,0.7161500000000355,0.2838499999999645,0.0,630,593,0.9139973291589796,1.0860026708410204,27.0,27,1.0,21.0,0.03770770877599716,21.90593161992644,19.75586484890093,0.0,0.0,0.0,-0.10750333855127554,1.0,0.11463503539562225,0.04636542126536369,0.04646480083465576,0.028006400632632433,0.02765891371236572,0.01920575276017189,0.019634903098146122,0.0,0.0,0.01827832341194153,False,False
3.86,0.3631008267402649,24.94609260559082,-1.5867023468017578,-2.109005638507441,0.901449512481695,0.7160500000000355,0.2839499999999645,0.0,671,635,0.9211642183957311,1.0788357816042689,27.0,27,7.0,28.0,0.03788132220506668,20.080437318265904,18.109542778159184,0.0,0.0,0.0,-0.09854472700533598,1.0,0.1140841394662857,0.04629819467663765,0.04646408557891846,0.02807002815871888,0.027711029678465966,0.019306515653928123,0.019733592246969543,0.0,0.0,0.02789226770401001,False,False
3.865,0.36466526985168457,24.93389320373535,-1.5761642456054688,-1.8137239608056186,0.6415159808038663,0.7159500000000355,0.2840499999999645,0.0,691,657,0.5944005335294202,1.4055994664705798,41.0,41,6.0,24.0,0.037959322333335876,26.74040087507708,16.600414213312586,0.0,0.0,0.0,-0.5069993330882246,1.0,0.11442618817090988,0.04634000360965729,0.04646337032318115,0.02811214535368994,0.027759064885166017,0.019337181001901627,0.019770242894689243,0.0,0.0,0.022013835906982422,False,False
3.87,0.2938796579837799,24.8027400970459,-1.489019751548767,-1.6665447580294184,0.8852375265472807,0.7158500000000355,0.2841499999999645,0.0,688,638,0.6282004890686352,1.3717995109313648,51.0,51,2.0,32.0,0.038099076598882675,24.512034135487323,15.217046362203202,0.0,0.0,0.0,-0.464749388664206,1.0,0.11450132727622986,0.0464676134288311,0.04646259546279907,0.02837277916923553,0.028074448782678233,0.01944130597015222,0.019922510255128145,0.0,0.0,0.020955750942230227,False,False
3.875,0.1614372432231903,24.697494506835938,-1.4990226030349731,-0.8822849374438171,0.9296802361669343,0.7157500000000355,0.2842499999999645,0.0,569,537,0.6591837816462489,1.340816218353751,26.0,26,3.0,19.0,0.03829507902264595,22.46936462419671,13.948959165352935,0.0,0.0,0.0,-0.4260202729421888,1.0,0.11544843763113022,0.04639539122581482,0.046462059020996094,0.028409755296887974,0.02809488350513779,0.019669559163351856,0.020145880213628214,0.0,0.0,0.021540706157684327,False,False
3.88,0.19826069474220276,24.635774612426758,-1.4731746912002563,-1.5843960769986507,0.60502659553397,0.7156500000000355,0.28434999999996446,0.0,562,534,0.6875851331757283,1.3124148668242717,19.0,19,3.0,17.0,0.03821539506316185,20.596917572180317,12.786545901573524,0.0,0.0,0.0,-0.39051858353033964,1.0,0.11610820144414902,0.04629440978169441,0.04646134376525879,0.028532410970267368,0.028230755940117716,0.01965506778409084,0.020141993494083486,0.0,0.0,0.022727270126342774,False,False
3.8850000000000002,0.2983817160129547,24.599958419799805,-1.4277689456939697,-1.234065156555075,0.9184574323221951,0.7155500000000355,0.28444999999996445,0.0,588,551,0.7136197054110843,1.2863802945889158,53.0,53,3.0,24.0,0.03812899813055992,18.88050777449862,11.72100040977573,0.0,0.0,0.0,-0.35797536823614456,1.0,0.11654273420572281,0.04640505835413933,0.04646056890487671,0.0287831475835596,0.02851999487405719,0.01958667145421108,0.02010109058270852,0.0,0.0,0.02096871852874756,False,False
3.89,0.339123010635376,24.594623565673828,-1.380805253982544,-1.6028734745976716,0.836651109978488,0.7154500000000356,0.28454999999996444,0.0,583,546,0.4041513966268274,1.5,31.0,31,1.0,40.0,0.0380452461540699,25.640465459957067,10.744250375627752,0.0,0.0,0.0,-0.7448107542164657,1.0,0.11675936728715897,0.04637397453188896,0.046459853649139404,0.028891918565029415,0.02866770980518698,0.019523159911235176,0.020059156231582165,0.0,0.0,0.021360597610473632,False,False
3.895,0.3657667338848114,24.560304641723633,-1.3297045230865479,-1.4895805134159652,0.5425031475361433,0.7153500000000356,0.28464999999996443,0.0,656,621,1.1204721135745919,0.8795278864254082,30.0,30,3.0,40.0,0.03796030953526497,23.503760004960643,26.515562844325437,0.0,0.0,0.0,0.1505901419682397,1.0,0.11676524579524994,0.046342525631189346,0.046459197998046875,0.028998903662974456,0.028815219091328306,0.01947332639247179,0.020028512614468735,0.0,0.0,0.03090831756591797,False,False
3.9,0.41474345326423645,24.498933792114258,-1.2846602201461792,-1.5609019670477402,0.5751178395503523,0.7152500000000356,0.2847499999999644,0.0,743,702,1.110432770776709,0.8895672292232909,19.0,19,8.0,43.0,0.03790489584207535,21.54511333788059,24.305932607298317,0.0,0.0,0.0,0.13804096347088635,1.0,0.11656733602285385,0.046227604150772095,0.046458542346954346,0.0291603822200163,0.029014012760481926,0.0194085412658751,0.019976766003916662,0.0,0.0,0.034769308567047116,False,False
3.9050000000000002,0.4185348451137543,24.476673126220703,-1.27358078956604,-0.8529464130787379,0.8389536016356586,0.7151500000000356,0.2848499999999644,0.0,650,613,1.1012300398786499,0.8987699601213501,27.0,27,4.0,31.0,0.03787052258849144,19.74968722639054,22.28043822335679,0.0,0.0,0.0,0.1265375498483124,1.0,0.1161724403500557,0.04616484418511391,0.04645782709121704,0.02921971999166918,0.029084761884295506,0.019404285897811256,0.01997571516161164,0.0,0.0,0.018141275644302367,False,False
3.91,0.4841073155403137,24.364076614379883,-1.2801973819732666,-1.2721307007941998,0.7663262224900822,0.7150500000000356,0.2849499999999644,0.0,646,611,1.0927942032220956,0.9072057967779042,75.0,75,3.0,21.0,0.037799254059791565,18.10387995752466,20.423735038077055,0.0,0.0,0.0,0.11599275402761969,1.0,0.11666445434093475,0.046449121087789536,0.046457111835479736,0.029475155096771934,0.029326760522709973,0.01947839821999272,0.020052336622029543,0.0,0.0,0.020610761642456055,False,False
3.915,0.6004444360733032,24.292064666748047,-1.2652838230133057,-1.8360990093402532,0.8233297686912177,0.7149500000000356,0.2850499999999644,0.0,524,492,1.418394686286921,0.581605313713079,33.0,33,0.0,15.0,0.03830428794026375,16.595223294397606,27.05509045157063,0.0,0.0,0.0,0.5229933578586513,1.0,0.11688368767499924,0.04644719511270523,0.046456336975097656,0.02970829015675229,0.029572221043208415,0.01942809360722701,0.020007763523608446,0.0,0.0,0.013688716888427734,False,False
3.92,0.6320210099220276,24.221084594726562,-1.2655600309371948,-1.4004095281472728,0.8043936967042845,0.7148500000000356,0.2851499999999644,0.0,558,519,1.0501951290963443,0.9498048709036557,27.0,27,4.0,37.0,0.038435813039541245,23.545621353197802,24.80049958060641,0.0,0.0,0.0,0.06274391137043037,1.0,0.11689190566539764,0.04638899862766266,0.04645562171936035,0.029873311588889097,0.02973700948129326,0.019483071907112997,0.020066980117311083,0.0,0.0,0.014211876392364504,False,False
3.9250000000000003,0.5743244290351868,24.123294830322266,-1.2994582653045654,-1.4615599071319003,0.6906189288928419,0.7147500000000356,0.28524999999996437,0.0,595,565,1.3793455350049824,0.6206544649950176,13.0,13,2.0,33.0,0.03841663897037506,21.583486240431316,31.067124615555873,0.0,0.0,0.0,0.47418191875622784,1.0,0.1166960746049881,0.04625227302312851,0.04645490646362305,0.03005017563056428,0.029878070941892553,0.01972915759931008,0.020313883821169536,0.0,0.0,0.018257696628570557,False,False
3.93,0.5464645624160767,24.09168815612793,-1.3370460271835327,-1.4522325532546023,0.6560388737615138,0.7146500000000356,0.28534999999996435,0.0,669,625,1.5,0.3189332595787663,25.0,25,1.0,35.0,0.03841755911707878,19.784862387062038,36.81153089759288,0.0,0.0,0.0,0.8513334255265421,1.0,0.11630300432443619,0.04618193954229355,0.04645425081253052,0.030144121943545318,0.02993315580126281,0.019883053998152416,0.020460793748497963,0.0,0.0,0.016336064338684085,False,False
3.935,0.5394404530525208,24.094144821166992,-1.3939404487609863,-1.7163576474141733,0.8040756188012884,0.7145500000000357,0.28544999999996434,0.0,633,596,1.290977845386131,0.7090221546138691,45.0,45,4.0,32.0,0.038376640528440475,26.4694571881402,33.74390332279347,0.0,0.0,0.0,0.36372230673266354,1.0,0.1167965978384018,0.04621747136116028,0.04645347595214844,0.030142915011848417,0.029882714697158995,0.019966124091297388,0.020524928501496714,0.0,0.0,0.020538406372070314,False,False
3.94,0.5102388858795166,24.0240535736084,-1.428317666053772,-1.2449407741311693,0.8012624050157768,0.7144500000000357,0.28554999999996433,0.0,635,610,0.93339635827062,1.06660364172938,57.0,57,1.0,36.0,0.038291241973638535,32.59700242246185,30.931911379227348,0.0,0.0,0.0,-0.08325455216172503,1.0,0.11701718717813492,0.046417590230703354,0.046452879905700684,0.030258172079725906,0.02996626645912489,0.02012583427131176,0.02067792695015669,0.0,0.0,0.030499982833862304,False,False
3.9450000000000003,0.49136796593666077,23.982694625854492,-1.4482413530349731,-1.2201348618425871,0.8464941623794426,0.7143500000000357,0.2856499999999643,0.0,624,591,0.9389466617480683,1.0610533382519316,18.0,18,4.0,32.0,0.03823249414563179,29.88058555392336,28.354252097625068,0.0,0.0,0.0,-0.07631667281491464,1.0,0.11702652275562286,0.04629352688789368,0.046452105045318604,0.03031074911134699,0.029999589765676394,0.02022317610681057,0.020770454624046884,0.0,0.0,0.02567004203796387,False,False
3.95,0.4926866590976715,23.857372283935547,-1.4212546348571777,-1.8681046282388807,0.9218810612782007,0.7142500000000357,0.2857499999999643,0.0,625,582,0.9440344399357292,1.0559655600642708,17.0,17,6.0,28.0,0.03815547376871109,27.39053675776308,25.99139775615631,0.0,0.0,0.0,-0.06995695008033849,1.0,0.11683159321546555,0.04617956280708313,0.0464513897895813,0.030562510945367716,0.03026764434878631,0.020342067970583837,0.020908281827966373,0.0,0.0,0.02020301342010498,False,False
3.955,0.42582887411117554,23.708663940429688,-1.396225094795227,-1.4415699209132389,0.8571620444028252,0.7141500000000357,0.2858499999999643,0.0,606,569,0.9486982366077519,1.0513017633922481,53.0,53,4.0,43.0,0.03807989880442619,25.10799202794949,23.825447943143285,0.0,0.0,0.0,-0.06412720424031022,1.0,0.11643920838832855,0.0462925061583519,0.046450674533843994,0.0308316566117953,0.030552303967802556,0.020561107279111944,0.021149501359711092,0.0,0.0,0.015121561288833619,False,False
3.96,0.37091144919395447,23.60511589050293,-1.4123834371566772,-1.4999428366027754,0.7064635789388842,0.7140500000000357,0.2859499999999643,0.0,637,605,0.6196400502237724,1.3803599497762276,42.0,42,2.0,41.0,0.03836299106478691,31.34899269228703,21.839993947881343,0.0,0.0,0.0,-0.4754499372202844,1.0,0.11585600674152374,0.04632289707660675,0.046449899673461914,0.0309439139925711,0.03064187914967297,0.020743302690486114,0.021328045210490625,0.0,0.0,0.015978809595108036,False,False
3.9650000000000003,0.431334912776947,23.516197204589844,-1.3905880451202393,-0.9035541317668783,0.46937622275557617,0.7139500000000357,0.2860499999999643,0.0,626,602,0.31800337937179146,1.5,30.0,30,3.0,29.0,0.038603127002716064,37.069909967929775,20.019994452224562,0.0,0.0,0.0,-0.8524957757852606,1.0,0.11616574227809906,0.04632844030857086,0.04644918441772461,0.03122165460884484,0.03093355370615523,0.02074871367464463,0.021344457442561787,0.0,0.0,0.01999196529388428,False,False
3.97,0.5307778120040894,23.491121292114258,-1.3375253677368164,-1.2049886347719574,0.929439565998208,0.7138500000000357,0.28614999999996427,0.0,605,563,0.7081697644241421,1.291830235575858,21.0,21,2.0,18.0,0.03852996602654457,33.98075080393563,26.684994914539182,0.0,0.0,0.0,-0.3647877944698223,1.0,0.11620856821537018,0.04625044763088226,0.04644852876663208,0.031455650131488905,0.03121875562204427,0.020601647750784956,0.021217382357766233,0.0,0.0,0.02191239356994629,False,False
3.975,0.5479090809822083,23.547077178955078,-1.2993663549423218,-1.653008328460149,0.7778354834117588,0.7137500000000357,0.28624999999996426,0.0,665,621,0.7324889507221303,1.2675110492778696,28.0,28,4.0,21.0,0.03845697268843651,31.149021570274325,24.461245338327583,0.0,0.0,0.0,-0.33438881159733713,1.0,0.11604610830545425,0.046188585460186005,0.046447694301605225,0.031388458750559074,0.031188958746845897,0.020492985689391695,0.021120866294950247,0.0,0.0,0.016556077003479004,False,False
3.98,0.6035416126251221,23.50271224975586,-1.25821053981781,-0.9035077663293732,0.7163975650215847,0.7136500000000358,0.28634999999996424,0.0,608,572,0.42144820482861955,1.5,53.0,53,2.0,31.0,0.03837226703763008,36.88660310608479,22.42280822680028,0.0,0.0,0.0,-0.7231897439642255,1.0,0.11568519473075867,0.04631221294403076,0.04644709825515747,0.031551392725667975,0.03138669057807333,0.0204333298218747,0.021073334695150457,0.0,0.0,0.02294102907180786,False,False
3.985,0.6632018089294434,23.439790725708008,-1.2119636535644531,-1.0195905812249781,0.7496207486568542,0.7135500000000358,0.28644999999996423,0.0,650,624,0.19999999999999996,1.5,40.0,40,3.0,34.0,0.038289908319711685,42.14605284724439,20.554240874566926,0.0,0.0,0.0,-1.0,1.0,0.11513248831033707,0.04633846506476402,0.04644644260406494,0.0317460419307454,0.031628084185144296,0.020338118386765323,0.020988361599544685,0.0,0.0,0.04078045368194581,False,False
3.99,0.6686250567436218,23.434091567993164,-1.2143359184265137,-0.7802614951173301,0.5784271961526605,0.7134500000000358,0.2865499999999642,0.0,530,499,0.20830022766849288,1.5,20.0,20,4.0,27.0,0.03819500654935837,38.63388177664069,18.841387468353016,0.0,0.0,0.0,-0.9896247154143838,1.0,0.11547175794839859,0.04622849449515343,0.04644566774368286,0.03174915582263599,0.03163018749522268,0.0203279087630411,0.020976484132309757,0.0,0.0,0.014462410211563113,False,False
3.995,0.7307724952697754,23.336626052856445,-1.2652850151062012,-1.2761368326065474,0.8341714380366697,0.7133500000000358,0.2866499999999642,0.0,538,504,0.27427520869611866,1.5,16.0,16,3.0,27.0,0.03810063377022743,35.414391628587296,17.271271845990263,0.0,0.0,0.0,-0.9071559891298516,1.0,0.11554320156574249,0.046110011637210846,0.04644495248794556,0.03201824371155728,0.03184374686248977,0.020462141061822575,0.021102790875981253,0.0,0.0,0.017366032600402835,False,False
4.0,0.826418399810791,23.21232032775879,-1.2220864295959473,-1.375369964451335,0.9344225481847211,0.7132500000000358,0.2867499999999642,0.0,611,571,0.6680856079714422,1.3319143920285579,24.0,24,1.0,29.0,0.03802352398633957,32.46319232620502,24.165332525491074,0.0,0.0,0.0,-0.4148929900356972,1.0,0.11540844291448593,0.04603658244013786,0.04644423723220825,0.03238545277245098,0.03225224029521058,0.020448660167555015,0.0211041575918595,0.0,0.0,0.019275022745132448,False,False
