t_s,x,y,heading,bump,bump_strength,energy,hunger,arousal,spikes,active,drive_l,drive_r,kc,kc_active,mbon,cx,modulation,dn_left,dn_right,dn_stop,dn_back,mn9,turn,gate,da_max,elig_mean,depressed,in_odor_good_l,in_odor_good_r,in_odor_bad_l,in_odor_bad_r,in_sugar,in_bitter,in_touch,on_food,on_hazard
0.005,0.01634914241731167,0.0073094856925308704,0.0,-0.40256215534970125,0.9988868510511884,0.9999,9.999999999998899e-05,0.0,17,17,1.0,1.0,0.0,0,0.0,2.0,5.334213142305089e-07,0.0,0.0,0.0,0.0,0.0,0.0,1.0,0.0,0.0,0.0,0.07402185040215652,0.07390081261595091,0.03389257937669754,0.03381420547763507,0.0,0.0,0.0,False,False
0.01,0.016796233132481575,0.007186264730989933,-0.0005088300677016377,0.04559798173532613,0.8522286870408672,0.9998,0.00019999999999997797,0.0,16,16,1.0,1.0,0.0,0,0.0,6.0,2.391918087596423e-06,0.0,0.0,0.0,0.0,0.0,0.0,1.0,0.0,0.0,0.0,0.07405160345944266,0.0739256698464354,0.03387152993430694,0.03379499539732933,0.0,0.0,0.0,False,False
0.015,0.055618010461330414,0.007244110573083162,-0.001039964845404029,-0.05268016962134318,0.8865964022423666,0.9997,0.00029999999999996696,0.0,168,161,1.0,1.0,0.0,0,0.0,7.0,2.5242827177862637e-05,0.0,0.0,0.0,0.0,0.0,0.0,1.0,0.0,0.0,0.0,0.07412371669337153,0.07398537831567227,0.03378094484408697,0.03370910262068113,0.0,0.0,0.06566192626953125,False,False
0.02,0.1340610235929489,0.0032653934322297573,-0.008780107833445072,-0.2832282545878622,0.7106658732678992,0.9996,0.00039999999999995595,0.0,74,72,1.0,1.0,0.0,0,0.0,9.0,4.5280918129719794e-05,0.0,0.0,0.0,0.0,0.0,0.0,1.0,0.0,0.0,0.0,0.07456628817971796,0.07437882502035549,0.033641575525204345,0.033583881643911205,0.0,0.0,0.018277143239974977,False,False
0.025,0.16855183243751526,-0.015332525596022606,-0.00916608702391386,-0.21722948750269053,0.9001784360642487,0.9995,0.0004999999999999449,0.0,117,116,1.0,1.0,0.0,0,0.0,12.0,0.00030906472238712013,0.0,0.0,0.0,0.0,0.0,0.0,1.0,0.0,0.0,0.0,0.07467017301544547,0.0744733865869542,0.03359922828773658,0.03354456586142381,0.0,0.0,0.01656692743301392,False,False
0.03,0.1831636130809784,-0.014615540392696857,-0.008488910272717476,0.07460512480929117,0.8014712403525243,0.9994000000000001,0.0005999999999999339,0.0,79,78,1.0,1.0,0.0,0,0.0,13.0,0.00036513881059363484,0.0,0.0,0.0,0.0,0.0,0.0,1.0,0.0,0.0,0.0,0.07479649284854531,0.07459103664848953,0.03356298742194971,0.033511072397232056,0.0,0.0,0.01608288288116455,False,False
0.035,0.20784468948841095,-0.0032055778428912163,-0.0007555620395578444,0.26722395259591425,0.8183293824919414,0.9993000000000001,0.0006999999999999229,0.0,75,73,1.0,1.0,0.0,0,0.0,16.0,0.00036772273597307503,0.0,0.0,0.0,0.0,0.0,0.0,1.0,0.0,0.0,0.0,0.074932108660539,0.07473046817009649,0.03352601702014606,0.033470919976631805,0.0,0.0,0.011671748161315918,False,False
0.04,0.23695340752601624,0.001934943487867713,-0.006050031632184982,0.3408337748957807,0.6414754951663194,0.9992000000000001,0.0007999999999999119,0.0,67,67,1.0,1.0,0.0,0,0.0,15.0,0.0004039380874019116,0.0,0.0,0.0,0.0,0.0,0.0,1.0,0.0,0.0,0.0,0.07509409389769038,0.0748677949560806,0.033470094203948975,0.03342124167829752,0.0,0.0,0.01256680965423584,False,False
0.045,0.2369312345981598,0.048443008214235306,0.007377976551651955,-0.30512894113988515,0.9988304482912596,0.9991000000000001,0.0008999999999999009,0.0,74,73,1.0,1.0,0.0,0,0.0,12.0,0.0004232334904372692,0.0,0.0,0.0,0.0,0.0,0.0,1.0,0.0,0.0,0.0,0.07508882562071086,0.07488905556499958,0.033481313536564514,0.033422455502053104,0.0,0.0,0.01649080753326416,False,False
0.05,0.21363364160060883,0.10650233924388885,0.07409507781267166,0.4426090144995964,0.8865709913693249,0.9990000000000001,0.0009999999999998899,0.0,70,68,1.0,1.0,0.0,0,0.0,14.0,0.0004438947653397918,0.0,0.0,0.0,0.0,0.0,0.0,1.0,0.0,0.0,0.0,0.07491767367596427,0.07485067306738347,0.03357610820482175,0.03346147481352091,0.0,0.0,0.014117021560668946,False,False
0.055,0.2272185981273651,0.1333455741405487,0.13540007174015045,0.6151018537181115,0.9893566779450824,0.9989000000000001,0.0010999999999998789,0.0,106,104,1.0,1.0,0.0,0,0.0,15.0,0.0005916739464737475,0.0,0.0,0.0,0.0,0.0,0.0,1.0,0.0003121113986708224,0.0,0.0,0.07477670348870258,0.07482844668750961,0.03362307480225961,0.03346101691325506,0.0,0.0,0.014940443038940428,False,False
0.06,0.304235577583313,0.20249123871326447,0.19298774003982544,-0.4358883741896434,0.9981488112180851,0.9988000000000001,0.0011999999999998678,0.0,153,149,1.0,1.0,0.0,0,0.0,18.0,0.0011144406162202358,0.0,0.0,0.0,0.0,0.0,0.0,1.0,0.0006445228355005383,0.0,0.0,0.0749506691135466,0.07509702273458242,0.03356852723906438,0.033366569938759014,0.0,0.0,0.016250948905944827,False,False
0.065,0.38255780935287476,0.24034352600574493,0.14320139586925507,0.1484727075960135,0.715368071192159,0.9987000000000001,0.0012999999999998568,0.0,169,168,1.0,1.0,0.0,0,0.0,14.0,0.001276482711546123,0.0,0.0,0.0,0.0,0.0,0.0,1.0,0.0012755653588101268,0.0,0.0,0.07543947534014782,0.07547175331041216,0.033391813437143966,0.03323174236963193,0.0,0.0,0.015923570394515994,False,False
0.07,0.4375271797180176,0.25969198346138,0.10309652239084244,-0.39197980960240597,0.8294400474939762,0.9986000000000002,0.0013999999999998458,0.0,195,192,1.0,1.0,0.0,0,1.0,18.0,0.001533012604340911,0.0,0.0,0.0,0.0,0.0,0.0,1.0,0.002228153171017766,0.0,0.0,0.07597552038170396,0.07589542820552984,0.033250210496286556,0.033126419099668666,0.0,0.0,0.011204990148544312,False,False
0.075,0.49641528725624084,0.30902808904647827,0.13395194709300995,-0.4022405229018349,0.9913922770209873,0.9985000000000002,0.0014999999999998348,0.0,225,218,1.0,1.0,0.0,0,2.0,15.0,0.0017907109577208757,0.0,0.0,0.0,0.0,0.0,0.0,1.0,0.0035351284313946962,0.0,0.0,0.0765021799597889,0.07645711545087396,0.033147213980555534,0.0330078462138772,0.0,0.0,0.014111609458923341,False,False
0.08,0.5771673321723938,0.3332591950893402,0.14366376399993896,-0.19520376383365318,0.8169940847727998,0.9984000000000002,0.0015999999999998238,0.0,231,231,1.0,1.0,0.0,0,3.0,16.0,0.0021504578180611134,8.333333333333332,8.333333333333332,0.0,0.0,0.0,0.0,1.0,0.005207676440477371,0.0,0.0,0.07710786993615328,0.077046664878726,0.033002373141547046,0.032863717836638294,0.0,0.0,0.021807565689086917,False,False
0.085,0.6504290699958801,0.32733431458473206,0.14829978346824646,0.19785685504718536,0.8652098239385887,0.9983000000000002,0.0016999999999998128,0.0,226,223,1.0,1.0,0.0,0,0.0,17.0,0.0023180274292826653,7.6388888888888875,7.6388888888888875,0.0,0.0,0.0,0.0,1.0,0.007114246021956205,0.0,0.0,0.07768203211824098,0.07759954349199931,0.03287206559131543,0.032741897739470005,0.0,0.0,0.015282294750213624,False,False
0.09,0.6928475499153137,0.3393312394618988,0.14135058224201202,-0.11652706990536296,0.744404808034796,0.9982000000000002,0.0017999999999998018,0.0,195,194,1.0,1.0,0.0,0,0.0,19.0,0.0025817640125751495,7.002314814814813,7.002314814814813,0.0,0.0,0.0,0.0,1.0,0.00898622814565897,0.0,0.0,0.0779795888867229,0.07786851400975138,0.03280113606403272,0.032680529790620014,0.0,0.0,0.021412281990051272,False,False
0.095,0.7351489663124084,0.3089388608932495,0.10242415219545364,0.045856399653298366,0.48447562807184225,0.9981000000000002,0.0018999999999997907,0.0,197,193,0.6666666666666667,1.3333333333333333,0.0,0,0.0,31.0,0.0028314830269664526,14.752121913580243,6.418788580246912,0.0,0.0,0.0,-0.41666666666666663,1.0,0.010791229084134102,0.0,0.0,0.0782201475209246,0.07799895523861049,0.032694016893704735,0.03260680163900058,0.0,0.0,0.022033600807189944,False,False
0.1,0.7655009031295776,0.27284514904022217,0.08048535883426666,0.7145279052623288,0.18667515269053506,0.9980000000000002,0.0019999999999997797,0.0,242,241,1.0277777777777777,0.9722222222222222,1.0,1,0.0,25.0,0.0030564216431230307,13.52277842078189,14.217222865226335,0.0,0.0,0.0,0.03472222222222223,1.0,0.012891380116343498,9.617860996513627e-06,0.0,0.07845067834202199,0.07815610739060987,0.032613747753202915,0.03254869642357032,0.0,0.0,0.03385483741760254,False,False
0.105,0.8065458536148071,0.2928629219532013,0.08766088634729385,-0.03984451901082332,0.6058824372081194,0.9979000000000002,0.0020999999999997687,0.0,249,241,1.025462962962963,0.974537037037037,0.0,0,3.0,19.0,0.0035938629880547523,12.395880219050065,13.03245429312414,0.0,0.0,0.0,0.03182870370370372,1.0,0.015212681144475937,9.577786840964109e-06,0.0,0.07869410047307608,0.07840719267725943,0.032553281635046005,0.03249010071158409,0.0,0.0,0.018444703817367555,False,False
0.11,0.8929634690284729,0.2678377032279968,0.11050829291343689,-0.7832653177914637,0.9608446411731056,0.9978000000000002,0.0021999999999997577,0.0,233,231,1.023341049382716,0.9766589506172839,0.0,0,0.0,14.0,0.0041208816692233086,11.362890200795892,11.946416435363794,0.0,0.0,0.0,0.029176311728395098,1.0,0.017483321949839592,9.537879122945014e-06,0.0,0.0792153723736604,0.07894864142065246,0.03242220729589462,0.032354313880205154,0.0,0.0,0.01582887411117554,False,False
0.115,0.9438524842262268,0.24583952128887177,0.08092359453439713,-0.32411260417100773,0.7737975073932123,0.9977000000000003,0.0022999999999997467,0.0,250,247,1.0213959619341564,0.9786040380658436,0.0,0,2.0,9.0,0.004562842659652233,10.4159826840629,10.95088173241681,0.0,0.0,0.0,0.026744952417695523,1.0,0.020075539126992226,9.498137842456345e-06,0.0,0.07952050323722262,0.07915598122651377,0.03233921558906635,0.032292312632004425,0.0,0.0,0.01812437653541565,False,False
0.12,1.034445881843567,0.23171338438987732,0.09983649849891663,0.13511687726582272,0.7544423012933473,0.9976000000000003,0.0023999999999997357,0.0,286,276,1.01961296510631,0.98038703489369,0.0,0,7.0,13.0,0.004762789700180292,9.547984127057658,10.038308254715409,0.0,0.0,0.0,0.02451620638288752,1.0,0.02303711511194706,9.458562090003397e-06,0.0,0.07984143162891266,0.0794848885955289,0.03223609644919634,0.032178328062097236,0.0,0.0,0.03646934986114502,False,False
0.125,1.0897082090377808,0.20374338328838348,0.16121414303779602,-1.3657748197920618,0.8745807774489748,0.9975000000000003,0.0024999999999997247,0.0,397,388,1.0179785513474509,0.9820214486525491,0.0,0,4.0,15.0,0.0051900544203817844,8.752318783136186,9.201782566822457,0.0,0.0,0.0,0.02247318918431356,1.0,0.026279544457793236,9.419151865586173e-06,0.0,0.08018500523765881,0.07992419720937807,0.032180583414932094,0.032083685509860516,0.0,0.0,0.07379682064056396,False,False
0.13,1.0641721487045288,0.26287418603897095,0.2147764265537262,-0.564232652689511,0.5466694438826493,0.9974000000000003,0.0025999999999997137,0.0,297,292,0.6831470054018298,1.3168529945981702,0.0,0,1.0,12.0,0.0054329764097929,16.356292217874838,8.434967352920586,0.0,0.0,0.0,-0.3960662432477126,1.0,0.029744921252131462,9.379905350215267e-06,0.0,0.08028718812856821,0.0801887502040093,0.03223359895249208,0.03209528513252735,0.0,0.0,0.03268296241760254,False,False
0.135,1.0552533864974976,0.3463892936706543,0.22865413129329681,0.5249736634464655,0.6247450969184982,0.9973000000000003,0.0026999999999997026,0.0,254,250,0.3762180882850108,1.5,0.0,0,0.0,16.0,0.005860406905412674,23.3266011997186,7.732053406843869,0.0,0.0,0.0,-0.7797273896437364,1.0,0.033427365124225616,9.340822543890681e-06,0.0,0.08049386020191011,0.0804509297646582,0.03222952907284101,0.03208518649140994,0.0,0.0,0.022923176288604737,False,False
0.14,1.0865057706832886,0.3839755356311798,0.25147122144699097,0.9364778405642085,0.7939583971739539,0.9972000000000003,0.0027999999999996916,0.0,313,305,0.4281999142612599,1.5,0.0,0,1.0,22.0,0.005988162010908127,21.382717766408714,7.087715622940213,0.0,0.0,0.0,-0.714750107173425,1.0,0.03731861338019371,9.301902537117712e-06,0.0,0.08075249636297423,0.0807651187283918,0.03218112513422966,0.03202585193018119,0.0,0.0,0.03618894338607788,False,False
0.145,1.1321914196014404,0.40768587589263916,0.2977556586265564,-0.6612299251186259,0.32305667831528423,0.9971000000000003,0.0028999999999996806,0.0,330,322,0.4758499214061549,1.5,0.0,0,5.0,26.0,0.006546905264258385,19.600824619207987,6.497072654361862,0.0,0.0,0.0,-0.6551875982423063,1.0,0.041528306901454926,9.263144420401659e-06,0.0,0.08114562177409726,0.08127446056902406,0.032138560588161155,0.031952702750762306,0.0,0.0,0.022449121475219727,False,False
0.15,1.2508089542388916,0.4563309848308563,0.27428358793258667,0.06131511086699119,0.593120466396184,0.9970000000000003,0.0029999999999996696,0.0,302,299,0.19999999999999996,1.5,0.0,0,4.0,35.0,0.007158094551414251,26.300755900940654,5.95564993316504,0.0,0.0,0.0,-1.0,1.0,0.045875173062086105,9.22454728424782e-06,0.0,0.08201586710102854,0.08204444821737704,0.03195137716829777,0.031785901325444385,0.0,0.0,0.01744348764419556,False,False
0.155,1.339152216911316,0.5791662931442261,0.27331897616386414,0.5060004442857293,0.43218598617504805,0.9969000000000003,0.0030999999999996586,0.0,227,226,0.2540127811815608,1.5,0.0,0,0.0,18.0,0.007553623057901859,24.10902624252893,5.459345772067953,0.0,0.0,0.0,-0.9324840235230489,1.0,0.05009537935256958,9.186112038150895e-06,0.0,0.08268090326959886,0.08271727465403575,0.0318271666765213,0.03166628070175648,0.0,0.0,0.017206367254257206,False,False
0.16,1.4188032150268555,0.6450450420379639,0.2922280728816986,0.8495902568213121,0.6747391945471232,0.9968000000000004,0.0031999999999996476,0.0,241,240,0.3161783827497642,1.5,0.0,0,0.0,15.0,0.008067340590059757,22.099940722318184,5.004400291062289,0.0,0.0,0.0,-0.8547770215627948,1.0,0.054471030831336975,9.147835953626782e-06,0.0,0.08347656082424022,0.08356319631543008,0.031709003572662674,0.031539982495208584,0.0,0.0,0.013748428821563722,False,False
0.165,1.5397759675979614,0.6053576469421387,0.27914392948150635,0.11769087496639248,0.5449265824314746,0.9967000000000004,0.0032999999999996366,0.0,247,243,0.37316351752061727,1.5,0.0,0,1.0,19.0,0.008213747292757034,28.591612328791665,12.920700266807097,0.0,0.0,0.0,-0.7835456030992284,1.0,0.059340838342905045,9.109720849664882e-06,0.0,0.08452956402301787,0.08450859515368936,0.03149380752195915,0.03134809123973052,0.0,0.0,0.013283601999282838,False,False
0.17,1.6046067476272583,0.5671740770339966,0.2650531232357025,0.13861958261687538,0.9001575551709766,0.9966000000000004,0.0033999999999996255,0.0,309,300,0.42539989106056597,1.5,0.0,0,1.0,20.0,0.008484790101647377,26.208977968059024,11.843975244573173,0.0,0.0,0.0,-0.7182501361742926,1.0,0.06447502225637436,9.071763088286389e-06,0.0,0.08510797465375311,0.08499493454769251,0.03136487367252509,0.031238594092428684,0.0,0.0,0.022423217296600344,False,False
0.17500000000000002,1.5975815057754517,0.5646578073501587,0.22358021140098572,0.13739112655018107,0.8357102680014623,0.9965000000000004,0.0034999999999996145,0.0,267,263,0.47328323347218537,1.5,0.0,0,1.0,27.0,0.008667686022818089,24.024896470720773,10.856977307525408,0.0,0.0,0.0,-0.6583959581597683,1.0,0.06939700990915298,9.033964488480706e-06,0.0,0.08527419298328456,0.08501043655785419,0.0313330984984835,0.031237746588885784,0.0,0.0,0.020215702056884766,False,False
0.18,1.6641281843185425,0.5540497303009033,0.19500122964382172,0.0501116068972462,0.751387218343192,0.9964000000000004,0.0035999999999996035,0.0,301,297,0.5171762973495033,1.4828237026504967,0.0,0,4.0,25.0,0.009005808271467686,22.022821764827373,9.952229198564957,0.0,0.0,0.0,-0.6035296283131208,1.0,0.07453998923301697,8.99632323125843e-06,0.0,0.08575366486329582,0.08536828366108236,0.031222403049468994,0.03114895739903053,0.0,0.0,0.026050100326538088,False,False
0.185,1.7204610109329224,0.5332233905792236,0.18702681362628937,-0.011433952701973586,0.28893690730463983,0.9963000000000004,0.0036999999999995925,0.0,342,342,0.22407827257037805,1.5,0.0,0,5.0,20.0,0.009383744560182095,28.520919951091756,9.12287676535121,0.0,0.0,0.0,-0.9699021592870274,1.0,0.07978323847055435,8.958838407124858e-06,0.0,0.08614727786555883,0.08570646628364917,0.03113231621682644,0.031068616857131325,0.0,0.0,0.03132535696029663,False,False
0.19,1.7702001333236694,0.5252426862716675,0.19755350053310394,-0.3010776534604026,0.45964624184515274,0.9962000000000004,0.0037999999999995815,0.0,355,341,0.19999999999999996,1.5,0.0,0,3.0,17.0,0.009741443209350109,34.47750995516744,8.362637034905275,0.0,0.0,0.0,-1.0,1.0,0.0853208601474762,8.921510016079992e-06,0.0,0.08659310587433475,0.08615993105030306,0.0310533307492733,0.030991684955855213,0.0,0.0,0.021331570148468017,False,False
0.195,1.8746474981307983,0.5009649991989136,0.2644446790218353,0.1623049189086724,0.5253307879096957,0.9961000000000004,0.0038999999999995705,0.0,349,341,0.19999999999999996,1.5,0.0,0,3.0,27.0,0.009856275282800198,39.937717458903485,7.665750615329834,0.0,0.0,0.0,-1.0,1.0,0.09105522930622101,8.884336239134427e-06,0.0,0.08732504814863201,0.08707593246176835,0.03094427442799012,0.030843508429825306,0.0,0.0,0.021153783798217772,False,False
0.2,1.95474374294281,0.42269235849380493,0.25440630316734314,0.4002973824897405,0.9403669847641652,0.9960000000000004,0.0039999999999995595,0.0,340,335,0.19999999999999996,1.5,0.0,0,3.0,25.0,0.010203820653259754,36.60957433732819,7.026938064052348,0.0,0.0,0.0,-1.0,1.0,0.096864253282547,8.847317985782865e-06,0.0,0.08751817364959665,0.08717977301714318,0.030861768561104935,0.030774266148606937,0.0,0.0,0.02348961591720581,False,False
0.20500000000000002,1.9877431392669678,0.4385475516319275,0.2739870250225067,0.6320562887438084,0.9393287113746146,0.9959000000000005,0.0040999999999995485,0.0,304,297,0.24863666997988565,1.5,0.0,0,0.0,27.0,0.010654508136212826,33.55877647588417,14.774693225381316,0.0,0.0,0.0,-0.9392041625251428,1.0,0.10248348116874695,8.810454346530605e-06,0.0,0.08779797742764152,0.087507807140549,0.030824548254410427,0.030726812159021698,0.0,0.0,0.024335906505584717,False,False
0.21,1.9905753135681152,0.5368725657463074,0.3464493453502655,0.3997876150280414,0.45170824963155637,0.9958000000000005,0.0041999999999995374,0.0,248,246,0.19999999999999996,1.5,0.0,0,0.0,20.0,0.010769618675112724,39.09554510289382,13.543468789932874,0.0,0.0,0.0,-1.0,1.0,0.10819671303033829,8.773744411882944e-06,0.0,0.08845931974239644,0.08845822251029309,0.03081902706374725,0.030670108584066234,0.0,0.0,0.023731112480163574,False,False
0.215,1.9677475690841675,0.5883760452270508,0.3914628326892853,0.4614031956130316,0.8210644928257749,0.9957000000000005,0.004299999999999526,0.0,262,261,0.19999999999999996,1.5,0.0,0,2.0,22.0,0.010847830213606358,44.17091634431934,12.4148463907718,0.0,0.0,0.0,-1.0,1.0,0.11372008919715881,8.737187272345182e-06,0.0,0.08858116818591948,0.08877185619001585,0.030852132476866245,0.03067479313661655,0.0,0.0,0.024162023067474368,False,False
0.22,1.9745994806289673,0.6224971413612366,0.43003174662590027,-0.11215358596622589,0.77985801336865,0.9956000000000005,0.004399999999999515,0.0,364,352,0.19999999999999996,1.5,0.0,0,2.0,22.0,0.011387412436306477,40.490006648959394,11.380275858207483,0.0,0.0,0.0,-1.0,1.0,0.11974164098501205,8.700782018422615e-06,0.0,0.0888024301351979,0.08913889541104432,0.030846381559967995,0.030647104916473232,0.0,0.0,0.03526913166046143,False,False
0.225,2.0157647132873535,0.7137637138366699,0.5019769072532654,0.7108070787626626,0.6650668024583667,0.9955000000000005,0.004499999999999504,0.0,456,443,0.19999999999999996,1.5,0.0,0,4.0,30.0,0.011957601644098759,37.11583942821277,10.431919536690192,0.0,0.0,0.0,-1.0,1.0,0.12589813768863678,8.664528650115244e-06,0.0,0.08919435195252295,0.08984658941254016,0.030841431580483913,0.030587792086104553,0.0,0.0,0.04030980110168457,False,False
0.23,2.0990381240844727,0.7771138548851013,0.5313965082168579,-0.11510313815660002,0.8947735123122279,0.9954000000000005,0.004599999999999493,0.0,434,418,0.19999999999999996,1.5,0.0,0,5.0,25.0,0.012487064115703106,42.35618614252837,9.562592908632675,0.0,0.0,0.0,-1.0,1.0,0.1321781426668167,8.628426257928368e-06,0.0,0.08982416694362955,0.09060548601206388,0.030755649010340374,0.030479704340298973,0.0,0.0,0.024625246524810792,False,False
0.23500000000000001,2.2242228984832764,0.8881303071975708,0.5246368646621704,0.9559445399274515,0.4946080421440138,0.9953000000000005,0.004699999999999482,0.0,393,379,0.19999999999999996,1.5,1.0,1,0.0,24.0,0.013196064159274101,38.82650396398434,8.765710166246619,0.0,0.0,0.0,-1.0,1.0,0.1382390856742859,1.8210335838375613e-05,0.0,0.09143813922442491,0.09220386466321842,0.030550037821133934,0.03028527523080508,0.0,0.0,0.015385462045669557,False,False
0.24,2.305091381072998,1.046286940574646,0.5490082502365112,0.22679223317377464,0.829455435617872,0.9952000000000005,0.004799999999999471,0.0,423,403,0.19999999999999996,1.5,5.0,5,0.0,28.0,0.013926838524639606,35.59096196698564,8.0352343190594,0.0,0.0,0.0,-1.0,1.0,0.14405697584152222,6.622376531595364e-05,0.0,0.09272987972851837,0.09367360782343889,0.03042433566103379,0.03014612477272749,0.0,0.0,0.009323052167892457,False,False
0.245,2.3969550132751465,1.112659215927124,0.5492067933082581,0.6330018877697821,0.5608134231969535,0.9951000000000005,0.00489999999999946,0.0,476,450,0.19999999999999996,1.5,24.0,24,3.0,23.0,0.014539658091962337,40.95838180307017,7.365631459137783,0.0,0.0,0.0,-1.0,1.0,0.14999862015247345,0.000296776503091678,0.0,0.09394583926598227,0.09492833449443178,0.030258744955062866,0.02998734824359417,0.0,0.0,0.0139442777633667,False,False
0.25,2.5120394229888916,1.0781854391098022,0.5537722110748291,0.3719047794914935,0.9072832588498201,0.9950000000000006,0.004999999999999449,0.0,550,526,0.4349324873891459,1.5,54.0,54,4.0,23.0,0.015512681566178799,37.545183319480984,23.41849550420963,0.0,0.0,0.0,-0.7063343907635676,1.0,0.15604066848754883,0.0008149044588208199,0.0,0.09529108208542064,0.09625027482304717,0.030060245965917907,0.0298008198539416,0.0,0.0,0.022116630077362063,False,False
0.255,2.5379903316497803,1.0648384094238281,0.5604069828987122,1.6198101284529127,0.28891319069654064,0.9949000000000006,0.005099999999999438,0.0,530,505,0.48202144677338365,1.5,24.0,24,2.0,21.0,0.017301436513662338,42.7497513761909,29.800287545525492,0.0,0.0,0.0,-0.6474731915332704,1.0,0.16222406923770905,0.0010423376224935055,0.0,0.09572731507942076,0.09669513315893705,0.030011129565536976,0.029752361588180065,0.0,0.0,0.017800612449645998,False,False
0.26,2.5403339862823486,1.0745974779129028,0.5143299698829651,0.26259870282172554,0.9213784322095457,0.9948000000000006,0.005199999999999427,0.0,609,569,0.5251863262089349,1.474813673791065,13.0,13,2.0,26.0,0.018307100981473923,39.18727209484166,27.316930250065035,0.0,0.0,0.0,-0.5935170922388313,1.0,0.16861684620380402,0.0011630267836153507,0.0,0.09595944130327547,0.09670623979996884,0.029972496752937637,0.029740793009599052,0.0,0.0,0.01693643093109131,False,False
0.265,2.6197779178619385,1.0765942335128784,0.49747708439826965,-0.09787034541106168,0.7878672182663687,0.9947000000000006,0.005299999999999416,0.0,595,563,0.5647541323581903,1.4352458676418096,25.0,25,6.0,23.0,0.019236305728554726,35.92166608693819,25.040519395892947,0.0,0.0,0.0,-0.5440573345522621,1.0,0.17508365213871002,0.0013986274134367704,0.0,0.09678290328259265,0.09743198423708474,0.029847823704282444,0.029629335428277653,0.0,0.0,0.015298933982849122,False,False
0.27,2.6575887203216553,1.0768845081329346,0.5058962106704712,-0.4875257343947953,0.4726433154170058,0.9946000000000006,0.005399999999999405,0.0,650,615,0.9343579546616746,1.0656420453383253,35.0,35,5.0,25.0,0.020370351150631905,32.92819391302667,31.287142779568534,0.0,0.0,0.0,-0.08205255667290672,1.0,0.18162615597248077,0.0017294249264523387,0.0,0.09727769446279848,0.09795621042139822,0.02978592955817779,0.029565255778531235,0.0,0.0,0.020654995441436768,False,False
0.275,2.682816982269287,1.0807521343231201,0.5471063852310181,0.3636707625182816,0.6382702811145593,0.9945000000000006,0.005499999999999394,0.0,632,600,0.6064947917732018,1.3935052082267982,28.0,28,2.0,30.0,0.021649427711963654,38.51751108694111,28.679880881271156,0.0,0.0,0.0,-0.4918815102834978,1.0,0.1882399618625641,0.0019915192387998104,0.0,0.09758147277869278,0.09846383133406435,0.02977130779375633,0.029526141782601677,0.0,0.0,0.018621749877929687,False,False
0.28,2.805964469909668,1.0534114837646484,0.5948271155357361,0.3514253194358295,0.8887384193798837,0.9944000000000006,0.005599999999999383,0.0,657,623,0.6392868924587684,1.3607131075412315,33.0,33,2.0,31.0,0.023268796503543854,35.30771849636268,26.289890807831892,0.0,0.0,0.0,-0.45089138442653953,1.0,0.19503848254680634,0.0023006105329841375,0.0,0.09854389253227656,0.09964007302187378,0.029644789174199104,0.029376170908411346,0.0,0.0,0.0225564980506897,False,False
0.28500000000000003,2.8847544193267822,1.030868411064148,0.5619040131568909,0.46864863571304866,0.8373761789991291,0.9943000000000006,0.005699999999999372,0.0,633,590,0.6693463180872042,1.3306536819127959,28.0,28,4.0,24.0,0.02420145459473133,32.36540862166579,24.0990665738459,0.0,0.0,0.0,-0.4133171023909947,1.0,0.20189014077186584,0.0025603247340768576,0.0,0.09913656616210932,0.09998725482821459,0.029534748755395412,0.02929396772136291,0.0,0.0,0.024276647567749023,False,False
0.29,2.8904426097869873,1.112658977508545,0.6100969910621643,0.2520472143063537,0.631572228870809,0.9942000000000006,0.005799999999999361,0.0,624,589,0.6969007915799372,1.3030992084200628,21.0,21,1.0,36.0,0.024830013513565063,29.668291236526976,22.090811026025406,0.0,0.0,0.0,-0.37887401052507846,1.0,0.20879697799682617,0.002751631662249565,0.0,0.09961930156157657,0.10078801113211855,0.02954309806227684,0.029269498772919178,0.0,0.0,0.025720317363739014,False,False
0.295,2.8650476932525635,1.2083392143249512,0.6825149655342102,0.2254559669607626,0.8360074564357642,0.9941000000000006,0.00589999999999935,0.0,631,592,0.7221590589482757,1.2778409410517244,42.0,42,4.0,29.0,0.025207851082086563,27.19593363348306,20.249910107189955,0.0,0.0,0.0,-0.34730117631465535,1.0,0.21576027572155,0.0031441166065633297,0.0,0.099970543100809,0.10163916434595976,0.029600405444701515,0.02927670410523812,0.0,0.0,0.024221737384796143,False,False
0.3,2.8571202754974365,1.2296327352523804,0.7195504307746887,0.14198824955413453,0.8788440569995513,0.9940000000000007,0.005999999999999339,0.0,639,608,0.41197913736925285,1.5,47.0,47,5.0,10.0,0.026592131704092026,33.262939164026136,18.562417598257458,0.0,0.0,0.0,-0.7350260782884339,1.0,0.22272980213165283,0.0035830559208989143,6.556510925292969e-07,0.0999799266615882,0.10187203857861453,0.02962583520760139,0.029281415045261383,0.0,0.0,0.029407653808593753,False,False
0.305,2.8698761463165283,1.2955881357192993,0.7674849629402161,0.7390303835010167,0.9303681943196587,0.9939000000000007,0.006099999999999328,0.0,633,588,0.46098087592181514,1.5,34.0,34,6.0,19.0,0.026873383671045303,30.491027567023956,17.015549465069334,0.0,0.0,0.0,-0.673773905097731,1.0,0.22978247702121735,0.0038951337337493896,1.3709068298339844e-06,0.10027759435276185,0.10246842841307316,0.029632893080512684,0.02926164772361517,0.0,0.0,0.042008495330810545,False,False
0.31,2.869436502456665,1.3574790954589844,0.7928149700164795,1.3562610820457877,0.7954304345742869,0.9938000000000007,0.006199999999999317,0.0,723,685,0.5058991362616638,1.4941008637383362,47.0,47,3.0,19.0,0.02704995684325695,27.950108603105292,15.597587009646888,0.0,0.0,0.0,-0.6176260796729202,1.0,0.23672060668468475,0.004330943804234266,2.205371856689453e-06,0.10026523663103573,0.10263062111909185,0.029658133474489055,0.029269113826255005,0.0,0.0,0.04957265377044678,False,False
0.315,2.9129035472869873,1.4106253385543823,0.7746993899345398,0.37432831951759143,0.815192472200076,0.9937000000000007,0.006299999999999306,0.0,609,578,0.5470742082398585,1.4529257917601415,23.0,23,4.0,20.0,0.027342354878783226,25.62093288617985,14.297788092176313,0.0,0.0,0.0,-0.5661572397001768,1.0,0.24355360865592957,0.004534108564257622,3.0994415283203125e-06,0.10091970628872507,0.10323820865526788,0.02958879340440035,0.029205426884194217,0.0,0.0,0.017459836006164554,False,False
0.32,3.0174386501312256,1.602516770362854,0.7700653672218323,2.949021869824825,0.11119262301320286,0.9936000000000007,0.006399999999999295,0.0,592,547,0.5848180242198703,1.4151819757801296,24.0,24,6.0,34.0,0.02751016803085804,23.485855145664864,13.10630575116162,0.0,0.0,0.0,-0.5189774697251621,1.0,0.25033432245254517,0.004746044985949993,4.0531158447265625e-06,0.103202296640103,0.10568851463651899,0.029382145342727505,0.029006095913549267,0.0,0.0,0.005405426621437073,False,False
0.325,3.1356472969055176,1.8285995721817017,0.808687686920166,0.36618233106042436,0.9323922701381848,0.9935000000000007,0.006499999999999284,0.0,651,612,0.9527498555348809,1.047250144465119,30.0,30,2.0,29.0,0.027831513434648514,21.52870055019279,20.347446938564815,0.0,0.0,0.0,-0.05906268058139883,1.0,0.25712671875953674,0.005014806054532528,5.066394805908203e-06,0.10564366138478114,0.10861936944723122,0.029194937087595463,0.028795775336523853,0.0,0.0,0.013957666158676149,False,False
0.33,3.251678705215454,1.9491866827011108,0.7982219457626343,1.227919865415191,0.66950670928745,0.9934000000000007,0.006599999999999273,0.0,663,617,0.9566873675736409,1.043312632426359,47.0,47,5.0,16.0,0.02818579040467739,19.73464217101006,18.65182636035108,0.0,0.0,0.0,-0.054140790532948915,1.0,0.26380762457847595,0.005445950198918581,6.079673767089844e-06,0.1081591776525601,0.11129117953591042,0.028950905737777553,0.028566539598008,0.0,0.0,0.01877607583999634,False,False
0.335,3.345106840133667,1.9561394453048706,0.7771427035331726,,0.0,0.9933000000000007,0.006699999999999262,0.0,566,545,0.6269634202758374,1.3730365797241626,40.0,40,3.0,14.0,0.028327008709311485,26.423421990092553,17.097507496988488,0.0,0.0,0.0,-0.46629572465520325,1.0,0.2703847885131836,0.005807972978800535,7.331371307373047e-06,0.11024568387741836,0.11328427813202134,0.02875768734763066,0.02839605789631605,0.0,0.0,0.02184243679046631,False,False
0.34,3.3536598682403564,1.9200767278671265,0.7674547433853149,0.4045513766194294,0.8909859122953716,0.9932000000000007,0.006799999999999251,0.0,576,536,0.6580498019195176,1.3419501980804824,19.0,19,3.0,19.0,0.028414808213710785,24.22147015758484,15.67271520557278,0.0,0.0,0.0,-0.42743774760060294,1.0,0.27685990929603577,0.005966512020677328,8.64267349243164e-06,0.11057940140490723,0.11349092029407612,0.028742668218910694,0.028386292979121208,0.0,0.0,0.017812161445617678,False,False
0.34500000000000003,3.3651623725891113,1.8948118686676025,0.7202831506729126,-0.16653820621667956,0.3054097733949802,0.9931000000000008,0.00689999999999924,0.0,657,616,0.6865456517595578,1.3134543482404422,50.0,50,5.0,15.0,0.028487054631114006,22.203014311119436,14.366655605108381,0.0,0.0,0.0,-0.39181793530055276,1.0,0.2834034562110901,0.006422544829547405,1.0132789611816406e-05,0.11079330691695205,0.11337332872301333,0.028700949624180794,0.0283677875995636,0.0,0.0,0.015202533006668092,False,False
0.35000000000000003,3.4316658973693848,1.8853693008422852,0.6807642579078674,0.4117831948177711,0.9495708462165908,0.9930000000000008,0.006999999999999229,0.0,742,686,0.7126668474462613,1.2873331525537388,47.0,47,5.0,24.0,0.028581516817212105,20.35276311852615,13.169434304682682,0.0,0.0,0.0,-0.35916644069217335,1.0,0.2898855209350586,0.006847824435681105,1.1563301086425781e-05,0.11202062774635843,0.11431871222145847,0.02857247522721688,0.028264429420232773,0.0,0.0,0.022412662506103517,False,False
0.355,3.4809348583221436,1.9042288064956665,0.6910263299942017,-0.44445829135636333,0.9960346283243579,0.9929000000000008,0.007099999999999218,0.0,722,687,0.7366112768257396,1.2633887231742604,33.0,33,7.0,25.0,0.028772950172424316,18.656699525315634,12.071981445959125,0.0,0.0,0.0,-0.3292359039678255,1.0,0.2962609827518463,0.00713668018579483,1.3053417205810547e-05,0.11305498224993539,0.11546449173862727,0.028490860325594745,0.028182448198397957,0.0,0.0,0.022899181842803956,False,False
0.36,3.6058647632598877,1.936997413635254,0.7708244323730469,0.6410130740764111,1.0000000000000002,0.9928000000000008,0.007199999999999207,0.0,584,558,1.0918936704235946,0.9081063295764054,19.0,19,3.0,24.0,0.028915369883179665,17.101974564872663,19.39931632546253,0.0,0.0,0.0,0.1148670880294933,1.0,0.3025342524051666,0.007289683911949396,1.4722347259521484e-05,0.11484831685759118,0.1178870573155581,0.028385316642622154,0.028030780764917534,0.0,0.0,0.01608770489692688,False,False
0.365,3.791152238845825,1.9022274017333984,0.7617487907409668,0.7181977713946255,0.7357161843105336,0.9927000000000008,0.007299999999999196,0.0,662,617,1.084235864554962,0.9157641354450382,78.0,78,1.0,29.0,0.029218491166830063,24.010143351133273,26.116039965007317,0.0,0.0,0.0,0.10529483069370223,1.0,0.30870699882507324,0.008009503595530987,1.6629695892333984e-05,0.1178451827466487,0.12079484961926927,0.028124990252157055,0.027787947716812294,0.0,0.0,0.01980947494506836,False,False
0.37,3.8622095584869385,1.9428935050964355,0.751596212387085,0.9299408535687984,0.692487663542024,0.9926000000000008,0.007399999999999185,0.0,553,514,1.0772162091753816,0.9227837908246184,35.0,35,4.0,26.0,0.029270844534039497,22.009298071872166,23.939703301256706,0.0,0.0,0.0,0.09652026146922701,1.0,0.31485259532928467,0.008312756195664406,1.8596649169921875e-05,0.11892325793268771,0.1217377654661734,0.028033096653719745,0.027707908302545547,0.0,0.0,0.019402745962142944,False,False
0.375,3.8445236682891846,2.0637924671173096,0.8090055584907532,0.5683062370386739,0.836552403607923,0.9925000000000008,0.007499999999999174,0.0,632,590,1.0707815250774333,0.9292184749225667,21.0,21,3.0,40.0,0.029327984899282455,20.17518989921615,21.94472802615198,0.0,0.0,0.0,0.08847690634679158,1.0,0.3209412097930908,0.00848009530454874,2.0682811737060547e-05,0.1195100268535315,0.123015427134931,0.02806500221292178,0.027699425506095093,0.0,0.0,0.016341025829315188,False,False
0.38,3.8213677406311035,2.1208901405334473,0.8537872433662415,-0.46638229180169094,0.29438880673765444,0.9924000000000008,0.007599999999999163,0.0,683,647,1.0648830646543137,0.9351169353456862,16.0,16,3.0,33.0,0.02939334698021412,18.49392407428147,20.116000690639314,0.0,0.0,0.0,0.08110383081789223,1.0,0.3269283175468445,0.008598647080361843,2.282857894897461e-05,0.11953171102019639,0.1235395350959151,0.02811335027217865,0.02771728982528051,0.0,0.0,0.017711892127990726,False,False
0.385,3.8285703659057617,2.133495807647705,0.8873265385627747,1.9172146759540827,0.13036672250900525,0.9923000000000008,0.007699999999999152,0.0,734,707,1.0594761425997876,0.9405238574002124,51.0,51,6.0,21.0,0.029691893607378006,16.952763734758012,18.439667299752703,0.0,0.0,0.0,0.07434517824973455,1.0,0.3328690826892853,0.009053329937160015,2.5033950805664062e-05,0.1196127791280547,0.12393052306522916,0.028119225365420185,0.027707107365131378,0.0,0.0,0.01812377452850342,False,False
0.39,3.8586318492889404,2.204510450363159,0.9124602675437927,0.7591810144479879,0.6421185643660172,0.9922000000000009,0.007799999999999141,0.0,719,679,1.0545197973831386,0.9454802026168614,40.0,40,4.0,24.0,0.030041199177503586,15.540033423528177,16.903028358106642,0.0,0.0,0.0,0.06814974672892324,1.0,0.338781476020813,0.00940032210201025,2.7418136596679688e-05,0.12026958309672764,0.12487995871156443,0.028087416042884193,0.027661301816503208,0.0,0.0,0.021007118225097657,False,False
0.395,3.8775084018707275,2.2564542293548584,0.9480453729629517,1.7932727436775595,0.5135392564161844,0.9921000000000009,0.00789999999999913,0.0,640,608,1.0499764809345438,0.9500235190654563,44.0,44,3.0,18.0,0.030287599191069603,14.245030638234162,15.494442661597754,0.0,0.0,0.0,0.062470601168179575,1.0,0.34463825821876526,0.009784339927136898,2.9861927032470703e-05,0.12027786392346014,0.1251937503069638,0.028104380083580814,0.027655454662938915,0.0,0.0,0.024376020431518555,False,False
0.4,3.938396453857422,2.292056083679199,0.9355867505073547,0.5998602200836203,0.9825512471259069,0.9920000000000009,0.007999999999999119,0.0,625,590,1.0458117741899984,0.9541882258100016,36.0,36,6.0,37.0,0.030307266861200333,13.057944751714649,14.203239106464608,0.0,0.0,0.0,0.05726471773749795,1.0,0.35039493441581726,0.01008981466293335,3.248453140258789e-05,0.12199241399206211,0.1269457909259944,0.02798002058019241,0.027541229501366615,0.0,0.0,0.020928394794464112,False,False
0.405,3.9270684719085693,2.4433746337890625,0.9623878002166748,1.1980574795325674,0.8178131577637834,0.9919000000000009,0.008099999999999108,0.0,578,541,0.7086607930074986,1.2913392069925014,19.0,19,4.0,24.0,0.03030460886657238,20.303116022405092,13.019635847592557,0.0,0.0,0.0,-0.3641740087406268,1.0,0.3560555577278137,0.010230514220893383,3.510713577270508e-05,0.12258125603198995,0.12796631544828405,0.027961342905958496,0.027510503617425762,0.0,0.0,0.020919909477233888,False,False
0.41000000000000003,3.9338314533233643,2.598493814468384,0.9658556580543518,-1.8161268415516942,0.5466463350931419,0.9918000000000009,0.008199999999999097,0.0,657,615,0.7329390602568737,1.2670609397431263,24.0,24,4.0,17.0,0.03056601621210575,18.611189687204668,11.93466619362651,0.0,0.0,0.0,-0.33382617467890785,1.0,0.36174461245536804,0.01041871402412653,3.790855407714844e-05,0.12350866128255913,0.12918491541532168,0.027922199418147407,0.027466596414645515,0.0,0.0,0.013554677963256836,False,False
0.41500000000000004,4.0575714111328125,2.681927442550659,0.9157551527023315,-0.09846437338311648,0.8189476477240828,0.9917000000000009,0.008299999999999086,0.0,569,533,0.42186080523546765,1.5,25.0,25,5.0,24.0,0.030578069388866425,25.393590546604276,10.940110677490967,0.0,0.0,0.0,-0.7226739934556654,1.0,0.3674280345439911,0.010615750215947628,4.0650367736816406e-05,0.12775638984019547,0.1334179833754896,0.027638765362401806,0.027217421059807144,0.0,0.0,0.015146956443786622,False,False
0.42,4.141582489013672,2.6903128623962402,0.8959112763404846,2.0072738901428977,0.6558784348314896,0.9916000000000009,0.008399999999999075,0.0,695,649,0.47003907146584534,1.5,54.0,54,1.0,25.0,0.03063797578215599,23.27745800105392,10.028434787700053,0.0,0.0,0.0,-0.6624511606676933,1.0,0.37300848960876465,0.011090882122516632,4.374980926513672e-05,0.1307492512706666,0.13640006886608885,0.02746194290618102,0.027059164519111317,0.0,0.0,0.019968893527984623,False,False
0.425,4.151125907897949,2.657116174697876,0.8624222278594971,0.4058616261864018,0.6019884743483138,0.9915000000000009,0.008499999999999064,0.0,679,647,0.8475358155103582,1.1524641844896417,61.0,61,5.0,32.0,0.030711932107806206,21.337669834299426,17.52606522205838,0.0,0.0,0.0,-0.19058023061205223,1.0,0.37856435775756836,0.011631360277533531,4.690885543823242e-05,0.1316368762478231,0.13697066650787978,0.027419306958715122,0.027033023846646152,0.0,0.0,0.017315728664398195,False,False
0.43,4.207306385040283,2.676229476928711,0.8515238165855408,,0.0,0.991400000000001,0.008599999999999053,0.0,711,667,0.526907830884495,1.473092169115505,28.0,28,3.0,17.0,0.030833009630441666,27.89286401477447,16.065559786886848,0.0,0.0,0.0,-0.5913652113943811,1.0,0.3840709924697876,0.011852195486426353,5.0187110900878906e-05,0.13300507656919447,0.13832845676379887,0.02733514023323854,0.02695259793351094,0.0,0.0,0.01965833067893982,False,False
0.435,4.25769567489624,2.7077524662017822,0.8379521369934082,0.1622147839735296,0.7187942248819027,0.991300000000001,0.008699999999999042,0.0,648,611,0.5663321783107873,1.4336678216892127,26.0,26,5.0,17.0,0.030892223119735718,25.56845868020993,14.72676313797961,0.0,0.0,0.0,-0.5420847771115159,1.0,0.3894783854484558,0.012052876874804497,5.352497100830078e-05,0.13475236568599927,0.1400698549635707,0.02722570827851693,0.02685463366409143,0.0,0.0,0.016108049154281618,False,False
0.44,4.268477916717529,2.729498863220215,0.8422521948814392,-0.014828175753256066,0.4359419207634353,0.991200000000001,0.00879999999999903,0.0,624,586,0.2691378301182217,1.5,50.0,50,5.0,19.0,0.031182589009404182,31.771087123525767,13.49953287648131,0.0,0.0,0.0,-0.9135777123522228,1.0,0.3948369324207306,0.012483549304306507,5.698204040527344e-05,0.1352544775791465,0.1406683467440306,0.027197422459721565,0.026825894601643085,0.0,0.0,0.01809473276138306,False,False
0.445,4.384004592895508,2.772613763809204,0.8937414288520813,1.0420454533928896,0.43347850138227306,0.991100000000001,0.00889999999999902,0.0,594,556,0.3300430109417031,1.5,30.0,30,3.0,24.0,0.03133463114500046,29.12349652989862,12.3745718034412,0.0,0.0,0.0,-0.8374462363228711,1.0,0.4000985324382782,0.012720070779323578,6.0677528381347656e-05,0.13748530594011135,0.14361500461896248,0.027083790240188442,0.02668624899039666,0.0,0.0,0.021404242515563963,False,False
0.45,4.515813827514648,2.7727720737457275,0.8795031309127808,-0.0023481904664829213,0.6629278385380938,0.991000000000001,0.008999999999999009,0.0,629,591,0.38587276002989457,1.5,38.0,38,4.0,31.0,0.0314188189804554,26.6965384857404,11.343357486487765,0.0,0.0,0.0,-0.7676590499626318,1.0,0.4053388833999634,0.013032549060881138,6.443262100219727e-05,0.14055418105423437,0.14657407049462184,0.02690903221567472,0.026524819744129978,0.0,0.0,0.02254828929901123,False,False
0.455,4.540534496307373,2.8357813358306885,0.914314329624176,0.18404278578689068,0.7354471995882328,0.990900000000001,0.009099999999998998,0.0,647,612,0.4370500300274033,1.5,46.0,46,3.0,37.0,0.031548622995615005,24.471826945262034,10.398077695947118,0.0,0.0,0.0,-0.7036874624657459,1.0,0.4104821979999542,0.013420669361948967,6.842613220214844e-05,0.14082154451558976,0.1472450260321298,0.026910272426903248,0.026508518494665623,0.0,0.0,0.020978569984436035,False,False
0.46,4.4912614822387695,2.9384586811065674,0.978850781917572,0.4251598677225953,0.8671366008274893,0.990800000000001,0.009199999999998987,0.0,719,669,0.4839625275251197,1.5,28.0,28,5.0,27.0,0.03164542466402054,22.432508033156864,9.531571221284857,0.0,0.0,0.0,-0.6450468405936004,1.0,0.41557982563972473,0.013634047470986843,7.2479248046875e-05,0.1400716899515439,0.14744125701300786,0.027003446593880653,0.026561644238730274,0.0,0.0,0.02343828916549683,False,False
0.465,4.448217391967773,2.960228443145752,1.02506685256958,0.9172834799090217,0.5817874281817045,0.990700000000001,0.009299999999998976,0.0,752,712,0.5269656502313598,1.4730343497686402,33.0,33,4.0,26.0,0.03215198218822479,28.896465697060457,17.07060695284445,0.0,0.0,0.0,-0.5912929372108003,1.0,0.4205836355686188,0.01389462873339653,7.647275924682617e-05,0.13886419531702981,0.14673010960966335,0.027094073593616486,0.02662797768910726,0.0,0.0,0.02144051551818848,False,False
0.47000000000000003,4.44326639175415,3.0004115104675293,1.0756350755691528,1.151823291938466,1.0,0.990600000000001,0.009399999999998965,0.0,693,656,0.5663851793787463,1.4336148206212536,26.0,26,7.0,21.0,0.032182902097702026,26.488426888972086,15.648056373440745,0.0,0.0,0.0,-0.5420185257765671,1.0,0.42567160725593567,0.014086800627410412,8.07046890258789e-05,0.13824103460585063,0.14659776071272776,0.027143245873351894,0.026654689572751522,0.0,0.0,0.029937744140625,False,False
0.47500000000000003,4.4546217918396,3.0970940589904785,1.102457880973816,2.261282509139987,0.8221874641965641,0.990500000000001,0.009499999999998954,0.0,751,706,0.2691864144305174,1.5,39.0,39,4.0,11.0,0.03240499645471573,32.61439131489108,14.344051675654017,0.0,0.0,0.0,-0.9135169819618533,1.0,0.43070828914642334,0.014403200708329678,8.511543273925781e-05,0.1385688235921163,0.1473200004485745,0.027138375056286655,0.026636081747710705,0.0,0.0,0.04162150859832764,False,False
0.48,4.462835311889648,3.1248393058776855,1.1094870567321777,0.982697790756301,0.9710326087425099,0.9904000000000011,0.009599999999998943,0.0,573,535,0.3300875465613077,1.5,38.0,38,1.0,9.0,0.03238951414823532,29.89652537198349,13.148714036016182,0.0,0.0,0.0,-0.8373905667983653,1.0,0.43569493293762207,0.014708666130900383,8.958578109741211e-05,0.1384832945372908,0.14730234115384505,0.027139008355637394,0.026631886139512062,0.0,0.0,0.018004850149154664,False,False
0.485,4.51253080368042,3.2843985557556152,1.0773783922195435,2.2280040543732653,0.14852674095983728,0.9903000000000011,0.009699999999998932,0.0,531,500,0.38591358434786527,1.5,21.0,21,2.0,17.0,0.0323449969291687,27.405148257651533,12.052987866348166,0.0,0.0,0.0,-0.7676080195651683,1.0,0.4405860900878906,0.014849357306957245,9.417533874511719e-05,0.14135557586948064,0.1503684945305187,0.026982557028532028,0.026490526894728344,0.0,0.0,0.01878327012062073,False,False
0.49,4.5533857345581055,3.5216455459594727,1.1036937236785889,1.1629949853003723,0.4997986314539657,0.9902000000000011,0.00979999999999892,0.0,545,515,0.4370874523188766,1.5,33.0,33,3.0,29.0,0.03231870010495186,25.121385902847237,11.048572210819152,0.0,0.0,0.0,-0.7036406846014043,1.0,0.44545748829841614,0.015104872174561024,9.882450103759766e-05,0.14357268788168814,0.1534409070927648,0.0268861356501778,0.02638034677753846,0.0,0.0,0.006761112809181213,False,False
0.495,4.6181182861328125,3.719489812850952,1.106818675994873,1.796634487712663,0.7992132615052454,0.9901000000000011,0.00989999999999891,0.0,644,608,0.817330164625637,1.182669835374363,30.0,30,5.0,14.0,0.0323917493224144,23.027937077609966,18.46119119325089,0.0,0.0,0.0,-0.2283372942179538,1.0,0.4502333104610443,0.015323171392083168,0.00010371208190917969,0.14661299796402438,0.15720942533388718,0.026719581025342148,0.026215550800164543,0.0,0.0,0.02337782621383667,False,False
0.5,4.709415435791016,3.7932803630828857,1.0844991207122803,0.8213307492793741,0.9722544516466907,0.9900000000000011,0.009999999999998899,0.0,614,569,0.832552650906834,1.167447349093166,24.0,24,4.0,16.0,0.032365214079618454,21.108942321142468,16.922758593813317,0.0,0.0,0.0,-0.20930918636645757,1.0,0.4549189805984497,0.01549015287309885,0.00010848045349121094,0.1509098390967894,0.16192844694045666,0.026506975603600345,0.026020956380913656,0.0,0.0,0.021994245052337647,False,False
0.505,4.755191802978516,3.7665443420410156,1.0797581672668457,0.6926371639317331,0.9967730962937025,0.9899000000000011,0.010099999999998888,0.0,687,653,0.8465065966645977,1.1534934033354023,38.0,38,4.0,22.0,0.03238058090209961,27.683197127713928,23.84586204432887,0.0,0.0,0.0,-0.19186675416925283,1.0,0.4595623016357422,0.015783077105879784,0.00011354684829711914,0.15281433761119825,0.16391759005685633,0.026440303772687912,0.02595756823817889,0.0,0.0,0.01834323644638062,False,False
0.51,4.765079498291016,3.741558313369751,1.056902527809143,1.0107480332129068,0.9791703653554401,0.9898000000000011,0.010199999999998877,0.0,770,731,1.192631046942548,0.807368953057452,60.0,60,3.0,23.0,0.03261234611272812,25.376264033737765,30.192040207301464,0.0,0.0,0.0,0.24078880867818492,1.0,0.46423789858818054,0.016294386237859726,0.00011879205703735352,0.15362456556595847,0.16451915360614638,0.02641109439233939,0.025936792759845655,0.0,0.0,0.017712355852127076,False,False
0.515,4.818891525268555,3.77856183052063,1.0123376846313477,1.5217942924530206,0.2235573366459272,0.9897000000000011,0.010299999999998866,0.0,735,688,1.1765784596973357,0.8234215403026645,34.0,34,8.0,26.0,0.0331016443669796,23.261575364259617,27.676036856693006,0.0,0.0,0.0,0.22072307462166946,1.0,0.4688169062137604,0.016553498804569244,0.00012415647506713867,0.1566161465533076,0.1673859374386567,0.026272337418049574,0.025819078243027132,0.0,0.0,0.017821565866470337,False,False
0.52,4.847411632537842,3.785492420196533,0.9960992336273193,0.9140571465601666,0.9245031777479527,0.9896000000000011,0.010399999999998855,0.0,685,646,1.161863588055891,0.838136411944109,51.0,51,3.0,36.0,0.033160895109176636,21.323110750571313,25.369700451968587,0.0,0.0,0.0,0.20232948506986367,1.0,0.4733073115348816,0.01696782372891903,0.0001296401023864746,0.15804060153973584,0.16877214709296803,0.026208948499212664,0.025764592768003546,0.0,0.0,0.02023737668991089,False,False
0.525,4.899437427520752,3.835052728652954,1.044883131980896,,0.0,0.9895000000000012,0.010499999999998844,0.0,643,611,0.8150416223845667,1.1849583776154333,26.0,26,4.0,21.0,0.03315079212188721,27.879518188023702,23.25555874763787,0.0,0.0,0.0,-0.2311979720192916,1.0,0.47775688767433167,0.017147190868854523,0.00013524293899536133,0.1586961677819489,0.17011615703999977,0.026184884676088892,0.025716282737751804,0.0,0.0,0.01823368310928345,False,False
0.53,5.057699203491211,3.883157253265381,1.0718570947647095,2.3161687280559784,0.30762874863643574,0.9894000000000012,0.010599999999998833,0.0,621,587,0.4971214871858528,1.5,30.0,30,3.0,11.0,0.033346422016620636,33.889558339021725,21.317595518668046,0.0,0.0,0.0,-0.628598141017684,1.0,0.4821891188621521,0.0173562690615654,0.00014096498489379883,0.16374920746311528,0.17604966707527617,0.025989057030528784,0.025512710368881624,0.0,0.0,0.012942957878112792,False,False
0.535,5.185815811157227,3.939638376235962,1.0579488277435303,0.06557542664316421,0.5553649082888089,0.9893000000000012,0.010699999999998822,0.0,587,557,0.5390280299203651,1.4609719700796349,25.0,25,5.0,18.0,0.03329692408442497,31.06542847743658,19.541129225445708,0.0,0.0,0.0,-0.5762149625995436,1.0,0.4865305423736572,0.017524397000670433,0.0001468658447265625,0.1683562143581607,0.18074930632859448,0.025804512357960146,0.025343294255435467,0.0,0.0,0.019395357370376586,False,False
0.54,5.175468444824219,4.029056072235107,1.1088039875030518,0.45602146589709563,0.36953634240101274,0.9892000000000012,0.01079999999999881,0.0,663,610,0.5774423607603347,1.4225576392396653,37.0,37,2.0,22.0,0.03325125575065613,28.47664277098353,17.9127017899919,0.0,0.0,0.0,-0.5281970490495815,1.0,0.4908376634120941,0.017807239666581154,0.00015270709991455078,0.16725596020370703,0.1803938769623635,0.025851926766335964,0.02536547292644779,0.0,0.0,0.01795733332633972,False,False
0.545,5.096928596496582,4.101227283477783,1.1656029224395752,0.585811260539334,0.9958670030565999,0.9891000000000012,0.0108999999999988,0.0,746,708,0.27932216403030674,1.5,54.0,54,7.0,26.0,0.03321864455938339,34.43692254006824,16.419976640825908,0.0,0.0,0.0,-0.9008472949621165,1.0,0.49505680799484253,0.01824209839105606,0.0001589059829711914,0.16388828847557288,0.1776352668752271,0.025998897229631744,0.025479509495198727,0.0,0.0,0.022601766586303713,False,False
0.55,5.051019668579102,4.097147464752197,1.2049115896224976,-2.6334632483955867,1.0,0.9890000000000012,0.010999999999998789,0.0,676,633,0.6727119836944477,1.3272880163055523,49.0,49,4.0,18.0,0.03318443521857262,31.56717899506255,23.384978587423745,0.0,0.0,0.0,-0.40911002038194033,1.0,0.4993610978126526,0.018635213375091553,0.0001652240753173828,0.1619475857416787,0.17602343156995853,0.026091236310700577,0.02555574756115675,0.0,0.0,0.02314624786376953,False,False
0.555,5.048888206481934,4.143899440765381,1.2342888116836548,0.5673296317225438,0.995167036888926,0.9889000000000012,0.011099999999998778,0.0,613,583,0.3666526517199107,1.5,47.0,47,3.0,18.0,0.03324344381690025,37.26991407880733,21.4362303718051,0.0,0.0,0.0,-0.7916841853501116,1.0,0.5036205649375916,0.019001593813300133,0.00017178058624267578,0.16142667409032563,0.17580032393336276,0.026107113032291334,0.025562322698533535,0.0,0.0,0.026964795589447022,False,False
0.56,5.054757595062256,4.184118747711182,1.2546743154525757,1.2253454923956806,0.23502850282800308,0.9888000000000012,0.011199999999998766,0.0,653,609,0.419431597409918,1.5,29.0,29,5.0,23.0,0.033736299723386765,34.16408790557339,19.64987784082134,0.0,0.0,0.0,-0.7257105032376024,1.0,0.507790207862854,0.019177300855517387,0.00017839670181274414,0.16059183852436623,0.17501305144590615,0.026130684806654852,0.02557527506724,0.0,0.0,0.02979427337646485,False,False
0.5650000000000001,5.068909168243408,4.222819805145264,1.2585008144378662,1.4423535852271014,0.5357500555315685,0.9887000000000012,0.011299999999998755,0.0,678,636,0.46781229762575816,1.5,16.0,16,4.0,18.0,0.033850669860839844,31.31708058010894,18.012388020752894,0.0,0.0,0.0,-0.6652346279678023,1.0,0.5118743181228638,0.01924697495996952,0.0001850128173828125,0.1601901228427885,0.17446682794888796,0.026133761275559664,0.02557289320975542,0.0,0.0,0.019442710876464844,False,False
0.5700000000000001,5.071177959442139,4.352560520172119,1.2541370391845703,0.6917449667993593,0.5716272670251293,0.9886000000000013,0.011399999999998744,0.0,699,668,0.845494606156945,1.154505393843055,41.0,41,4.0,29.0,0.03384796157479286,28.70732386509986,24.844689019023484,0.0,0.0,0.0,-0.19313174230381874,1.0,0.5159924030303955,0.01955310069024563,0.00019180774688720703,0.161736942226067,0.17656361571885623,0.02604705436776082,0.02549214599033197,0.0,0.0,0.01565455675125122,False,False
0.5750000000000001,5.061535358428955,4.535396575927734,1.282889723777771,1.151823291938466,1.0,0.9885000000000013,0.011499999999998733,0.0,711,669,0.8583700556438663,1.1416299443561337,70.0,70,6.0,30.0,0.03406374156475067,26.315046876341537,22.774298267438194,0.0,0.0,0.0,-0.17703743044516712,1.0,0.5200187563896179,0.02011239342391491,0.00019878149032592773,0.16125311690196376,0.17654411936054606,0.026046669421096645,0.025479272784044348,0.0,0.0,0.011528077125549317,False,False
0.58,5.099947929382324,4.691272258758545,1.2637282609939575,2.279115934881809,0.4321834613491068,0.9884000000000013,0.011599999999998722,0.0,603,571,0.8701725510068773,1.1298274489931226,29.0,29,4.0,16.0,0.03414485603570938,32.45545963664641,29.209773411818343,0.0,0.0,0.0,-0.16228431124140333,1.0,0.5239610075950623,0.02030750922858715,0.00020599365234375,0.16386568590377748,0.17969966811127938,0.02590620036547383,0.02534730670352777,0.0,0.0,0.014396544694900513,False,False
0.585,5.184935569763184,4.753015995025635,1.2244634628295898,0.6401818446128423,0.9999996545288095,0.9883000000000013,0.011699999999998711,0.0,576,544,1.2143248384229708,0.7856751615770292,20.0,20,2.0,15.0,0.03410724550485611,29.750838000259208,35.108958960833476,0.0,0.0,0.0,0.26790604802871343,1.0,0.5278210043907166,0.020400024950504303,0.00021320581436157227,0.16963739620149115,0.1862284157350657,0.025665778666734695,0.02513279284661015,0.0,0.0,0.02133727550506592,False,False
0.59,5.2051472663879395,4.702112674713135,1.2042957544326782,2.531173067096681,1.0,0.9882000000000013,0.0117999999999987,0.0,629,590,1.1964644352210565,0.8035355647789434,27.0,27,1.0,21.0,0.034135639667510986,27.271601500237605,32.18321238076402,0.0,0.0,0.0,0.2455805440263207,1.0,0.5316004157066345,0.020553069189190865,0.00022047758102416992,0.17139005326045034,0.1879755582877743,0.02563296506802241,0.025105599779635668,0.0,0.0,0.013081552982330321,False,False
0.595,5.247096061706543,4.669498920440674,1.171484351158142,0.025667455289050612,0.40382328455037414,0.9881000000000013,0.01189999999999869,0.0,529,502,1.1800923989526353,0.8199076010473648,24.0,24,3.0,8.0,0.034074567258358,24.99896804188447,29.50127801570035,0.0,0.0,0.0,0.225115498690794,1.0,0.5353008508682251,0.020683828741312027,0.00022792816162109375,0.17381282385190308,0.1903559936806557,0.02555970335379243,0.025041948538273573,0.0,0.0,0.014513950347900392,False,False
0.6,5.316763877868652,4.742437839508057,1.1589435338974,-2.7720398065191025,1.0,0.9880000000000013,0.011999999999998678,0.0,548,512,1.1650846990399155,0.8349153009600845,19.0,19,2.0,17.0,0.03400956094264984,22.915720705060764,27.042838181058652,0.0,0.0,0.0,0.20635587379989442,1.0,0.5390416979789734,0.020765161141753197,0.00023537874221801758,0.17722198930568972,0.19425221456959818,0.025422878873844944,0.024911554840703808,0.0,0.0,0.02235152244567871,False,False
0.605,5.3168416023254395,4.783105850219727,1.1342118978500366,0.32386910843154754,0.3284801653050817,0.9879000000000013,0.012099999999998667,0.0,625,581,0.817994307453256,1.1820056925467441,32.0,32,5.0,26.0,0.033942051231861115,29.339410646305698,24.789268332637096,0.0,0.0,0.0,-0.22750711568343007,1.0,0.5426971316337585,0.020963972434401512,0.0002429485321044922,0.17886833518743492,0.19602449615796383,0.025356993234405916,0.024859857124586902,0.0,0.0,0.018614368438720705,False,False
0.61,5.3757500648498535,4.866252422332764,1.1935104131698608,1.9935686277439009,0.12904864123997992,0.9878000000000013,0.012199999999998656,0.0,738,694,0.49982811516548464,1.5,67.0,67,3.0,31.0,0.03406622260808945,35.22779309244689,22.723495971584004,0.0,0.0,0.0,-0.6252148560431442,1.0,0.5463258624076843,0.021500427275896072,0.0002506375312805176,0.17850593186418193,0.19630486977534964,0.025339872421075903,0.02481631080930432,0.0,0.0,0.02068434476852417,False,False
0.615,5.563966274261475,4.925426483154297,1.1777220964431763,0.32012202087763036,0.3835255768152198,0.9877000000000014,0.012299999999998645,0.0,682,633,0.541509105568361,1.458490894431639,35.0,35,9.0,28.0,0.03416702523827553,32.292143668076314,20.829871307285337,0.0,0.0,0.0,-0.5731136180395489,1.0,0.5498741269111633,0.02173224277794361,0.0002587437629699707,0.18689932898059464,0.2056237748228011,0.02506303212915858,0.024552009999752045,0.0,0.0,0.011121089458465577,False,False
0.62,5.66292667388916,5.021696090698242,1.1875661611557007,0.8093019058512355,0.700574818569334,0.9876000000000014,0.012399999999998634,0.0,654,622,0.9130500134376642,1.0869499865623358,19.0,19,2.0,23.0,0.03414076566696167,29.60113169573662,27.427382031678224,0.0,0.0,0.0,-0.10868748320291974,1.0,0.5535662174224854,0.02179642766714096,0.00026667118072509766,0.190726766971871,0.2100894817300138,0.02492010360583663,0.02441359062989553,0.0,0.0,0.023576261997222903,False,False
0.625,5.606696128845215,5.128921985626221,1.2571690082550049,-0.37354971500864204,1.0,0.9875000000000014,0.012499999999998623,0.0,681,639,0.9202958456511923,1.0797041543488077,43.0,43,2.0,28.0,0.034485261887311935,35.46770405442523,33.47510019570504,0.0,0.0,0.0,-0.09963019293600972,1.0,0.5571655631065369,0.022085445001721382,0.0002747178077697754,0.18520199172447102,0.2045730433215695,0.025064852088689804,0.024524553834150236,0.0,0.0,0.018939470052719117,False,False
0.63,5.536352634429932,5.168186664581299,1.3022487163543701,1.399730706827434,0.4035687564783745,0.9874000000000014,0.012599999999998612,0.0,693,657,0.9269378585135928,1.0730621414864072,66.0,66,7.0,22.0,0.034568723291158676,32.5120620498898,30.68550851272962,0.0,0.0,0.0,-0.091327676858009,1.0,0.5606849789619446,0.022604964673519135,0.0002830028533935547,0.18074702681042232,0.20003250357694896,0.02520603438218435,0.02464217677091559,0.0,0.0,0.020318489074707034,False,False
0.635,5.514422416687012,5.1563401222229,1.3278696537017822,1.4255236071764512,0.6961987931705302,0.9873000000000014,0.012699999999998601,0.0,618,581,0.9330263703041268,1.0669736296958732,35.0,35,3.0,15.0,0.03455733880400658,29.802723545732313,28.128382803335484,0.0,0.0,0.0,-0.08371703711984146,1.0,0.5641263127326965,0.022812457755208015,0.00029146671295166016,0.17966398478299356,0.1991722177192566,0.02524838550016284,0.024677150261898838,0.0,0.0,0.018145724534988406,False,False
0.64,5.506796836853027,5.263429164886475,1.3665012121200562,1.8365562970956566,0.8130112148705264,0.9872000000000014,0.01279999999999859,0.0,628,590,0.9386075061121164,1.0613924938878836,21.0,21,4.0,20.0,0.03457210585474968,35.65249658358795,34.11768423639086,0.0,0.0,0.0,-0.07674061735985446,1.0,0.5675627589225769,0.022904956713318825,0.0003001093864440918,0.17767335807035342,0.19720622232866758,0.02527540239195029,0.024691053355733555,0.0,0.0,0.01907643795013428,False,False
0.645,5.5217180252075195,5.29802131652832,1.401551604270935,2.5241915924320635,0.4244371698288057,0.9871000000000014,0.01289999999999858,0.0,672,629,0.94372354726944,1.0562764527305601,20.0,20,5.0,19.0,0.03466224670410156,32.681455201622285,31.274543883358284,0.0,0.0,0.0,-0.07034556591320004,1.0,0.5709643959999084,0.022973818704485893,0.00030857324600219727,0.175783997505903,0.19490966182947134,0.02531900769099593,0.024721537871907156,0.0,0.0,0.028302745819091795,False,False
0.65,5.545247554779053,5.369965553283691,1.3910173177719116,2.1652808472511444,0.31490029559949606,0.9870000000000014,0.012999999999998568,0.0,705,667,0.6150799183303199,1.38492008166968,43.0,43,4.0,41.0,0.0348501019179821,38.29133393482043,28.668331893078427,0.0,0.0,0.0,-0.4811501020871001,1.0,0.5742867588996887,0.023252522572875023,0.0003173947334289551,0.17667007874262805,0.19587172740946188,0.02525204404567679,0.02465757230917613,0.0,0.0,0.022924177646636963,False,False
0.655,5.472587585449219,5.509363651275635,1.3926929235458374,1.4591502794324511,0.479846969788794,0.9869000000000014,0.013099999999998557,0.0,639,600,0.6471565918027933,1.3528434081972067,37.0,37,3.0,27.0,0.03481803089380264,35.10038944025206,26.27930423532189,0.0,0.0,0.0,-0.44105426024650835,1.0,0.5775849223136902,0.023477081209421158,0.0003262162208557129,0.17401357033600387,0.19319293146332078,0.02528890036046505,0.02469117365156611,0.0,0.0,0.013003785610198975,False,False
0.66,5.40961217880249,5.662666320800781,1.4047380685806274,0.8889156672325533,0.25410049576662036,0.9868000000000015,0.013199999999998546,0.0,627,594,0.3432268758192272,1.5,22.0,22,3.0,32.0,0.035028573125600815,40.508690320231054,24.089362215711734,0.0,0.0,0.0,-0.820966405225966,1.0,0.5808768272399902,0.02357562817633152,0.0003351569175720215,0.1705134837105868,0.18929659036733185,0.02535526097441713,0.024749308358877897,0.0,0.0,0.012891720533370973,False,False
0.665,5.483235836029053,5.794182777404785,1.3671319484710693,1.3857905224102811,0.7065209792966308,0.9867000000000015,0.013299999999998535,0.0,663,621,0.3979579695009583,1.5,41.0,41,3.0,21.0,0.03498782217502594,37.132966126878465,22.081915364402423,0.0,0.0,0.0,-0.7525525381238021,1.0,0.5841351747512817,0.023830728605389595,0.00034427642822265625,0.1750471466009813,0.19476097144931526,0.02512435584018628,0.02453625900670886,0.0,0.0,0.01602918267250061,False,False
0.67,5.571298122406006,5.839733600616455,1.340279459953308,2.327480489268712,0.33236305707763497,0.9866000000000015,0.013399999999998524,0.0,653,618,0.44812813870921175,1.5,42.0,42,7.0,21.0,0.034955862909555435,34.03855228297193,20.24175575070222,0.0,0.0,0.0,-0.6898398266134853,1.0,0.5873154401779175,0.024082330986857414,0.0003534555435180664,0.18052512714080488,0.20127812214009436,0.024917698465287685,0.024345344087729853,0.0,0.0,0.018188618421554566,False,False
0.675,5.5807785987854,5.794360637664795,1.318320631980896,0.807437669455682,0.6873854789230631,0.9865000000000015,0.013499999999998513,0.0,609,566,0.4941174604834442,1.5,31.0,31,5.0,26.0,0.03489786759018898,31.20200625939093,18.554942771477037,0.0,0.0,0.0,-0.6323531743956947,1.0,0.5904931426048279,0.024256905540823936,0.00036275386810302734,0.1819973986744878,0.2028451294116673,0.02490062344198426,0.02433265636985501,0.0,0.0,0.01340627431869507,False,False
0.68,5.637923240661621,5.847221851348877,1.297340750694275,1.3983118088257076,0.6427567785169959,0.9864000000000015,0.013599999999998502,0.0,742,705,0.20294100544315719,1.5,38.0,38,3.0,28.0,0.03519148752093315,36.93517240444169,17.008697540520618,0.0,0.0,0.0,-0.9963237431960534,1.0,0.5936436057090759,0.024472884833812714,0.00037211179733276367,0.1844511680149781,0.2055730935962247,0.02478947707762321,0.024227486768116556,0.0,0.0,0.02105982065200806,False,False
0.685,5.669600009918213,5.9337358474731445,1.2879047393798828,1.1549141472916824,0.4115302230381409,0.9863000000000015,0.013699999999998491,0.0,727,679,0.6026959216562275,1.3973040783437725,31.0,31,6.0,24.0,0.035285647958517075,33.85724137073821,23.924639412143897,0.0,0.0,0.0,-0.4966300979297156,1.0,0.5967627763748169,0.02461056038737297,0.0003815889358520508,0.18562740226089927,0.20699914596478114,0.02469900685052077,0.024141721272220217,0.0,0.0,0.02451991319656372,False,False
0.6900000000000001,5.67598819732666,5.972265720367432,1.2928963899612427,2.1410899229214997,0.06212416092298938,0.9862000000000015,0.01379999999999848,0.0,791,749,0.6358045948515418,1.3641954051484582,65.0,65,4.0,15.0,0.035498689860105515,31.035804589843355,21.930919461131904,0.0,0.0,0.0,-0.4552442564355726,1.0,0.5999073386192322,0.025096574798226357,0.00039136409759521484,0.18588964146934422,0.20746243686042695,0.024670953086266916,0.024114014425625406,0.0,0.0,0.014927446842193604,False,False
0.6950000000000001,5.796730041503906,6.078144550323486,1.3457434177398682,2.976295592073672,0.8603451423467557,0.9861000000000015,0.01389999999999847,0.0,641,604,0.6661542119472468,1.3338457880527532,22.0,22,6.0,19.0,0.03543161228299141,28.44948754068974,20.10334283937091,0.0,0.0,0.0,-0.4173072350659416,1.0,0.6030421257019043,0.02516753412783146,0.0004011988639831543,0.18730771209175362,0.20908906369656294,0.024562467976162832,0.02398909845699867,0.0,0.0,0.016930614709854127,False,False
0.7000000000000001,5.944297790527344,6.145854473114014,1.3247164487838745,1.5293476456559096,0.4069665875792732,0.9860000000000015,0.013999999999998458,0.0,614,574,0.6939746942849763,1.3060253057150237,23.0,23,1.0,21.0,0.03538147360086441,26.078696912298927,18.428064269423334,0.0,0.0,0.0,-0.3825316321437796,1.0,0.6060964465141296,0.025241393595933914,0.00041103363037109375,0.1944482597267873,0.21726407132049372,0.02430954637626807,0.02375363294656078,0.0,0.0,0.023313214778900148,False,False
0.705,5.918467998504639,6.220719814300537,1.3610281944274902,0.49822888239229557,0.2722641852236276,0.9859000000000016,0.014099999999998447,0.0,606,571,0.7194768030945615,1.2805231969054385,36.0,36,1.0,26.0,0.035336632281541824,23.90547216960735,16.89239224697139,0.0,0.0,0.0,-0.350653996131798,1.0,0.6091217994689941,0.025426341220736504,0.0004209280014038086,0.19058323044329853,0.2127749605849382,0.024387110800792776,0.02381764507542054,0.0,0.0,0.017923120260238647,False,False
0.71,5.820176601409912,6.293078899383545,1.43357515335083,-1.5835028575336543,0.49760540538770803,0.9858000000000016,0.014199999999998436,0.0,656,618,0.7428537361700147,1.2571462638299853,38.0,38,6.0,11.0,0.03541145473718643,21.913349488806737,15.484692893057106,0.0,0.0,0.0,-0.32143282978748156,1.0,0.6120699644088745,0.025617999956011772,0.000431060791015625,0.18262536675048344,0.20364809292927352,0.024605942890048027,0.024005070639153324,0.0,0.0,0.019388389587402344,False,False
0.715,5.778621673583984,6.30786657333374,1.4734569787979126,1.1835166542008748,0.9994978074327774,0.9857000000000016,0.014299999999998425,0.0,667,630,1.0976159248225135,0.9023840751774865,31.0,31,3.0,15.0,0.03546221926808357,20.087237031406175,22.52763515196901,0.0,0.0,0.0,0.1220199060281418,1.0,0.615016520023346,0.025773344561457634,0.0004411935806274414,0.1793385364065565,0.19984731681396534,0.024713686046501003,0.024098610350241266,0.0,0.0,0.030216464996337893,False,False
0.72,5.837215900421143,6.398591995239258,1.467385172843933,1.6547751625941716,0.6009240547558254,0.9856000000000016,0.014399999999998414,0.0,638,598,1.4228145977539706,0.5771854022460294,42.0,42,7.0,22.0,0.03563715144991875,18.413300612122327,28.98366555597159,0.0,0.0,0.0,0.5285182471924632,1.0,0.6178857088088989,0.026018613949418068,0.0004514455795288086,0.1822677963729945,0.20357122158631652,0.024560417514294386,0.023952178501834474,0.0,0.0,0.016124987602233888,False,False
0.725,5.888922214508057,6.540059566497803,1.485602617263794,2.2109371701832243,0.6347145493714891,0.9855000000000016,0.014499999999998403,0.0,575,538,1.0542467146078065,0.9457532853921936,51.0,51,3.0,24.0,0.035574015229940414,25.212192227778797,26.568360092973958,0.0,0.0,0.0,0.06780839325975804,1.0,0.6206827163696289,0.026357430964708328,0.00046193599700927734,0.1814861940344172,0.2023563926021255,0.024484898895025253,0.023872838355600834,0.0,0.0,0.026012771129608155,False,False
0.73,5.898064613342285,6.609397888183594,1.543906331062317,1.3325042994956862,0.30605198809119194,0.9854000000000016,0.014599999999998392,0.0,589,558,0.7163928217238227,1.2836071782761773,37.0,37,3.0,22.0,0.03551672026515007,31.44450954213056,24.354330085226128,0.0,0.0,0.0,-0.35450897284522165,1.0,0.6234092116355896,0.026545299217104912,0.0004725456237792969,0.17777908665748907,0.19742377331169914,0.02456274504462878,0.02393744808311264,0.0,0.0,0.009080380201339722,False,False
0.735,5.852670669555664,6.690537452697754,1.5567368268966675,1.00680423511692,0.0304449198455464,0.9853000000000016,0.014699999999998381,0.0,599,552,0.7400267532468374,1.2599732467531626,24.0,24,5.0,18.0,0.03543706238269806,28.824133746953013,22.32480257812395,0.0,0.0,0.0,-0.3249665584414531,1.0,0.6261640191078186,0.026607012376189232,0.000483095645904541,0.17503825704008313,0.19449968208745091,0.024581304751336575,0.023951885911325615,0.0,0.0,0.020001933574676514,False,False
0.74,5.745326519012451,6.801441669464111,1.5753881931304932,1.4391739032344475,0.675621099840355,0.9852000000000016,0.01479999999999837,0.0,631,593,0.7616911904762677,1.2383088095237325,21.0,21,2.0,16.0,0.03538855165243149,26.422122601373594,20.464402363280286,0.0,0.0,0.0,-0.29788601190466546,1.0,0.628915011882782,0.02666599117219448,0.0004937648773193359,0.16944531951347963,0.18803177882047964,0.024710053112357855,0.024072163117428623,0.0,0.0,0.016143755912780763,False,False
0.745,5.6971049308776855,6.971863269805908,1.568164587020874,0.861608103181683,0.7599154134363824,0.9851000000000016,0.014899999999998359,0.0,628,585,1.114883591269912,0.885116408730088,22.0,22,8.0,20.0,0.03532599285244942,24.220279051259126,27.092368833006926,0.0,0.0,0.0,0.14360448908738999,1.0,0.6315913200378418,0.026738420128822327,0.0005045533180236816,0.16641958956172043,0.18451197079072368,0.024701140355318785,0.02406371912608544,0.0,0.0,0.00761706054210663,False,False
0.75,5.722065448760986,7.104659080505371,1.5220797061920166,1.796634487712663,0.7992132615052454,0.9850000000000017,0.014999999999998348,0.0,708,672,0.7719766253307526,1.2280233746692475,74.0,74,3.0,22.0,0.03575703874230385,30.53525579698753,24.834671430256346,0.0,0.0,0.0,-0.28502921833655925,1.0,0.6342493295669556,0.02724112756550312,0.0005154609680175781,0.16790240248292657,0.18645798764750332,0.0245217924627165,0.023900441204508148,0.0,0.0,0.01521424174308777,False,False
0.755,5.75190544128418,7.115280628204346,1.4923111200332642,-2.6334632483955867,1.0,0.9849000000000017,0.015099999999998337,0.0,651,619,1.12431190655319,0.8756880934468101,44.0,44,6.0,23.0,0.03611466661095619,27.99065114723857,31.098448811068316,0.0,0.0,0.0,0.15538988319148733,1.0,0.6368351578712463,0.027515538036823273,0.0005266070365905762,0.16970936786383362,0.18871691698829304,0.024444360751658678,0.02382729823390643,0.0,0.0,0.008741956353187561,False,False
0.76,5.808531284332275,7.08193826675415,1.472029209136963,0.8873412932448386,0.6154767774247812,0.9848000000000017,0.015199999999998326,0.0,546,514,1.1139525810070907,0.8860474189929093,16.0,16,4.0,17.0,0.03629671409726143,25.65809688496869,28.506911410145957,0.0,0.0,0.0,0.1424407262588634,1.0,0.6393991112709045,0.02752874232828617,0.0005376935005187988,0.17252173171316557,0.1920458844192323,0.024357144720852375,0.023743684869259596,0.0,0.0,0.014322042465209961,False,False
0.765,5.887125492095947,7.119715690612793,1.436903476715088,1.7116312423092122,0.35511509832138644,0.9847000000000017,0.015299999999998315,0.0,617,580,1.1044565325898332,0.8955434674101669,32.0,32,2.0,18.0,0.03621497005224228,23.51992214455463,26.13133545930046,0.0,0.0,0.0,0.13057066573729142,1.0,0.6419645547866821,0.027643254026770592,0.0005489587783813477,0.1762821672856805,0.1965408443659541,0.024174683106442295,0.02357410810266932,0.0,0.0,0.024811267852783203,False,False
0.77,5.901543140411377,7.175700664520264,1.425755500793457,1.9308800013350949,0.6686545386725273,0.9846000000000017,0.015399999999998304,0.0,644,608,1.0957518215406805,0.9042481784593195,23.0,23,5.0,25.0,0.036154672503471375,21.55992863250841,23.95372417102542,0.0,0.0,0.0,0.11968977692585056,1.0,0.6444578766822815,0.027708765119314194,0.0005601644515991211,0.17645239900797577,0.19676729071140256,0.02411708701401949,0.023520509712398052,0.0,0.0,0.026018519401550293,False,False
0.775,5.909341812133789,7.247774600982666,1.4600892066955566,1.6774501153243078,0.3074273642083879,0.9845000000000017,0.015499999999998293,0.0,632,593,1.0877725030789571,0.9122274969210429,34.0,34,3.0,33.0,0.03608003258705139,19.763267913132708,21.957580490106636,0.0,0.0,0.0,0.10971562884869641,1.0,0.6469353437423706,0.02786482498049736,0.0005715489387512207,0.17413085893789898,0.19381241598228582,0.0241348488877217,0.023527824475119512,0.0,0.0,0.020653128623962402,False,False
0.78,6.036499977111816,7.3514533042907715,1.4817607402801514,1.6018126394698624,0.5025796497033925,0.9844000000000017,0.015599999999998282,0.0,673,633,1.0804581278223775,0.9195418721776225,61.0,61,3.0,26.0,0.03601185604929924,18.116328920371647,20.127782115931083,0.0,0.0,0.0,0.10057265977797183,1.0,0.6493943929672241,0.02823931723833084,0.0005829334259033203,0.1760700846742836,0.19559518446214466,0.023966076939056318,0.023357592678318422,0.0,0.0,0.019127987623214722,False,False
0.785,6.108227729797363,7.417081356048584,1.4635297060012817,1.9039021535515772,0.3503900628003215,0.9843000000000017,0.01569999999999827,0.0,696,651,1.0737532838371793,0.9262467161628207,20.0,20,7.0,31.0,0.036182694137096405,24.93996817700734,26.783800272936823,0.0,0.0,0.0,0.0921916047964741,1.0,0.6519014835357666,0.028284993022680283,0.0005945563316345215,0.17856550896167725,0.1985007797554132,0.023822097573429346,0.023223833025743566,0.0,0.0,0.015773255825042725,False,False
0.79,6.033051013946533,7.509371757507324,1.4891797304153442,1.8382431839117774,0.42570913045032827,0.9842000000000017,0.01579999999999826,0.0,590,551,1.400940510184081,0.5990594898159189,23.0,23,1.0,22.0,0.0361766554415226,22.86163749559006,32.88515025019208,0.0,0.0,0.0,0.5011756377301012,1.0,0.6543332934379578,0.028335783630609512,0.0006059408187866211,0.17297648543802374,0.19183101647223003,0.02394037088379264,0.02332899874697129,0.0,0.0,0.016951340436935424,False,False
0.795,5.961599349975586,7.572303295135498,1.5270085334777832,0.7798481632807629,0.2611059756856203,0.9841000000000018,0.01589999999999825,0.0,679,645,1.0341954676687408,0.9658045323312591,40.0,40,3.0,26.0,0.036150552332401276,29.289834370957553,30.144721062676076,0.0,0.0,0.0,0.04274433458592615,1.0,0.6566975116729736,0.02852911874651909,0.0006176233291625977,0.16771117673814268,0.18537594158947437,0.024085675055782,0.02345754997804761,0.0,0.0,0.019187933206558226,False,False
0.8,5.967727184295654,7.569322109222412,1.56573486328125,1.4388374137945912,0.7503372089592762,0.9840000000000018,0.015999999999998238,0.0,669,624,1.0313458453630127,0.9686541546369873,43.0,43,7.0,24.0,0.03611094504594803,26.849014840044422,27.632660974119737,0.0,0.0,0.0,0.03918230670376577,1.0,0.6589956879615784,0.02874281071126461,0.0006293654441833496,0.16696532018358481,0.18429576475235293,0.02412621397525072,0.023490653062860172,0.0,0.0,0.013708858489990237,False,False
0.805,5.942432403564453,7.637306213378906,1.5963726043701172,2.0776177592735263,0.8114685008796648,0.9839000000000018,0.016099999999998227,0.0,656,623,1.0287336915827616,0.9712663084172384,47.0,47,3.0,18.0,0.03653198480606079,24.611596936707386,25.329939226276426,0.0,0.0,0.0,0.03591711447845203,1.0,0.6613010764122009,0.029009805992245674,0.0006412267684936523,0.16416029284397735,0.1808602586388585,0.02417497569695115,0.02353257965296507,0.0,0.0,0.021429471969604492,False,False
0.81,5.918203830718994,7.715712547302246,1.6171954870224,2.1419556863010416,0.869999486853304,0.9838000000000018,0.016199999999998216,0.0,619,579,0.6930058839508648,1.3069941160491352,23.0,23,7.0,22.0,0.036671582609415054,30.893963858648434,23.219110957420057,0.0,0.0,0.0,-0.38374264506141886,1.0,0.6635836362838745,0.029075665399432182,0.0006533265113830566,0.16122047820501,0.1771975559592244,0.02422319957986474,0.023574247024953365,0.0,0.0,0.03380475044250488,False,False
0.8150000000000001,5.910484790802002,7.7660932540893555,1.626701831817627,1.702945867572794,0.7105802548154245,0.9837000000000018,0.016299999999998205,0.0,649,611,0.7185887269549596,1.2814112730450404,29.0,29,3.0,22.0,0.03659668564796448,28.31946687042773,21.28418504430172,0.0,0.0,0.0,-0.3517640913063005,1.0,0.6659010648727417,0.029155604541301727,0.0006651878356933594,0.15976669625813736,0.17538591881468862,0.024232050248732172,0.023580699538191162,0.0,0.0,0.01759007811546326,False,False
0.8200000000000001,5.83830451965332,7.906747341156006,1.5982484817504883,2.2774072723990595,0.374317710949054,0.9836000000000018,0.016399999999998194,0.0,676,636,0.7420396663753797,1.2579603336246203,26.0,26,4.0,26.0,0.03654162213206291,25.95951129789208,19.510502957276575,0.0,0.0,0.0,-0.3224504170307753,1.0,0.6682181358337402,0.029205569997429848,0.0006772875785827637,0.15631884145860844,0.1716733749465393,0.024226364524414144,0.023577252092460792,0.0,0.0,0.01666738033294678,False,False
0.8250000000000001,5.723720073699951,8.054088592529297,1.6187260150909424,0.7116174810275451,0.4461935542252468,0.9835000000000018,0.016499999999998183,0.0,714,677,0.4302030275107649,1.5,55.0,55,5.0,24.0,0.03673645108938217,32.12955202306774,17.88462771083686,0.0,0.0,0.0,-0.7122462156115439,1.0,0.670464038848877,0.02952287159860134,0.0006894469261169434,0.15022643013298487,0.1644427094385025,0.02438153140246868,0.02372215036302805,0.0,0.0,0.014084800481796264,False,False
0.8300000000000001,5.730654716491699,8.176580429077148,1.5898958444595337,0.979054670950498,0.9851125883251394,0.9834000000000018,0.016599999999998172,0.0,629,591,0.4776861085515347,1.5,38.0,38,3.0,14.0,0.03668577969074249,37.78542268781209,24.727575401600454,0.0,0.0,0.0,-0.6528923643105816,1.0,0.6726440191268921,0.029714833945035934,0.0007016658782958984,0.14942446988075944,0.1636095186478145,0.02427874132990837,0.02362546122943362,0.0,0.0,0.014991518259048462,False,False
0.835,5.825281620025635,8.248614311218262,1.4943314790725708,2.474580764445619,0.4284788823983648,0.9833000000000018,0.01669999999999816,0.0,632,596,0.19999999999999996,1.5,26.0,26,7.0,14.0,0.036627449095249176,42.96997079716108,22.66694411813375,0.0,0.0,0.0,-1.0,1.0,0.674805760383606,0.029767300933599472,0.0007138848304748535,0.1536022419917084,0.16902688211823474,0.023951325565576553,0.023325924606372915,0.0,0.0,0.01574882984161377,False,False
0.84,5.866571426391602,8.232534408569336,1.455750584602356,-0.45126004429065447,0.19126769550640485,0.9832000000000019,0.01679999999999815,0.0,576,541,0.25555568843566456,1.5,21.0,21,3.0,14.0,0.03654911741614342,39.389139897397655,20.77803210828927,0.0,0.0,0.0,-0.9305553894554193,1.0,0.6769009232521057,0.029797926545143127,0.0007262229919433594,0.15608728918805692,0.17212768483348162,0.023841543588787317,0.023227323157091938,0.0,0.0,0.01317568898200989,False,False
0.845,5.893163204193115,8.260174751281738,1.4469051361083984,2.3959590486786877,0.503688352991777,0.9831000000000019,0.01689999999999814,0.0,575,539,0.3175927143993592,1.5,28.0,28,5.0,17.0,0.036484915763139725,36.106711572614515,19.046529432598497,0.0,0.0,0.0,-0.8530091070008009,1.0,0.6790050268173218,0.02985212206840515,0.0007386207580566406,0.1561935757895308,0.17216778404017258,0.023800668617089592,0.023186621256172657,0.0,0.0,0.015474209785461426,False,False
0.85,5.913428783416748,8.341544151306152,1.4392375946044922,1.336458077594184,0.6558695717708216,0.9830000000000019,0.016999999999998128,0.0,614,574,0.3744599881994126,1.5,43.0,43,2.0,21.0,0.03639207407832146,33.097818941563304,17.45931864654862,0.0,0.0,0.0,-0.7819250147507342,1.0,0.6810420155525208,0.030041148886084557,0.0007510185241699219,0.15542931569988502,0.17125047764802942,0.023722256689021986,0.02311231258014838,0.0,0.0,0.01716078519821167,False,False
0.855,5.913756847381592,8.356473922729492,1.4343076944351196,2.3677688977975366,0.9973018508581729,0.9829000000000019,0.017099999999998117,0.0,671,630,0.4265883225161283,1.5,33.0,33,6.0,20.0,0.03631879761815071,30.339667363099693,16.004375426002902,0.0,0.0,0.0,-0.7167645968548395,1.0,0.6831143498420715,0.030173195526003838,0.0007633566856384277,0.15560589451342793,0.17155457127839296,0.023681951376299065,0.023077450847874086,0.0,0.0,0.021253716945648194,False,False
0.86,5.946270942687988,8.430337905883789,1.4956533908843994,0.7102435801275295,0.45543788551385656,0.9828000000000019,0.017199999999998106,0.0,696,655,0.4743726289731176,1.5,38.0,38,6.0,23.0,0.036258868873119354,27.811361749508052,14.670677473835992,0.0,0.0,0.0,-0.6570342137836029,1.0,0.6852410435676575,0.03034399263560772,0.0007753968238830566,0.15291389020097726,0.16783419853138398,0.023714934941381216,0.023091704739878576,0.0,0.0,0.022865664958953858,False,False
0.865,6.075446605682373,8.513504981994629,1.4756650924682617,0.5299231705635442,0.4966650303155775,0.9827000000000019,0.017299999999998095,0.0,687,651,0.8515082432253577,1.1484917567746422,23.0,23,5.0,33.0,0.03629027679562569,25.49374827038238,21.781454351016322,0.0,0.0,0.0,-0.18561469596830288,1.0,0.6872957348823547,0.030399464070796967,0.0007874369621276855,0.15590062055240048,0.1712242580180364,0.02346204360947013,0.022852111142128706,0.0,0.0,0.019205998182296756,False,False
0.87,6.108338832855225,8.586888313293457,1.4816737174987793,1.4255236071764512,0.6961987931705302,0.9826000000000019,0.017399999999998084,0.0,604,569,0.8638825562899112,1.1361174437100887,52.0,52,0.0,18.0,0.036595940589904785,23.369269247850514,19.966333155098294,0.0,0.0,0.0,-0.17014680463761103,1.0,0.6892861723899841,0.030651986598968506,0.0007996559143066406,0.15558062468096587,0.170790093168616,0.023400840194274984,0.022792404051870108,0.0,0.0,0.021086452007293702,False,False
0.875,6.012762546539307,8.639483451843262,1.5540372133255005,1.3720054775753954,0.7219843332868644,0.9825000000000019,0.017499999999998073,0.0,687,634,0.20855900993241872,1.5,37.0,37,5.0,14.0,0.036916568875312805,38.088496810529634,18.302472058840102,0.0,0.0,0.0,-0.9893012375844765,1.0,0.6913111805915833,0.03080071695148945,0.0008119940757751465,0.1496714008562264,0.16342380362624895,0.023637850924084585,0.02300335637604197,0.0,0.0,0.01936023712158203,False,False
0.88,5.942570209503174,8.654690742492676,1.6047126054763794,1.8543292979599804,0.3547302311039802,0.9824000000000019,0.01759999999999806,0.0,675,642,0.2745124257713838,1.5,46.0,46,6.0,25.0,0.03707599267363548,34.91445540965216,16.77726605393676,0.0,0.0,0.0,-0.9068594677857702,1.0,0.6933387517929077,0.03103458136320114,0.0008243322372436523,0.14607771762336266,0.15891063747306636,0.023816782049834728,0.02316549032305678,0.0,0.0,0.022303004264831543,False,False
0.885,5.917023658752441,8.655360221862793,1.6576606035232544,2.7338795173674124,0.7240416004571402,0.982300000000002,0.01769999999999805,0.0,707,666,0.33496972362376853,1.5,47.0,47,2.0,32.0,0.03703191876411438,32.004917458847814,15.379160549442028,0.0,0.0,0.0,-0.8312878454702893,1.0,0.6952977776527405,0.03128494322299957,0.0008368492126464844,0.14432094228267645,0.15653433287143678,0.02392744335035483,0.023266207426786423,0.0,0.0,0.02762587547302246,False,False
0.89,5.850656509399414,8.726325988769531,1.7141317129135132,3.0546939739724026,0.40967669200901546,0.982200000000002,0.01779999999999804,0.0,623,589,0.3903889133217878,1.5,51.0,51,6.0,21.0,0.03694842383265495,29.33784100394383,14.097563836988526,0.0,0.0,0.0,-0.7620138583477651,1.0,0.6971935033798218,0.031544048339128494,0.0008494257926940918,0.1399256360139695,0.15099644494305028,0.024109046595791977,0.023432837333530188,0.0,0.0,0.032473144531250005,False,False
0.895,5.790380954742432,8.804070472717285,1.7633376121520996,2.5702868510138663,0.9587431244850476,0.982100000000002,0.01789999999999803,0.0,617,586,0.44118983721163885,1.5,21.0,21,1.0,14.0,0.036871857941150665,26.89302092028184,12.922766850572815,0.0,0.0,0.0,-0.6985127034854514,1.0,0.6990275382995605,0.031548548489809036,0.0008617639541625977,0.13584798290207956,0.14586410850783163,0.024270408321172,0.02358250397567948,0.0,0.0,0.034144575595855715,False,False
0.9,5.760256767272949,8.950267791748047,1.7525030374526978,1.8181520674579843,0.5945218675691013,0.982000000000002,0.017999999999998018,0.0,620,583,0.48775735077733573,1.5,28.0,28,7.0,26.0,0.036779873073101044,24.651935843591687,11.84586961302508,0.0,0.0,0.0,-0.6403033115283303,1.0,0.7008474469184875,0.031599801033735275,0.0008740425109863281,0.13318510093912458,0.1428900554236022,0.024242477181057136,0.023553107554713886,0.0,0.0,0.023255386352539063,False,False
0.905,5.643023490905762,9.128012657165527,1.770904302597046,1.9814342551959758,0.6878814733523463,0.981900000000002,0.018099999999998007,0.0,679,628,0.5304442382125578,1.4695557617874422,33.0,33,2.0,25.0,0.03670487552881241,22.59760785662571,10.858713811939657,0.0,0.0,0.0,-0.5869447022343027,1.0,0.7027276754379272,0.03170047327876091,0.000886380672454834,0.12797087305535848,0.13688303673018987,0.024380540320028864,0.023682472140838705,0.0,0.0,0.00854691505432129,False,False
0.91,5.528750419616699,9.276514053344727,1.7773996591567993,0.9694710658059343,0.09866094327578546,0.981800000000002,0.018199999999997996,0.0,669,632,0.2362405516948447,1.5,34.0,34,9.0,16.0,0.03676874190568924,29.0478072019069,9.953820994278018,0.0,0.0,0.0,-0.9546993103814441,1.0,0.7045391798019409,0.03184005990624428,0.0008987188339233398,0.12352208226484533,0.1317860419514276,0.024502219166606665,0.023799326736479998,0.0,0.0,0.015489100217819216,False,False
0.915,5.557339191436768,9.375957489013672,1.7567118406295776,2.906737203272634,0.5068096641810726,0.981700000000002,0.018299999999997985,0.0,772,735,0.29988717238694074,1.5,47.0,47,4.0,19.0,0.036841511726379395,34.96048993508133,17.457669244754847,0.0,0.0,0.0,-0.875141034516324,1.0,0.7062896490097046,0.03204387426376343,0.0009112358093261719,0.1230420803353188,0.1313085143640635,0.024340702996899687,0.023649525828659534,0.0,0.0,0.023400619029998782,False,False
0.92,5.638238906860352,9.435336112976074,1.7724909782409668,2.5028171803791848,0.9999999999999999,0.981600000000002,0.018399999999997974,0.0,732,684,0.6915632413546956,1.3084367586453043,42.0,42,4.0,21.0,0.03724860027432442,32.04711577382455,24.33619680769194,0.0,0.0,0.0,-0.38554594830663047,1.0,0.7081035375595093,0.03218192607164383,0.0009238123893737793,0.12314086420896128,0.1312301840403425,0.02423035368944208,0.023536427567402523,0.0,0.0,0.021835606098175052,False,False
0.925,5.651687145233154,9.422858238220215,1.7493863105773926,0.13822562179737993,0.08259737627824548,0.981500000000002,0.018499999999997963,0.0,639,607,0.7172663045751376,1.2827336954248625,22.0,22,2.0,21.0,0.03748201206326485,29.376522792672503,22.308180407050944,0.0,0.0,0.0,-0.35341711928107794,1.0,0.7098954319953918,0.03220647946000099,0.0009363889694213867,0.1237811719179151,0.1321144646853206,0.024194986714671057,0.023500853373358648,0.0,0.0,0.015867253541946413,False,False
0.93,5.661008834838867,9.4729642868042,1.6944376230239868,2.5920913046078846,0.9817922819413036,0.981400000000002,0.01859999999999795,0.0,596,556,0.7408274458605428,1.2591725541394572,23.0,23,2.0,13.0,0.0376179963350296,26.92847922661646,20.449165373130032,0.0,0.0,0.0,-0.3239656926743214,1.0,0.7116232514381409,0.03222603723406792,0.0009490251541137695,0.1239848074316976,0.1327121881488708,0.024072987337907158,0.0233862999205788,0.0,0.0,0.017120361328125,False,False
0.935,5.6739959716796875,9.55075740814209,1.698836088180542,-2.8721795947251465,0.2802645318377426,0.9813000000000021,0.01869999999999794,0.0,529,501,0.7624251587054977,1.2375748412945025,23.0,23,5.0,16.0,0.03752155229449272,24.684439291065086,18.745068258702528,0.0,0.0,0.0,-0.2969685516181279,1.0,0.7132909297943115,0.03222476318478584,0.000961601734161377,0.12272766816616033,0.13118392919748995,0.02403528584788243,0.02334680873900652,0.0,0.0,0.019174723625183108,False,False
0.9400000000000001,5.6859211921691895,9.570178985595703,1.7072710990905762,-1.3197044058495877,0.16623938866374946,0.9812000000000021,0.01879999999999793,0.0,586,545,0.7822230621467062,1.2177769378532939,24.0,24,2.0,22.0,0.037424687296152115,22.627402683476326,17.182979237143982,0.0,0.0,0.0,-0.2722211723166172,1.0,0.7148998975753784,0.03224586322903633,0.0009741783142089844,0.12257831114220098,0.13094710644644972,0.024007789324969053,0.02332090788210432,0.0,0.0,0.017129789590835574,False,False
0.9450000000000001,5.725059986114502,9.674307823181152,1.7776612043380737,2.4751124130395943,0.4966581497244055,0.9811000000000021,0.01889999999999792,0.0,675,640,0.46703780696781405,1.5,53.0,53,5.0,21.0,0.03743395581841469,29.075119126519965,15.751064300715317,0.0,0.0,0.0,-0.6662027412902324,1.0,0.7165233492851257,0.03250480815768242,0.0009868741035461426,0.12027900955080963,0.1276043424904344,0.024059968224416178,0.023360414585719507,0.0,0.0,0.02226207971572876,False,False
0.9500000000000001,5.825129508972168,9.775040626525879,1.756840467453003,0.060487892492380305,0.12481075829070093,0.9810000000000021,0.018999999999997907,0.0,644,601,0.19999999999999996,1.5,26.0,26,6.0,29.0,0.037375256419181824,34.98552586597663,14.438475608989041,0.0,0.0,0.0,-1.0,1.0,0.7181824445724487,0.032547224313020706,0.0009996891021728516,0.12103761281135157,0.128430671493833,0.023835021226356428,0.023145340383052826,0.0,0.0,0.020240185260772706,False,False
0.9550000000000001,5.790700912475586,9.826859474182129,1.7907507419586182,0.6994676800867412,0.4447496376471049,0.9809000000000021,0.019099999999997896,0.0,663,627,0.24660815724378815,1.5,32.0,32,3.0,21.0,0.0373205803334713,32.07006537714525,13.235269308239953,0.0,0.0,0.0,-0.9417398034452648,1.0,0.719828188419342,0.032645586878061295,0.0010123848915100098,0.11941381575539683,0.12640700700382368,0.023924941197037697,0.023229200548181932,0.0,0.0,0.02159249544143677,False,False
0.96,5.683994770050049,9.831182479858398,1.8581117391586304,3.03303818575602,0.873701889193032,0.9808000000000021,0.019199999999997885,0.0,691,652,0.30939081080680586,1.5,66.0,66,6.0,28.0,0.03724588081240654,29.39755992904981,12.132330199219957,0.0,0.0,0.0,-0.8632614864914926,1.0,0.7214116454124451,0.033065468072891235,0.0010254979133605957,0.11643123532459117,0.12263895802013551,0.024213120341300964,0.023502707481384277,0.0,0.0,0.020954952239990235,False,False
0.965,5.6372880935668945,9.81450366973877,1.907625436782837,1.4564129552528398,0.4256557803464387,0.9807000000000021,0.019299999999997874,0.0,715,681,0.3669415765729055,1.5,67.0,67,6.0,30.0,0.0371905080974102,26.947763268295656,11.121302682618294,0.0,0.0,0.0,-0.7913230292838681,1.0,0.7230086326599121,0.03338128328323364,0.0010385513305664062,0.11527391804258005,0.12103745289643582,0.024370156849424045,0.023655216209590435,0.0,0.0,0.022128796577453612,False,False
0.97,5.610812187194824,9.834057807922363,1.9443186521530151,2.956150706051259,0.38712102309443464,0.9806000000000021,0.019399999999997863,0.0,582,544,0.41969644519183,1.5,22.0,22,3.0,24.0,0.037297509610652924,24.702116329271018,10.19452745906677,0.0,0.0,0.0,-0.7253794435102124,1.0,0.7246402502059937,0.033397432416677475,0.0010517239570617676,0.11418710670682268,0.11959525861591076,0.024456020910292864,0.023739989070842665,0.0,0.0,0.03253914833068848,False,False
0.975,5.532447338104248,9.886446952819824,2.003516674041748,1.7728263441195882,0.43207356432563654,0.9805000000000021,0.019499999999997852,0.0,643,608,0.4680550747591775,1.5,15.0,15,4.0,16.0,0.03741230070590973,22.6436066351651,9.344983504144539,0.0,0.0,0.0,-0.6649311565510281,1.0,0.7262064814567566,0.033357590436935425,0.0010647773742675781,0.11161195502057648,0.11633301314711547,0.024680520873516798,0.02395929303020239,0.0,0.0,0.037453837394714355,False,False
0.98,5.437082767486572,9.957165718078613,2.0673818588256836,1.8883248039238216,0.6898748738036062,0.9804000000000022,0.01959999999999784,0.0,659,617,0.5123838185292462,1.4876161814707538,40.0,40,4.0,10.0,0.03748459368944168,20.756639415568007,8.56623487879916,0.0,0.0,0.0,-0.6095202268384423,1.0,0.727836549282074,0.03348381817340851,0.0010780096054077148,0.10869282979518152,0.1126575495023278,0.02494226054598888,0.02421813706556956,0.0,0.0,0.018027294874191285,False,False
0.985,5.302803039550781,10.07574462890625,2.050837993621826,3.140886239484333,0.792209700349534,0.9803000000000022,0.01969999999999783,0.0,738,694,0.2196851669851423,1.5,65.0,65,5.0,21.0,0.03764712065458298,27.360252797604005,7.852381972232562,0.0,0.0,0.0,-0.975393541268572,1.0,0.7293990850448608,0.03383864089846611,0.0010913610458374023,0.10527813136205055,0.10918497077872333,0.025080108704666298,0.024344027818491064,0.0,0.0,0.015695009231567383,False,False
0.99,5.1349687576293945,10.193171501159668,2.068588972091675,2.9950281241052723,0.6255645300872101,0.9802000000000022,0.01979999999999782,0.0,597,560,0.28471140306971376,1.5,44.0,44,1.0,33.0,0.037808191031217575,25.080231731137005,7.198016807879848,0.0,0.0,0.0,-0.8941107461628578,1.0,0.7309479713439941,0.03401723876595497,0.0011048316955566406,0.10152606199029812,0.10506551868561634,0.025331626335779827,0.024589599731067818,0.0,0.0,0.010636341571807862,False,False
0.995,5.04802131652832,10.306699752807617,2.070962905883789,-0.07664243371179548,0.1961710121042161,0.9801000000000022,0.01989999999999781,0.0,637,604,0.34431878614723754,1.5,26.0,26,3.0,33.0,0.03787977993488312,22.99021242020892,6.598182073889861,0.0,0.0,0.0,-0.819601517315953,1.0,0.732434868812561,0.03405403718352318,0.001118302345275879,0.0991786502941199,0.10248219744426487,0.025410797291745744,0.024669966660439968,0.0,0.0,0.014994924068450929,False,False
1.0,5.058876991271973,10.445821762084961,2.05828595161438,0.4598552386841111,0.35050179698312267,0.9800000000000022,0.019999999999997797,0.0,677,628,0.19999999999999996,1.5,29.0,29,8.0,25.0,0.037935055792331696,29.40769471852484,6.048333567732373,0.0,0.0,0.0,-1.0,1.0,0.7338637113571167,0.03409075736999512,0.0011317133903503418,0.0976575783410418,0.10088002778465528,0.025298804976046085,0.02455725334584713,0.0,0.0,0.02568071842193604,False,False
1.0050000000000001,5.07909631729126,10.471818923950195,2.0622050762176514,2.5637888168532292,0.4386140360546338,0.9799000000000022,0.020099999999997786,0.0,678,645,0.19999999999999996,1.5,21.0,21,2.0,32.0,0.03793436661362648,26.957053491981103,5.544305770421341,0.0,0.0,0.0,-1.0,1.0,0.7353076934814453,0.034066442400217056,0.0011452436447143555,0.09731571041047553,0.10050089266151169,0.025288391237457596,0.024540982364366453,0.0,0.0,0.021740446090698244,False,False
1.01,5.0843892097473145,10.469700813293457,2.0260143280029297,2.925755748217306,0.3823879235132357,0.9798000000000022,0.020199999999997775,0.0,639,604,0.5481992502094755,1.4518007497905245,33.0,33,5.0,18.0,0.037912141531705856,24.710632367649342,13.415613622886228,0.0,0.0,0.0,-0.5647509372381557,1.0,0.7366906404495239,0.034119024872779846,0.0011587142944335938,0.09751973746344426,0.10095107122976311,0.025231354714681707,0.02447836877157291,0.0,0.0,0.018633431196212767,False,False
1.0150000000000001,5.090413570404053,10.536910057067871,2.0013883113861084,2.992850609772678,0.8686651525706434,0.9797000000000022,0.020299999999997764,0.0,637,593,0.5858493126920192,1.4141506873079808,35.0,35,4.0,20.0,0.03788452222943306,22.651413003678563,12.297645820979042,0.0,0.0,0.0,-0.517688359134976,1.0,0.7380177974700928,0.034217096865177155,0.0011722445487976074,0.09696387810756742,0.10046566189639249,0.02515444609646996,0.024397725549836956,0.0,0.0,0.021014628410339357,False,False
1.02,5.113392353057861,10.567520141601562,2.0116424560546875,2.3524601713718134,0.5723098351499666,0.9796000000000022,0.020399999999997753,0.0,659,623,0.6203618699676843,1.3796381300323157,33.0,33,4.0,27.0,0.03794879466295242,29.09712858670535,19.606175335897454,0.0,0.0,0.0,-0.4745476625403947,1.0,0.7394082546234131,0.034295596182346344,0.0011858940124511719,0.09671922174282352,0.10011148336622842,0.02512857550755143,0.024371407149980467,0.0,0.0,0.01573336958885193,False,False
1.025,5.1182332038879395,10.629648208618164,2.0589101314544678,2.3883922267527864,0.5804429877057694,0.9795000000000023,0.020499999999997742,0.0,662,626,0.6519983808037104,1.3480016191962896,29.0,29,6.0,36.0,0.03787718340754509,26.67236787114657,17.972327391239332,0.0,0.0,0.0,-0.43500202399536186,1.0,0.7408384084701538,0.034341465681791306,0.0011995434761047363,0.09560575376575171,0.09855688865855315,0.025217547857513033,0.02445787269001206,0.0,0.0,0.016701072454452515,False,False
1.03,5.165600776672363,10.766618728637695,2.1011228561401367,-1.6310596098384038,1.0,0.9794000000000023,0.02059999999999773,0.0,643,603,0.6809985157367346,1.3190014842632654,42.0,42,2.0,24.0,0.03786155954003334,24.449670548551023,16.474633441969388,0.0,0.0,0.0,-0.39875185532908175,1.0,0.7422561645507812,0.03450601547956467,0.0012131929397583008,0.094557200775792,0.09703366147819885,0.025155184169610344,0.024403170682489872,0.0,0.0,0.023668222427368164,False,False
1.035,5.198247909545898,10.836862564086914,2.075204849243164,2.42397524419757,0.995739227828534,0.9793000000000023,0.02069999999999772,0.0,663,627,0.7075819727586734,1.2924180272413266,65.0,65,6.0,24.0,0.03801698982715607,22.412198002838437,15.101747321805272,0.0,0.0,0.0,-0.36552253405165824,1.0,0.7436128258705139,0.034849923104047775,0.0012270808219909668,0.09462153580225983,0.09725932490453103,0.025005396455526352,0.024253209121525288,0.0,0.0,0.022840542793273928,False,False
1.04,5.101663112640381,10.840600967407227,2.1193251609802246,2.7763883244602496,0.5539061301701077,0.9792000000000023,0.02079999999999771,0.0,648,615,1.065283475028784,0.9347165249712159,35.0,35,1.0,40.0,0.03797941654920578,20.54451483593523,22.176601711654833,0.0,0.0,0.0,0.08160434378598005,1.0,0.7449125647544861,0.0349300354719162,0.0012409687042236328,0.09320316911085177,0.09553819993976483,0.02525843136633436,0.02450283383950591,0.0,0.0,0.02072767496109009,False,False
1.045,5.00656270980835,10.832383155822754,2.1867787837982178,2.143837158929526,0.30630560283876646,0.9791000000000023,0.020899999999997698,0.0,628,590,1.0598431854430521,0.9401568145569479,25.0,25,1.0,38.0,0.038017213344573975,18.832471932940628,20.32855156901693,0.0,0.0,0.0,0.07480398180381513,1.0,0.7462745904922485,0.03491252288222313,0.0012548565864562988,0.09166714682181656,0.0935316005249816,0.02558679785579443,0.02483303270613154,0.0,0.0,0.019789952039718627,False,False
1.05,4.99113130569458,10.850022315979004,2.223745107650757,2.7167751585262523,0.3680171917579857,0.9790000000000023,0.020999999999997687,0.0,618,584,1.0548562533227979,0.9451437466772021,15.0,15,7.0,26.0,0.03797146677970886,17.26309927186224,18.634505604932187,0.0,0.0,0.0,0.06857031665349726,1.0,0.7475729584693909,0.034842249006032944,0.0012688040733337402,0.09115834388229976,0.09276824849005769,0.025671645998954773,0.024924833172311388,0.0,0.0,0.02242715120315552,False,False
1.055,4.935286045074463,10.901139259338379,2.2615482807159424,2.8828112029909043,0.9007146849428836,0.9789000000000023,0.021099999999997676,0.0,657,625,1.0502848988792313,0.9497151011207687,27.0,27,4.0,24.0,0.03799193352460861,15.824507665873721,17.081630137854503,0.0,0.0,0.0,0.06285612359903911,1.0,0.7488151788711548,0.03486362099647522,0.0012826919555664062,0.08990904920113564,0.09124889032604773,0.02581916361426314,0.025076563470065594,0.0,0.0,0.03189541101455688,False,False
1.06,4.8566179275512695,10.934072494506836,2.2916111946105957,2.4491484710743974,0.5570841104485712,0.9788000000000023,0.021199999999997665,0.0,659,626,1.0460944906392953,0.9539055093607047,33.0,33,2.0,31.0,0.03815853223204613,14.505798693717578,15.658160959699961,0.0,0.0,0.0,0.057618113299119145,1.0,0.7500028014183044,0.03489529713988304,0.0012965798377990723,0.08870693626844615,0.0898485323836404,0.026007674944897495,0.025266705391307674,0.0,0.0,0.04131455898284912,False,False
1.065,4.815125942230225,10.989209175109863,2.2855093479156494,2.5028171803791848,0.9999999999999999,0.9787000000000023,0.021299999999997654,0.0,620,589,1.0422532830860207,0.9577467169139793,47.0,47,5.0,16.0,0.03807394951581955,13.296982135907779,14.353314213058297,0.0,0.0,0.0,0.052816603857525915,1.0,0.7512089014053345,0.03508467599749565,0.0013106465339660645,0.08771845884621124,0.0888440049700437,0.026065995916724205,0.025318313855677843,0.0,0.0,0.014617040157318115,False,False
1.07,4.694798946380615,11.057412147521973,2.2938103675842285,2.6095578115169094,0.9145604864626311,0.9786000000000024,0.021399999999997643,0.0,666,622,0.7053988428288525,1.2946011571711475,20.0,20,6.0,33.0,0.03814583644270897,20.522233624582128,13.157204695303438,0.0,0.0,0.0,-0.3682514464639345,1.0,0.7524545192718506,0.03506419062614441,0.0013245940208435059,0.08571566595168145,0.08678575237064293,0.026263521673778694,0.025507390964776278,0.0,0.0,0.01472445845603943,False,False
1.075,4.578242301940918,11.060990333557129,2.3234663009643555,-2.650350195138779,0.34959555618890376,0.9785000000000024,0.021499999999997632,0.0,709,663,0.7299489392597814,1.2700510607402187,61.0,61,3.0,29.0,0.038190584629774094,18.812047489200282,12.060770970694819,0.0,0.0,0.0,-0.3375638259252732,1.0,0.7536396384239197,0.03533788025379181,0.001338660717010498,0.08451497195226432,0.08544178397270522,0.026506662058333557,0.02575613713512818,0.0,0.0,0.016411836147308352,False,False
1.08,4.491689205169678,11.185667037963867,2.308788776397705,2.6109262870353156,0.7601606844554338,0.9784000000000024,0.02159999999999762,0.0,609,575,0.7524531943214664,1.2475468056785337,33.0,33,8.0,27.0,0.03813124820590019,17.244376865100257,11.055706723136916,0.0,0.0,0.0,-0.309433507098167,1.0,0.7547706365585327,0.0354011096060276,0.001352846622467041,0.0826381764560936,0.08355466831941138,0.02657416897515456,0.025814796487490337,0.0,0.0,0.0126068115234375,False,False
1.085,4.4541239738464355,11.320380210876465,2.263184070587158,2.372597671400879,0.31105347071325484,0.9783000000000024,0.02169999999999761,0.0,628,593,0.7730820947946776,1.2269179052053225,23.0,23,3.0,39.0,0.03817296773195267,15.807345459675235,10.134397829542173,0.0,0.0,0.0,-0.28364738150665303,1.0,0.7559205889701843,0.03540271520614624,0.0013670921325683594,0.08098081652323387,0.0820640331581233,0.026503439682225387,0.02572576360156139,0.0,0.0,0.019947450160980228,False,False
1.09,4.4685187339782715,11.309660911560059,2.2333855628967285,2.5685217941619882,0.714171322129596,0.9782000000000024,0.0217999999999976,0.0,639,601,0.7919919202284544,1.2080080797715456,28.0,28,5.0,18.0,0.03808875009417534,14.490066671368965,9.289864677080326,0.0,0.0,0.0,-0.26001009971443195,1.0,0.7571106553077698,0.03540884330868721,0.0013812780380249023,0.08102218657235287,0.08228068315858623,0.02646848869820436,0.02567619550973177,0.0,0.0,0.015121670961380007,False,False
1.095,4.495600700378418,11.343709945678711,2.203965663909912,2.809209339461819,0.9362520549999456,0.9781000000000024,0.021899999999997588,0.0,610,568,0.8093259268760832,1.1906740731239167,29.0,29,2.0,28.0,0.03804217278957367,13.28256111542155,8.51570928732363,0.0,0.0,0.0,-0.238342591404896,1.0,0.7582406401634216,0.03543056547641754,0.00139540433883667,0.08098082251101714,0.08234192281402629,0.02638316402832667,0.02557944894457857,0.0,0.0,0.016388062238693237,False,False
1.1,4.46848201751709,11.445637702941895,2.2033586502075195,1.5455811438868863,0.34508744775618755,0.9780000000000024,0.021999999999997577,0.0,678,640,0.825215432969743,1.174784567030257,47.0,47,3.0,31.0,0.03796415776014328,12.175681022469755,7.806066846713328,0.0,0.0,0.0,-0.21848070878782133,1.0,0.7593169808387756,0.03559037670493126,0.0014096498489379883,0.0798243360510094,0.08110536189408334,0.026399226238330208,0.025589692716797195,0.0,0.0,0.024368906021118165,False,False
1.105,4.439557075500488,11.469633102416992,2.179025650024414,2.202826401740864,0.6215317734685823,0.9779000000000024,0.022099999999997566,0.0,712,667,0.8397808135555977,1.1602191864444023,36.0,36,6.0,30.0,0.03789431229233742,19.494374270597273,15.488894609487216,0.0,0.0,0.0,-0.20027398305550284,1.0,0.7604638934135437,0.03571610525250435,0.0014241337776184082,0.07934495943908872,0.08075098833069186,0.026377678538362186,0.02556291020785769,0.0,0.0,0.02590367794036865,False,False
1.11,4.402337074279785,11.579127311706543,2.232858419418335,2.7237645295277484,0.8683196303259976,0.9778000000000024,0.022199999999997555,0.0,791,750,0.8531324124259646,1.1468675875740353,47.0,47,6.0,32.0,0.038031917065382004,17.869843081380832,14.198153392029948,0.0,0.0,0.0,-0.18358448446754422,1.0,0.7616471648216248,0.035881564021110535,0.001438438892364502,0.07797747136093658,0.07902729543857258,0.026520900428295135,0.025710200425237417,0.0,0.0,0.02007779359817505,False,False
1.115,4.45494270324707,11.763236045837402,2.2347826957702637,2.1078715668706485,0.5765865402553199,0.9777000000000025,0.022299999999997544,0.0,600,564,0.8653713780571342,1.1346286219428658,32.0,32,2.0,27.0,0.038300540298223495,16.380689491265763,13.014973942694118,0.0,0.0,0.0,-0.16828577742858225,1.0,0.762769341468811,0.03594273328781128,0.0014529824256896973,0.07703434968553464,0.07793321026985826,0.026345937512815,0.025537810288369656,0.0,0.0,0.016826850175857545,False,False
1.12,4.414623260498047,11.857851028442383,2.242093563079834,2.4040110686593192,0.19321714202798115,0.9776000000000025,0.022399999999997533,0.0,605,565,0.8765904298857063,1.1234095701142937,29.0,29,6.0,27.0,0.03862030431628227,15.015632033660282,11.93039278080294,0.0,0.0,0.0,-0.1542619626428671,1.0,0.7638368010520935,0.035971540957689285,0.0014673471450805664,0.07617014806283,0.07702604302298259,0.026384183826545875,0.02557239029556513,0.0,0.0,0.02076735258102417,False,False
1.125,4.285712718963623,11.848315238952637,2.289842128753662,,0.0,0.9775000000000025,0.022499999999997522,0.0,610,571,0.8868745607285642,1.1131254392714358,46.0,46,3.0,17.0,0.038669947534799576,13.76432936418859,10.936193382402694,0.0,0.0,0.0,-0.14140679908929482,1.0,0.7649227380752563,0.03611866384744644,0.0014818310737609863,0.07496142165362818,0.07559961676597576,0.026764795184135437,0.02595155422265331,0.0,0.0,0.016585745811462403,False,False
1.1300000000000001,4.212944984436035,11.811149597167969,2.3336546421051025,2.8867559200492585,0.8782793103634208,0.9774000000000025,0.02259999999999751,0.0,570,544,0.8963016806678504,1.1036983193321495,38.0,38,2.0,14.0,0.03860333189368248,12.617301917172874,10.024843933869136,0.0,0.0,0.0,-0.12962289916518693,1.0,0.7659509778022766,0.03622721880674362,0.0014963746070861816,0.0744116808443018,0.07486305395141225,0.02704803210993608,0.026240438067664705,0.0,0.0,0.022018785476684573,False,False
1.135,4.200160026550293,11.805561065673828,2.3738622665405273,2.8153960116938723,0.8506296229558812,0.9773000000000025,0.0226999999999975,0.0,510,480,0.9049432072788629,1.0950567927211372,13.0,13,5.0,13.0,0.03850483149290085,11.5658600907418,9.189440272713373,0.0,0.0,0.0,-0.11882099090142137,1.0,0.7669267058372498,0.03614352270960808,0.001510918140411377,0.07430763568667056,0.07460001659393292,0.027139449181656044,0.02634536862994234,0.0,0.0,0.02340357542037964,False,False
1.1400000000000001,4.135103225708008,11.848885536193848,2.3957066535949707,1.6573524562765958,0.49903816028924564,0.9772000000000025,0.02279999999999749,0.0,674,636,0.912864606672291,1.087135393327709,34.0,34,3.0,25.0,0.03843235224485397,10.602038416513317,8.423653583320592,0.0,0.0,0.0,-0.10891924165963625,1.0,0.7678974270820618,0.036178503185510635,0.0015253424644470215,0.07350862591713649,0.07370609384495748,0.02728098692993323,0.0264895746173958,0.0,0.0,0.030393083095550538,False,False
1.145,4.0887227058410645,11.872928619384766,2.4300687313079834,2.7647801667542797,0.4345084195049088,0.9771000000000025,0.022899999999997478,0.0,670,627,0.9201258894496,1.0798741105504,42.0,42,6.0,29.0,0.038369666785001755,9.718535215137207,7.721682451377209,0.0,0.0,0.0,-0.0998426381879999,1.0,0.768814742565155,0.03630301356315613,0.0015399456024169922,0.07306308245658856,0.07310533152272287,0.0274267482260863,0.026646079495549202,0.0,0.0,0.019839558601379394,False,False
1.1500000000000001,3.96586275100708,11.939983367919922,2.417026996612549,2.483159541145103,0.9990029645856698,0.9770000000000025,0.022999999999997467,0.0,657,624,0.9267820653288,1.0732179346711999,26.0,26,5.0,27.0,0.03835141286253929,8.908657280542439,7.078208913762441,0.0,0.0,0.0,-0.0915224183389999,1.0,0.7698051929473877,0.03632549196481705,0.0015544891357421875,0.07164592226191097,0.07174813841655833,0.027616196312010288,0.026818324501315754,0.0,0.0,0.023328485488891604,False,False
1.155,3.760906457901001,11.9927396774292,2.398609161376953,2.0788366299229555,0.601951763175082,0.9769000000000025,0.023099999999997456,0.0,607,585,0.9328835598847334,1.0671164401152666,26.0,26,2.0,25.0,0.03842216357588768,16.4996025071639,14.821691504282235,0.0,0.0,0.0,-0.08389555014408323,1.0,0.7707372307777405,0.03632621467113495,0.0015690922737121582,0.06961175081320091,0.06981432620435936,0.02800984773784876,0.02718538356324037,0.0,0.0,0.0126328182220459,False,False
1.16,3.5839736461639404,12.025548934936523,2.4117743968963623,2.5940443145240555,0.946016198915573,0.9768000000000026,0.023199999999997445,0.0,595,559,0.9384765965610057,1.0615234034389944,35.0,35,4.0,22.0,0.03837493062019348,15.124635631566907,13.586550545592049,0.0,0.0,0.0,-0.0769042542987429,1.0,0.7716185450553894,0.03640775382518768,0.0015837550163269043,0.06824263152976814,0.06837973194383068,0.02838836672405402,0.027562056978543602,0.0,0.0,0.016408778429031372,False,False
1.165,3.5365545749664307,12.125638008117676,2.373274326324463,2.647456269211453,0.486716464561176,0.9767000000000026,0.023299999999997434,0.0,581,539,0.9436035468475885,1.0563964531524115,48.0,48,5.0,18.0,0.03867581859230995,13.864249328936332,12.454338000126045,0.0,0.0,0.0,-0.07049556644051433,1.0,0.7724965810775757,0.03657335415482521,0.0015984177589416504,0.06723195761193815,0.06747298200925175,0.02833719210078319,0.027496481003860634,0.0,0.0,0.021107733249664307,False,False
1.17,3.558631420135498,12.235939979553223,2.330489158630371,2.4391343068242515,0.9931297752323908,0.9766000000000026,0.023399999999997423,0.0,616,580,0.6149699179436228,1.3850300820563772,33.0,33,4.0,23.0,0.038843486458063126,21.04222855152497,11.416476500115541,0.0,0.0,0.0,-0.4812876025704715,1.0,0.7733944654464722,0.03662990406155586,0.0016131401062011719,0.0664544164873658,0.06684845312498494,0.028170763204495113,0.027304993321498237,0.0,0.0,0.018228787183761596,False,False
1.175,3.6042089462280273,12.224333763122559,2.319706439971924,3.0606828579015914,0.43409857589543716,0.9765000000000026,0.023499999999997412,0.0,586,557,0.6470557581149876,1.3529442418850124,29.0,29,5.0,28.0,0.03890964388847351,19.288709505564555,10.465103458439247,0.0,0.0,0.0,-0.4411803023562654,1.0,0.7742384672164917,0.0366300530731678,0.0016278624534606934,0.06672540652751906,0.06716988559750203,0.028111389838159084,0.027233276826639972,0.0,0.0,0.011558992862701418,False,False
1.18,3.6285150051116943,12.282556533813477,2.2764103412628174,1.5979000529741831,0.4807641709635847,0.9764000000000026,0.0235999999999974,0.0,578,539,0.3431344449387387,1.5,21.0,21,4.0,33.0,0.038839053362607956,26.01465038010084,9.59301150356931,0.0,0.0,0.0,-0.8210819438265766,1.0,0.7750847935676575,0.03657706081867218,0.0016426444053649902,0.06648785424729171,0.06704661562883589,0.027990401722490788,0.027091410011053085,0.0,0.0,0.01544588088989258,False,False
1.185,3.6101205348968506,12.367477416992188,2.256488561630249,2.8973815772614993,0.6494134697021111,0.9763000000000026,0.02369999999999739,0.0,699,665,0.39787324119384393,1.5,46.0,46,4.0,26.0,0.038814764469861984,23.84676284842577,8.793593878271867,0.0,0.0,0.0,-0.752658448507695,1.0,0.7759255170822144,0.03674345836043358,0.0016573071479797363,0.06581602848693713,0.06641677067428811,0.0279348436743021,0.027027265168726444,0.0,0.0,0.02304525136947632,False,False
1.19,3.5836260318756104,12.431927680969238,2.265641927719116,2.5976312803025285,0.9911642671595791,0.9762000000000026,0.02379999999999738,0.0,740,683,0.7813838044276904,1.2186161955723096,45.0,45,7.0,28.0,0.03878163546323776,21.859532611056952,16.39412772174921,0.0,0.0,0.0,-0.27327024446538706,1.0,0.7768886685371399,0.03689995035529137,0.001672208309173584,0.06523887578087532,0.06578223461347306,0.027976473793387413,0.02706711335728566,0.0,0.0,0.01528803586959839,False,False
1.195,3.565829038619995,12.569012641906738,2.314833641052246,2.9367045458928174,0.8335070692903592,0.9761000000000026,0.023899999999997368,0.0,716,685,0.7996018207253828,1.2003981792746172,32.0,32,3.0,45.0,0.03887822479009628,20.037904893468873,15.027950411603442,0.0,0.0,0.0,-0.2504977240932716,1.0,0.7777897119522095,0.03691541776061058,0.0016869902610778809,0.06422549633868022,0.06452762491938953,0.02807308143625657,0.027172680323322616,0.0,0.0,0.01439949154853821,False,False
1.2,3.587028980255127,12.71377944946289,2.2863049507141113,2.72927793206959,0.5638933823401119,0.9760000000000026,0.023999999999997357,0.0,608,579,0.48296833566493425,1.5,25.0,25,3.0,29.0,0.03887353464961052,26.701412819013132,13.775621210636487,0.0,0.0,0.0,-0.6462895804188322,1.0,0.7786389589309692,0.036908745765686035,0.0017018914222717285,0.0636201330777256,0.0639854023503138,0.02784544291595618,0.02693937004854282,0.0,0.0,0.01686171054840088,False,False
1.205,3.5257036685943604,12.755495071411133,2.298975944519043,2.4505164873769734,0.5018688790206781,0.9759000000000027,0.024099999999997346,0.0,609,572,0.5260543076928563,1.4739456923071437,49.0,49,7.0,18.0,0.039006613194942474,24.47629508409537,12.62765277641678,0.0,0.0,0.0,-0.5924321153839295,1.0,0.7794378399848938,0.03709278628230095,0.0017167925834655762,0.06307588259379053,0.06340740521748844,0.027971873059868813,0.027061402797698975,0.0,0.0,0.020423753261566164,False,False
1.21,3.4033515453338623,12.712817192077637,2.380045175552368,2.44144568348686,1.0,0.9758000000000027,0.024199999999997335,0.0,548,518,0.565549782051785,1.434450217948215,28.0,28,2.0,10.0,0.03904210031032562,22.43660382708742,11.575348378382047,0.0,0.0,0.0,-0.5430627724352687,1.0,0.7802338600158691,0.03710559383034706,0.0017317533493041992,0.0624389900794872,0.06250854833951824,0.028505522447327774,0.027606176833311718,0.0,0.0,0.01855712652206421,False,False
1.215,3.3708460330963135,12.66472053527832,2.427061080932617,2.8401623420420776,0.7076915774421867,0.9757000000000027,0.024299999999997324,0.0,620,584,0.601753966880803,1.398246033119197,21.0,21,5.0,21.0,0.038996390998363495,20.566886841496803,10.610736013516876,0.0,0.0,0.0,-0.49780754139899636,1.0,0.7810502052307129,0.03704453259706497,0.0017464756965637207,0.06244565935805424,0.062375696863978945,0.02872488150993983,0.027841345096627872,0.0,0.0,0.017595009803771974,False,False
1.22,3.33854079246521,12.66186237335205,2.4771063327789307,2.7593195764984033,0.42800748756446927,0.9756000000000027,0.024399999999997313,0.0,656,620,0.6349411363074027,1.3650588636925973,32.0,32,4.0,36.0,0.038924362510442734,18.852979604705403,9.72650801239047,0.0,0.0,0.0,-0.45632357961574666,1.0,0.7818130254745483,0.03708535432815552,0.0017614960670471191,0.06230553117115034,0.062086751426569955,0.02889730967581272,0.028033917769789696,0.0,0.0,0.017194987535476686,False,False
1.225,3.166945219039917,12.696685791015625,2.5572421550750732,-2.760176372568686,0.547668308547237,0.9755000000000027,0.0244999999999973,0.0,701,660,0.998696041615119,1.001303958384881,30.0,30,5.0,33.0,0.03903615474700928,17.28189797097995,17.249299011357927,0.0,0.0,0.0,-0.0016299479811012318,1.0,0.7825274467468262,0.0371052585542202,0.0017763376235961914,0.061311384840557814,0.06085219891369327,0.029457428803046547,0.028620767407119274,0.0,0.0,0.02910480499267578,False,False
1.23,3.0797505378723145,12.719839096069336,2.5909769535064697,2.4994777567698385,0.6764700596767461,0.9754000000000027,0.02459999999999729,0.0,721,681,1.3321380381471926,0.6678619618528076,60.0,60,7.0,21.0,0.03920027241110802,15.84173980673162,24.14519076041143,0.0,0.0,0.0,0.41517254768399053,1.0,0.7833176255226135,0.037390194833278656,0.0017913579940795898,0.06077979157678767,0.06022808239795252,0.02971096274753412,0.028886509438355766,0.0,0.0,0.020151834487915042,False,False
1.235,2.9674370288848877,12.748673439025879,2.5801191329956055,2.49919430764768,0.9982109167600539,0.9753000000000027,0.02469999999999728,0.0,634,592,0.9711265349682597,1.0288734650317404,31.0,31,3.0,14.0,0.03925991430878639,22.85492815617065,22.133091530377143,0.0,0.0,0.0,-0.03609183128967537,1.0,0.7840980291366577,0.037410374730825424,0.0018064379692077637,0.05987047788066153,0.05937781050677086,0.029971119947731495,0.029123846131066482,0.0,0.0,0.016170979738235475,False,False
1.24,2.8558731079101562,12.7421236038208,2.5936837196350098,3.054478383518813,0.21851444279767374,0.9752000000000027,0.02479999999999727,0.0,593,562,0.9735326570542381,1.0264673429457618,45.0,45,6.0,28.0,0.039192136377096176,20.950350809823096,20.288667236179048,0.0,0.0,0.0,-0.03308417868220239,1.0,0.7848776578903198,0.037560295313596725,0.0018213987350463867,0.059278244927214924,0.05877897006707872,0.030261130693058174,0.029413000059624515,0.0,0.0,0.015584596395492556,False,False
1.245,2.749565362930298,12.772513389587402,2.607584238052368,2.658221525776939,0.8880560421551708,0.9751000000000027,0.024899999999997258,0.0,600,560,1.3090716022997182,0.6909283977002818,26.0,26,5.0,24.0,0.03914060443639755,19.20448824233784,26.931278299830794,0.0,0.0,0.0,0.3863395028746478,1.0,0.7856048345565796,0.03753720596432686,0.0018365979194641113,0.05859873766452059,0.058070997834205475,0.030511397247513138,0.02966694999486208,0.0,0.0,0.01352235555648804,False,False
1.25,2.6711297035217285,12.879508972167969,2.5680298805236816,-1.7100985330493292,0.3265038868701732,0.9750000000000028,0.024999999999997247,0.0,646,603,1.2833156354414084,0.7166843645585916,19.0,19,3.0,20.0,0.039137113839387894,17.604114222143018,24.687005108178226,0.0,0.0,0.0,0.35414454430176046,1.0,0.7864064574241638,0.037466954439878464,0.0018515586853027344,0.057502598309578844,0.05708803125595038,0.030575293737153213,0.0296930813541015,0.0,0.0,0.017652384042739867,False,False
1.2550000000000001,2.6747188568115234,12.91236686706543,2.5172500610351562,2.7449284420746647,0.9381479914666172,0.9749000000000028,0.025099999999997236,0.0,658,616,0.926372665821291,1.073627334178709,25.0,25,5.0,31.0,0.03911862149834633,24.47043803696443,22.629754682496706,0.0,0.0,0.0,-0.09203416772338624,1.0,0.787196934223175,0.037442050874233246,0.0018666386604309082,0.057162374335651446,0.056897168979048576,0.03048976417630911,0.029567551488677662,0.0,0.0,0.017008403539657595,False,False
1.26,2.7028207778930664,12.93542194366455,2.477125644683838,2.3736754572805627,0.3406915142246268,0.9748000000000028,0.025199999999997225,0.0,653,624,0.5991749436695168,1.4008250563304832,54.0,54,4.0,40.0,0.039199165999889374,30.764568200550727,20.74394179228865,0.0,0.0,0.0,-0.5010313204131039,1.0,0.7879853844642639,0.03764629364013672,0.001881718635559082,0.05710318757034823,0.05693724182993158,0.030369306914508343,0.029418986911575,0.0,0.0,0.0184441077709198,False,False
1.2650000000000001,2.672257661819458,13.009565353393555,2.4566354751586914,-2.452983732510578,0.18083922503921263,0.9747000000000028,0.025299999999997214,0.0,712,669,0.6325770316970571,1.3674229683029429,52.0,52,7.0,17.0,0.03916053846478462,28.200854183838164,19.015279976264594,0.0,0.0,0.0,-0.4592787103786785,1.0,0.7887917757034302,0.03783043473958969,0.0018969178199768066,0.05654910361270095,0.05642577632516607,0.03036014580478271,0.029392163269221783,0.0,0.0,0.02455604076385498,False,False
1.27,2.631324291229248,13.047402381896973,2.43758487701416,2.8402685385353603,0.7564075973281544,0.9746000000000028,0.025399999999997203,0.0,580,545,0.6631956123889691,1.336804387611031,25.0,25,4.0,14.0,0.039237383753061295,25.85078300185165,17.430673311575877,0.0,0.0,0.0,-0.4210054845137886,1.0,0.7895426750183105,0.03782891109585762,0.0019121766090393066,0.05612459659514313,0.05605248367724305,0.030399472452700138,0.029415528600414596,0.0,0.0,0.01920812129974365,False,False
1.2750000000000001,2.5638110637664795,13.125536918640137,2.46842360496521,-3.076914525449725,0.7815803499032359,0.9745000000000028,0.02549999999999719,0.0,615,582,0.35792931135655515,1.5,25.0,25,3.0,14.0,0.03921540454030037,32.029884418364006,15.978117202277886,0.0,0.0,0.0,-0.802588360804306,1.0,0.7902892231941223,0.03780083358287811,0.0019272565841674805,0.05545823705568895,0.05529484029114231,0.030591605852047603,0.029612863436341286,0.0,0.0,0.018165245056152347,False,False
1.28,2.5235626697540283,13.321839332580566,2.4870967864990234,2.1107886009666386,0.8579925248869659,0.9744000000000028,0.02559999999999718,0.0,608,578,0.41143520207684237,1.5,34.0,34,2.0,11.0,0.039153438061475754,29.360727383500336,14.646607435421394,0.0,0.0,0.0,-0.735705997403947,1.0,0.7909830212593079,0.03785068541765213,0.0019423961639404297,0.05440717428456977,0.054153750890400115,0.03062576365967592,0.02964588813483715,0.0,0.0,0.013359853029251098,False,False
1.285,2.4819142818450928,13.465043067932129,2.483170986175537,2.7239624650659486,0.9699551281752726,0.9743000000000028,0.02569999999999717,0.0,613,585,0.19999999999999996,1.5,20.0,20,4.0,14.0,0.039086222648620605,35.2473334348753,13.426056815802944,0.0,0.0,0.0,-1.0,1.0,0.7916278839111328,0.037789613008499146,0.0019575953483581543,0.05374163270990039,0.05349688455959147,0.03058539548267921,0.029595197799305122,0.0,0.0,0.021393039226531983,False,False
1.29,2.406322717666626,13.453811645507812,2.5359621047973633,3.006953419993344,0.35310274296983846,0.9742000000000028,0.02579999999999716,0.0,580,544,0.19999999999999996,1.5,22.0,22,4.0,11.0,0.039044950157403946,32.31005564863569,12.307218747819364,0.0,0.0,0.0,-1.0,1.0,0.7922968864440918,0.037752874195575714,0.001972675323486328,0.05350395550625384,0.05313969987584264,0.030925750421981018,0.029954256800313793,0.0,0.0,0.01776108145713806,False,False
1.295,2.326310873031616,13.370743751525879,2.597036123275757,2.8039310113412763,0.5377045514204882,0.9741000000000029,0.025899999999997148,0.0,669,632,0.26656264697006815,1.5,32.0,32,4.0,21.0,0.039120178669691086,29.61755101124938,11.281617185501084,0.0,0.0,0.0,-0.9167966912874148,1.0,0.7929138541221619,0.03774816170334816,0.0019878745079040527,0.05344760108180329,0.052945129605941325,0.031406551909943424,0.03046420868486166,0.0,0.0,0.020947165489196777,False,False
1.3,2.321509838104248,13.323972702026367,2.63466215133667,2.9429844124478675,0.7663173469628384,0.9740000000000029,0.025999999999997137,0.0,643,609,0.32768242638922906,1.5,37.0,37,6.0,20.0,0.039221201092004776,27.14942176031193,10.34148242004266,0.0,0.0,0.0,-0.8403969670134636,1.0,0.7935810685157776,0.03780754283070564,0.002003014087677002,0.0535932966911543,0.05301307635490458,0.03154925225923459,0.030632629059255123,0.0,0.0,0.022872271537780764,False,False
1.305,2.2728171348571777,13.333009719848633,2.6714112758636475,2.8607562984557626,0.8864409045109848,0.9739000000000029,0.026099999999997125,0.0,634,597,0.38370889085679327,1.5,55.0,55,2.0,24.0,0.03919796273112297,24.886969946952604,9.479692218372437,0.0,0.0,0.0,-0.7703638864290083,1.0,0.7943174242973328,0.03805622085928917,0.002018272876739502,0.05339107364416108,0.05273859319277093,0.031738607212901115,0.03084366365025441,0.0,0.0,0.02949774026870728,False,False
1.31,2.1648738384246826,13.344987869262695,2.7398834228515625,2.680173988386273,0.9199346885440697,0.9738000000000029,0.026199999999997114,0.0,624,585,0.4350664832853939,1.5,31.0,31,8.0,18.0,0.039117421954870224,22.813055784706552,8.6897178668414,0.0,0.0,0.0,-0.7061668958932577,1.0,0.7950475811958313,0.03811153024435043,0.0020334720611572266,0.053091189359625035,0.0522840418843551,0.03217307074616353,0.03132541819165151,0.0,0.0,0.030971837043762208,False,False
1.315,2.0334088802337646,13.346059799194336,2.780794382095337,2.9565489737531694,0.7996681897877216,0.9737000000000029,0.026299999999997103,0.0,632,597,0.19999999999999996,1.5,24.0,24,1.0,19.0,0.03919065371155739,29.245301135981006,7.965574711271283,0.0,0.0,0.0,-1.0,1.0,0.7957237958908081,0.038079168647527695,0.002048790454864502,0.052682063788175436,0.051803472205065045,0.03259640807906787,0.03177260980010033,0.0,0.0,0.023564438819885257,False,False
1.32,1.8579055070877075,13.314000129699707,2.7699878215789795,2.671719672937845,0.593914642845477,0.9736000000000029,0.026399999999997092,0.0,622,574,0.5530766977606434,1.4469233022393566,26.0,26,8.0,18.0,0.03922790288925171,26.808192707982588,15.635110151998674,0.0,0.0,0.0,-0.5586541277991957,1.0,0.7963961958885193,0.038044366985559464,0.0020639896392822266,0.051874675528611844,0.0510689908387138,0.033109864840904876,0.03226242338617643,0.0,0.0,0.017134971618652343,False,False
1.325,1.643154501914978,13.301950454711914,2.7796976566314697,3.016173907166108,0.6427977348299567,0.9735000000000029,0.02649999999999708,0.0,616,584,0.5903203062805897,1.4096796937194103,23.0,23,4.0,32.0,0.03924493491649628,32.90750998231737,22.665517639332116,0.0,0.0,0.0,-0.5120996171492628,1.0,0.7970881462097168,0.037994444370269775,0.0020792484283447266,0.051030020522574444,0.050232291748126205,0.03379782506575187,0.0329464456687371,0.0,0.0,0.009408433437347413,False,False
1.33,1.4735361337661743,13.342551231384277,2.7713916301727295,-2.7315765859066117,0.42547111746179667,0.9734000000000029,0.02659999999999707,0.0,654,610,0.6244602807572073,1.3755397192427927,51.0,51,5.0,41.0,0.03928540647029877,30.165217483790922,20.776724502721105,0.0,0.0,0.0,-0.46942464905349085,1.0,0.7977257966995239,0.038165513426065445,0.0020946264266967773,0.05013953807375691,0.049372091034892804,0.034244668980439506,0.03338195073107879,0.0,0.0,0.013263134956359866,False,False
1.335,1.4393564462661743,13.4255952835083,2.749965190887451,2.6122803107242247,0.9287260012093962,0.9733000000000029,0.02669999999999706,0.0,729,690,0.3224219240274401,1.5,44.0,44,3.0,32.0,0.03925219550728798,35.98478269347501,19.045330794161014,0.0,0.0,0.0,-0.8469725949656999,1.0,0.7983142733573914,0.0382995530962944,0.0021098852157592773,0.04951960445102291,0.048815742691047354,0.03428429209937652,0.03338386615117391,0.0,0.0,0.02419123649597168,False,False
1.34,1.4915375709533691,13.453364372253418,2.7502074241638184,2.654868396849503,0.7411800564086752,0.973200000000003,0.02679999999999705,0.0,654,609,0.37888676369182017,1.5,25.0,25,4.0,36.0,0.0392611064016819,32.98605080235209,17.458219894647595,0.0,0.0,0.0,-0.7763915453852247,1.0,0.7989522814750671,0.03827749565243721,0.0021252036094665527,0.049573373817838585,0.04887248258246095,0.03420313975463311,0.033280582477649055,0.0,0.0,0.016882675886154174,False,False
1.345,1.4981789588928223,13.4943265914917,2.7139904499053955,2.813907411202627,0.6692678300879107,0.973100000000003,0.026899999999997037,0.0,614,587,0.19999999999999996,1.5,26.0,26,4.0,24.0,0.03921283408999443,38.57054656882275,16.003368236760295,0.0,0.0,0.0,-1.0,1.0,0.799607515335083,0.038262754678726196,0.0021405816078186035,0.04939001071639345,0.04875554787864274,0.03409005546321472,0.03312647808343172,0.0,0.0,0.020950636863708495,False,False
1.35,1.4712059497833252,13.535808563232422,2.710512399673462,2.6955419120273265,0.6705266569599164,0.973000000000003,0.026999999999997026,0.0,673,636,0.19999999999999996,1.5,48.0,48,3.0,27.0,0.03936837613582611,35.35633435475418,14.66975421703027,0.0,0.0,0.0,-1.0,1.0,0.8002089262008667,0.03838416561484337,0.0021558403968811035,0.04911145322537036,0.04848495099088163,0.034131507078806564,0.03315721948941549,0.0,0.0,0.021420292854309082,False,False
1.355,1.478487491607666,13.553811073303223,2.7085373401641846,-3.0324294134585266,0.6417653891141204,0.972900000000003,0.027099999999997015,0.0,590,560,0.24149206161678993,1.5,17.0,17,5.0,34.0,0.03929302096366882,32.409973158524664,13.447274698944414,0.0,0.0,0.0,-0.9481349229790126,1.0,0.8007615804672241,0.03831782564520836,0.0021712779998779297,0.04901978067743268,0.04840186868949469,0.03409804621090492,0.03312032204121351,0.0,0.0,0.028120744228363036,False,False
1.36,1.4180710315704346,13.628680229187012,2.784395217895508,2.6373142363031317,0.7570292387981044,0.972800000000003,0.027199999999997004,0.0,568,525,0.19999999999999996,1.5,15.0,15,4.0,33.0,0.03933050110936165,38.04247539531427,12.32666847403238,0.0,0.0,0.0,-1.0,1.0,0.8012669682502747,0.03822687640786171,0.0021865367889404297,0.04869943131040767,0.04792105337185771,0.03447757878651222,0.03355277857432763,0.0,0.0,0.014876761436462401,False,False
1.365,1.3897936344146729,13.753073692321777,2.771319627761841,-3.0578670677826523,0.8121068029432148,0.972700000000003,0.027299999999996993,0.0,633,592,0.19999999999999996,1.5,28.0,28,1.0,30.0,0.03941301256418228,34.87226911237141,11.299446101196347,0.0,0.0,0.0,-1.0,1.0,0.8017980456352234,0.038200292736291885,0.0022017955780029297,0.04817057795822607,0.047413366749882564,0.03439266234636307,0.03344674749920766,0.0,0.0,0.023573434352874754,False,False
1.37,1.3582547903060913,13.764004707336426,2.7680583000183105,2.816426633766499,0.8545944504529467,0.972600000000003,0.027399999999996982,0.0,662,631,0.4689964895902474,1.5,39.0,39,3.0,36.0,0.03945208713412285,31.96624668634046,18.691158926096648,0.0,0.0,0.0,-0.6637543880121907,1.0,0.8023247122764587,0.038289643824100494,0.0022171735763549805,0.04811160547084472,0.047371513302282606,0.03440921970953544,0.03345376967142026,0.0,0.0,0.02409844398498535,False,False
1.375,1.2926545143127441,13.69515323638916,2.8568286895751953,0.4720583204978321,0.07117841909164452,0.972500000000003,0.02749999999999697,0.0,690,649,0.8465801154577268,1.1534198845422732,42.0,42,8.0,35.0,0.039397139102220535,29.30239279581209,25.46689568225526,0.0,0.0,0.0,-0.1917748556778415,1.0,0.8028022050857544,0.03840940073132515,0.0022325515747070312,0.04823206970499194,0.047333838581107415,0.03496958098063867,0.03410287046184143,0.0,0.0,0.019358041286468508,False,False
1.3800000000000001,1.2152522802352905,13.671544075012207,2.9146690368652344,-3.1186750559610092,0.85351834284036,0.972400000000003,0.02759999999999696,0.0,697,654,0.8593651058362497,1.1406348941637503,49.0,49,4.0,26.0,0.03944959118962288,26.860526729494413,23.344654375400655,0.0,0.0,0.0,-0.17579361770468793,1.0,0.8032854199409485,0.03856958821415901,0.0022478699684143066,0.048077520902734115,0.04708790766308071,0.03544916554043691,0.034642095367113754,0.0,0.0,0.022730712890625,False,False
1.385,1.168014407157898,13.691433906555176,2.9513492584228516,2.8311667675658443,0.9154912134548711,0.972300000000003,0.02769999999999695,0.0,722,683,0.8710846803498954,1.1289153196501045,48.0,48,6.0,32.0,0.03941650316119194,24.622149502036546,21.39926651078393,0.0,0.0,0.0,-0.16114414956263073,1.0,0.8038942813873291,0.03870368003845215,0.002263307571411133,0.0478894866276531,0.04684741333872066,0.03567569113026063,0.03490711096674204,0.0,0.0,0.02915489196777344,False,False
1.3900000000000001,1.0944762229919434,13.684769630432129,2.9738550186157227,3.1014214573130388,0.6942449421903087,0.9722000000000031,0.02779999999999694,0.0,619,582,0.5484942903207375,1.4515057096792625,16.0,16,3.0,38.0,0.03934841603040695,30.903637043533497,19.615994301551936,0.0,0.0,0.0,-0.564382137099078,1.0,0.8044904470443726,0.03863603249192238,0.002278745174407959,0.04766648314784578,0.046605400540710606,0.035989778116345406,0.03523944100985925,0.0,0.0,0.03689038515090943,False,False
1.395,1.0414291620254517,13.659850120544434,2.9998226165771484,2.870167560431528,0.4627679653211052,0.9721000000000031,0.027899999999996927,0.0,634,601,0.5861197661273427,1.4138802338726573,22.0,22,5.0,23.0,0.03933136165142059,28.328333956572372,17.98132810975594,0.0,0.0,0.0,-0.5173502923408216,1.0,0.8050344586372375,0.038567814975976944,0.0022941231727600098,0.04765028437972055,0.04655101898219423,0.03623716998845339,0.03551980946213007,0.0,0.0,0.02810631275177002,False,False
1.4000000000000001,0.9029467105865479,13.66087532043457,2.985751152038574,3.070838944749797,0.5000707878162056,0.9720000000000031,0.027999999999996916,0.0,650,608,0.6206097856167307,1.3793902143832693,29.0,29,3.0,35.0,0.03928267955780029,25.96763946019134,16.48288410060961,0.0,0.0,0.0,-0.47423776797908646,1.0,0.8055300712585449,0.03856411948800087,0.002309560775756836,0.047128918907915415,0.04607658381077137,0.03670048744728168,0.03594692951689164,0.0,0.0,0.02197457551956177,False,False
1.405,0.7093943953514099,13.602237701416016,3.0041863918304443,3.07358286639685,0.5686226181695885,0.9719000000000031,0.028099999999996905,0.0,607,578,0.6522256368153367,1.3477743631846633,32.0,32,5.0,21.0,0.03921721130609512,32.13700283850872,23.44264375889214,0.0,0.0,0.0,-0.43471795398082913,1.0,0.8060503602027893,0.03858320415019989,0.002324819564819336,0.0465817752294241,0.04554306048278994,0.037535823260744415,0.03679199765125911,0.0,0.0,0.0123860764503479,False,False
1.41,0.5512198805809021,13.557599067687988,3.0093631744384766,-2.8578137460719537,0.6505878220503193,0.9718000000000031,0.028199999999996894,0.0,683,634,0.681206833747392,1.318793166252608,35.0,35,6.0,44.0,0.03965875133872032,37.792252601966325,29.822423445651125,0.0,0.0,0.0,-0.39849145781576,1.0,0.8065703511238098,0.03862714767456055,0.0023403167724609375,0.04614538272004561,0.045123027827124906,0.03818004081646602,0.03744356489429872,0.0,0.0,0.013906056880950928,False,False
1.415,0.41918519139289856,13.620780944824219,2.9900503158569336,-1.0532219428099618,1.0000000000000002,0.9717000000000031,0.028299999999996883,0.0,694,659,0.7077729309351095,1.2922270690648905,54.0,54,4.0,17.0,0.03963774815201759,34.64289821846913,27.337221491846865,0.0,0.0,0.0,-0.36528383633111317,1.0,0.8070857524871826,0.03882467374205589,0.0023557543754577637,0.04536451984941946,0.044399755276118585,0.03858828141043584,0.037814482736090824,0.0,0.0,0.01978476405143738,False,False
1.42,0.35600563883781433,13.694775581359863,2.9885001182556152,-2.353483297497399,0.662779951586676,0.9716000000000031,0.028399999999996872,0.0,609,585,0.732125186690517,1.267874813309483,34.0,34,5.0,19.0,0.03962617367506027,31.7559900335967,25.059119700859625,0.0,0.0,0.0,-0.3348435166368537,1.0,0.807550847530365,0.03885447606444359,0.00237119197845459,0.04485090894391747,0.04391073152422892,0.03887215939660867,0.038059017000099025,0.0,0.0,0.022145586013793947,False,False
1.425,0.3849860429763794,13.697896957397461,2.965275526046753,-2.872820643859735,0.8301158127226286,0.9715000000000031,0.02849999999999686,0.0,575,539,0.7544480877996407,1.2455519122003593,17.0,17,3.0,34.0,0.03959828242659569,29.109657530796973,22.97085972578799,0.0,0.0,0.0,-0.3069398902504492,1.0,0.8080409169197083,0.038786157965660095,0.0023865103721618652,0.04487994600273655,0.04397165556810784,0.038799213555951916,0.0379386047522227,0.0,0.0,0.014159275293350222,False,False
1.43,0.35688516497612,13.740438461303711,2.9163835048675537,2.158338793953628,0.4469422640207003,0.9714000000000031,0.02859999999999685,0.0,627,585,0.7749107471496706,1.2250892528503294,21.0,21,6.0,33.0,0.03957969695329666,26.683852736563892,21.056621415305656,0.0,0.0,0.0,-0.2813615660629118,1.0,0.808479905128479,0.03873007372021675,0.002401888370513916,0.044568315095578494,0.04373396974677828,0.03876519079009692,0.037826159968972206,0.0,0.0,0.01746290683746338,False,False
1.435,0.3098718523979187,13.788579940795898,2.907946825027466,3.057999010708866,0.9999999999999999,0.9713000000000032,0.02869999999999684,0.0,643,611,0.793668184887198,1.206331815112802,32.0,32,2.0,15.0,0.039614759385585785,24.460198341850234,19.301902964030184,0.0,0.0,0.0,-0.2579147688910025,1.0,0.8088728785514832,0.03874136880040169,0.002417266368865967,0.04426703894169367,0.04344757578056292,0.038913561341663204,0.037945585014919445,0.0,0.0,0.03827351808547974,False,False
1.44,0.29211127758026123,13.811927795410156,2.9318408966064453,2.441345304676613,0.9999999949620472,0.9712000000000032,0.028799999999996828,0.0,550,520,0.8108625028132649,1.1891374971867352,38.0,38,6.0,7.0,0.0395812951028347,22.42184848002938,17.693411050361,0.0,0.0,0.0,-0.23642187148341892,1.0,0.8092672228813171,0.03878504037857056,0.002432584762573242,0.04419848114624606,0.04334373311698424,0.0390315568074584,0.038088412644962474,0.0,0.0,0.013330076932907105,False,False
1.445,0.1947627067565918,13.903347969055176,2.9998977184295654,-2.744593180159478,0.9999999999999999,0.9711000000000032,0.028899999999996817,0.0,537,504,0.493290627578826,1.5,39.0,39,2.0,5.0,0.03949672356247902,28.88669444002693,16.21896012949758,0.0,0.0,0.0,-0.6333867155264674,1.0,0.8096144795417786,0.03887939453125,0.002447962760925293,0.04378313427418457,0.042831848328312105,0.039547757866481945,0.038684760220348835,0.0,0.0,0.02288552522659302,False,False
1.45,0.12561309337615967,14.03369426727295,2.9633419513702393,-2.8725975726764372,0.6223597960721067,0.9710000000000032,0.028999999999996806,0.0,560,532,0.5355164086139239,1.464483591386076,42.0,42,2.0,23.0,0.039420414716005325,26.479469903358016,14.867380118706116,0.0,0.0,0.0,-0.580604489232595,1.0,0.8099184036254883,0.03902799263596535,0.00246351957321167,0.04317463368332621,0.04228841065087653,0.0395392036686341,0.03859462526937326,0.0,0.0,0.019339613914489746,False,False
1.455,0.05661068484187126,14.020299911499023,2.9870827198028564,-2.8573143714855176,0.37484475829895875,0.9709000000000032,0.029099999999996795,0.0,608,570,0.5742233745627634,1.4257766254372366,24.0,24,5.0,27.0,0.0393729992210865,32.60618074474485,21.961765108813935,0.0,0.0,0.0,-0.5322207817965456,1.0,0.8102518916130066,0.03898455947637558,0.002478957176208496,0.0430836436571552,0.04217631030827748,0.03983229864388704,0.0389119361837705,0.0,0.0,0.021039719581604006,False,False
1.46,0.0007075664470903575,13.922143936157227,3.066319465637207,-2.7637944199614055,0.8703012210355895,0.9708000000000032,0.029199999999996784,0.0,647,610,0.6097047600158666,1.3902952399841335,29.0,29,3.0,30.0,0.039455365389585495,29.888999016016108,20.131618016412773,0.0,0.0,0.0,-0.4878690499801667,1.0,0.8105387091636658,0.038997799158096313,0.0024943947792053223,0.043280042545714596,0.042268662360031024,0.040516811423003674,0.03972788030902545,0.0,0.0,0.02290883302688599,False,False
1.465,-0.008197920396924019,13.861820220947266,3.1174497604370117,3.075742443531129,0.21291430722298413,0.9707000000000032,0.029299999999996773,0.0,688,649,0.9755626966812109,1.024437303318789,36.0,36,7.0,24.0,0.03939570486545563,27.398249098014766,26.78731651504504,0.0,0.0,0.0,-0.03054662914848638,1.0,0.8108810186386108,0.039008598774671555,0.0025098323822021484,0.0434833241999148,0.04240764105940845,0.04081226885318756,0.04011748358607292,0.0,0.0,0.021004235744476317,False,False
1.47,-0.046605031937360764,13.846216201782227,-3.1353042125701904,-3.0864880390805687,0.8485426107888521,0.9706000000000032,0.029399999999996762,0.0,748,703,0.6442658052911099,1.3557341947088901,38.0,38,5.0,31.0,0.03954808786511421,33.448395006513536,24.555040138791284,0.0,0.0,0.0,-0.4446677433861126,1.0,0.8112465739250183,0.03910036385059357,0.0025252103805541992,0.043447282736655185,0.042345259512774513,0.04105853227277597,0.04041155334562063,0.0,0.0,0.0199612295627594,False,False
1.475,-0.1264621615409851,13.83647346496582,-3.1074068546295166,-2.717871354370425,0.6681660483106587,0.9705000000000032,0.02949999999999675,0.0,705,672,0.6739103215168507,1.3260896784831493,24.0,24,4.0,38.0,0.039598189294338226,30.66102875597074,22.50878679389201,0.0,0.0,0.0,-0.4076120981039365,1.0,0.8116664290428162,0.03903886303305626,0.0025405287742614746,0.04331328751053647,0.04218523707551248,0.041459330047170326,0.040859767856697246,0.0,0.0,0.033715372085571294,False,False
1.48,-0.21132631599903107,13.803515434265137,-3.0533599853515625,-2.8413069554314303,0.6797025561494567,0.9704000000000033,0.02959999999999674,0.0,651,610,0.7010844613904466,1.2989155386095534,48.0,48,4.0,30.0,0.03957835212349892,28.105943026306512,20.633054561067677,0.0,0.0,0.0,-0.37364442326194175,1.0,0.8120346665382385,0.0391986183822155,0.002556025981903076,0.04338183677832893,0.042187647634806605,0.04185478358219068,0.04136469215154648,0.0,0.0,0.024049856662750245,False,False
1.485,-0.3793472945690155,13.752286911010742,-3.080059766769409,-2.2130952578093543,0.6658266488039771,0.9703000000000033,0.02969999999999673,0.0,601,564,0.7259940896079093,1.2740059103920907,33.0,33,4.0,22.0,0.03953519091010094,25.763781107447635,18.91363334764537,0.0,0.0,0.0,-0.34250738799011327,1.0,0.812358021736145,0.03922679275274277,0.0025715231895446777,0.04282326868548976,0.04169990859925734,0.04274396691471338,0.04218476669241985,0.0,0.0,0.018887411355972293,False,False
1.49,-0.5620564222335815,13.660816192626953,-3.0784122943878174,-3.0191674498409964,0.6802491058464474,0.9702000000000033,0.029799999999996718,0.0,477,450,0.7488279154739168,1.2511720845260832,27.0,27,5.0,22.0,0.03948065638542175,23.616799348493664,17.337497235341587,0.0,0.0,0.0,-0.3139651056576039,1.0,0.8126838207244873,0.03921695053577423,0.0025869011878967285,0.04245187103391301,0.041358852743481465,0.04387221454332273,0.04330722770343225,0.0,0.0,0.009653705954551697,False,False
1.495,-0.7023395895957947,13.588976860046387,-3.0638644695281982,-2.9340405868730146,0.5979828696737638,0.9701000000000033,0.029899999999996707,0.0,566,534,0.7697589225177571,1.230241077482243,36.0,36,1.0,32.0,0.03949492797255516,21.648732736119193,15.89270579906312,0.0,0.0,0.0,-0.2878013468528036,1.0,0.8130353093147278,0.03927195444703102,0.0026024580001831055,0.04222768253988263,0.04113586883743591,0.044649403231839344,0.04413216840475798,0.0,0.0,0.016310747861862186,False,False
1.5,-0.8176853656768799,13.633198738098145,-3.103816032409668,-2.363165318497486,0.6234175908771655,0.9700000000000033,0.029999999999996696,0.0,574,533,0.7889456789746107,1.2110543210253892,27.0,27,5.0,34.0,0.03943178802728653,19.844671674775928,14.568313649141194,0.0,0.0,0.0,-0.26381790128173666,1.0,0.8133385181427002,0.03924030065536499,0.002617776393890381,0.04156535720266389,0.040552751172799495,0.04519322421401739,0.0445775097856919,0.0,0.0,0.022570886611938477,False,False
1.5050000000000001,-0.8492211103439331,13.688430786132812,-3.112004280090332,-2.9693983671138016,0.7558513372437912,0.9699000000000033,0.030099999999996685,0.0,631,595,0.8065335390600599,1.1934664609399401,19.0,19,5.0,38.0,0.03940420597791672,18.190949035211265,13.35428751171276,0.0,0.0,0.0,-0.24183307617492522,1.0,0.8135985136032104,0.03915577754378319,0.002633213996887207,0.04127918585824457,0.040289443048337974,0.04547521471977234,0.04479019592205684,0.0,0.0,0.01445576310157776,False,False
1.51,-0.7944271564483643,13.721651077270508,3.1375789642333984,-3.0053914221058124,0.862489836682748,0.9698000000000033,0.030199999999996674,0.0,634,594,1.1559890774717214,0.8440109225282785,20.0,20,5.0,31.0,0.039360545575618744,16.675036615610324,20.57476355240336,0.0,0.0,0.0,0.19498634683965185,1.0,0.8138678073883057,0.03909881040453911,0.002648591995239258,0.04131239312623304,0.04034771172081418,0.04514653701335192,0.044379898657401405,0.0,0.0,0.014376118183135986,False,False
1.5150000000000001,-0.86176997423172,13.782160758972168,3.103560209274292,-3.058694938277161,0.3838094232516334,0.9697000000000033,0.030299999999996663,0.0,729,688,1.1429899876824114,0.8570100123175886,54.0,54,3.0,20.0,0.03992624953389168,23.61878356430946,27.193533256369747,0.0,0.0,0.0,0.17873748460301436,1.0,0.8142099380493164,0.039258308708667755,0.0026639699935913086,0.04092239812016474,0.03999990915972727,0.04538083138565223,0.044519544268647834,0.0,0.0,0.01882628917694092,False,False
1.52,-0.965363621711731,13.79566478729248,3.0905954837799072,3.0544097636119956,0.8148230451629312,0.9696000000000033,0.030399999999996652,0.0,654,618,0.7977408220422106,1.2022591779577894,33.0,33,4.0,26.0,0.03989670053124428,29.983884933950335,24.9274054850056,0.0,0.0,0.0,-0.25282397244723676,1.0,0.8145014643669128,0.039288975298404694,0.002679288387298584,0.04052677087687564,0.039637211799155796,0.0459340928743283,0.04502292722463608,0.0,0.0,0.014550669193267824,False,False
1.5250000000000001,-0.9804138541221619,13.800434112548828,3.04598331451416,3.110912659349563,0.8634968345670508,0.9695000000000034,0.03049999999999664,0.0,630,592,0.8145957535386931,1.1854042464613068,28.0,28,3.0,29.0,0.0398368202149868,27.48522785612114,22.850121694588466,0.0,0.0,0.0,-0.2317553080766336,1.0,0.8147497773170471,0.03930781036615372,0.00269472599029541,0.0404301698307195,0.03958888040979691,0.04583056550472975,0.0448292229945461,0.0,0.0,0.010081108808517456,False,False
1.53,-1.0258982181549072,13.857428550720215,3.0551440715789795,-1.906796468270727,0.3423240169548157,0.9694000000000034,0.03059999999999663,0.0,637,597,0.8300461074104688,1.1699538925895312,59.0,59,6.0,16.0,0.039778899401426315,25.194792201444375,20.945944886706094,0.0,0.0,0.0,-0.21244236573691405,1.0,0.8149561285972595,0.03953208401799202,0.0027102231979370117,0.04023830747231828,0.03938660173444065,0.046039052928487464,0.045027672313153744,0.0,0.0,0.02207897424697876,False,False
1.5350000000000001,-1.1202880144119263,13.961981773376465,3.029085874557495,-2.840511698084674,0.9578175661175291,0.9693000000000034,0.03069999999999662,0.0,629,595,0.5108755984595964,1.4891244015404035,45.0,45,6.0,22.0,0.039705462753772736,31.428559517990674,19.200449479480586,0.0,0.0,0.0,-0.6114055019255045,1.0,0.8151935338973999,0.039658837020397186,0.0027257204055786133,0.03971856104116874,0.03891161709247765,0.04633198492228985,0.045221769250929356,0.0,0.0,0.017075426578521728,False,False
1.54,-1.2859642505645752,13.991413116455078,3.0898869037628174,-3.1228682257361706,0.8546063889241136,0.9692000000000034,0.030799999999996608,0.0,576,549,0.5516359652546301,1.44836403474537,17.0,17,4.0,25.0,0.03968164697289467,28.80951289149145,17.600412022857203,0.0,0.0,0.0,-0.5604550434317124,1.0,0.8155340552330017,0.03958805277943611,0.002741098403930664,0.039396252128140255,0.03854378114438914,0.04731008782982826,0.046274736523628235,0.0,0.0,0.01684346675872803,False,False
1.545,-1.3731470108032227,13.993918418884277,-3.0993030071258545,-2.7524855303528883,0.5079486957407225,0.9691000000000034,0.030899999999996597,0.0,614,571,0.5889996348167443,1.4110003651832557,35.0,35,3.0,34.0,0.03961215913295746,26.408720150533828,16.133711020952436,0.0,0.0,0.0,-0.5137504564790696,1.0,0.8158731460571289,0.039603885263204575,0.002756655216217041,0.03938460869155812,0.03844095830619323,0.048072123900055885,0.047238804399967194,0.0,0.0,0.020876691341400147,False,False
1.55,-1.346258282661438,13.971463203430176,-3.0878851413726807,-2.8837142525923487,0.85075902100696,0.9690000000000034,0.030999999999996586,0.0,652,616,0.28991633191534893,1.5,23.0,23,6.0,28.0,0.03954165428876877,32.54132680465601,14.789235102539733,0.0,0.0,0.0,-0.8876045851058137,1.0,0.8162360191345215,0.039566610008478165,0.002772092819213867,0.03942597099983431,0.03845904104318457,0.0481051408375303,0.04732840073605379,0.0,0.0,0.02185196876525879,False,False
1.555,-1.3613420724868774,13.877021789550781,-3.0547571182250977,-0.916374420171364,0.4160282450129995,0.9689000000000034,0.031099999999996575,0.0,659,618,0.34908997092240324,1.5,42.0,42,6.0,31.0,0.039584483951330185,38.162882904268,21.890132177328084,0.0,0.0,0.0,-0.8136375363469959,1.0,0.8165491819381714,0.03963670879602432,0.0027875304222106934,0.039627323243766895,0.038627516883425285,0.04849306773394346,0.04781257826834917,0.0,0.0,0.018654096126556396,False,False
1.56,-1.3975883722305298,13.797680854797363,-3.013768434524536,2.944239604092405,0.8878205174018956,0.9688000000000034,0.031199999999996564,0.0,772,731,0.40333247334553635,1.5,40.0,40,5.0,37.0,0.03956962376832962,34.98264266224567,20.065954495884075,0.0,0.0,0.0,-0.7458344083180796,1.0,0.8168635964393616,0.03968743979930878,0.0028029680252075195,0.03981105093192296,0.038771562978625176,0.0489353450636069,0.048371486676235996,0.0,0.0,0.036366391181945804,False,False
1.565,-1.4218312501907349,13.803437232971191,-3.000094413757324,3.046005101182555,0.858462148663923,0.9687000000000034,0.03129999999999655,0.0,666,626,0.4530547672334083,1.5,44.0,44,5.0,21.0,0.039517346769571304,32.06742244039186,18.393791621227066,0.0,0.0,0.0,-0.6836815409582396,1.0,0.8172025084495544,0.03979276120662689,0.0028185248374938965,0.03978960274904953,0.03873770031208781,0.04906593977163236,0.04853656360258659,0.0,0.0,0.01656261920928955,False,False
1.57,-1.590477466583252,13.717597007751465,-2.9947681427001953,-3.0043449201371777,0.4666730979780223,0.9686000000000035,0.03139999999999654,0.0,625,598,0.8319668699639577,1.1680331300360423,33.0,33,4.0,39.0,0.03964468464255333,29.395137237025867,25.19430898612481,0.0,0.0,0.0,-0.21004141254505287,1.0,0.8174920678138733,0.03983495011925697,0.0028340816497802734,0.03945567258261131,0.0384283058705428,0.0503378671904405,0.04981000907719135,0.0,0.0,0.017064269781112675,False,False
1.575,-1.6688177585601807,13.600652694702148,-2.993201971054077,-2.141178438462089,0.44728833844021665,0.9685000000000035,0.03149999999999653,0.0,567,531,0.8459696308002945,1.1540303691997056,22.0,22,0.0,23.0,0.03990636393427849,26.94554246727371,23.094783237281074,0.0,0.0,0.0,-0.19253796149963182,1.0,0.817737340927124,0.039759356528520584,0.0028495192527770996,0.039462881195358804,0.03844733388908195,0.051085432060062885,0.05058268395562967,0.0,0.0,0.010459338426589967,False,False
1.58,-1.7920293807983398,13.618889808654785,-2.995417356491089,-2.773486069731524,0.7601654256479706,0.9684000000000035,0.03159999999999652,0.0,599,562,0.5254721615669367,1.4745278384330633,18.0,18,4.0,33.0,0.039938367903232574,33.033413928334234,21.17021796750765,0.0,0.0,0.0,-0.5931597980413292,1.0,0.8179908394813538,0.03965924307703972,0.0028649568557739258,0.03907475677318858,0.03807726906457282,0.051824175752699375,0.05131090680758159,0.0,0.0,0.016830202341079716,False,False
1.585,-1.91879141330719,13.690054893493652,-3.0164966583251953,-2.50253376611236,0.8983240348302817,0.9683000000000035,0.03169999999999651,0.0,634,593,0.23168281476969188,1.5,34.0,34,3.0,38.0,0.03988735377788544,38.61396276763971,19.406033136882012,0.0,0.0,0.0,-0.960396481537885,1.0,0.8182446360588074,0.039675381034612656,0.002880394458770752,0.03847695061191903,0.037526327776412044,0.05272275457779567,0.05209540482610464,0.0,0.0,0.02082801342010498,False,False
1.59,-1.9236564636230469,13.686427116394043,-3.0346879959106445,-2.8390087125386647,0.8836690225923367,0.9682000000000035,0.0317999999999965,0.0,642,607,0.2957092468722178,1.5,27.0,27,3.0,27.0,0.039829932153224945,43.7294658703364,26.122197042141842,0.0,0.0,0.0,-0.8803634414097278,1.0,0.8185244202613831,0.03965488821268082,0.002895832061767578,0.038419135087169584,0.03748837365955102,0.05292134669919809,0.05221739256133636,0.0,0.0,0.012143721580505373,False,False
1.595,-1.9442923069000244,13.704227447509766,-3.0759263038635254,-2.8900136569024695,0.1666601579355307,0.9681000000000035,0.03189999999999649,0.0,685,642,0.19999999999999996,1.5,39.0,39,4.0,32.0,0.03977388143539429,48.41867704780836,23.94534728863002,0.0,0.0,0.0,-1.0,1.0,0.8187563419342041,0.03970695659518242,0.0029112696647644043,0.03826629001957662,0.03737124134755371,0.052979965694248676,0.052148899994790554,0.0,0.0,0.013944449424743651,False,False
1.6,-2.0362300872802734,13.739856719970703,-3.080059051513672,-2.8602780271404784,0.7352387008541009,0.9680000000000035,0.031999999999996476,0.0,722,675,0.19999999999999996,1.5,30.0,30,6.0,30.0,0.039716415107250214,44.38378729382433,21.949901681244185,0.0,0.0,0.0,-1.0,1.0,0.8189454078674316,0.03971731290221214,0.002926766872406006,0.03796724327358715,0.03708300275200345,0.053568724542856216,0.052696409014364086,0.0,0.0,0.024016587734222414,False,False
1.605,-2.064722776412964,13.747540473937988,-3.0743839740753174,3.0775569716569047,0.6004357713126047,0.9679000000000035,0.032099999999996465,0.0,706,674,0.19999999999999996,1.5,30.0,30,5.0,20.0,0.03968576341867447,40.6851383526723,20.12074320780717,0.0,0.0,0.0,-1.0,1.0,0.8192105889320374,0.03974130377173424,0.002942204475402832,0.03785366699099528,0.036973558515310166,0.053813972820838295,0.05294603295624256,0.0,0.0,0.026321198940277103,False,False
1.61,-2.1612701416015625,13.78374195098877,-3.007827043533325,-2.605078870853238,0.8109966627725695,0.9678000000000035,0.032199999999996454,0.0,671,628,0.2459721780216121,1.5,50.0,50,1.0,37.0,0.03965911641716957,37.29471015661627,18.44401460715657,0.0,0.0,0.0,-0.9425347774729849,1.0,0.8195282220840454,0.03989361599087715,0.0029578208923339844,0.03773638331533087,0.03679670137601582,0.05456642868618171,0.05387912970036268,0.0,0.0,0.021154918670654298,False,False
1.615,-2.2585947513580322,13.914041519165039,-3.002556324005127,-2.4615460183773807,0.7143770968286183,0.9677000000000036,0.03229999999999644,0.0,654,618,0.30880782985314437,1.5,42.0,42,10.0,24.0,0.03957342728972435,34.186817643564915,16.907013389893525,0.0,0.0,0.0,-0.8639902126835695,1.0,0.819845974445343,0.040001269429922104,0.0029732584953308105,0.03729415783565478,0.036359160964997986,0.05492314385871093,0.054207779467105865,0.0,0.0,0.022293035984039308,False,False
1.62,-2.306901216506958,13.919719696044922,-2.9999024868011475,-2.7393549334991363,0.6058705784117602,0.9676000000000036,0.03239999999999643,0.0,604,568,0.3664071773653824,1.5,25.0,25,4.0,19.0,0.03950372710824013,31.337916173267836,15.498095607402396,0.0,0.0,0.0,-0.791991028293272,1.0,0.8201150894165039,0.0399448424577713,0.0029886364936828613,0.0372202288471161,0.03629023683629918,0.055060411492983505,0.05432847887277603,0.0,0.0,0.022567453384399416,False,False
1.625,-2.321394681930542,13.805651664733887,-2.9401049613952637,-2.2878279652302487,0.565240153029791,0.9675000000000036,0.03249999999999642,0.0,623,590,0.41920657925160054,1.5,21.0,21,4.0,32.0,0.03971095383167267,28.726423158828847,14.206587640118862,0.0,0.0,0.0,-0.7259917759354992,1.0,0.820411205291748,0.039883725345134735,0.0030039548873901367,0.03749451997317361,0.0365138663134226,0.05576370904843013,0.05526035403211912,0.0,0.0,0.022489037513732914,False,False
1.6300000000000001,-2.323033094406128,13.72574234008789,-2.873565673828125,-2.898737649734652,0.8112803609431416,0.9674000000000036,0.03259999999999641,0.0,682,643,0.19999999999999996,1.5,37.0,37,4.0,31.0,0.039738450199365616,34.66588789559311,13.022705336775623,0.0,0.0,0.0,-1.0,1.0,0.8207042813301086,0.0399460606276989,0.0030193328857421875,0.03777154637500631,0.03673838142616041,0.05621041481693586,0.05595739930868149,0.0,0.0,0.022607476711273194,False,False
1.635,-2.3348262310028076,13.712358474731445,-2.8293344974517822,-2.324377765558329,0.6534489635543023,0.9673000000000036,0.0326999999999964,0.0,673,636,0.20641663951002553,1.5,28.0,28,6.0,33.0,0.039916377514600754,31.77706390429368,11.93747989204432,0.0,0.0,0.0,-0.991979200612468,1.0,0.8209494352340698,0.039909858256578445,0.0030347108840942383,0.037848840756341685,0.0367886165436356,0.05640715050200622,0.056303540865580246,0.0,0.0,0.023797945976257326,False,False
1.6400000000000001,-2.4046437740325928,13.60814380645752,-2.7300076484680176,-2.6002485763349545,0.48924665952119273,0.9672000000000036,0.03279999999999639,0.0,725,683,0.2725485862175234,1.5,40.0,40,3.0,35.0,0.03987280651926994,29.12897524560254,10.942689901040627,0.0,0.0,0.0,-0.9093142672280956,1.0,0.8211504817008972,0.03996225446462631,0.0030501484870910645,0.0382178146333122,0.037081146710086485,0.0570027685413758,0.05730186589062214,0.0,0.0,0.0327074146270752,False,False
1.645,-2.4892525672912598,13.520904541015625,-2.6769556999206543,-2.6505022510410368,0.9100844056684025,0.9671000000000036,0.03289999999999638,0.0,623,583,0.33316953736606314,1.5,38.0,38,6.0,28.0,0.03989405557513237,26.701560641802327,10.030799075953908,0.0,0.0,0.0,-0.833538078292421,1.0,0.8213804364204407,0.04003360867500305,0.00306546688079834,0.03837930535649247,0.03720997928952165,0.057496981074412666,0.05800786738594373,0.0,0.0,0.023421852588653567,False,False
1.6500000000000001,-2.600226640701294,13.45022964477539,-2.6857974529266357,-2.274657307219943,0.8282179159366914,0.9670000000000036,0.032999999999996366,0.0,648,596,0.38873874258555796,1.5,33.0,33,4.0,30.0,0.039925578981637955,24.4764305883188,9.194899152957749,0.0,0.0,0.0,-0.7640765717680524,1.0,0.8216602802276611,0.040058113634586334,0.0030808448791503906,0.03819591958029183,0.03704657249664875,0.05870208144187927,0.0592087022960186,0.0,0.0,0.01898979783058167,False,False
1.655,-2.730931043624878,13.272520065307617,-2.6431198120117188,-2.545732519603111,0.988854177395896,0.9669000000000036,0.033099999999996355,0.0,654,608,0.4396771807034282,1.5,44.0,44,8.0,21.0,0.039873793721199036,22.43672803929223,8.428657556877937,0.0,0.0,0.0,-0.7004035241207147,1.0,0.8219410181045532,0.04017191752791405,0.0030962228775024414,0.03826874606000867,0.03711054902523743,0.060239459077517196,0.060993609949946404,0.0,0.0,0.009740100502967836,False,False
1.6600000000000001,-2.8539865016937256,13.11965274810791,-2.649031639099121,-2.675448856463506,0.8174518782784455,0.9668000000000037,0.033199999999996344,0.0,622,584,0.19999999999999996,1.5,24.0,24,3.0,28.0,0.03991089388728142,28.900334036017878,7.726269427138108,0.0,0.0,0.0,-1.0,1.0,0.8221734762191772,0.04013073816895485,0.0031114816665649414,0.03818641849420951,0.037048949494647355,0.06171939894556999,0.0625537025431792,0.0,0.0,0.01714927911758423,False,False
1.665,-2.956221580505371,13.118949890136719,-2.6684505939483643,-2.181725791207035,0.6294266399801103,0.9667000000000037,0.03329999999999633,0.0,573,545,0.22361763100774157,1.5,19.0,19,5.0,35.0,0.03982972353696823,34.825306199683055,15.415746974876598,0.0,0.0,0.0,-0.9704779612403229,1.0,0.82248455286026,0.04005132615566254,0.0031266212463378906,0.03781235121935593,0.036711680531501645,0.06287711051603159,0.06365789410968622,0.0,0.0,0.017744598388671876,False,False
1.67,-3.009446382522583,13.184564590454102,-2.648460626602173,-2.440113154695637,0.755080601089879,0.9666000000000037,0.03339999999999632,0.0,628,591,0.6216494950904299,1.3783505049095701,43.0,43,1.0,30.0,0.039884261786937714,31.923197349709465,22.46443472697021,0.0,0.0,0.0,-0.4729381311369627,1.0,0.8227427005767822,0.04010726511478424,0.0031419992446899414,0.037620273490901905,0.03651518500922235,0.06342934134105842,0.06424599016706149,0.0,0.0,0.025951390266418455,False,False
1.675,-3.005960702896118,13.18851375579834,-2.670661687850952,-2.9466141753656507,0.6426561821726484,0.9665000000000037,0.03349999999999631,0.0,754,714,0.31984537049956085,1.5,35.0,35,5.0,51.0,0.04008323326706886,37.59626423723367,20.59239849972269,0.0,0.0,0.0,-0.8501932868755488,1.0,0.8230016827583313,0.040168873965740204,0.0031572580337524414,0.03757882770119843,0.03648427352588611,0.06350982313354811,0.06422733577589194,0.0,0.0,0.01783417820930481,False,False
1.68,-3.05576753616333,13.163999557495117,-2.7099106311798096,-1.9215666715480584,0.2592114872852464,0.9664000000000037,0.0335999999999963,0.0,629,591,0.37652492295793083,1.5,32.0,32,4.0,34.0,0.040039416402578354,34.46324221746419,18.876365291412466,0.0,0.0,0.0,-0.7793438463025864,1.0,0.8232129812240601,0.04017477110028267,0.0031723976135253906,0.037423854959197214,0.0363540552021003,0.06403790476421516,0.06460880239804587,0.0,0.0,0.01823858499526978,False,False
1.685,-3.123950481414795,13.177607536315918,-2.6985034942626953,-2.426313586052183,0.7757379336615124,0.9663000000000037,0.03369999999999629,0.0,587,555,0.42848117937810337,1.5,14.0,14,5.0,24.0,0.0400969423353672,31.59130536600884,17.303334850461425,0.0,0.0,0.0,-0.7143985257773707,1.0,0.8234521150588989,0.04007289931178093,0.0031875967979431152,0.03727462721367664,0.03620428916315225,0.06468189880251884,0.0652959787597259,0.0,0.0,0.028969335556030273,False,False
1.69,-3.1325435638427734,13.184322357177734,-2.6810684204101562,-2.9267342379468877,0.7951320448807778,0.9662000000000037,0.03379999999999628,0.0,550,521,0.4761077477632615,1.5,24.0,24,3.0,24.0,0.04001098871231079,28.9586965855081,15.861390279589639,0.0,0.0,0.0,-0.6548653152959231,1.0,0.8236427903175354,0.040011391043663025,0.003202676773071289,0.037265769643553714,0.036190312329213936,0.06486480434735617,0.06554932333528996,0.0,0.0,0.01907775640487671,False,False
1.695,-3.238837480545044,13.199610710144043,-2.594804286956787,-2.425315700436742,0.7098487366877851,0.9661000000000037,0.033899999999996266,0.0,663,619,0.5197654354496564,1.4802345645503436,56.0,56,3.0,22.0,0.039940379559993744,26.54547187004909,14.539607756290502,0.0,0.0,0.0,-0.6002932056879294,1.0,0.8237901329994202,0.040219746530056,0.0032178759574890137,0.037289460368454326,0.036168369746766856,0.06552593782544136,0.06660055990020435,0.0,0.0,0.023044471740722657,False,False
1.7,-3.3390471935272217,13.262821197509766,-2.623359203338623,-2.294752801648493,0.7757856199286263,0.9660000000000037,0.033999999999996255,0.0,750,709,0.2264516491621853,1.5,38.0,38,6.0,31.0,0.03987456485629082,32.666682547544994,13.327973776599627,0.0,0.0,0.0,-0.9669354385472684,1.0,0.8239926695823669,0.04027268663048744,0.0032329559326171875,0.03690667391847806,0.03581365877250196,0.06616229501863322,0.06705252764125666,0.0,0.0,0.03463047027587891,False,False
1.705,-3.354642629623413,13.211450576782227,-2.6080524921417236,-1.978286517151134,0.5435491029197139,0.9659000000000038,0.034099999999996244,0.0,705,664,0.29091401173200326,1.5,33.0,33,5.0,27.0,0.03992422670125961,29.944459001916243,12.217309295216324,0.0,0.0,0.0,-0.8863574853349959,1.0,0.8242181539535522,0.04028873145580292,0.0032480359077453613,0.03699830397032188,0.035897869216278064,0.06636831909418106,0.06734697458644709,0.0,0.0,0.03136374473571778,False,False
1.71,-3.3219940662384033,13.113317489624023,-2.528360366821289,-2.520154998444714,0.7759719060107578,0.9658000000000038,0.03419999999999623,0.0,613,583,0.6833378440876696,1.3166621559123304,36.0,36,1.0,41.0,0.039912231266498566,27.449087418423222,19.53253352061496,0.0,0.0,0.0,-0.39582769489041303,1.0,0.8243953585624695,0.040341250598430634,0.0032631754875183105,0.03743188642803566,0.03628714947681861,0.06649903332193693,0.06792624481022358,0.0,0.0,0.0228751015663147,False,False
1.715,-3.3054800033569336,13.059431076049805,-2.4812276363372803,-2.2938850163150275,0.793029558129945,0.9657000000000038,0.03429999999999622,0.0,648,609,0.7097263570803638,1.2902736429196362,30.0,30,5.0,39.0,0.039998382329940796,25.16166346688795,17.904822393897046,0.0,0.0,0.0,-0.36284205364954525,1.0,0.8245293498039246,0.04032806307077408,0.003278374671936035,0.0376564181220406,0.03649315940464524,0.06656794498364131,0.06824129881958167,0.0,0.0,0.03095591545104981,False,False
1.72,-3.3239905834198,13.019227027893066,-2.4394073486328125,-1.8533715988153325,0.782261935931278,0.9656000000000038,0.03439999999999621,0.0,676,634,0.7339158273236668,1.2660841726763332,18.0,18,5.0,35.0,0.039943914860486984,23.06485817798062,16.412753861072293,0.0,0.0,0.0,-0.3326052158454164,1.0,0.8246214389801025,0.0402342714369297,0.003293335437774658,0.03778575272966784,0.0366099393352244,0.06676307258506617,0.0686417209605376,0.0,0.0,0.038009233474731445,False,False
1.725,-3.3482160568237305,12.953961372375488,-2.394674777984619,-2.344750110539889,0.9210298433477065,0.9655000000000038,0.0344999999999962,0.0,748,701,0.756089508380028,1.243910491619972,33.0,33,5.0,34.0,0.039862144738435745,29.476119996482236,23.378357705982935,0.0,0.0,0.0,-0.304888114524965,1.0,0.8248417973518372,0.040238816291093826,0.003308534622192383,0.038008122451603274,0.03681111384555684,0.06680353234211604,0.06891393723587196,0.0,0.0,0.03939279317855835,False,False
1.73,-3.3877768516540527,12.91970157623291,-2.3744988441467285,-2.4024087644755743,0.6682901376704746,0.9654000000000038,0.03459999999999619,0.0,609,569,0.44308204934835893,1.5,24.0,24,3.0,37.0,0.03975961357355118,35.35310999677538,21.430161230484355,0.0,0.0,0.0,-0.6961474383145513,1.0,0.8250601887702942,0.040206216275691986,0.0033234357833862305,0.038104142247854286,0.03689650985877947,0.06705521605908871,0.06928903982043266,0.0,0.0,0.014543956518173218,False,False
1.735,-3.469923973083496,12.81731128692627,-2.3805813789367676,-2.269712649094571,0.8358347760917015,0.9653000000000038,0.03469999999999618,0.0,659,623,0.4894918785693292,1.5,48.0,48,5.0,38.0,0.03981852903962135,32.407017497044095,19.644314461277325,0.0,0.0,0.0,-0.6381351517883385,1.0,0.8252823352813721,0.04032914713025093,0.0033385157585144043,0.03804891436391807,0.036851022318005425,0.06809626705944538,0.0703617837280035,0.0,0.0,0.02238696813583374,False,False
1.74,-3.5136098861694336,12.646717071533203,-2.3526880741119385,-2.717940741751981,0.8568303943732373,0.9652000000000038,0.03479999999999617,0.0,710,666,0.19999999999999996,1.5,49.0,49,4.0,40.0,0.04002845659852028,38.03976603895708,18.00728825617088,0.0,0.0,0.0,-1.0,1.0,0.8254568576812744,0.040489859879016876,0.0033536553382873535,0.03823983679385842,0.03704272675560774,0.06895733686784904,0.07147348175446193,0.0,0.0,0.012508237361907959,False,False
1.745,-3.599217653274536,12.516057968139648,-2.3563292026519775,-2.278177184027096,0.960593650075435,0.9651000000000038,0.034899999999996156,0.0,588,557,0.26547581463117265,1.5,19.0,19,3.0,27.0,0.03998938575387001,34.869785535710655,16.506680901489972,0.0,0.0,0.0,-0.9181552317110342,1.0,0.8255877494812012,0.04040024057030678,0.003368854522705078,0.03819619238376603,0.03701659974331644,0.07036639687915644,0.07301649389167628,0.0,0.0,0.009826124906539918,False,False
1.75,-3.72937273979187,12.469794273376465,-2.3656978607177734,-1.9002907279968415,0.6869229747467691,0.9650000000000039,0.034999999999996145,0.0,640,604,0.32668616341190837,1.5,58.0,58,5.0,22.0,0.03991363197565079,31.96397007440143,15.13112415969914,0.0,0.0,0.0,-0.8416422957351145,1.0,0.8257941007614136,0.0406176894903183,0.003383934497833252,0.03790527736426628,0.03674943345024548,0.07226386107504368,0.07500028237700462,0.0,0.0,0.017397167682647707,False,False
1.7550000000000001,-3.7622435092926025,12.489943504333496,-2.3686208724975586,-2.44470538440999,0.8145791525375525,0.9649000000000039,0.035099999999996134,0.0,715,669,0.3827956497942494,1.5,30.0,30,8.0,32.0,0.039933547377586365,29.300305901534642,13.870197146390879,0.0,0.0,0.0,-0.7715054377571882,1.0,0.8259498476982117,0.040618013590574265,0.003398895263671875,0.037807309278286856,0.03665366226341562,0.07288606526950996,0.07561540541549525,0.0,0.0,0.01580710530281067,False,False
1.76,-3.7566850185394287,12.516704559326172,-2.4048445224761963,-2.1729046384895208,0.9624847836516846,0.9648000000000039,0.03519999999999612,0.0,627,600,0.4342293456447287,1.5,21.0,21,4.0,29.0,0.04009333997964859,26.85861374307342,12.714347384191639,0.0,0.0,0.0,-0.707213317944089,1.0,0.8260623812675476,0.04054553434252739,0.003413856029510498,0.037709952981366326,0.0365622340381765,0.07298251303533713,0.07552799147864184,0.0,0.0,0.01643901824951172,False,False
1.7650000000000001,-3.838996648788452,12.497675895690918,-2.4242353439331055,-2.702733468066978,0.5694614796599153,0.9647000000000039,0.03529999999999611,0.0,606,573,0.48137690017433477,1.5,20.0,20,3.0,23.0,0.04002844914793968,24.620395931150632,11.654818435509002,0.0,0.0,0.0,-0.6482788747820816,1.0,0.8261330723762512,0.04047231748700142,0.0034288763999938965,0.03752895229558136,0.03639131145675964,0.07406961172819138,0.0765792994449536,0.0,0.0,0.022103819847106933,False,False
1.77,-3.882680892944336,12.485560417175293,-2.407651662826538,-2.472184173630237,0.7398352832070716,0.9646000000000039,0.0353999999999961,0.0,617,578,0.19999999999999996,1.5,64.0,64,1.0,29.0,0.03993775695562363,30.902029603554745,10.683583565883252,0.0,0.0,0.0,-1.0,1.0,0.8262349367141724,0.04068400338292122,0.003443777561187744,0.03749236408527927,0.03635426945332424,0.07461522395412128,0.07724267120162646,0.0,0.0,0.01637536406517029,False,False
1.7750000000000001,-3.9432108402252197,12.477363586425781,-2.3770217895507812,-2.5988101745921126,0.9052804635293664,0.9645000000000039,0.03549999999999609,0.0,668,637,0.25865697861871173,1.5,43.0,43,7.0,43.0,0.039883822202682495,28.326860469925183,9.79328493539298,0.0,0.0,0.0,-0.9266787767266103,1.0,0.8263377547264099,0.04079185798764229,0.003458559513092041,0.037485063279047465,0.03634010867836562,0.07521911524236202,0.07803574825326602,0.0,0.0,0.01641131401062012,False,False
1.78,-4.073721885681152,12.485158920288086,-2.326910972595215,-2.071435314892436,0.7002905081589842,0.9644000000000039,0.03559999999999608,0.0,590,550,0.3204355637338193,1.5,26.0,26,5.0,20.0,0.03992384299635887,25.966288764098085,8.977177857443566,0.0,0.0,0.0,-0.8494555453327258,1.0,0.826396644115448,0.0407361276447773,0.003473222255706787,0.03732944123757369,0.0361854995639683,0.07635829038918018,0.0794769637286663,0.0,0.0,0.022779080867767334,False,False
1.7850000000000001,-4.1413164138793945,12.495526313781738,-2.3603763580322266,-2.2465457126500206,0.6620919501537093,0.9643000000000039,0.03569999999999607,0.0,531,503,0.3770659334226676,1.5,20.0,20,2.0,26.0,0.03999117389321327,23.80243136708991,8.229079702656602,0.0,0.0,0.0,-0.7786675832216654,1.0,0.8264152407646179,0.040677595883607864,0.003487825393676758,0.037080480048432805,0.03595303942263113,0.07721292475859325,0.0801459327340126,0.0,0.0,0.024340941905975345,False,False
1.79,-4.109663486480713,12.413147926330566,-2.306354284286499,-2.258162889360548,0.6715672861331722,0.9642000000000039,0.03579999999999606,0.0,560,518,0.4289771056374453,1.5,18.0,18,0.0,24.0,0.03990680351853371,21.818895419832415,7.543323060768551,0.0,0.0,0.0,-0.7137786179531933,1.0,0.8263949155807495,0.040604643523693085,0.003502368927001953,0.0374203871710535,0.0362733211945741,0.07678822924693426,0.08004922730227312,0.0,0.0,0.024261438846588136,False,False
1.795,-4.062317371368408,12.336854934692383,-2.2345778942108154,-1.9389105651238205,0.7329839133968998,0.964100000000004,0.035899999999996046,0.0,653,618,0.19999999999999996,1.5,39.0,39,4.0,47.0,0.03985730931162834,28.33398746817971,6.914712805704505,0.0,0.0,0.0,-1.0,1.0,0.8263369202613831,0.040611885488033295,0.003516852855682373,0.03783697124135977,0.03667035492633766,0.0762164064993461,0.07987943477928638,0.0,0.0,0.023630778789520267,False,False
1.8,-4.0406646728515625,12.320828437805176,-2.1884331703186035,-2.14725625998492,0.6048842009540668,0.964000000000004,0.035999999999996035,0.0,661,624,0.21462659570924236,1.5,24.0,24,5.0,33.0,0.039812251925468445,34.30615517916473,14.671820071895795,0.0,0.0,0.0,-0.9817167553634469,1.0,0.8263140916824341,0.04057122394442558,0.0035313963890075684,0.03802768251718939,0.03685414238786311,0.07571913612385592,0.0795755193879207,0.0,0.0,0.028739752769470217,False,False
1.805,-4.025218486785889,12.232059478759766,-2.1155037879943848,-2.3251172549813743,0.9604017647039813,0.963900000000004,0.036099999999996024,0.0,757,714,0.2800743794001388,1.5,26.0,26,3.0,35.0,0.03980791196227074,31.447308914234338,13.449168399237811,0.0,0.0,0.0,-0.8999070257498264,1.0,0.8262962102890015,0.04054274410009384,0.003545820713043213,0.03844610399877017,0.03725803089638537,0.07495930728813013,0.07910738078256449,0.0,0.0,0.03594427824020386,False,False
1.81,-4.039390563964844,12.091690063476562,-2.0458555221557617,-1.9184797771656432,0.7724430246738132,0.963800000000004,0.03619999999999601,0.0,827,771,0.19999999999999996,1.5,29.0,29,3.0,28.0,0.03980093449354172,37.16003317138147,12.328404365967993,0.0,0.0,0.0,-1.0,1.0,0.8262893557548523,0.04052377864718437,0.0035602450370788574,0.03887056728949135,0.03767318038192253,0.07419154358406863,0.07855458495517573,0.0,0.0,0.06585094928741456,False,False
1.815,-4.090374946594238,11.995362281799316,-2.0423765182495117,-2.0412844969746815,0.7268011922714975,0.963700000000004,0.036299999999996,0.0,662,626,0.19999999999999996,1.5,31.0,31,4.0,23.0,0.04031525179743767,34.06336374043301,11.30103733547066,0.0,0.0,0.0,-1.0,1.0,0.8262417912483215,0.04054475203156471,0.0035747289657592773,0.038960984011180554,0.037762744892388435,0.07473974178234737,0.07915545875827472,0.0,0.0,0.0221044659614563,False,False
1.82,-4.104048252105713,11.830093383789062,-2.0306894779205322,-2.30206609747305,0.7355068522491938,0.963600000000004,0.03639999999999599,0.0,653,616,0.19999999999999996,1.5,58.0,58,6.0,16.0,0.040270816534757614,31.224750095396924,10.359284224181438,0.0,0.0,0.0,-1.0,1.0,0.8262801766395569,0.040749695152044296,0.0035892128944396973,0.03918835004574294,0.03798859906832983,0.07538926166792712,0.08000338760515055,0.0,0.0,0.009425341486930848,False,False
1.825,-4.0951924324035645,11.659613609313965,-2.0071287155151367,-2.1219672342336864,0.8633416306153348,0.963500000000004,0.03649999999999598,0.0,599,561,0.23493291805543226,1.5,33.0,33,5.0,14.0,0.040194232016801834,28.622687587447178,9.496010538832985,0.0,0.0,0.0,-0.9563338524307096,1.0,0.8263700008392334,0.040760256350040436,0.003603696823120117,0.039489836861068855,0.03829376504508143,0.07540124778946242,0.08018115535378456,0.0,0.0,0.012076992988586426,False,False
1.83,-4.173288345336914,11.547955513000488,-2.0092387199401855,-1.4587930002947969,0.7407433958083114,0.963400000000004,0.03659999999999597,0.0,561,532,0.2986885082174796,1.5,27.0,27,7.0,29.0,0.04014682024717331,26.237463621826578,8.70467632726357,0.0,0.0,0.0,-0.8766393647281504,1.0,0.8264135718345642,0.040741290897130966,0.0036181211471557617,0.03943904084153458,0.03825783371226848,0.07680535006026427,0.08177220510939757,0.0,0.0,0.016473416090011597,False,False
1.835,-4.272397518157959,11.50108528137207,-1.993956446647644,-2.085502893856916,0.6270460298310244,0.963300000000004,0.03669999999999596,0.0,629,576,0.3571311325326897,1.5,21.0,21,1.0,31.0,0.040065180510282516,24.051008320007696,7.979286633324939,0.0,0.0,0.0,-0.8035860843341378,1.0,0.826417088508606,0.040711019188165665,0.0036324262619018555,0.03933660904007639,0.03816394123217697,0.07814236916601658,0.08331008876363437,0.0,0.0,0.020718190670013428,False,False
1.84,-4.259742259979248,11.52523422241211,-2.0099868774414062,-1.518648884661432,0.7220408644670654,0.963200000000004,0.03679999999999595,0.0,585,557,0.4107035381549655,1.5,42.0,42,2.0,41.0,0.040024254471063614,22.04675762667372,7.31434608054786,0.0,0.0,0.0,-0.736620577306293,1.0,0.826453447341919,0.04074997454881668,0.0036469101905822754,0.0392980536712953,0.03812300702541431,0.07824947747091453,0.08336507094403109,0.0,0.0,0.017573350667953493,False,False
1.845,-4.290532112121582,11.509432792663574,-2.05176043510437,-2.1362298110944073,0.7487703508856131,0.9631000000000041,0.036899999999995936,0.0,650,610,0.45981157664205174,1.5,55.0,55,5.0,20.0,0.03994765877723694,20.20952782445091,6.704817240502205,0.0,0.0,0.0,-0.6752355291974352,1.0,0.8264464735984802,0.04092768579721451,0.00366133451461792,0.03916183143854127,0.037984143197536326,0.07905897994836172,0.08410439205666384,0.0,0.0,0.019127862453460695,False,False
1.85,-4.358470916748047,11.473321914672852,-2.0515151023864746,-2.310487390277414,0.9225354022006597,0.9630000000000041,0.036999999999995925,0.0,722,688,0.19999999999999996,1.5,38.0,38,8.0,24.0,0.03998737037181854,26.85873383908,6.146082470460354,0.0,0.0,0.0,-1.0,1.0,0.82649827003479,0.04098264127969742,0.0036757588386535645,0.039086399641663924,0.037911292082474735,0.07991398995121321,0.08504176201919715,0.0,0.0,0.022208449840545656,False,False
1.855,-4.3675127029418945,11.484179496765137,-2.0529963970184326,-1.6981830770115662,0.8675734382674676,0.9629000000000041,0.037099999999995914,0.0,635,602,0.24053611648394635,1.5,21.0,21,3.0,22.0,0.04003893956542015,24.620506019156664,5.633908931255324,0.0,0.0,0.0,-0.949329854395067,1.0,0.8265048861503601,0.04089939966797829,0.0036903023719787598,0.03902636804928367,0.037856090352870374,0.08017821237444878,0.08533373475074768,0.0,0.0,0.027346265316009522,False,False
1.86,-4.421605110168457,11.434575080871582,-1.9602805376052856,-2.015052667597759,0.8680671166976521,0.9628000000000041,0.0371999999999959,0.0,561,526,0.3038247734436176,1.5,24.0,24,1.0,23.0,0.04015156999230385,22.56879718422694,5.16441652031738,0.0,0.0,0.0,-0.870219033195478,1.0,0.8265441656112671,0.04084990173578262,0.0037046074867248535,0.03929729880578801,0.03813063814304754,0.07965409817794959,0.08506521272162597,0.0,0.0,0.017600702047348024,False,False
1.865,-4.547745704650879,11.418374061584473,-1.9538766145706177,-1.8774637868092148,0.7415029957317518,0.9627000000000041,0.03729999999999589,0.0,598,564,0.36183937565664936,1.5,21.0,21,8.0,24.0,0.040436796844005585,29.021397418874695,13.06738181029093,0.0,0.0,0.0,-0.7977007804291882,1.0,0.8265398144721985,0.04078718647360802,0.003719151020050049,0.03905481608398243,0.0379033921565859,0.08107310781876247,0.08657929487526417,0.0,0.0,0.024704480171203615,False,False
1.87,-4.566244602203369,11.386937141418457,-1.9704341888427734,-1.6418530412383328,0.6903927099173492,0.9626000000000041,0.03739999999999588,0.0,687,641,0.19999999999999996,1.5,18.0,18,3.0,37.0,0.04039056599140167,34.9362809673018,11.978433326100019,0.0,0.0,0.0,-1.0,1.0,0.8264968395233154,0.04070815443992615,0.003733336925506592,0.0389753408543764,0.037822831802846096,0.08147885712484519,0.08697389004131159,0.0,0.0,0.028571252822875974,False,False
1.875,-4.493692398071289,11.32633113861084,-1.8915914297103882,-2.0671348451930864,0.6707466554869077,0.9625000000000041,0.03749999999999587,0.0,689,647,0.19999999999999996,1.5,42.0,42,2.0,23.0,0.040370240807533264,32.02492422002665,10.980230548925016,0.0,0.0,0.0,-1.0,1.0,0.82646244764328,0.04078389331698418,0.0037476420402526855,0.03947983172256484,0.038328589944168774,0.07992611887554328,0.08558899785081546,0.0,0.0,0.025153341293334963,False,False
1.8800000000000001,-4.424117565155029,11.29152774810791,-1.8240430355072021,-1.969616128309681,0.8186539029470473,0.9624000000000041,0.03759999999999586,0.0,681,642,0.2283612320596068,1.5,71.0,71,4.0,17.0,0.04030445218086243,29.356180535024425,10.065211336514597,0.0,0.0,0.0,-0.9645484599254914,1.0,0.8264597654342651,0.041067592799663544,0.0037620067596435547,0.039898415076701436,0.03875408049983268,0.07851876008013885,0.08426082010070483,0.0,0.0,0.0303349781036377,False,False
1.885,-4.400714874267578,11.266217231750488,-1.7801443338394165,-1.4644157115462684,0.8079602346837794,0.9623000000000042,0.03769999999999585,0.0,587,549,0.2926644627213063,1.5,26.0,26,7.0,23.0,0.04021988809108734,26.909832157105722,9.226443725138381,0.0,0.0,0.0,-0.8841694215983671,1.0,0.8264147639274597,0.04103700816631317,0.003776371479034424,0.04010951332251215,0.03897456435238306,0.07783232877651851,0.08360701302687328,0.0,0.0,0.0399906063079834,False,False
1.8900000000000001,-4.366387367248535,11.19832706451416,-1.7337424755096436,-1.673090704250874,0.6872514036380188,0.9622000000000042,0.03779999999999584,0.0,620,579,0.3516090908278642,1.5,15.0,15,3.0,24.0,0.04014022275805473,24.667346144013578,8.457573414710183,0.0,0.0,0.0,-0.8104886364651698,1.0,0.8263323903083801,0.040946755558252335,0.0037906765937805176,0.04042861662805064,0.03930160383414462,0.0768573209643364,0.08260960380236308,0.0,0.0,0.052928934097290034,False,False
1.895,-4.33653450012207,11.165040969848633,-1.7137815952301025,-1.7389795634303573,0.8395440543319953,0.9621000000000042,0.037899999999995826,0.0,638,603,0.4056416665922088,1.5,40.0,40,4.0,27.0,0.040071580559015274,22.611733965345778,7.7527756301510005,0.0,0.0,0.0,-0.7429479167597389,1.0,0.8263110518455505,0.040974121540784836,0.0038050413131713867,0.040602903190689627,0.039479113084884825,0.07618200654784839,0.08188622693220775,0.0,0.0,0.029273152351379395,False,False
1.9000000000000001,-4.342543125152588,11.014291763305664,-1.751444935798645,-2.0521011847682944,0.9163967032919996,0.9620000000000042,0.037999999999995815,0.0,668,634,0.45517152770952474,1.5,26.0,26,3.0,36.0,0.04004504159092903,29.060756134900295,15.440044327638415,0.0,0.0,0.0,-0.681035590363094,1.0,0.8264207243919373,0.0409320704638958,0.003819406032562256,0.040748663811168165,0.039604245694354015,0.07664432128270468,0.08235299959778786,0.0,0.0,0.012863547801971437,False,False
1.905,-4.325724124908447,10.744571685791016,-1.7241524457931519,-1.5430341412442163,0.8231923066521555,0.9619000000000042,0.038099999999995804,0.0,627,585,0.5005739004003977,1.4994260995996023,15.0,15,5.0,30.0,0.039986301213502884,26.639026456991935,14.15337396700188,0.0,0.0,0.0,-0.6242826244995028,1.0,0.8264793157577515,0.04083240404725075,0.0038336515426635742,0.041227653510868385,0.04009426005184634,0.07627752299110095,0.08202677592635155,0.0,0.0,0.01617871403694153,False,False
1.9100000000000001,-4.322402477264404,10.599153518676758,-1.705109715461731,-2.4005950947239763,0.9957822299103685,0.9618000000000042,0.03819999999999579,0.0,692,662,0.20885940870036468,1.5,69.0,69,3.0,28.0,0.040012799203395844,32.75244091890927,12.97392613641839,0.0,0.0,0.0,-0.9889257391245441,1.0,0.8264968991279602,0.04110739007592201,0.0038478970527648926,0.04149130459455756,0.04037190603309605,0.07617616715530555,0.08195292515059313,0.0,0.0,0.014512331485748292,False,False
1.915,-4.40256404876709,10.591652870178223,-1.7361550331115723,-1.984294249770835,0.9574304852055501,0.9617000000000042,0.03829999999999578,0.0,760,711,0.2747877913086677,1.5,47.0,47,9.0,34.0,0.04010691121220589,30.0230708423335,11.89276562505019,0.0,0.0,0.0,-0.9065152608641653,1.0,0.8265209197998047,0.04122992232441902,0.003862321376800537,0.04125472083470457,0.04012362615608905,0.07737535362442335,0.08325907401740551,0.0,0.0,0.013772013187408446,False,False
1.92,-4.494740009307861,10.6640043258667,-1.7572343349456787,-2.4955707460362975,0.9905078837355414,0.9616000000000042,0.03839999999999577,0.0,576,549,0.19999999999999996,1.5,24.0,24,4.0,21.0,0.04029153659939766,35.85448160547237,10.901701822962673,0.0,0.0,0.0,-1.0,1.0,0.826574444770813,0.04115751013159752,0.0038766860961914062,0.04092515794094636,0.03978866003220885,0.07882433943450451,0.08482489114006361,0.0,0.0,0.021876399517059327,False,False
1.925,-4.518666744232178,10.708454132080078,-1.787460207939148,-1.7966985593905085,0.6384980584127073,0.9615000000000042,0.03849999999999576,0.0,586,551,0.19999999999999996,1.5,17.0,17,1.0,28.0,0.04025248438119888,32.866608138349676,9.993226671049117,0.0,0.0,0.0,-1.0,1.0,0.8265835642814636,0.04106659069657326,0.003890812397003174,0.040742387548088864,0.03960001312941297,0.07968517020344734,0.0857440878947576,0.0,0.0,0.02242142677307129,False,False
1.93,-4.551061153411865,10.679996490478516,-1.8072129487991333,-2.0548900163813153,0.8721399984259527,0.9614000000000043,0.03859999999999575,0.0,558,532,0.19999999999999996,1.5,21.0,21,2.0,31.0,0.04039863124489784,30.127724126820535,9.160457781795023,0.0,0.0,0.0,-1.0,1.0,0.826553225517273,0.04098637029528618,0.003904879093170166,0.04067034892272187,0.03952319946683307,0.08019505999982357,0.08626025480528673,0.0,0.0,0.02507098436355591,False,False
1.935,-4.595330238342285,10.636046409606934,-1.802633285522461,-1.5655470002455334,0.5508314870041354,0.9613000000000043,0.03869999999999574,0.0,744,695,0.2312002340157311,1.5,41.0,41,4.0,38.0,0.04033329710364342,27.61708044958549,8.39708629997877,0.0,0.0,0.0,-0.960999707480336,1.0,0.826484739780426,0.04106823727488518,0.003918945789337158,0.04065889039915038,0.03951625081524237,0.08073614910244942,0.08686970919370651,0.0,0.0,0.059130973815917975,False,False
1.94,-4.612311363220215,10.621524810791016,-1.7864209413528442,-2.1401996323638484,0.7244644615195475,0.9612000000000043,0.03879999999999573,0.0,661,625,0.2952668811810869,1.5,19.0,19,6.0,43.0,0.04031781479716301,25.3156570787867,7.697329108313872,0.0,0.0,0.0,-0.8809163985236413,1.0,0.8263792991638184,0.04099757969379425,0.00393301248550415,0.040639198253086296,0.039508797063026416,0.0809833345313867,0.08721076262493929,0.0,0.0,0.01685676336288452,False,False
1.945,-4.677375793457031,10.545480728149414,-1.6905872821807861,-0.7804981604365823,0.9832877155635302,0.9611000000000043,0.038899999999995716,0.0,663,625,0.353994641082663,1.5,45.0,45,4.0,24.0,0.04024031013250351,23.206018988887806,7.055885015954383,0.0,0.0,0.0,-0.8075066986466712,1.0,0.8264070153236389,0.04105306416749954,0.003947079181671143,0.04089690076249325,0.039799232714498874,0.08020699334641299,0.08638168374697368,0.0,0.0,0.025802404880523683,False,False
1.95,-4.773210525512695,10.499136924743652,-1.704959511756897,-1.6563872251076037,0.6690663533813724,0.9610000000000043,0.038999999999995705,0.0,685,642,0.7411617543257745,1.2588382456742255,54.0,54,5.0,25.0,0.04017692431807518,21.272184073147155,14.801227931291516,0.0,0.0,0.0,-0.32354780709278197,1.0,0.8263863325119019,0.041252072900533676,0.003961145877838135,0.04065859840018658,0.039562803327105774,0.08143452927470207,0.08766433224081993,0.0,0.0,0.02745156764984131,False,False
1.955,-4.75331449508667,10.467794418334961,-1.6815799474716187,-1.9967556511832272,0.717019704076635,0.9609000000000043,0.039099999999995694,0.0,692,660,0.7627316081319598,1.23726839186804,32.0,32,4.0,34.0,0.0401201955974102,27.83283540038489,21.901125603683887,0.0,0.0,0.0,-0.2965854898350502,1.0,0.8263271450996399,0.041263382881879807,0.0039751529693603516,0.04081717219824576,0.039723963312183655,0.08077752776443958,0.08693464721242587,0.0,0.0,0.03294193744659424,False,False
1.96,-4.6946892738342285,10.385514259338379,-1.6086561679840088,-1.3007380315693213,0.739597938557169,0.9608000000000043,0.03919999999999568,0.0,620,581,1.1158373074542964,0.8841626925457036,39.0,39,5.0,35.0,0.040069855749607086,25.513432450352816,28.40936513671023,0.0,0.0,0.0,0.1447966343178706,1.0,0.8262307047843933,0.04133495315909386,0.003989279270172119,0.04135012235632149,0.04028290006301039,0.07938589279850325,0.08549558619658153,0.0,0.0,0.021905040740966795,False,False
1.965,-4.678529262542725,10.318562507629395,-1.5669052600860596,-1.9566455125398445,0.769952202825196,0.9607000000000043,0.03929999999999567,0.0,622,583,1.1061841984997718,0.8938158015002282,40.0,40,2.0,28.0,0.040141355246305466,23.38731307949008,26.041918041984374,0.0,0.0,0.0,0.13273024812471465,1.0,0.8261697888374329,0.04140332341194153,0.004003465175628662,0.041624315187334844,0.04057604676857574,0.07878592858711879,0.08486084640026093,0.0,0.0,0.027827298641204833,False,False
1.97,-4.679689407348633,10.260167121887207,-1.5285457372665405,-1.5064630465617335,0.8213948098783516,0.9606000000000043,0.03939999999999566,0.0,654,623,1.0973355152914575,0.9026644847085425,58.0,58,6.0,40.0,0.040308628231287,21.438370322865907,23.871758205152343,0.0,0.0,0.0,0.12166939411432179,1.0,0.8261141777038574,0.041606541723012924,0.004017531871795654,0.04181687695393321,0.040788830830715425,0.07829166017472744,0.08429133954147498,0.0,0.0,0.03639155149459839,False,False
1.975,-4.653695583343506,10.179720878601074,-1.5006914138793945,-1.5108868999194336,0.8751976469309618,0.9605000000000044,0.03949999999999565,0.0,666,625,1.0892242223505026,0.9107757776494974,27.0,27,5.0,45.0,0.04028654471039772,19.65183946262708,21.882445021389646,0.0,0.0,0.0,0.11153027793812828,1.0,0.8260189294815063,0.04156016558408737,0.004031717777252197,0.042095670438060985,0.041076589260560604,0.07753144949674606,0.08341646132369837,0.0,0.0,0.03738675832748413,False,False
1.98,-4.62170934677124,10.121119499206543,-1.4790091514587402,-1.9416907933810699,0.8445518279085839,0.9604000000000044,0.03959999999999564,0.0,680,632,1.0817888704879608,0.9182111295120393,21.0,21,6.0,26.0,0.040254607796669006,18.014186174074823,20.05890793627384,0.0,0.0,0.0,0.10223608810995088,1.0,0.8259387612342834,0.04148826003074646,0.0040457844734191895,0.04232602901291085,0.041312855298165065,0.07668476241330306,0.08242912280062835,0.0,0.0,0.018915038108825687,False,False
1.985,-4.556763648986816,9.960811614990234,-1.4827215671539307,-1.1782698447352704,0.7024087484793919,0.9603000000000044,0.03969999999999563,0.0,665,632,0.7416397979472974,1.2583602020527027,28.0,28,4.0,23.0,0.04021546244621277,24.84633732623525,18.387332274917686,0.0,0.0,0.0,-0.3229502525658782,1.0,0.8259934186935425,0.041453320533037186,0.004059731960296631,0.04273785622542085,0.041706155300140206,0.0759153130153815,0.08160124843319258,0.0,0.0,0.017526289224624635,False,False
1.99,-4.424156188964844,9.832132339477539,-1.4698835611343384,-1.8724601316316956,0.8977379503351658,0.9602000000000044,0.03979999999999562,0.0,679,639,0.7631698147850225,1.2368301852149775,49.0,49,3.0,20.0,0.040315330028533936,22.775809215715647,16.85505458534121,0.0,0.0,0.0,-0.2960377315187218,1.0,0.8260444402694702,0.04156531020998955,0.004073798656463623,0.04329018095259848,0.042252278908000464,0.07424400498469672,0.07975200812021892,0.0,0.0,0.009943897724151612,False,False
1.995,-4.377026557922363,9.70190143585205,-1.4813416004180908,-1.600095711150139,0.865794025546277,0.9601000000000044,0.039899999999995606,0.0,633,591,0.7829056635529374,1.2170943364470626,47.0,47,3.0,24.0,0.040252652019262314,20.877825114406008,15.450466703229443,0.0,0.0,0.0,-0.27136792055882825,1.0,0.8260521292686462,0.04168150946497917,0.004087865352630615,0.043550795116461635,0.04251096460316312,0.07383499915401141,0.07929482807715735,0.0,0.0,0.010089052915573122,False,False
2.0,-4.422667980194092,9.573638916015625,-1.4952894449234009,-1.5895924399658843,0.6149754392009953,0.9600000000000044,0.039999999999995595,0.0,649,619,0.8009968582568594,1.1990031417431406,53.0,53,9.0,24.0,0.040172938257455826,19.13800635487217,14.162927811293656,0.0,0.0,0.0,-0.24875392717892578,1.0,0.8260918259620667,0.04181971400976181,0.004102051258087158,0.04360647447640058,0.04256703304375194,0.07452530475954215,0.08006359140078227,0.0,0.0,0.019956141710281372,False,False
2.005,-4.454047203063965,9.555991172790527,-1.506858468055725,-1.6698480577366193,0.7741962487756058,0.9599000000000044,0.040099999999995584,0.0,529,492,1.1509137867354544,0.8490862132645456,19.0,19,3.0,22.0,0.04008769989013672,17.543172491966157,21.316017160352516,0.0,0.0,0.0,0.18864223341931793,1.0,0.8260872960090637,0.04174689203500748,0.00411611795425415,0.04361258881787441,0.04255469453831496,0.07494010652105014,0.08053537458181381,0.0,0.0,0.013160951137542726,False,False
2.0100000000000002,-4.488834381103516,9.577380180358887,-1.5573017597198486,-1.9219416424796203,0.7619794054915413,0.9598000000000044,0.04019999999999557,0.0,604,562,1.4716709711741662,0.5283290288258338,14.0,14,1.0,22.0,0.04017753154039383,16.081241450968978,27.873015730323136,0.0,0.0,0.0,0.5895887139677078,1.0,0.826043426990509,0.041624799370765686,0.004130184650421143,0.04342285649478417,0.042332655492238525,0.07588650720814864,0.08162802395721278,0.0,0.0,0.013222138881683351,False,False
2.015,-4.528114318847656,9.516305923461914,-1.582650899887085,-1.3038054163568162,0.5858551297488107,0.9597000000000044,0.04029999999999556,0.0,629,600,1.5,0.2343016097570142,22.0,22,3.0,28.0,0.04011907801032066,14.741137996721562,33.883597752796206,0.0,0.0,0.0,0.9571229878037322,1.0,0.826007604598999,0.04155496880412102,0.004144132137298584,0.04338530518518122,0.042281257480382736,0.0764659761140744,0.08227290896077952,0.0,0.0,0.02194159507751465,False,False
2.02,-4.536216735839844,9.488171577453613,-1.6177045106887817,-1.2174416289168233,0.7722365551137228,0.9596000000000044,0.04039999999999555,0.0,674,639,1.5,0.2981098089439298,29.0,29,6.0,36.0,0.040099989622831345,13.512709830328099,31.059964606729853,0.0,0.0,0.0,0.8773627388200878,1.0,0.826002836227417,0.04154049605131149,0.004158198833465576,0.04333131730370205,0.042210649329547906,0.07695668997863929,0.08283539054294428,0.0,0.0,0.022681858539581302,False,False
2.025,-4.543951511383057,9.396379470825195,-1.580238699913025,-1.5124529989411586,0.7944774032604774,0.9595000000000045,0.04049999999999554,0.0,653,608,1.5,0.35660065819860254,40.0,40,4.0,24.0,0.04029226303100586,12.386650677800757,28.471634222835696,0.0,0.0,0.0,0.8042491772517468,1.0,0.8260064125061035,0.04158575460314751,0.004172205924987793,0.043576902430504376,0.04247120033204537,0.07640345953404903,0.08218289042512576,0.0,0.0,0.020582866668701173,False,False
2.0300000000000002,-4.65821647644043,9.268126487731934,-1.5664973258972168,-1.4964553023217881,0.6670709102030613,0.9594000000000045,0.04059999999999553,0.0,649,614,1.5,0.41021727001538555,43.0,43,4.0,20.0,0.0402170866727829,11.354429787984026,26.098998037599387,0.0,0.0,0.0,0.737228412480768,1.0,0.8259677886962891,0.041669923812150955,0.004186153411865234,0.04358366855575375,0.04249254115391504,0.07727003035446009,0.08307656894127528,0.0,0.0,0.016308701038360594,False,False
2.035,-4.730289459228516,9.146384239196777,-1.5753053426742554,-2.2612300177265188,0.9316703973214411,0.9593000000000045,0.04069999999999552,0.0,590,559,1.5,0.45936583084743676,19.0,19,5.0,29.0,0.04015596583485603,10.408227305652023,23.924081534466104,0.0,0.0,0.0,0.6757927114407041,1.0,0.8259369730949402,0.04157370328903198,0.0042002201080322266,0.043578695729995585,0.04248396973342927,0.07790994209547839,0.08373204618692398,0.0,0.0,0.014081928730010986,False,False
2.04,-4.668605804443359,9.024871826171875,-1.547967553138733,-1.1115149227785637,0.9861362536004814,0.9592000000000045,0.040799999999995507,0.0,597,556,1.495581321723183,0.504418678276817,24.0,24,4.0,29.0,0.040171608328819275,9.54087503018102,21.930408073260594,0.0,0.0,0.0,0.6194766521539787,1.0,0.8259881138801575,0.041536081582307816,0.004214107990264893,0.04405223517399263,0.042957108361646346,0.07643711753189564,0.08202810150881609,0.0,0.0,0.013246358633041383,False,False
2.045,-4.604912281036377,8.955021858215332,-1.5291156768798828,-1.5049886814381577,0.8895762456583295,0.9591000000000045,0.040899999999995496,0.0,793,747,1.1209495449129177,0.8790504550870822,74.0,74,6.0,39.0,0.0401679202914238,17.0791354443326,20.102874067155543,0.0,0.0,0.0,0.15118693114114717,1.0,0.8260430693626404,0.04184342548251152,0.004228174686431885,0.0444522675399977,0.04335739576195659,0.07519973752399287,0.08060341080029806,0.0,0.0,0.019148783683776857,False,False
2.05,-4.600666522979736,8.971626281738281,-1.495018482208252,-1.9167608835559542,0.8848201031488833,0.9590000000000045,0.040999999999995485,0.0,742,701,1.4442037495035078,0.5557962504964922,44.0,44,6.0,34.0,0.040181953459978104,15.655874157304883,26.76096789489258,0.0,0.0,0.0,0.5552546868793848,1.0,0.826054036617279,0.04193912446498871,0.004242241382598877,0.044518435573826044,0.043446910332888174,0.07495960220694542,0.08033052086830139,0.0,0.0,0.01330207586288452,False,False
2.055,-4.560510635375977,8.921147346496582,-1.4695866107940674,-1.1136117230217235,0.8364246937716192,0.9589000000000045,0.041099999999995473,0.0,647,616,1.0738534370448822,0.9261465629551178,18.0,18,3.0,24.0,0.04036036133766174,22.68455131086281,24.530887236984864,0.0,0.0,0.0,0.09231679630610276,1.0,0.82607102394104,0.041849177330732346,0.004256308078765869,0.04473233925178628,0.043670344734564236,0.0741908730318149,0.07946661983927092,0.0,0.0,0.018326598405838012,False,False
2.06,-4.52879524230957,8.859962463378906,-1.4517852067947388,-1.6794071914946254,0.7360659049295564,0.9588000000000045,0.04119999999999546,0.0,640,601,1.0676989839578086,0.9323010160421913,27.0,27,3.0,28.0,0.04030665010213852,20.794172034957572,22.48664663390279,0.0,0.0,0.0,0.08462372994726089,1.0,0.8261682987213135,0.04178503900766373,0.004270315170288086,0.044963280290675464,0.04390620790033893,0.07344282853106658,0.0785935390740633,0.0,0.0,0.02543160676956177,False,False
2.065,-4.530433654785156,8.811100006103516,-1.447143793106079,-0.8870645236288822,0.8613715632237301,0.9587000000000045,0.04129999999999545,0.0,556,520,1.0620574019613247,0.9379425980386753,32.0,32,3.0,17.0,0.0405595637857914,19.061324365377775,20.612759414410892,0.0,0.0,0.0,0.07757175245165585,1.0,0.8262165188789368,0.041794393211603165,0.004284381866455078,0.045083435416221423,0.04402775481902044,0.07323962636291981,0.07833239311973254,0.0,0.0,0.015849808454513552,False,False
2.07,-4.439414024353027,8.688426971435547,-1.492853045463562,-1.919223935549155,0.8271635073228195,0.9586000000000046,0.04139999999999544,0.0,546,516,1.056885951797881,0.9431140482021191,34.0,34,5.0,32.0,0.04048307612538338,17.47288066826296,18.895029463209983,0.0,0.0,0.0,0.07110743974735119,1.0,0.8262233138084412,0.041805416345596313,0.00429844856262207,0.04540804857155289,0.044310559311881464,0.07257892129321894,0.07769566029310226,0.0,0.0,0.014046045541763304,False,False
2.075,-4.311798572540283,8.604219436645508,-1.484330654144287,-1.4410825934200437,0.8310111478306837,0.9585000000000046,0.04149999999999543,0.0,627,597,1.0521454558147243,0.9478545441852758,32.0,32,4.0,34.0,0.04041652753949165,16.016807279241046,17.32044367460915,0.0,0.0,0.0,0.06518181976840527,1.0,0.8261899948120117,0.041801851242780685,0.004312396049499512,0.04587467639800141,0.044771225287578806,0.07094395036498706,0.07586188924809298,0.0,0.0,0.018269445896148685,False,False
2.08,-4.334275722503662,8.527782440185547,-1.4951558113098145,-1.8786334957773378,0.8886534351971904,0.9584000000000046,0.04159999999999542,0.0,641,595,1.0478000011634971,0.9521999988365029,34.0,34,2.0,31.0,0.04037460312247276,14.682073339304292,15.877073368391722,0.0,0.0,0.0,0.05975000145437148,1.0,0.8261179327964783,0.04181201756000519,0.0043264031410217285,0.045908780434789555,0.04480191414322064,0.07110551620523135,0.07603732558588187,0.0,0.0,0.01873645782470703,False,False
2.085,-4.4486985206604,8.468358993530273,-1.545897364616394,-1.0827218186391636,0.8921831122127152,0.9583000000000046,0.04169999999999541,0.0,603,569,1.0438166677332057,0.9561833322667943,17.0,17,4.0,37.0,0.040296684950590134,13.458567227695601,14.553983921025745,0.0,0.0,0.0,0.05477083466650719,1.0,0.8261260986328125,0.04171999171376228,0.004340171813964844,0.04565509111434202,0.04452696141600589,0.07277519131700198,0.07794423960149288,0.0,0.0,0.023065609931945803,False,False
2.09,-4.48278284072876,8.462296485900879,-1.578644037246704,-1.5725077671818166,0.6483050376150643,0.9582000000000046,0.041799999999995396,0.0,661,623,0.7068319454221053,1.2931680545778947,38.0,38,7.0,21.0,0.04023781046271324,20.6703532920543,13.341151927606932,0.0,0.0,0.0,-0.3664600682223685,1.0,0.8260883092880249,0.04175103083252907,0.004354000091552734,0.04556373093587637,0.044416600705900346,0.07345814568301043,0.07873046832780044,0.0,0.0,0.0182971465587616,False,False
2.095,-4.491111755371094,8.40412712097168,-1.6235380172729492,-1.867101249660106,0.7055264167959635,0.9581000000000046,0.041899999999995385,0.0,655,615,1.064595949970263,0.935404050029737,22.0,22,4.0,26.0,0.04018627852201462,18.947823851049776,20.56272260030635,0.0,0.0,0.0,0.08074493746282876,1.0,0.8260118365287781,0.04167661443352699,0.004367649555206299,0.04555285740612676,0.04438231969096989,0.07382786522308986,0.07916840724647045,0.0,0.0,0.021141662597656253,False,False
2.1,-4.524289608001709,8.299944877624512,-1.6552414894104004,-1.9463695827209868,0.9230828383867725,0.9580000000000046,0.041999999999995374,0.0,669,633,1.0592129541394077,0.9407870458605924,52.0,52,3.0,17.0,0.040142592042684555,17.36883853012896,18.849162383614154,0.0,0.0,0.0,0.0740161926742596,1.0,0.8259491324424744,0.04182218015193939,0.004381358623504639,0.04553000689204762,0.04435280860820766,0.07434048379460971,0.07976160074273746,0.0,0.0,0.03504247188568115,False,False
2.105,-4.530816555023193,8.304744720458984,-1.6855518817901611,-1.9789839529273061,0.841278147993452,0.9579000000000046,0.04209999999999536,0.0,673,634,1.054278541294457,0.9457214587055429,52.0,52,6.0,21.0,0.040238071233034134,15.92143531928488,17.27839885164631,0.0,0.0,0.0,0.06784817661807141,1.0,0.8259637951850891,0.042006973177194595,0.004395246505737305,0.04543939031039655,0.04424992592073957,0.07479253535469374,0.08028880382577579,0.0,0.0,0.017979460954666137,False,False
2.11,-4.583898067474365,8.173742294311523,-1.6353195905685425,-1.5527945652112214,0.8351818043606851,0.9578000000000046,0.04219999999999535,0.0,609,569,1.0497553295199191,0.950244670480081,25.0,25,5.0,24.0,0.04029868170619011,14.594649042677807,15.838532280675782,0.0,0.0,0.0,0.06219416189989877,1.0,0.8259834051132202,0.04196866601705551,0.004409074783325195,0.04565935784981877,0.044494455065267585,0.07426897684733073,0.07961685458819072,0.0,0.0,0.013132455348968505,False,False
2.115,-4.695957183837891,7.948282718658447,-1.6238069534301758,-1.9390507437065934,0.8018934405937599,0.9577000000000047,0.04229999999999534,0.0,616,583,1.0456090520599257,0.9543909479400743,43.0,43,2.0,30.0,0.040272679179906845,13.378428289121322,14.518654590619466,0.0,0.0,0.0,0.0570113150749072,1.0,0.8259598612785339,0.042021095752716064,0.0044228434562683105,0.04578265537228415,0.04463285372313092,0.07449529133737087,0.07975644121567409,0.0,0.0,0.024495713710784912,False,False
2.12,-4.749605178833008,7.832474231719971,-1.6207592487335205,-1.2064328968256757,0.9086353833058269,0.9576000000000047,0.04239999999999533,0.0,678,632,0.7084749643882653,1.2915250356117347,38.0,38,7.0,38.0,0.040290482342243195,20.596892598361208,13.308766708067843,0.0,0.0,0.0,-0.36440629451466827,1.0,0.8259482383728027,0.042090825736522675,0.004436612129211426,0.045861691581706006,0.044714398927520764,0.07452337381740412,0.07970605976879597,0.0,0.0,0.017292002439498903,False,False
2.125,-4.671099662780762,7.754926681518555,-1.5839604139328003,-1.5690522608516886,0.7265463987286955,0.9575000000000047,0.04249999999999532,0.0,658,619,0.73276871735591,1.2672312826440901,48.0,48,3.0,27.0,0.04023516923189163,18.880484881831105,12.199702815728855,0.0,0.0,0.0,-0.3340391033051125,1.0,0.826012134552002,0.04218791425228119,0.004450500011444092,0.046334274773796195,0.045192729270706375,0.07292113887766997,0.07786340080201626,0.0,0.0,0.018929333686828614,False,False
2.13,-4.61604642868042,7.738857746124268,-1.5583010911941528,-1.7001584368591973,0.654914677035492,0.9574000000000047,0.04259999999999531,0.0,621,580,0.7550379909095842,1.2449620090904157,33.0,33,4.0,34.0,0.04017072543501854,17.30711114167851,11.183060914418117,0.0,0.0,0.0,-0.3062025113630197,1.0,0.826028048992157,0.042184870690107346,0.004464328289031982,0.046609744289889725,0.0454780847299842,0.07209837747116885,0.07694199370841186,0.0,0.0,0.01616214394569397,False,False
2.1350000000000002,-4.593865871429443,7.756915092468262,-1.5177949666976929,-1.8106196374650443,0.9015603791979003,0.9573000000000047,0.0426999999999953,0.0,574,549,0.44211815833378565,1.5,11.0,11,5.0,30.0,0.0401265025138855,24.1981852132053,10.25113917154994,0.0,0.0,0.0,-0.6973523020827679,1.0,0.8260544538497925,0.04206115007400513,0.004478096961975098,0.046725515770104815,0.0456161307549723,0.07163807128866514,0.0764024971673886,0.0,0.0,0.013987222909927368,False,False
2.14,-4.55702543258667,7.69036340713501,-1.4779078960418701,-2.1093420302481283,0.8609132736105337,0.9572000000000047,0.042799999999995286,0.0,630,594,0.4886083118059702,1.5,17.0,17,5.0,25.0,0.04006025940179825,22.181669778771525,9.39687757392078,0.0,0.0,0.0,-0.6392396102425373,1.0,0.8260373473167419,0.04195772483944893,0.004491925239562988,0.0470235757290694,0.04593299143156016,0.07068333216011524,0.07527704040209453,0.0,0.0,0.019937264919281005,False,False
2.145,-4.5292439460754395,7.660815238952637,-1.4345638751983643,-1.5625058306837196,0.8815651319946729,0.9571000000000047,0.042899999999995275,0.0,727,682,0.19999999999999996,1.5,39.0,39,4.0,26.0,0.04004352539777756,28.666530630540564,8.613804442760713,0.0,0.0,0.0,-1.0,1.0,0.8260983228683472,0.04198348522186279,0.004505515098571777,0.047267444944008974,0.0461995982825754,0.0698364960650603,0.07423791103065014,0.0,0.0,0.029192767143249514,False,False
2.15,-4.518986701965332,7.566924571990967,-1.4550437927246094,-1.7673369147058204,0.5130407409565922,0.9570000000000047,0.042999999999995264,0.0,692,650,0.26473337311473877,1.5,39.0,39,3.0,25.0,0.04003342241048813,26.277653077995517,7.895987405863987,0.0,0.0,0.0,-0.9190832836065764,1.0,0.8261112570762634,0.042013730853796005,0.004519224166870117,0.0474021837520411,0.046319621836611174,0.06964588537812233,0.0740608045210441,0.0,0.0,0.018795244693756104,False,False
2.1550000000000002,-4.403566837310791,7.458056926727295,-1.4607380628585815,-1.7858074666200179,0.771210947165243,0.9569000000000047,0.04309999999999525,0.0,580,553,0.32600559202184387,1.5,25.0,25,2.0,33.0,0.04027942195534706,24.087848654829223,7.237988455375321,0.0,0.0,0.0,-0.842493009972695,1.0,0.8260834813117981,0.04199271649122238,0.004532933235168457,0.047850766237824936,0.0467518673169735,0.06833132977286975,0.07264452675978343,0.0,0.0,0.017086154222488402,False,False
2.16,-4.339321136474609,7.370355129241943,-1.4429548978805542,-2.3076066274859124,0.17950493920982724,0.9568000000000048,0.04319999999999524,0.0,514,479,0.3821717926866902,1.5,30.0,30,5.0,31.0,0.04023883491754532,22.080527933593455,6.634822750760711,0.0,0.0,0.0,-0.7722852591416371,1.0,0.826016366481781,0.04198640584945679,0.004546701908111572,0.04817213827092179,0.047084388384595305,0.06739970296621323,0.07157545536756516,0.0,0.0,0.014421565532684328,False,False
2.165,-4.392110824584961,7.219205379486084,-1.4560143947601318,-1.2075031746883815,0.6710527348942944,0.9567000000000048,0.04329999999999523,0.0,567,531,0.43365747662946597,1.5,26.0,26,3.0,28.0,0.0401931069791317,20.240483939127333,6.081920854863985,0.0,0.0,0.0,-0.7079281542131675,1.0,0.8259111642837524,0.04193013906478882,0.004560291767120361,0.04825007813175498,0.0471675594250359,0.06758699814478557,0.07176701600352924,0.0,0.0,0.011172332763671876,False,False
2.17,-4.430072784423828,7.139444828033447,-1.484566569328308,-1.0991297404440017,0.8609828419068668,0.9566000000000048,0.04339999999999522,0.0,579,544,0.4808526869103439,1.5,22.0,22,5.0,21.0,0.04025639221072197,18.553776944200056,5.5750941169586525,0.0,0.0,0.0,-0.6489341413620702,1.0,0.8258408308029175,0.041870176792144775,0.004573941230773926,0.04823363798406574,0.04714174273951579,0.0679619082560142,0.07221610595782599,0.0,0.0,0.016880977153778075,False,False
2.1750000000000003,-4.426298141479492,7.171311378479004,-1.515137791633606,-1.4681703714730732,0.7721400782246514,0.9565000000000048,0.04349999999999521,0.0,721,674,0.8574482963344817,1.1425517036655182,30.0,30,5.0,30.0,0.040307167917490005,17.00762886551672,13.443836273878762,0.0,0.0,0.0,-0.1781896295818978,1.0,0.8258262276649475,0.04186015948653221,0.004587531089782715,0.048187019590288184,0.047066512017510616,0.06817090325057507,0.07250162772834301,0.0,0.0,0.013025728464126588,False,False
2.18,-4.479904651641846,7.1112775802612305,-1.5368462800979614,-1.8257806765812574,0.7954930263207297,0.9564000000000048,0.0435999999999952,0.0,852,807,0.869327604973275,1.130672395026725,66.0,66,6.0,41.0,0.040384989231824875,15.59032646005699,12.323516584388866,0.0,0.0,0.0,-0.16334049378340626,1.0,0.8258182406425476,0.04211799055337906,0.004601240158081055,0.0481264989916233,0.04699633898834366,0.06851821206510067,0.0728876143693924,0.0,0.0,0.016039929389953612,False,False
2.185,-4.501655578613281,7.038955211639404,-1.5446113348007202,-1.5635933183425075,0.7093015430837973,0.9563000000000048,0.04369999999999519,0.0,661,634,0.8802169712255021,1.1197830287744979,30.0,30,4.0,40.0,0.040503304451704025,14.291132588385574,11.296556869023126,0.0,0.0,0.0,-0.1497287859681224,1.0,0.8258188366889954,0.04212641343474388,0.004614830017089844,0.048180428277080044,0.047049401865030115,0.06848852150142193,0.07284372113645077,0.0,0.0,0.026130697727203372,False,False
2.19,-4.484198093414307,7.016057968139648,-1.5478007793426514,-1.3729678416282483,0.716215797383865,0.9562000000000048,0.043799999999995176,0.0,565,527,0.8901988902900436,1.1098011097099565,23.0,23,7.0,31.0,0.04042711853981018,13.100204872686776,10.355177129937866,0.0,0.0,0.0,-0.1372513871374455,1.0,0.8258481621742249,0.04207208752632141,0.004628539085388184,0.04823255257401594,0.047102909837383564,0.06838773687680563,0.07275192687908809,0.0,0.0,0.01804876923561096,False,False
2.195,-4.5577392578125,6.877085208892822,-1.4939000606536865,-0.9984762816997746,0.7855035315889651,0.9561000000000048,0.043899999999995165,0.0,588,556,0.8993489827658733,1.1006510172341268,26.0,26,3.0,28.0,0.040403757244348526,12.008521133296211,9.492245702443043,0.0,0.0,0.0,-0.12581377154265844,1.0,0.8258786201477051,0.04202108457684517,0.004642128944396973,0.04846567263267912,0.047374004247287695,0.06789392170806727,0.07202643901109695,0.0,0.0,0.023995420932769775,False,False
2.2,-4.689454555511475,6.758817672729492,-1.510798692703247,-1.422512260604906,0.8167767213764797,0.9560000000000048,0.043999999999995154,0.0,654,607,0.5744032342020506,1.4255967657979494,28.0,28,3.0,38.0,0.040469635277986526,19.34114437218819,8.701225227239455,0.0,0.0,0.0,-0.5319959572474368,1.0,0.8258653879165649,0.04196934029459953,0.004655778408050537,0.048262785145391805,0.04717900048010029,0.06880795893569788,0.07299975492060184,0.0,0.0,0.022192275524139403,False,False
2.205,-4.646112442016602,6.689483642578125,-1.4785164594650269,-1.7547459805052064,0.7610686310032679,0.9559000000000049,0.04409999999999514,0.0,682,653,0.6098696313518798,1.3901303686481201,38.0,38,4.0,35.0,0.040429793298244476,17.729382341172506,7.9761231249695,0.0,0.0,0.0,-0.48766296081015026,1.0,0.8258121013641357,0.04199790954589844,0.004669249057769775,0.04853469880297758,0.04746103243902304,0.06793413621683916,0.07198571227490902,0.0,0.0,0.02256798028945923,False,False
2.21,-4.518203258514404,6.687138557434082,-1.4206762313842773,-1.1735839092850393,0.8806492048826124,0.9558000000000049,0.04419999999999513,0.0,685,638,0.30904716207255656,1.5,38.0,38,5.0,35.0,0.040384504944086075,24.585267146074795,7.311446197888708,0.0,0.0,0.0,-0.8636910474093042,1.0,0.8258429765701294,0.04205554723739624,0.00468289852142334,0.04911425292476368,0.04806286822678499,0.06624750482539336,0.07002050367494425,0.0,0.0,0.020616014003753663,False,False
2.215,-4.474603652954102,6.7085442543029785,-1.3795385360717773,-1.105425082862212,0.8721811757827963,0.9557000000000049,0.04429999999999512,0.0,769,732,0.3666265652331768,1.5,67.0,67,8.0,23.0,0.04038698971271515,22.536494883901895,6.702159014731316,0.0,0.0,0.0,-0.791716793458529,1.0,0.8258723616600037,0.042318131774663925,0.004696547985076904,0.04933663840188312,0.048309495977436286,0.06565873511135578,0.06930170891185602,0.0,0.0,0.018755838871002198,False,False
2.22,-4.454237461090088,6.677353858947754,-1.323185920715332,-1.3599699749496896,0.959638696435961,0.9556000000000049,0.04439999999999511,0.0,679,641,0.7527410181304122,1.2472589818695878,29.0,29,4.0,21.0,0.040413159877061844,20.658453643576735,14.476979096837038,0.0,0.0,0.0,-0.30907372733698485,1.0,0.825857937335968,0.04229488596320152,0.004710257053375244,0.04957519581448264,0.04858797507639952,0.06498652820785841,0.06843436819811663,0.0,0.0,0.020679309368133548,False,False
2.225,-4.370785236358643,6.557282447814941,-1.261275291442871,-1.9382780983251044,0.49668317779976084,0.9555000000000049,0.0444999999999951,0.0,598,575,0.4400125999528779,1.5,16.0,16,3.0,21.0,0.040485531091690063,27.27024917327867,13.270564172100618,0.0,0.0,0.0,-0.6999842500589026,1.0,0.8258033990859985,0.042177800089120865,0.004723966121673584,0.05014444370691952,0.049194158107042085,0.06337493347624938,0.06649551292260489,0.0,0.0,0.03937240600585938,False,False
2.23,-4.326028823852539,6.482608795166016,-1.2312172651290894,-2.6331594888280314,0.6562039360326153,0.9554000000000049,0.04459999999999509,0.0,563,522,0.4866782166234713,1.5,17.0,17,4.0,20.0,0.040406063199043274,24.997728408838782,12.164683824425566,0.0,0.0,0.0,-0.6416522292206608,1.0,0.8257817625999451,0.042080964893102646,0.004737555980682373,0.0504337823980796,0.04950102585212615,0.06252334142724673,0.06547708064317703,0.0,0.0,0.02390150785446167,False,False
2.235,-4.255349159240723,6.3584818840026855,-1.2474373579025269,-1.0403546821573706,0.9243118213385905,0.9553000000000049,0.04469999999999508,0.0,599,572,0.5294550319048488,1.4705449680951512,34.0,34,3.0,36.0,0.04032610356807709,22.914584374768882,11.150960172390102,0.0,0.0,0.0,-0.588181210118939,1.0,0.8257167339324951,0.04209210351109505,0.0047512054443359375,0.05083088409714377,0.049875420886091655,0.06169689198335012,0.06462029181420803,0.0,0.0,0.019449697732925417,False,False
2.24,-4.114108085632324,6.241464138031006,-1.2262024879455566,-1.2902998527944947,0.8218491964439631,0.9552000000000049,0.044799999999995066,0.0,582,548,0.902000445912778,1.097999554087222,40.0,40,5.0,37.0,0.040246058255434036,21.005035676871476,18.555046824690926,0.0,0.0,0.0,-0.12249944260902748,1.0,0.8256592750549316,0.042135369032621384,0.0047647953033447266,0.05146331599773815,0.05051330066379136,0.060273188476761184,0.06303787541886172,0.0,0.0,0.008750043511390687,False,False
2.245,-4.033329010009766,6.121502876281738,-1.227715015411377,-1.242624401039903,0.972296239881276,0.955100000000005,0.044899999999995055,0.0,521,488,0.9101670754200465,1.0898329245799534,23.0,23,3.0,29.0,0.040179669857025146,19.254616037132184,17.008792922633347,0.0,0.0,0.0,-0.11229115572494183,1.0,0.8255608677864075,0.042081162333488464,0.00477832555770874,0.05184981556485072,0.050902960889041185,0.05940388267238935,0.06207611411809921,0.0,0.0,0.014161615371704104,False,False
2.25,-4.064235687255859,6.015214920043945,-1.2557631731033325,-1.134208368173504,0.3359669534987754,0.955000000000005,0.044999999999995044,0.0,648,607,0.917653152468376,1.082346847531624,22.0,22,5.0,40.0,0.040220458060503006,25.983398034037833,23.924726845747234,0.0,0.0,0.0,-0.10293355941452997,1.0,0.8254762887954712,0.04199820011854172,0.004791855812072754,0.05188590406905835,0.05093230898492015,0.05942951266964277,0.06213681151469549,0.0,0.0,0.020875463485717775,False,False
2.255,-4.110182285308838,5.9991912841796875,-1.2707974910736084,-1.370711102897053,0.7495348356483169,0.954900000000005,0.04509999999999503,0.0,657,618,0.9245153897626781,1.075484610237322,22.0,22,4.0,27.0,0.0403716042637825,23.818114864534678,21.93099960860163,0.0,0.0,0.0,-0.09435576279665234,1.0,0.825423002243042,0.04195229709148407,0.004805445671081543,0.05184680661962654,0.05087336041809346,0.05967202906807264,0.06242929957807064,0.0,0.0,0.014415545463562014,False,False
2.2600000000000002,-4.145195484161377,6.01845645904541,-1.3137598037719727,-1.1289697986859046,0.8116065530639287,0.954800000000005,0.04519999999999502,0.0,671,639,0.5974724406157884,1.4025275593842115,26.0,26,6.0,23.0,0.040332112461328506,30.166605292490118,20.103416307884828,0.0,0.0,0.0,-0.5031594492302645,1.0,0.8253273367881775,0.04191567003726959,0.004818856716156006,0.05167958031579207,0.050666867865714935,0.06012200998763244,0.06300338233510654,0.0,0.0,0.013621101379394531,False,False
2.265,-4.161341667175293,5.920753002166748,-1.325103521347046,-1.5530126556904977,0.44058659313196896,0.954700000000005,0.04529999999999501,0.0,686,646,0.6310164038978061,1.368983596102194,66.0,66,3.0,33.0,0.04030834510922432,27.65272151811594,18.428131615561092,0.0,0.0,0.0,-0.46122949512774236,1.0,0.8252402544021606,0.042135290801525116,0.004832267761230469,0.05180207363516068,0.05078265152871585,0.059887925162911415,0.06273787468671799,0.0,0.0,0.016465066671371462,False,False
2.27,-4.1489362716674805,5.862203121185303,-1.3407233953475952,-1.5175414996724221,0.7880952217855632,0.954600000000005,0.045399999999995,0.0,716,679,0.6617650369063223,1.3382349630936776,36.0,36,4.0,32.0,0.04026232287287712,25.348328058272944,16.892453980931002,0.0,0.0,0.0,-0.42279370386709714,1.0,0.8252359628677368,0.042209748178720474,0.004845917224884033,0.05189363989482299,0.05086531159824978,0.059692797561486564,0.0625507440418005,0.0,0.0,0.030688347816467287,False,False
2.275,-4.134964942932129,5.814208507537842,-1.3117904663085938,-1.5699843074840998,0.7018336384607218,0.954500000000005,0.04549999999999499,0.0,632,593,0.35661795049746214,1.5,22.0,22,3.0,33.0,0.040220364928245544,31.56930072008353,15.484749482520085,0.0,0.0,0.0,-0.8042275618781722,1.0,0.8251851797103882,0.04215201735496521,0.004859328269958496,0.052102796842343854,0.05109489862279322,0.05925479965905349,0.06200411977867286,0.0,0.0,0.0228037428855896,False,False
2.2800000000000002,-4.216418743133545,5.671412944793701,-1.274173617362976,-1.8679412808285014,0.7384813477035352,0.954400000000005,0.04559999999999498,0.0,682,645,0.4102331212893403,1.5,39.0,39,3.0,28.0,0.04040445387363434,28.938525660076568,14.194353692310077,0.0,0.0,0.0,-0.7372085983883245,1.0,0.8250954151153564,0.04219160974025726,0.004872739315032959,0.05221695670858,0.051257085464894526,0.059081610913077995,0.061662582059701286,0.0,0.0,0.021667470932006837,False,False
2.285,-4.281560897827148,5.57293701171875,-1.289273738861084,-1.6927621778679003,0.7304479406948627,0.954300000000005,0.04569999999999497,0.0,684,643,0.4593803611818954,1.5,36.0,36,6.0,24.0,0.04038536548614502,26.526981855070186,13.01149088461757,0.0,0.0,0.0,-0.6757745485226307,1.0,0.8250139355659485,0.04221825674176216,0.004886150360107422,0.052114210933446634,0.05115027643615977,0.05934569053351879,0.06195543333888054,0.0,0.0,0.022233433723449707,False,False
2.29,-4.18567419052124,5.540472030639648,-1.2433674335479736,-0.5652438113688933,0.9570039080548027,0.954200000000005,0.045799999999994956,0.0,620,584,0.5044319977500707,1.4955680022499291,23.0,23,6.0,22.0,0.04031485319137573,24.316400033814336,11.927199977566106,0.0,0.0,0.0,-0.6194600028124115,1.0,0.8250150680541992,0.04215417057275772,0.00489962100982666,0.05255948641818613,0.051619912335804104,0.05838462772468726,0.06083354353904724,0.0,0.0,0.02193535327911377,False,False
2.295,-4.084089279174805,5.558990478515625,-1.184022307395935,-1.0558108370553807,0.8706915603153402,0.954100000000005,0.045899999999994945,0.0,617,586,0.21239599793756492,1.5,26.0,26,5.0,15.0,0.04023658111691475,30.62336669766314,10.933266646102263,0.0,0.0,0.0,-0.9845050025780437,1.0,0.8249694108963013,0.04210537672042847,0.004912912845611572,0.053061417952179654,0.05215726847201561,0.057410262525081635,0.05966344537834327,0.0,0.0,0.02279030799865723,False,False
2.3000000000000003,-4.06464147567749,5.577792167663574,-1.1374672651290894,-1.0174454177250474,0.7128058469681704,0.9540000000000051,0.045999999999994934,0.0,563,530,0.27802966477610125,1.5,25.0,25,2.0,26.0,0.040244098752737045,28.071419472857876,10.022161092260408,0.0,0.0,0.0,-0.9024629190298734,1.0,0.8248845338821411,0.0420505590736866,0.00492626428604126,0.05320196865716303,0.05233798130570576,0.057155874868234,0.0592987642933925,0.0,0.0,0.024367003440856936,False,False
2.305,-4.0019073486328125,5.549612522125244,-1.0809379816055298,-1.4483294479359095,0.6250706122679699,0.9539000000000051,0.04609999999999492,0.0,612,577,0.33819385937809276,1.5,43.0,43,4.0,31.0,0.04018194600939751,34.06546785011972,17.52031433457204,0.0,0.0,0.0,-0.827257675777384,1.0,0.8247617483139038,0.042131416499614716,0.0049394965171813965,0.05356106473443383,0.0527393335414427,0.05643294503291448,0.058402776097257934,0.0,0.0,0.032186377048492434,False,False
2.31,-3.896026372909546,5.481184482574463,-1.0128720998764038,-1.2014170910105348,0.7792050643397039,0.9538000000000051,0.04619999999999491,0.0,705,668,0.7266777044299184,1.2733222955700816,26.0,26,3.0,53.0,0.04014132171869278,31.226678862609738,24.3936214733577,0.0,0.0,0.0,-0.34165286946260187,1.0,0.824648380279541,0.04206470400094986,0.004952847957611084,0.05408176835393507,0.0533134777611119,0.05530630859235923,0.05703244668742021,0.0,0.0,0.043916993141174324,False,False
2.315,-3.8417606353759766,5.391895294189453,-1.013216257095337,-1.58224818228838,0.8824901225288242,0.9537000000000051,0.0462999999999949,0.0,782,727,1.0827878957274253,0.9172121042725747,36.0,36,6.0,28.0,0.04012173414230347,28.624455624058925,30.694153017244556,0.0,0.0,0.0,0.10348486965928157,1.0,0.8246185779571533,0.0421140119433403,0.0049661993980407715,0.0544010750325394,0.053621950928121546,0.054683166866501175,0.05635472635428111,0.0,0.0,0.02397622346878052,False,False
2.32,-3.6981589794158936,5.282222747802734,-1.017693281173706,-0.9176239088969782,0.9303725500069502,0.9536000000000051,0.04639999999999489,0.0,806,758,1.0758889044168065,0.9241110955831935,88.0,88,6.0,35.0,0.04025335982441902,26.239084322054012,28.136306932474174,0.0,0.0,0.0,0.09486113052100809,1.0,0.8245430588722229,0.04256045073270798,0.004979610443115234,0.055060257581062345,0.0542569269286466,0.0535946370412906,0.055230011542638145,0.0,0.0,0.011473708152770996,False,False
2.325,-3.533104658126831,5.210654258728027,-0.9973362684249878,-1.3019292309089128,0.739616524644063,0.9535000000000051,0.04649999999999488,0.0,611,583,1.0695648290487394,0.9304351709512606,29.0,29,7.0,28.0,0.04021749645471573,24.052493961882842,25.791614688101326,0.0,0.0,0.0,0.08695603631092422,1.0,0.824480414390564,0.04251644015312195,0.0049929022789001465,0.05570531255006763,0.054909774497151106,0.05249838810414076,0.054031445955236755,0.0,0.0,0.012006572484970094,False,False
2.33,-3.4660260677337646,5.099625110626221,-1.012270450592041,-1.0263160047874549,0.6978131766020809,0.9534000000000051,0.04659999999999487,0.0,514,488,1.0637677599613446,0.9362322400386555,28.0,28,3.0,27.0,0.04027491435408592,22.04811946505927,23.642313464092883,0.0,0.0,0.0,0.07970969995168069,1.0,0.8243765830993652,0.0424775555729866,0.005006253719329834,0.05603450206263585,0.055239303825267635,0.05193834813932578,0.05344569683074951,0.0,0.0,0.018385897874832156,False,False
2.335,-3.4433462619781494,4.946315765380859,-1.033693552017212,-1.391433215881772,0.9004688329915104,0.9533000000000051,0.04669999999999486,0.0,603,561,1.058453779964566,0.9415462200354341,23.0,23,3.0,27.0,0.04042510688304901,20.21077617630433,21.672120675418476,0.0,0.0,0.0,0.07306722495570739,1.0,0.8243531584739685,0.04240203648805618,0.005019664764404297,0.05641610904907159,0.055592589000239695,0.05139561525235574,0.05289746137956779,0.0,0.0,0.020661010742187503,False,False
2.34,-3.4423437118530273,4.945276260375977,-1.0641639232635498,-1.2717225007542647,0.5883579521338382,0.9532000000000052,0.046799999999994846,0.0,620,579,1.0535826316341854,0.9464173683658146,47.0,47,2.0,41.0,0.040348488837480545,18.52654482827897,19.866110619133604,0.0,0.0,0.0,0.06697828954273177,1.0,0.824284017086029,0.042506106197834015,0.005032896995544434,0.05647214762214544,0.05559899577498409,0.05137771523247163,0.052947341464459896,0.0,0.0,0.014213303327560425,False,False
2.345,-3.4764134883880615,4.93842077255249,-1.1083821058273315,-1.1801962344625847,0.8486972674375193,0.9531000000000052,0.046899999999994835,0.0,632,595,1.0491174123313367,0.9508825876686633,31.0,31,8.0,28.0,0.040275879204273224,16.982666092589053,18.21060140087247,0.0,0.0,0.0,0.06139676541417085,1.0,0.8241763710975647,0.042480774223804474,0.005046248435974121,0.05632034538686248,0.055403002011279,0.051626733814676605,0.05329033670326074,0.0,0.0,0.012917280197143555,False,False
2.35,-3.490288257598877,4.8334832191467285,-1.1329154968261719,-1.2030880077326918,0.867370848741889,0.9530000000000052,0.046999999999994824,0.0,746,710,1.0450242946370587,0.9549757053629413,45.0,45,3.0,26.0,0.04039520397782326,23.900777251539964,25.02638461746643,0.0,0.0,0.0,0.056280368296323324,1.0,0.8240827322006226,0.04252682998776436,0.005059599876403809,0.05640181475132676,0.055469066467446315,0.05149001566072305,0.05316913748780887,0.0,0.0,0.028114912509918218,False,False
2.355,-3.47469162940979,4.797606945037842,-1.144587516784668,-1.165867194715681,0.7509819549607573,0.9529000000000052,0.04709999999999481,0.0,682,644,1.0412722700839705,0.9587277299160296,51.0,51,6.0,32.0,0.04054727777838707,21.909045813911632,22.940852566010893,0.0,0.0,0.0,0.05159033760496303,1.0,0.823948860168457,0.04265233129262924,0.005072832107543945,0.05649186973459991,0.05554972995072576,0.051344300930698715,0.05303202817837398,0.0,0.0,0.01994520664215088,False,False
2.36,-3.4632699489593506,4.721323013305664,-1.1044726371765137,-1.3842209974705495,0.743773800792847,0.9528000000000052,0.0471999999999948,0.0,619,584,0.7044995809103063,1.2955004190896937,28.0,28,2.0,42.0,0.04052899777889252,28.416625329418995,21.02911485217665,0.0,0.0,0.0,-0.3693755238621172,1.0,0.8238963484764099,0.04266493022441864,0.005086064338684082,0.0567959426182009,0.05588143093946052,0.05086833921571573,0.05243280902504921,0.0,0.0,0.022364234924316405,False,False
2.365,-3.5333712100982666,4.556429862976074,-1.111491322517395,-1.0861580569342326,0.8245105745201664,0.9527000000000052,0.04729999999999479,0.0,577,534,0.7291246158344473,1.2708753841655527,16.0,16,6.0,45.0,0.04046711325645447,26.04857321863408,19.276688614495264,0.0,0.0,0.0,-0.3385942302069408,1.0,0.8237990736961365,0.04254772141575813,0.005099296569824219,0.056873397740224714,0.0559694032793241,0.05076946225017309,0.052286822659273945,0.0,0.0,0.008621373772621154,False,False
2.37,-3.538635492324829,4.43884801864624,-1.1111456155776978,-1.2037054150761128,0.9692378724865203,0.9526000000000052,0.04739999999999478,0.0,653,620,0.7516975645149101,1.24830243548509,27.0,27,3.0,29.0,0.040415916591882706,23.877858783747904,17.670297896620657,0.0,0.0,0.0,-0.31037804435636235,1.0,0.8237154483795166,0.04249965399503708,0.0051125288009643555,0.056959592966362556,0.05606216748338165,0.05059852420041959,0.05210122559219599,0.0,0.0,0.01873316049575806,False,False
2.375,-3.4231975078582764,4.423807144165039,-1.0432610511779785,-0.967393483212271,0.8329207931576239,0.9525000000000052,0.04749999999999477,0.0,654,622,0.4390561008053343,1.5,39.0,39,7.0,31.0,0.04037000983953476,30.22137055176891,16.19777307190227,0.0,0.0,0.0,-0.701179873993332,1.0,0.8236629366874695,0.0425301194190979,0.005125701427459717,0.0575832730724163,0.05672223787258041,0.04973302440096935,0.051064013193051025,0.0,0.0,0.01860167980194092,False,False
2.38,-3.3458282947540283,4.471536159515381,-0.9972013831138611,-1.1982998027374427,0.8845265099613997,0.9524000000000052,0.04759999999999476,0.0,683,637,0.48580142573822316,1.5,55.0,55,3.0,26.0,0.04043525084853172,27.702923005788165,14.847958649243745,0.0,0.0,0.0,-0.642748217827221,1.0,0.8235678672790527,0.042675357311964035,0.0051389336585998535,0.05795699282704513,0.05712859246414126,0.049296687357127666,0.05052952251086633,0.0,0.0,0.01855682969093323,False,False
2.3850000000000002,-3.334311008453369,4.4887566566467285,-0.9645829200744629,-0.8438281377193123,0.639208271971917,0.9523000000000053,0.04769999999999475,0.0,663,627,0.5286513069267047,1.4713486930732953,32.0,32,3.0,40.0,0.0404147207736969,25.39434608863915,13.610628761806765,0.0,0.0,0.0,-0.5891858663416192,1.0,0.8234811425209045,0.04266595467925072,0.005152285099029541,0.058033793952315754,0.05724056486785384,0.04922411714990934,0.05040427980323633,0.0,0.0,0.017587528228759766,False,False
2.39,-3.287869453430176,4.43820858001709,-0.9305756688117981,-1.2015902203559183,0.8849900169313527,0.9522000000000053,0.047799999999994736,0.0,632,602,0.9012636980161459,1.098736301983854,25.0,25,5.0,35.0,0.04047558084130287,23.278150581252554,20.8097430316562,0.0,0.0,0.0,-0.12342037747981767,1.0,0.8233543038368225,0.04260439798235893,0.005165398120880127,0.058331172963914484,0.057567560131661304,0.04880837009598812,0.04990132370342811,0.0,0.0,0.017668607234954836,False,False
2.395,-3.220656633377075,4.402039527893066,-0.8748157024383545,-0.7680566308869164,0.8223087146518719,0.9521000000000053,0.047899999999994725,0.0,659,624,0.909491723181467,1.090508276818533,33.0,33,3.0,42.0,0.040469806641340256,21.338304699481508,19.07559777901818,0.0,0.0,0.0,-0.11313534602316633,1.0,0.8231908679008484,0.04260207340121269,0.005178570747375488,0.058722564794122876,0.058003800235688394,0.04827836062759161,0.04923331240812938,0.0,0.0,0.026992967128753664,False,False
2.4,-3.1801350116729736,4.3240814208984375,-0.9007877707481384,-1.2667164997988252,0.4660479098367792,0.9520000000000053,0.047999999999994714,0.0,633,598,0.9170340795830114,1.0829659204169886,22.0,22,5.0,52.0,0.040539808571338654,19.56011264119138,17.485964630766667,0.0,0.0,0.0,-0.10370740052123573,1.0,0.8230637311935425,0.04252205416560173,0.005191624164581299,0.05895917899161548,0.05820246662571997,0.04793729167431593,0.04891851140807073,0.0,0.0,0.022325165271759033,False,False
2.4050000000000002,-3.033492088317871,4.286439418792725,-0.8757849335670471,-0.40356133511603537,0.8784879468551322,0.9519000000000053,0.0480999999999947,0.0,708,665,0.923947906284427,1.0760520937155729,32.0,32,2.0,24.0,0.0404931902885437,17.930103254425433,16.02880091153611,0.0,0.0,0.0,-0.09506511714446617,1.0,0.8228965997695923,0.04252437874674797,0.00520479679107666,0.059537400851646764,0.058787263010938666,0.04720949102193117,0.04815029601256053,0.0,0.0,0.012844363451004029,False,False
2.41,-2.8846004009246826,4.222594261169434,-0.8589900135993958,-0.8175165067127405,0.422492222379086,0.9518000000000053,0.04819999999999469,0.0,674,639,0.9302855807607249,1.0697144192392751,23.0,23,6.0,28.0,0.0404665544629097,16.435927983223312,14.693067502241433,0.0,0.0,0.0,-0.08714302404909394,1.0,0.8227403163909912,0.04246366396546364,0.005217909812927246,0.0601562376782916,0.05940656187136938,0.04646629405518373,0.047352006658911705,0.0,0.0,0.013632726669311524,False,False
2.415,-2.8360533714294434,4.090741157531738,-0.9044587016105652,-0.6005271264444546,0.9043535721625096,0.9517000000000053,0.04829999999999468,0.0,683,654,0.9360951156973311,1.0639048843026688,52.0,52,4.0,33.0,0.04056451842188835,15.066267317954702,13.46864521038798,0.0,0.0,0.0,-0.07988110537833615,1.0,0.8225973844528198,0.042576707899570465,0.005230963230133057,0.06046049319580167,0.05966985883563727,0.046074131193260356,0.047005332695941135,0.0,0.0,0.01501845955848694,False,False
2.42,-2.8556342124938965,4.009061813354492,-0.9380794167518616,-2.020839452459027,0.5682030980326558,0.9516000000000053,0.04839999999999467,0.0,655,615,0.9414205227225534,1.0585794772774466,50.0,50,3.0,28.0,0.04050217941403389,22.14407837479181,20.679591442855646,0.0,0.0,0.0,-0.07322434659680824,1.0,0.8224160671234131,0.042713411152362823,0.005244016647338867,0.060551821381784665,0.05972485811791042,0.04596942725280921,0.04694671525309484,0.0,0.0,0.019770336151123048,False,False
2.4250000000000003,-2.896251678466797,4.027522563934326,-0.9719482064247131,-0.9783971472309786,0.832511659723651,0.9515000000000053,0.04849999999999466,0.0,658,612,0.612968812495674,1.387031187504326,26.0,26,6.0,41.0,0.04046470299363136,28.632071843559157,18.956292155951008,0.0,0.0,0.0,-0.4837889843804074,1.0,0.8222716450691223,0.042680054903030396,0.005257070064544678,0.06043648509308665,0.05956197369843691,0.046152135667701565,0.04719162515054147,0.0,0.0,0.011517062187194825,False,False
2.43,-2.9159576892852783,3.9687747955322266,-0.9930662512779236,-1.2892432985538427,0.7049631933241729,0.9514000000000054,0.04859999999999465,0.0,740,699,0.645221411454368,1.354778588545632,28.0,28,5.0,42.0,0.04040767252445221,26.24606585659589,17.37660114295509,0.0,0.0,0.0,-0.4434732356820401,1.0,0.8221850991249084,0.04265289753675461,0.005270183086395264,0.0604368334589523,0.05954440465662598,0.04612338884423177,0.04717713066687187,0.0,0.0,0.018541738986968995,False,False
2.435,-2.8594260215759277,3.8637256622314453,-1.0055311918258667,-1.1514389516995127,0.6949205793939847,0.9513000000000054,0.048699999999994636,0.0,740,697,0.6747862938331706,1.3252137061668294,44.0,44,6.0,31.0,0.040380336344242096,24.058893701879565,15.928551047708831,0.0,0.0,0.0,-0.40651713270853673,1.0,0.8221071362495422,0.0427248440682888,0.005283236503601074,0.06077746201741168,0.05986818339365194,0.045695078248778984,0.046741136660178505,0.0,0.0,0.030239536762237552,False,False
2.44,-2.822157859802246,3.8422625064849854,-1.0105109214782715,-1.0628663009202408,0.7275152566022637,0.9512000000000054,0.048799999999994625,0.0,628,598,0.7018874360137397,1.2981125639862603,28.0,28,3.0,35.0,0.040374331176280975,22.0539858933896,14.601171793733094,0.0,0.0,0.0,-0.37264070498282537,1.0,0.822060227394104,0.04270237684249878,0.005296289920806885,0.06091581932237962,0.06000210451241552,0.045529636554419994,0.046581740801533066,0.0,0.0,0.015918192863464357,False,False
2.445,-2.817824363708496,3.6897244453430176,-0.9621143937110901,-1.4169453710216373,0.921954072349423,0.9511000000000054,0.048899999999994614,0.0,593,558,0.7267301496792614,1.2732698503207387,26.0,26,3.0,29.0,0.04091028496623039,20.216153735607133,13.384407477588669,0.0,0.0,0.0,-0.3415873129009232,1.0,0.8219707012176514,0.04264456778764725,0.005309402942657471,0.06133555431663959,0.06047418219596117,0.04506020961950223,0.04598416232814392,0.0,0.0,0.023669974803924562,False,False
2.45,-2.872302532196045,3.489128589630127,-0.9787139296531677,-0.8841407645791028,0.8736587792744751,0.9510000000000054,0.0489999999999946,0.0,613,581,0.7495026372059896,1.2504973627940104,22.0,22,3.0,18.0,0.040843673050403595,18.53147425763987,12.269040187789612,0.0,0.0,0.0,-0.313121703492513,1.0,0.8218434453010559,0.04256495088338852,0.005322396755218506,0.061388715273389904,0.060538706616187786,0.04494120366871357,0.045848810113966465,0.0,0.0,0.01963553547859192,False,False
2.455,-2.8150742053985596,3.406494379043579,-0.9452805519104004,-1.1321347887225268,0.716042799286386,0.9509000000000054,0.04909999999999459,0.0,648,610,0.7703774174388238,1.2296225825611762,31.0,31,4.0,33.0,0.04085320234298706,16.98718473616988,11.246620172140476,0.0,0.0,0.0,-0.28702822820147017,1.0,0.8217769265174866,0.042546410113573074,0.0053351521492004395,0.06170691099328268,0.06087276524243224,0.04458672677477201,0.04543809375415246,0.0,0.0,0.019240489006042482,False,False
2.46,-2.6782851219177246,3.418870210647583,-0.8729956150054932,-2.7027515274573446,0.9976005273849373,0.9508000000000054,0.04919999999999458,0.0,663,617,0.7895126326522552,1.2104873673477448,56.0,56,6.0,27.0,0.04079249128699303,15.571586008155723,10.309401824462103,0.0,0.0,0.0,-0.263109209184681,1.0,0.8217388391494751,0.04270422086119652,0.005348145961761475,0.062438266477547265,0.061643761568702445,0.043932373325030014,0.044657999339203044,0.0,0.0,0.019210311174392702,False,False
2.465,-2.6469714641571045,3.470139503479004,-0.8400698304176331,-0.7110944298760568,0.6046682769670835,0.9507000000000054,0.04929999999999457,0.0,693,646,0.8070532465979007,1.1929467534020994,60.0,60,5.0,22.0,0.040732938796281815,22.607287174142744,17.78361833909026,0.0,0.0,0.0,-0.24118344175262418,1.0,0.8216578364372253,0.042919158935546875,0.005361080169677734,0.06262108759457835,0.06185842697943219,0.04381921608000994,0.04449732912083467,0.0,0.0,0.01841876745223999,False,False
2.47,-2.6222031116485596,3.474752426147461,-0.8111240863800049,-1.136202273148517,0.4943576520278884,0.9506000000000054,0.04939999999999456,0.0,682,645,1.1564654760480755,0.8435345239519245,28.0,28,6.0,42.0,0.040705420076847076,20.723346576297516,24.634983477499404,0.0,0.0,0.0,0.1955818450600944,1.0,0.8215388059616089,0.04288577288389206,0.0053740739822387695,0.0627503149298327,0.06201707463090587,0.043714387963215515,0.04435743670910597,0.0,0.0,0.021456573009490967,False,False
2.475,-2.510157346725464,3.4228782653808594,-0.7553290724754333,-0.5866131722331062,0.670362829363841,0.9505000000000055,0.04949999999999455,0.0,699,667,1.1434266863774025,0.8565733136225974,25.0,25,1.0,33.0,0.04078015312552452,18.99640102827272,22.582068187707787,0.0,0.0,0.0,0.17928335797175327,1.0,0.8213830590248108,0.04284443333745003,0.00538712739944458,0.06332316277362374,0.06261969699338046,0.0431713213523229,0.04371431656181812,0.0,0.0,0.021761667728424073,False,False
2.48,-2.4444406032562256,3.404092788696289,-0.7157421112060547,-1.0652086752869336,0.7233190894199595,0.9504000000000055,0.04959999999999454,0.0,749,708,1.131474462512619,0.868525537487381,30.0,30,5.0,27.0,0.0407264418900013,17.413367609249995,20.70022917206547,0.0,0.0,0.0,0.1643430781407737,1.0,0.8211917877197266,0.04281746968626976,0.0054000020027160645,0.06359758759227858,0.06292601651046392,0.042876124692459903,0.043359609941641494,0.0,0.0,0.017380318641662597,False,False
2.485,-2.388960123062134,3.376722812652588,-0.7289592623710632,-0.7137716971458294,0.5821145720541928,0.9503000000000055,0.049699999999994526,0.0,640,597,1.120518257303234,0.879481742696766,24.0,24,4.0,23.0,0.04081450030207634,15.962253641812495,18.975210074393345,0.0,0.0,0.0,0.1506478216290425,1.0,0.8210839033126831,0.04273471608757973,0.005412876605987549,0.0638493200143175,0.06315140930811532,0.042621021469434105,0.04312611495455106,0.0,0.0,0.02208813190460205,False,False
2.49,-2.268899917602539,3.3586342334747314,-0.6904681921005249,-1.0957787881953744,0.7345708017649835,0.9502000000000055,0.049799999999994515,0.0,567,540,1.1104750691946312,0.8895249308053688,25.0,25,6.0,33.0,0.0407608225941658,14.63206583832812,17.3939425681939,0.0,0.0,0.0,0.13809383649328896,1.0,0.8209332227706909,0.04268482327461243,0.005425751209259033,0.06439850755222108,0.06372559951432016,0.0421852245926857,0.04264286098380884,0.0,0.0,0.015412006378173828,False,False
2.495,-2.1252448558807373,3.3037900924682617,-0.6946988105773926,-0.7231263479056663,0.79416130741523,0.9501000000000055,0.049899999999994504,0.0,700,656,0.7679354800950786,1.2320645199049214,61.0,61,4.0,42.0,0.04073299840092659,21.746060351800775,15.944447354177742,0.0,0.0,0.0,-0.2900806498811517,1.0,0.8207980394363403,0.04288509488105774,0.005438625812530518,0.06499225795703596,0.06429273793411719,0.041682886270185314,0.04214019514620304,0.0,0.0,0.012065300941467285,False,False
2.5,-2.0533370971679688,3.191614866256714,-0.7572594285011292,-1.5741893955912285,0.25273629329760683,0.9500000000000055,0.04999999999999449,0.0,690,650,1.1206075234204886,0.8793924765795113,51.0,51,5.0,28.0,0.04083826020359993,19.933888655817377,22.949076741329595,0.0,0.0,0.0,0.1507594042756109,1.0,0.8206753730773926,0.04304925724864006,0.005451560020446777,0.0653648256162799,0.06458843311760541,0.04130408478279909,0.04183317068964243,0.0,0.0,0.019762357473373415,False,False
2.505,-2.0746686458587646,3.153815984725952,-0.792617917060852,-1.197805976098089,0.8705140926304729,0.9499000000000055,0.05009999999999448,0.0,592,558,1.1105568964687813,0.8894431035312187,23.0,23,5.0,34.0,0.040767744183540344,18.272731267832594,21.036653679552128,0.0,0.0,0.0,0.1381961205859767,1.0,0.8206313848495483,0.04297858849167824,0.0054645538330078125,0.06539625814184512,0.06456768978387084,0.041276997265716396,0.04185456006477277,0.0,0.0,0.018554884195327758,False,False
2.5100000000000002,-2.1456010341644287,3.147102117538452,-0.8199589252471924,-0.9744803338519877,0.6750883541873685,0.9498000000000055,0.05019999999999447,0.0,670,637,1.1013438217630496,0.8986561782369504,31.0,31,3.0,29.0,0.040726009756326675,25.08333699551321,27.61693253958945,0.0,0.0,0.0,0.1266797772038119,1.0,0.8205424547195435,0.04292380064725876,0.005477428436279297,0.06518269471917267,0.06432152629395292,0.04146706312894821,0.04207474024345478,0.0,0.0,0.016063555479049686,False,False
2.515,-2.123359441757202,3.0473625659942627,-0.8358279466629028,-1.7496135889025517,0.8518272448071235,0.9497000000000055,0.05029999999999446,0.0,673,637,1.0928985032827954,0.9071014967172046,23.0,23,5.0,30.0,0.04072447493672371,22.993058912553774,25.31552149462366,0.0,0.0,0.0,0.11612312910349427,1.0,0.8204670548439026,0.042861100286245346,0.0054901838302612305,0.06540192347144053,0.06452002261516915,0.041246749460697174,0.0418563714871804,0.0,0.0,0.023531243801116944,False,False
2.52,-2.063976764678955,3.0133771896362305,-0.8717936873435974,-0.9939321594189005,0.8846432501405923,0.9496000000000056,0.05039999999999445,0.0,734,695,1.0851569613425625,0.9148430386574375,28.0,28,4.0,34.0,0.04069558531045914,21.07697066984096,23.205894703405022,0.0,0.0,0.0,0.10644620167820307,1.0,0.8203510046005249,0.04283181577920914,0.005502939224243164,0.0655877687875178,0.06465841453615542,0.04105415505667528,0.04170866527905067,0.0,0.0,0.03579742431640625,False,False
2.525,-1.9990687370300293,2.9744255542755127,-0.8410633206367493,-1.321865444609965,0.5462386896152077,0.9495000000000056,0.05049999999999444,0.0,691,653,1.0780605478973488,0.9219394521026512,39.0,39,7.0,23.0,0.040655579417943954,19.320556447354214,21.272070144787936,0.0,0.0,0.0,0.09757568487168608,1.0,0.8203158974647522,0.04285610094666481,0.0055158138275146484,0.06597888751327957,0.06506858282784587,0.04075760021805763,0.04136980356027683,0.0,0.0,0.023642539978027344,False,False
2.5300000000000002,-2.009326457977295,2.7830629348754883,-0.8283292055130005,-0.7835352436819053,0.8988837622909369,0.9494000000000056,0.05059999999999443,0.0,658,618,1.0715555022392365,0.9284444977607634,42.0,42,1.0,42.0,0.04075532779097557,17.71051007674136,19.499397632722275,0.0,0.0,0.0,0.08944437779904568,1.0,0.8202866911888123,0.042922500520944595,0.005528628826141357,0.06622436668258125,0.06534106596683428,0.0405000305424134,0.041059025873740516,0.0,0.0,0.015066143274307253,False,False
2.535,-2.0005953311920166,2.6216862201690674,-0.8387252688407898,-1.3625564271340336,0.7475947184302948,0.9493000000000056,0.050699999999994416,0.0,631,601,1.0655925437193003,0.9344074562806998,24.0,24,5.0,23.0,0.04084431752562523,24.567967570346244,26.20778116332875,0.0,0.0,0.0,0.08199067964912529,1.0,0.8202152848243713,0.04288339242339134,0.005541384220123291,0.06634915097057784,0.06546171539835598,0.040325752149025604,0.040884390473365784,0.0,0.0,0.0179155969619751,False,False
2.54,-1.868804931640625,2.5957202911376953,-0.8007118701934814,-1.0617407541706296,0.8966307047941724,0.9492000000000056,0.050799999999994405,0.0,567,533,1.0601264984093586,0.9398735015906415,34.0,34,4.0,22.0,0.04085129499435425,22.520636939484056,24.02379939971802,0.0,0.0,0.0,0.07515812301169814,1.0,0.8201055526733398,0.04286549985408783,0.005554258823394775,0.06705598399415577,0.06615842086387143,0.03985316803057989,0.040364686089257404,0.0,0.0,0.017310270071029664,False,False
2.545,-1.7807577848434448,2.650233030319214,-0.7609534859657288,-0.3684245748867845,0.8637096611475072,0.9491000000000056,0.050899999999994394,0.0,659,614,1.3884492902085785,0.6115507097914215,31.0,31,10.0,17.0,0.04079066589474678,20.643917194527052,30.355149449741514,0.0,0.0,0.0,0.48556161276072307,1.0,0.8200764656066895,0.04286060854792595,0.005566954612731934,0.06757466122508013,0.06668733073150084,0.03957751362274091,0.04004401620477438,0.0,0.0,0.022704141139984133,False,False
2.5500000000000003,-1.7699666023254395,2.6718130111694336,-0.7316370606422424,-0.5974187072572695,1.0,0.9490000000000056,0.05099999999999438,0.0,681,644,1.3560785160245303,0.6439214839754697,39.0,39,3.0,29.0,0.040753692388534546,18.9235907616498,27.825553662263054,0.0,0.0,0.0,0.4450981450306628,1.0,0.8200531005859375,0.04292807728052139,0.005579829216003418,0.06770177555829252,0.06684860301297123,0.03953814351310333,0.03997499433656534,0.0,0.0,0.016774941682815552,False,False
2.555,-1.7045676708221436,2.6152477264404297,-0.7115241289138794,-0.8213769431592889,0.603807384771233,0.9489000000000056,0.05109999999999437,0.0,623,585,1.3264053063558194,0.6735946936441806,31.0,31,2.0,34.0,0.04080096259713173,17.346624864845648,25.506757523741133,0.0,0.0,0.0,0.40800663294477424,1.0,0.8200385570526123,0.0429137647151947,0.005592525005340576,0.06804475898854398,0.0672031499538567,0.039284578524529934,0.03969759990771612,0.0,0.0,0.02215826988220215,False,False
2.56,-1.633943796157837,2.555523633956909,-0.6827710270881653,-0.9978096648193348,0.9353959423207622,0.9488000000000056,0.05119999999999436,0.0,629,595,1.299204864159501,0.7007951358404989,26.0,26,3.0,31.0,0.040959279984235764,15.901072792775176,23.381194396762705,0.0,0.0,0.0,0.3740060801993764,1.0,0.8199812173843384,0.04287305474281311,0.0056053996086120605,0.0684509430965405,0.06762110862322115,0.03900195782383283,0.03937733359634876,0.0,0.0,0.03573329448699951,False,False
2.565,-1.6125506162643433,2.5241875648498535,-0.6844658851623535,-0.9189773275960365,0.9276284553106444,0.9487000000000056,0.05129999999999435,0.0,651,618,1.5,0.39239554118712394,28.0,28,6.0,36.0,0.04089248925447464,14.575983393377244,29.766094863699145,0.0,0.0,0.0,0.759505573516095,1.0,0.820007860660553,0.042830564081668854,0.005618274211883545,0.06861831267178023,0.0677787462472912,0.038894525108238064,0.03926653414964676,0.0,0.0,0.01957791805267334,False,False
2.57,-1.4484299421310425,2.4929308891296387,-0.7301799654960632,-1.299584924599773,0.6976814092231968,0.9486000000000057,0.05139999999999434,0.0,797,746,1.5,0.19999999999999996,54.0,54,4.0,30.0,0.04086044803261757,13.361318110595807,43.95225362505755,0.0,0.0,0.0,1.0,1.0,0.8200328946113586,0.04297558218240738,0.005630970001220703,0.06931003364703271,0.06836272884625905,0.03842732713868221,0.03886180774619182,0.0,0.0,0.0202487850189209,False,False
2.575,-1.2781224250793457,2.5360686779022217,-0.7258322238922119,-1.2680724588366414,0.7169148272993638,0.9485000000000057,0.05149999999999433,0.0,777,730,1.5,0.19999999999999996,36.0,36,6.0,26.0,0.04098277539014816,12.247874934712822,40.28956582296942,0.0,0.0,0.0,1.0,1.0,0.8200140595436096,0.04297666624188423,0.0056438446044921875,0.06994329661938015,0.06896642801475986,0.0380768021568656,0.03851369954645634,0.0,0.0,0.02090315580368042,False,False
2.58,-1.24116849899292,2.473966121673584,-0.7559225559234619,-0.9561479521858154,0.6668907250349932,0.9484000000000057,0.05159999999999432,0.0,696,667,1.5,0.19999999999999996,23.0,23,4.0,25.0,0.041102297604084015,11.22721869015342,36.93210200438863,0.0,0.0,0.0,1.0,1.0,0.8200266361236572,0.042934536933898926,0.005656540393829346,0.07004698643460833,0.06904158972669355,0.03797796399643024,0.038434749779601894,0.0,0.0,0.018396966457366944,False,False
2.585,-1.2865417003631592,2.3531434535980225,-0.8093993663787842,-0.8329983141868504,0.7167693217340418,0.9483000000000057,0.051699999999994306,0.0,683,629,1.5,0.3908209451447089,37.0,37,5.0,15.0,0.04103512689471245,18.624950465973967,33.85442683735624,0.0,0.0,0.0,0.7614738185691138,1.0,0.8199944496154785,0.042912036180496216,0.005669295787811279,0.07002014351015252,0.06895461526513062,0.03794305181751649,0.03844692216565212,0.0,0.0,0.01935937285423279,False,False
2.59,-1.3394246101379395,2.323744773864746,-0.8520766496658325,-0.43447541430405706,0.49542905215128763,0.9482000000000057,0.051799999999994295,0.0,611,573,0.8917474669506836,1.1082525330493163,34.0,34,4.0,19.0,0.04101617634296417,33.7395379271428,31.03322460090989,0.0,0.0,0.0,-0.13531566631164543,1.0,0.8199685215950012,0.042951419949531555,0.005682110786437988,0.069895144594212,0.06878292480887188,0.038017709739506245,0.038558654487133026,0.0,0.0,0.021733732223510743,False,False
2.595,-1.3232473134994507,2.289710760116577,-0.8822539448738098,-1.0138023486619154,0.998739003102794,0.9481000000000057,0.051899999999994284,0.0,715,675,0.90076851137146,1.0992314886285401,34.0,34,6.0,34.0,0.040972985327243805,30.927909766547565,28.447122550834063,0.0,0.0,0.0,-0.12403936078567508,1.0,0.8199003338813782,0.04294890910387039,0.005694866180419922,0.07000264327041768,0.06884973108395896,0.03794345694283645,0.03850431336710851,0.0,0.0,0.02444194793701172,False,False
2.6,-1.2667737007141113,2.186659097671509,-0.922021746635437,-0.9314804308305348,0.6690425125299763,0.9480000000000057,0.05199999999999427,0.0,657,618,0.9090378020905052,1.0909621979094948,28.0,28,3.0,26.0,0.04091467708349228,36.68391728600193,34.40986233826456,0.0,0.0,0.0,-0.11370274738686845,1.0,0.8200186491012573,0.04290143772959709,0.0057076215744018555,0.07016088456070634,0.06897891386070562,0.03776359682281812,0.038353692119320236,0.0,0.0,0.024169790744781493,False,False
2.605,-1.219539999961853,2.0859215259552,-0.9584565758705139,-1.2414927800470648,0.6744123289186805,0.9479000000000057,0.05209999999999426,0.0,633,602,0.9166179852496299,1.08338201475037,36.0,36,5.0,36.0,0.04086963087320328,33.6269241788351,31.542373810075844,0.0,0.0,0.0,-0.10422751843796263,1.0,0.8200811147689819,0.04292209818959236,0.0057204365730285645,0.07024116646498403,0.0690460951626297,0.03761256424089273,0.038225771859288216,0.0,0.0,0.01657356381416321,False,False
2.61,-1.1976873874664307,2.0216734409332275,-0.9153748154640198,-0.8871071977944349,0.8079043872362451,0.9478000000000057,0.05219999999999425,0.0,666,618,0.9235664864788273,1.0764335135211727,52.0,52,2.0,30.0,0.04083745554089546,30.824680497265504,28.913842659236188,0.0,0.0,0.0,-0.09554189190146581,1.0,0.8201465606689453,0.043025340884923935,0.005733191967010498,0.07051350534986667,0.0693566323667761,0.03744792037953933,0.038016047328710556,0.0,0.0,0.015654377937316895,False,False
2.615,-1.1913294792175293,1.9221317768096924,-0.9507545828819275,-1.092885199433349,0.6019862977798147,0.9477000000000058,0.05229999999999424,0.0,673,639,0.9299359459389251,1.0700640540610749,31.0,31,6.0,38.0,0.04095050320029259,36.58929045582671,34.83768910429984,0.0,0.0,0.0,-0.08758006757634362,1.0,0.8201664686203003,0.04300811141729355,0.005746066570281982,0.07062591665424368,0.06943360696174167,0.03734964566926162,0.03793188681205114,0.0,0.0,0.01800308704376221,False,False
2.62,-1.1383028030395508,1.786112666130066,-0.9705585837364197,-0.7007777317180951,0.8633869555559988,0.9476000000000058,0.05239999999999423,0.0,589,556,0.9357746171106814,1.0642253828893187,26.0,26,6.0,35.0,0.04097248986363411,33.54018291784115,31.934548345608185,0.0,0.0,0.0,-0.08028172861164826,1.0,0.8202163577079773,0.04295952990651131,0.005758762359619141,0.07090227452758661,0.06969073765290243,0.03714419125268857,0.03773042776932319,0.0,0.0,0.012121826410293579,False,False
2.625,-1.026036262512207,1.6910836696624756,-0.9125495553016663,-0.8937398990655565,0.7500474765197893,0.9475000000000058,0.05249999999999422,0.0,510,484,0.9411267323514579,1.0588732676485422,30.0,30,1.0,25.0,0.04094703495502472,30.74516767468772,29.27333598347417,0.0,0.0,0.0,-0.0735915845606776,1.0,0.8202199339866638,0.0429273396730423,0.005771636962890625,0.0716872993335124,0.07047679080441556,0.03673112175116937,0.037257520792384945,0.0,0.0,0.018005938529968263,False,False
2.63,-0.9897613525390625,1.6934200525283813,-0.8607811331748962,-1.187272031374085,0.608280831422468,0.9474000000000058,0.05259999999999421,0.0,576,536,0.9460328379888365,1.0539671620111635,22.0,22,6.0,42.0,0.040977463126182556,28.183070368463742,26.833891318184655,0.0,0.0,0.0,-0.06745895251395435,1.0,0.8202283382415771,0.04284112527966499,0.005784332752227783,0.07206262044298113,0.07087976317076596,0.036585034492115184,0.03706504901250204,0.0,0.0,0.020192642211914063,False,False
2.6350000000000002,-0.9792154431343079,1.748363971710205,-0.8295367956161499,-0.8628687034744239,0.8976755956031944,0.9473000000000058,0.052699999999994196,0.0,680,635,0.9505301014897668,1.049469898510233,31.0,31,4.0,41.0,0.040906406939029694,25.834481171091763,24.597733708335934,0.0,0.0,0.0,-0.061837373137791474,1.0,0.8201930522918701,0.042824625968933105,0.005797207355499268,0.07213511535028577,0.07097995709131123,0.036593751671413585,0.03705911183108886,0.0,0.0,0.012250615358352663,False,False
2.64,-0.8935664296150208,1.7392600774765015,-0.8205308318138123,-0.46373589720606245,0.8962927080582344,0.9472000000000058,0.052799999999994185,0.0,760,710,0.621319259698953,1.378680740301047,49.0,49,5.0,34.0,0.0408879853785038,32.01494107350078,22.547922565974606,0.0,0.0,0.0,-0.4733509253763087,1.0,0.8202405571937561,0.04293608292937279,0.005809903144836426,0.0725134203163903,0.07133967498037926,0.03639853869875272,0.03686167144527038,0.0,0.0,0.023644711971282963,False,False
2.645,-0.8496273756027222,1.6904577016830444,-0.7916973233222961,-1.458766802630267,0.4525633002640179,0.9471000000000058,0.052899999999994174,0.0,773,740,0.6528759880573736,1.3471240119426264,47.0,47,3.0,19.0,0.04084451496601105,29.347029317375714,20.668929018810054,0.0,0.0,0.0,-0.433905014928283,1.0,0.820239245891571,0.04305277392268181,0.005822658538818359,0.07282368403673131,0.07166217492024064,0.03623818513005972,0.036673457361757755,0.0,0.0,0.02874430656433106,False,False
2.65,-0.8156065940856934,1.6206026077270508,-0.8206470012664795,-0.8370374701319637,0.8629150739797767,0.9470000000000058,0.05299999999999416,0.0,599,569,0.6818029890525925,1.3181970109474075,32.0,32,8.0,24.0,0.040782857686281204,26.901443540927737,18.94651826724255,0.0,0.0,0.0,-0.39774626368425936,1.0,0.8201967477798462,0.0430418998003006,0.005835473537445068,0.07299371571248979,0.07179691598626436,0.03612222149968147,0.03657365217804909,0.0,0.0,0.022501440048217775,False,False
2.6550000000000002,-0.6397968530654907,1.6011234521865845,-0.8363118767738342,-0.8251768485682079,0.8110112930330774,0.9469000000000058,0.05309999999999415,0.0,621,579,0.708319406631543,1.291680593368457,26.0,26,4.0,40.0,0.04078573361039162,24.659656579183757,17.367641744972335,0.0,0.0,0.0,-0.3646007417105711,1.0,0.820160448551178,0.042989060282707214,0.005848228931427002,0.0736967140249904,0.07243249964900275,0.03577474970370531,0.036246905413766704,0.0,0.0,0.019058240652084352,False,False
2.66,-0.5221899747848511,1.5838861465454102,-0.8257943391799927,-1.8964804047996426,0.5883648125272561,0.9468000000000059,0.05319999999999414,0.0,606,568,0.3992927894122479,1.5,40.0,40,3.0,39.0,0.04081462696194649,30.93801853091844,15.92033826622464,0.0,0.0,0.0,-0.7508840132346901,1.0,0.8201534748077393,0.04304410144686699,0.005861043930053711,0.07418427982988417,0.07290333432269554,0.03555367235094309,0.03601641394197941,0.0,0.0,0.01565730571746826,False,False
2.665,-0.5064451694488525,1.4445394277572632,-0.8472388386726379,-1.073702418422953,0.8133403254303398,0.9467000000000059,0.05329999999999413,0.0,579,546,0.449351723627894,1.5,13.0,13,1.0,46.0,0.040767211467027664,28.35985032000857,14.59364341070592,0.0,0.0,0.0,-0.6883103454651325,1.0,0.8201019167900085,0.0429135225713253,0.0058737993240356445,0.07427241263662734,0.07299805463726282,0.03545235376805067,0.035920861798028156,0.0,0.0,0.014358193874359132,False,False
2.67,-0.5297333002090454,1.3394417762756348,-0.8820236325263977,-1.0946893777062645,0.8756319989480859,0.9466000000000059,0.05339999999999412,0.0,614,576,0.19999999999999996,1.5,20.0,20,8.0,37.0,0.04068812355399132,34.329862793341185,13.377506459813759,0.0,0.0,0.0,-1.0,1.0,0.8200107216835022,0.042819201946258545,0.005886554718017578,0.0742042347267266,0.07292782323341777,0.035438102980454765,0.03592486493289471,0.0,0.0,0.02097394704818726,False,False
2.6750000000000003,-0.5401182770729065,1.343467354774475,-0.910950243473053,-0.27524729425985817,0.7198452549017641,0.9465000000000059,0.05349999999999411,0.0,732,691,0.23174693443732763,1.5,75.0,75,3.0,33.0,0.040677912533283234,31.469040893896086,12.262714254829278,0.0,0.0,0.0,-0.9603163319533404,1.0,0.8199273347854614,0.04309898242354393,0.005899369716644287,0.07417539265627622,0.07286392133496661,0.03546164991954963,0.03596699951837461,0.0,0.0,0.014975504875183107,False,False
2.68,-0.5083568096160889,1.281144380569458,-0.9262514114379883,-1.0293065630168645,0.6706677603168308,0.9464000000000059,0.0535999999999941,0.0,699,666,0.295768023234217,1.5,56.0,56,6.0,23.0,0.041184403002262115,28.846620819404745,11.240821400260172,0.0,0.0,0.0,-0.8802899709572287,1.0,0.8199259638786316,0.04328765347599983,0.005912125110626221,0.07429503403138328,0.07296802110038657,0.03537218241641919,0.03588110984613498,0.0,0.0,0.017746260166168214,False,False
2.685,-0.46546781063079834,1.1891919374465942,-0.9434107542037964,-1.0066895371093005,1.0,0.9463000000000059,0.053699999999994086,0.0,629,595,0.3544540212980324,1.5,20.0,20,2.0,16.0,0.041125744581222534,26.442735751121013,10.304086283571824,0.0,0.0,0.0,-0.8069324733774594,1.0,0.8198773264884949,0.04322878643870354,0.005924999713897705,0.07444903042167385,0.07312058320641476,0.03525707870721817,0.035770321264863014,0.0,0.0,0.027603018283843993,False,False
2.69,-0.43238523602485657,1.175612211227417,-0.9332274794578552,-1.0156921955751452,0.8250815669563574,0.9462000000000059,0.053799999999994075,0.0,529,499,0.19999999999999996,1.5,13.0,13,3.0,20.0,0.041094861924648285,32.57250777186093,9.445412426607504,0.0,0.0,0.0,-1.0,1.0,0.819788932800293,0.04309966415166855,0.0059378743171691895,0.07463635138856826,0.07330797108262736,0.03518340022613605,0.035690742855270706,0.0,0.0,0.01859563231468201,False,False
2.695,-0.43300801515579224,1.0357540845870972,-0.8917760848999023,-0.9493344328593523,0.49633078276798304,0.9461000000000059,0.053899999999994064,0.0,621,580,0.19999999999999996,1.5,22.0,22,6.0,27.0,0.0410265289247036,38.19146545753918,8.658294724390212,0.0,0.0,0.0,-1.0,1.0,0.819713294506073,0.04301577806472778,0.005950570106506348,0.0748398019839074,0.0735557739144808,0.03505211013058822,0.03551927705605825,0.0,0.0,0.022395670413970947,False,False
2.7,-0.4940932095050812,0.9280116558074951,-0.9080373048782349,-0.5387980175437616,0.9765761147930059,0.946000000000006,0.05399999999999405,0.0,666,630,0.19999999999999996,1.5,70.0,70,3.0,27.0,0.04095923900604248,35.00884333607758,7.93677016402436,0.0,0.0,0.0,-1.0,1.0,0.8196679353713989,0.04326966404914856,0.005963444709777832,0.07450929996650624,0.07327296647429425,0.03513609680036704,0.035604978911578655,0.0,0.0,0.021031770706176758,False,False
2.705,-0.4229441285133362,0.919840395450592,-0.8774092197418213,-0.8955176865776542,0.7513579857706962,0.945900000000006,0.05409999999999404,0.0,657,604,0.19999999999999996,1.5,30.0,30,5.0,37.0,0.040899571031332016,32.09143972473778,7.2753726503556635,0.0,0.0,0.0,-1.0,1.0,0.8196252584457397,0.043238360434770584,0.005976259708404541,0.07487957028051176,0.07362632079049904,0.03499765880405903,0.035451852406064674,0.0,0.0,0.021639976501464844,False,False
2.71,-0.31097903847694397,0.9713103175163269,-0.7982750535011292,-1.2063301939814675,0.5289647690009758,0.945800000000006,0.05419999999999403,0.0,625,603,0.19999999999999996,1.5,30.0,30,3.0,29.0,0.04083825647830963,37.750486414342966,6.669091596159358,0.0,0.0,0.0,-1.0,1.0,0.8195403814315796,0.04320420324802399,0.005989015102386475,0.0757352197030555,0.07446952433977234,0.0347412982955575,0.035152630880475044,0.0,0.0,0.020474705696105957,False,False
2.715,-0.27373647689819336,0.9895387291908264,-0.7501298785209656,-1.0788672509010373,0.8083732164224621,0.945700000000006,0.05429999999999402,0.0,669,632,0.19999999999999996,1.5,18.0,18,5.0,36.0,0.04078305885195732,34.60461254648105,6.113333963146078,0.0,0.0,0.0,-1.0,1.0,0.8194885849952698,0.0431085079908371,0.006001710891723633,0.07613270612806039,0.07488320493884343,0.034632851990560695,0.03501743543893099,0.0,0.0,0.02349602460861206,False,False
2.72,-0.24541154503822327,0.956358790397644,-0.7124131917953491,-0.6793502173362171,0.9661601924849119,0.945600000000006,0.05439999999999401,0.0,702,661,0.19999999999999996,1.5,26.0,26,4.0,31.0,0.04074420407414436,31.720894834274294,5.603889466217238,0.0,0.0,0.0,-1.0,1.0,0.8194959163665771,0.043069988489151,0.006014466285705566,0.07638575153083808,0.07516665233516404,0.03454660531133413,0.03491054444263379,0.0,0.0,0.026332631111145022,False,False
2.725,-0.1176011860370636,0.9227269291877747,-0.6130236983299255,-0.6585518269314007,0.8179798275369313,0.945500000000006,0.054499999999994,0.0,739,705,0.19999999999999996,1.5,49.0,49,6.0,33.0,0.04088885337114334,29.0774869314181,5.136898677365801,0.0,0.0,0.0,-1.0,1.0,0.819502592086792,0.04315102845430374,0.006027162075042725,0.07727072243392423,0.07607838457822756,0.0342519162222743,0.03455190764119228,0.0,0.0,0.032819039821624756,False,False
2.73,0.012826637364923954,0.9015774130821228,-0.5508784055709839,-1.3178511195864457,0.3843609959257386,0.945400000000006,0.05459999999999399,0.0,665,625,0.19999999999999996,1.5,48.0,48,4.0,22.0,0.04099974408745766,34.98769635379992,4.708823787585318,0.0,0.0,0.0,-1.0,1.0,0.8194653987884521,0.043290283530950546,0.006039977073669434,0.0779440808948125,0.07675107344519304,0.03399910250057777,0.034262139039735004,0.0,0.0,0.028272438049316406,False,False
2.735,0.17471157014369965,0.8939840793609619,-0.5493581891059875,-0.8325885183017954,0.7997151242916114,0.945300000000006,0.054699999999993976,0.0,628,591,0.19999999999999996,1.5,30.0,30,6.0,39.0,0.04100419208407402,32.072054990983254,4.316421805286541,0.0,0.0,0.0,-1.0,1.0,0.8193879723548889,0.04326465725898743,0.006052613258361816,0.07882860514397377,0.0775610980664686,0.03371945427109798,0.033994438126683235,0.0,0.0,0.01628044128417969,False,False
2.74,0.36348891258239746,0.8927720189094543,-0.5402625203132629,-0.6229615647093008,0.6647188322658997,0.945200000000006,0.054799999999993965,0.0,621,580,0.19999999999999996,1.5,22.0,22,4.0,39.0,0.04094071686267853,29.39938374173465,3.9567199881793287,0.0,0.0,0.0,-1.0,1.0,0.8193432688713074,0.043200187385082245,0.006065428256988525,0.07978155339602336,0.07846688214099612,0.033431276679039,0.033711278811097145,0.0,0.0,0.011054474115371703,False,False
2.745,0.48595130443573,0.8345754146575928,-0.5404534339904785,-0.8222587029985725,0.7067339143099951,0.945100000000006,0.054899999999993954,0.0,598,566,0.19999999999999996,1.5,35.0,35,3.0,39.0,0.04087439551949501,26.949435096590094,3.626993322497718,0.0,0.0,0.0,-1.0,1.0,0.8193011283874512,0.04317939653992653,0.006078124046325684,0.08033959577232554,0.07900674083456352,0.03323426625380914,0.03351718342552583,0.0,0.0,0.017633497714996338,False,False
2.75,0.5293498039245605,0.7180327773094177,-0.5376745462417603,-1.1164332235349899,0.564454287392259,0.9450000000000061,0.05499999999999394,0.0,773,736,0.19999999999999996,1.5,59.0,59,4.0,38.0,0.04082559421658516,33.03698217187425,3.3247438789562413,0.0,0.0,0.0,-1.0,1.0,0.8192678093910217,0.04337340220808983,0.006090879440307617,0.08052991570159747,0.07919698680036967,0.03312482809027036,0.03340989196052154,0.0,0.0,0.024989659786224368,False,False
2.755,0.5216591954231262,0.6940643191337585,-0.5333889722824097,-0.5216706736469247,0.9688747809652366,0.9449000000000061,0.05509999999999393,0.0,741,695,0.19999999999999996,1.5,45.0,45,5.0,25.0,0.040787473320961,30.28390032421806,3.047681889043221,0.0,0.0,0.0,-1.0,1.0,0.819263219833374,0.043419670313596725,0.006103575229644775,0.08063108463150714,0.07927858152737174,0.033102468587458134,0.03338818438351154,0.0,0.0,0.02708660364151001,False,False
2.7600000000000002,0.5363010764122009,0.6972552537918091,-0.5705382823944092,-0.7063964916536946,0.9180014419560276,0.9448000000000061,0.05519999999999392,0.0,573,548,0.19999999999999996,1.5,15.0,15,7.0,21.0,0.04082151874899864,27.760241963866555,2.793708398289619,0.0,0.0,0.0,-1.0,1.0,0.8192137479782104,0.04332316294312477,0.006116390228271484,0.08060858331620648,0.07920344308949963,0.03309336490929127,0.033400263637304306,0.0,0.0,0.02160651683807373,False,False
2.765,0.5702678561210632,0.6337615847587585,-0.5835530757904053,-0.6172616966872713,0.5732501951471127,0.9447000000000061,0.05529999999999391,0.0,616,569,0.19999999999999996,1.5,28.0,28,3.0,25.0,0.04088267683982849,25.446888466877674,2.5608993650988174,0.0,0.0,0.0,-1.0,1.0,0.8191244006156921,0.04326474294066429,0.006129026412963867,0.08068286552031789,0.07925046217441513,0.03303147852420807,0.03334494307637215,0.0,0.0,0.031042788028717044,False,False
2.77,0.5591002702713013,0.5983214378356934,-0.5783116221427917,-0.44334153926421876,0.6813905127427027,0.9446000000000061,0.0553999999999939,0.0,634,599,0.4941803996014419,1.5,29.0,29,2.0,32.0,0.04083925485610962,23.3263144279712,10.680824418007248,0.0,0.0,0.0,-0.6322745004981977,1.0,0.8190425038337708,0.04326240345835686,0.006141841411590576,0.08063125395774795,0.07920795669313474,0.03303032834082842,0.03334017936140299,0.0,0.0,0.025111818313598634,False,False
2.775,0.5819782614707947,0.5611869692802429,-0.5235855579376221,-0.33564771523935905,0.8181667193285707,0.9445000000000061,0.05549999999999389,0.0,601,563,0.5363320329679884,1.4636679670320116,24.0,24,3.0,38.0,0.040897853672504425,21.382454892306935,9.790755716506643,0.0,0.0,0.0,-0.5795849587900146,1.0,0.8190423250198364,0.04320584610104561,0.006154537200927734,0.08103164231777145,0.07964125260338141,0.03294456284493208,0.033226438487569496,0.0,0.0,0.02353449583053589,False,False
2.7800000000000002,0.6116683483123779,0.4290560781955719,-0.4664057791233063,-1.0478435889468383,0.5611552556379742,0.9444000000000061,0.05559999999999388,0.0,664,626,0.9083043635539891,1.0916956364460109,36.0,36,9.0,33.0,0.040853794664144516,27.93391698461469,25.64152607346442,0.0,0.0,0.0,-0.11461954555751355,1.0,0.8189945220947266,0.04319443553686142,0.006167113780975342,0.08129163611214561,0.07996020017036502,0.03285151906311512,0.03309656245013078,0.0,0.0,0.023967573642730715,False,False
2.785,0.6247261166572571,0.35612037777900696,-0.5105333924293518,-0.5836068865864683,0.7439561565794338,0.9443000000000061,0.055699999999993866,0.0,824,771,0.5826123332578236,1.4173876667421763,71.0,71,2.0,51.0,0.04085506126284599,33.93942390256346,23.50473223400905,0.0,0.0,0.0,-0.5217345834277205,1.0,0.8189579248428345,0.04347340017557144,0.006179988384246826,0.08096934255088323,0.07959867913896794,0.03287489525973797,0.03314715034017961,0.0,0.0,0.04094823837280274,False,False
2.79,0.7026759386062622,0.4047752022743225,-0.46052709221839905,-0.6623487982849801,0.8028281204621341,0.9442000000000061,0.055799999999993855,0.0,795,759,0.6173946388196716,1.3826053611803284,29.0,29,9.0,36.0,0.04114176705479622,31.111138577349838,21.54600454784163,0.0,0.0,0.0,-0.4782567014754104,1.0,0.8189756274223328,0.04345430061221123,0.006192684173583984,0.08168558031879318,0.08032512046303554,0.03274407392988603,0.0329955496514837,0.0,0.0,0.025730123519897462,False,False
2.795,0.7586464285850525,0.4619406759738922,-0.38932010531425476,-1.2296950499166388,0.32033029748783376,0.9441000000000062,0.055899999999993844,0.0,629,604,0.6492784189180324,1.3507215810819675,18.0,18,1.0,46.0,0.04108833521604538,28.518543695904018,19.750504168854828,0.0,0.0,0.0,-0.4384019763524595,1.0,0.8190180063247681,0.04336828365921974,0.006205439567565918,0.08255669600702774,0.08123873292095912,0.03260937053710222,0.032826660511394344,0.0,0.0,0.021872127056121828,False,False
2.8000000000000003,0.7760412693023682,0.47424399852752686,-0.3516523838043213,-0.9617880636568873,0.994778142361389,0.9440000000000062,0.05599999999999383,0.0,605,573,0.6785052173415298,1.3214947826584702,22.0,22,2.0,25.0,0.041008416563272476,26.141998387912015,18.10462882145026,0.0,0.0,0.0,-0.4018684783230878,1.0,0.819013774394989,0.04329086095094681,0.006218135356903076,0.08285431192039154,0.08157818825573923,0.032560041484733425,0.03275960683822632,0.0,0.0,0.02944382905960083,False,False
2.805,0.8484174013137817,0.48448625206947327,-0.2998168468475342,-0.9231624404986923,0.798050652801392,0.9439000000000062,0.05609999999999382,0.0,709,666,0.7052964492297358,1.2947035507702642,53.0,53,4.0,34.0,0.04096238315105438,23.963498522252678,16.59590975299607,0.0,0.0,0.0,-0.36837943846283033,1.0,0.8189679980278015,0.04339509457349777,0.006230950355529785,0.08348964303731869,0.082251062393188,0.032436250088115536,0.032611582428216934,0.0,0.0,0.03945996522903443,False,False
2.81,0.9075407385826111,0.5056048631668091,-0.27809134125709534,-0.4419309030136819,0.3328837078375354,0.9438000000000062,0.05619999999999381,0.0,694,648,0.7298550784605911,1.270144921539409,39.0,39,7.0,23.0,0.04091038182377815,21.966540312064954,15.212917273579732,0.0,0.0,0.0,-0.33768115192426107,1.0,0.8188820481300354,0.04343350976705551,0.006243705749511719,0.08392221205929866,0.0826885303311666,0.03234959362695615,0.03251517191529274,0.0,0.0,0.045827388763427734,False,False
2.815,0.9807822704315186,0.4912320375442505,-0.2927856743335724,-0.7074453480463456,0.47350450500450075,0.9437000000000062,0.0562999999999938,0.0,640,614,0.7523671552555419,1.2476328447444582,23.0,23,4.0,34.0,0.040891390293836594,20.13599528605954,13.945174167448087,0.0,0.0,0.0,-0.30954105593057263,1.0,0.8188749551773071,0.04336022958159447,0.006256401538848877,0.08426770896899155,0.08296882473056467,0.03225216021140417,0.032427591892580196,0.0,0.0,0.020636281967163085,False,False
2.82,1.1863760948181152,0.5098369717597961,-0.2817232310771942,-0.3737955706058116,0.6753145158997812,0.9436000000000062,0.05639999999999379,0.0,625,590,0.43966989231758,1.5,19.0,19,3.0,30.0,0.04114269092679024,26.791329012221244,12.783076320160745,0.0,0.0,0.0,-0.7004126346030249,1.0,0.8188205361366272,0.04326406493782997,0.006269097328186035,0.08556035796552847,0.08419154342170755,0.031966605844597026,0.032151831934849426,0.0,0.0,0.014351551532745362,False,False
2.825,1.3787736892700195,0.5568646192550659,-0.2619912326335907,-1.5416067215269922,0.46083852410969417,0.9435000000000062,0.05649999999999378,0.0,671,633,0.48636406795778175,1.5,73.0,73,7.0,17.0,0.04108143970370293,24.558718261202806,11.717819960147349,0.0,0.0,0.0,-0.6420449150527728,1.0,0.8187261819839478,0.04354500025510788,0.006281793117523193,0.08702169501781412,0.0855884563451007,0.031684914914270244,0.031868432027598224,0.0,0.0,0.011821377277374267,False,False
2.83,1.5138241052627563,0.5108969807624817,-0.2752078175544739,-0.683367762432235,0.7124946659949688,0.9434000000000062,0.056599999999993766,0.0,660,625,0.5291670622946332,1.4708329377053668,44.0,44,2.0,19.0,0.04106225073337555,22.51215840610257,10.741334963468402,0.0,0.0,0.0,-0.5885411721317084,1.0,0.8185932636260986,0.043636057525873184,0.006294548511505127,0.087699944817771,0.0862229719897727,0.03150493372231722,0.03170299033323924,0.0,0.0,0.021808583736419678,False,False
2.835,1.601626992225647,0.4074338674545288,-0.27519336342811584,-0.49983569533910954,0.8886765876860241,0.9433000000000062,0.056699999999993755,0.0,662,621,0.5684031404367471,1.4315968595632529,30.0,30,8.0,31.0,0.041001107543706894,20.636145205594023,9.846223716512702,0.0,0.0,0.0,-0.539496074454066,1.0,0.8185458779335022,0.04359884187579155,0.006307244300842285,0.08824732009693928,0.08669105822034129,0.03136854153126478,0.031579400723179184,0.0,0.0,0.026499567031860356,False,False
2.84,1.5871754884719849,0.3967193365097046,-0.2798287570476532,-0.5809047225793691,0.9055844976769614,0.9432000000000063,0.056799999999993744,0.0,625,585,0.6043695454003517,1.3956304545996483,20.0,20,6.0,32.0,0.040953680872917175,18.916466438461185,9.025705073469977,0.0,0.0,0.0,-0.4945380682495604,1.0,0.8185495138168335,0.04350006952881813,0.006319940090179443,0.0883271099977811,0.08671533047811389,0.03136838010201852,0.031584808602929115,0.0,0.0,0.013537383079528809,False,False
2.845,1.5830992460250854,0.3798464238643646,-0.3213355541229248,-0.6878035208145943,0.43126238559999613,0.9431000000000063,0.05689999999999373,0.0,639,603,0.304005416616989,1.5,37.0,37,2.0,32.0,0.04112736135721207,25.673427568589418,8.273562984014145,0.0,0.0,0.0,-0.8699932292287637,1.0,0.818557620048523,0.04351601377129555,0.006332695484161377,0.08814586173742957,0.0864514453485603,0.03138336663444837,0.031621024633447334,0.0,0.0,0.020407190322875978,False,False
2.85,1.6439247131347656,0.3175208270549774,-0.32178178429603577,-0.9561217652516639,0.5530991414298273,0.9430000000000063,0.05699999999999372,0.0,656,617,0.36200496523224,1.5,40.0,40,5.0,31.0,0.04106593504548073,31.8673086045403,15.9174327353463,0.0,0.0,0.0,-0.7974937934597,1.0,0.8185212016105652,0.04355065897107124,0.006345391273498535,0.08850174116343208,0.08674625831935504,0.031296374897162124,0.03153756105651458,0.0,0.0,0.019814319610595703,False,False
2.855,1.6719156503677368,0.28532925248146057,-0.29223108291625977,-0.4323927059502858,0.692503800954161,0.9429000000000063,0.05709999999999371,0.0,694,651,0.19999999999999996,1.5,28.0,28,6.0,42.0,0.04114565998315811,37.54503288749527,14.590980007400773,0.0,0.0,0.0,-1.0,1.0,0.8185157775878906,0.04354025796055794,0.006358087062835693,0.08875416601387111,0.08703726993252783,0.03124162399520477,0.03147123381495476,0.0,0.0,0.025667386054992674,False,False
2.86,1.7287442684173584,0.20373862981796265,-0.25851139426231384,-0.5445422959090459,0.9677280961225978,0.9428000000000063,0.0571999999999937,0.0,770,727,0.19999999999999996,1.5,36.0,36,5.0,31.0,0.041241031140089035,42.74961348020399,13.375065006784041,0.0,0.0,0.0,-1.0,1.0,0.818562388420105,0.0435391329228878,0.0063707828521728516,0.08928769241459615,0.08756816608613927,0.031145002382496994,0.03135980262110631,0.0,0.0,0.020582294464111327,False,False
2.865,1.8040419816970825,0.06488317996263504,-0.25781863927841187,-0.2557130935840884,0.8156865488246203,0.9427000000000063,0.05729999999999369,0.0,693,657,0.19999999999999996,1.5,43.0,43,2.0,18.0,0.041311293840408325,39.18714569018699,12.260476256218704,0.0,0.0,0.0,-1.0,1.0,0.818560779094696,0.04357963055372238,0.006383538246154785,0.08942538657411879,0.08767924481630274,0.03107973374426365,0.03130030042181413,0.0,0.0,0.014179278612136841,False,False
2.87,1.8442093133926392,0.029170338064432144,-0.25279197096824646,-0.6483105396771086,0.592839207219115,0.9426000000000063,0.05739999999999368,0.0,520,488,0.19999999999999996,1.5,19.0,19,5.0,20.0,0.04124874621629715,35.92155021600474,11.23876990153381,0.0,0.0,0.0,-1.0,1.0,0.8185173869132996,0.043493159115314484,0.006396174430847168,0.08942183537160305,0.08767334572349934,0.0310606819887956,0.03128299955278635,0.0,0.0,0.021715354919433594,False,False
2.875,1.8893417119979858,0.1087980717420578,-0.1684149205684662,0.1842060180086631,0.8981974737942297,0.9425000000000063,0.05749999999999367,0.0,557,525,0.19999999999999996,1.5,31.0,31,0.0,18.0,0.041172727942466736,32.92808769800434,10.30220574307266,0.0,0.0,0.0,-1.0,1.0,0.8184334635734558,0.0434592105448246,0.006408870220184326,0.09053015159256703,0.0888985607108717,0.03094215256472429,0.03112189471721649,0.0,0.0,0.018432121276855472,False,False
2.88,1.9226075410842896,0.1874152272939682,-0.10047434270381927,0.10288590419804462,0.7875173540292069,0.9424000000000063,0.057599999999993656,0.0,600,567,0.19999999999999996,1.5,25.0,25,5.0,21.0,0.0411083810031414,30.18408038983731,9.443688597816605,0.0,0.0,0.0,-1.0,1.0,0.8183104991912842,0.043403737246990204,0.006421446800231934,0.09148512091487593,0.08997332020662673,0.030848708314200245,0.030992344642678898,0.0,0.0,0.020883674621582034,False,False
2.8850000000000002,1.9525036811828613,0.18611477315425873,-0.06805844604969025,-0.7991288285198791,0.5676208366089455,0.9423000000000064,0.057699999999993645,0.0,621,590,0.2395189676259074,1.5,27.0,27,2.0,28.0,0.041062258183956146,27.668740357350867,8.656714547998554,0.0,0.0,0.0,-0.9506012904676157,1.0,0.8182674050331116,0.04338161274790764,0.006434023380279541,0.09190331788361017,0.09045061668256865,0.030797265159587067,0.03092830845465263,0.0,0.0,0.0253446626663208,False,False
2.89,2.0441482067108154,0.1542978137731552,-0.03379637748003006,0.3284695021273163,0.4331820448195378,0.9422000000000064,0.057799999999993634,0.0,659,618,0.969559053657082,1.030440946342918,39.0,39,5.0,31.0,0.041037485003471375,25.363011994238292,24.60198833566534,0.0,0.0,0.0,-0.03805118292864762,1.0,0.8181780576705933,0.043399788439273834,0.006446540355682373,0.09265392195464367,0.09123836134498264,0.030681281350553036,0.030799793700377148,0.0,0.0,0.02840133190155029,False,False
2.895,2.1110832691192627,0.14064110815525055,-0.006117881741374731,0.2128240444766013,0.91118808471404,0.9421000000000064,0.05789999999999362,0.0,599,563,0.6387624658523252,1.3612375341476748,21.0,21,9.0,27.0,0.04108406975865364,31.58276099471843,22.55182264102656,0.0,0.0,0.0,-0.4515469176845935,1.0,0.8180497288703918,0.04331778362393379,0.006459057331085205,0.09317252814024632,0.09179844984412137,0.030599557794630527,0.030704455760618053,0.0,0.0,0.013961455821990968,False,False
2.9,2.205065965652466,0.164484903216362,-0.008443833328783512,-0.7307276840181447,0.45637531135428544,0.9420000000000064,0.05799999999999361,0.0,605,570,0.3355322603646316,1.5,21.0,21,0.0,24.0,0.041154030710458755,37.28419757849189,20.67250408760768,0.0,0.0,0.0,-0.8305846745442105,1.0,0.8179553747177124,0.04323669895529747,0.006471574306488037,0.09375565268502825,0.09232017859940674,0.030488815779487293,0.030600264047582947,0.0,0.0,0.017617340087890627,False,False
2.9050000000000002,2.2570478916168213,0.257696270942688,0.016801049932837486,0.04930067456425204,0.45134650538845755,0.9419000000000064,0.0580999999999936,0.0,632,599,0.19999999999999996,1.5,23.0,23,5.0,28.0,0.041201699525117874,42.51051444695089,18.949795413640373,0.0,0.0,0.0,-1.0,1.0,0.8178187608718872,0.04318096488714218,0.006484091281890869,0.09447520092750533,0.0931072905287141,0.03039211966097355,0.030492612471183143,0.0,0.0,0.019619992971420287,False,False
2.91,2.3790602684020996,0.31090790033340454,0.05429666116833687,-0.9926062478333666,0.37062990919278826,0.9418000000000064,0.05819999999999359,0.0,645,607,0.19999999999999996,1.5,22.0,22,1.0,13.0,0.04124729335308075,47.30130490970498,17.370645795837007,0.0,0.0,0.0,-1.0,1.0,0.8176908493041992,0.043121419847011566,0.006496548652648926,0.09582463395502361,0.09452268721628877,0.030214372090995312,0.030300836078822613,0.0,0.0,0.012073740959167481,False,False
2.915,2.4996590614318848,0.2646358907222748,0.03136857599020004,0.0565876956597289,0.08094338877987807,0.9417000000000064,0.05829999999999358,0.0,734,692,0.19999999999999996,1.5,65.0,65,8.0,19.0,0.04120341315865517,43.3595295005629,15.923091979517256,0.0,0.0,0.0,-1.0,1.0,0.8175742030143738,0.04333840683102608,0.006509065628051758,0.09671699051621001,0.09524821580015065,0.030065285973250866,0.030173594132065773,0.0,0.0,0.013744351863861085,False,False
2.92,2.507207155227661,0.2132125347852707,0.018270887434482574,-0.5850527872642984,0.6536581246192772,0.9416000000000064,0.05839999999999357,0.0,701,662,0.19999999999999996,1.5,52.0,52,5.0,35.0,0.04116164892911911,39.74623537551599,14.596167647890818,0.0,0.0,0.0,-1.0,1.0,0.8174886703491211,0.04351116344332695,0.00652158260345459,0.09671222977215987,0.09516503185033741,0.03005295371015867,0.03017376953115066,0.0,0.0,0.01622002959251404,False,False
2.9250000000000003,2.478238582611084,0.18965063989162445,-0.015293843112885952,-0.5184400193362653,0.4665535717069621,0.9415000000000064,0.05849999999999356,0.0,592,555,0.19999999999999996,1.5,20.0,20,6.0,25.0,0.041131384670734406,36.434049094222985,13.379820343899915,0.0,0.0,0.0,-1.0,1.0,0.8174629807472229,0.04343424737453461,0.006534099578857422,0.09646467901021184,0.09480124104022923,0.030081414928038917,0.03022179783632358,0.0,0.0,0.01935773253440857,False,False
2.93,2.54074764251709,0.1497415006160736,-0.03505893051624298,-0.23579904592032933,0.9558139222608638,0.9414000000000065,0.058599999999993546,0.0,615,578,0.19999999999999996,1.5,24.0,24,4.0,25.0,0.04111089929938316,33.397878336371065,12.264835315241589,0.0,0.0,0.0,-1.0,1.0,0.8173912167549133,0.04337373748421669,0.006546616554260254,0.09679243822737228,0.09501128585232985,0.03001033173253139,0.03016369106868903,0.0,0.0,0.021906590461730956,False,False
2.935,2.5858397483825684,0.12922799587249756,-0.032497771084308624,0.06479479828180104,0.786634344968674,0.9413000000000065,0.058699999999993535,0.0,739,705,0.22512175589191907,1.5,35.0,35,3.0,27.0,0.041139811277389526,30.614721808340143,11.242765705638122,0.0,0.0,0.0,-0.9685978051351011,1.0,0.817326009273529,0.04337058216333389,0.006558895111083984,0.09710660624938648,0.09529974427012049,0.02995549390713374,0.030111038746933144,0.0,0.0,0.07369771480560303,False,False
2.94,2.611891984939575,0.11752242594957352,-0.011618886142969131,-1.1237636601358412,0.3151924685490821,0.9412000000000065,0.058799999999993524,0.0,654,616,0.19999999999999996,1.5,23.0,23,3.0,39.0,0.04109356179833412,36.3968283243118,10.305868563501612,0.0,0.0,0.0,-1.0,1.0,0.8172903656959534,0.043285634368658066,0.006571352481842041,0.09742806250136288,0.09566883397847356,0.02992179555197557,0.030071493238210678,0.0,0.0,0.015220985412597657,False,False
2.945,2.707176685333252,0.04600461199879646,0.0796423926949501,-0.7902678735162172,0.9801562695875623,0.9411000000000065,0.05889999999999351,0.0,686,648,0.3766648087702933,1.5,43.0,43,4.0,39.0,0.041084468364715576,33.36375929728581,17.780379516543142,0.0,0.0,0.0,-0.7791689890371334,1.0,0.8172007203102112,0.043341685086488724,0.0065836310386657715,0.09826861638824086,0.09673853889728527,0.029819314368069172,0.029920325614511967,0.0,0.0,0.023398520946502688,False,False
2.95,2.772067070007324,-0.03495259955525398,0.06712924689054489,0.05876736553723617,0.7294029085689036,0.9410000000000065,0.0589999999999935,0.0,649,612,0.4286094080394355,1.5,49.0,49,4.0,23.0,0.04104062542319298,30.583446022511993,16.29868122349788,0.0,0.0,0.0,-0.7142382399507057,1.0,0.8170816898345947,0.04347096011042595,0.0065958499908447266,0.0980990673834452,0.09647170032622855,0.029790219850838184,0.029905270785093307,0.0,0.0,0.027568900585174562,False,False
2.955,2.791189670562744,0.003091258928179741,0.08600348979234695,-0.25047051382264723,0.6871329864412016,0.9409000000000065,0.05909999999999349,0.0,600,561,0.19999999999999996,1.5,26.0,26,3.0,30.0,0.041185762733221054,36.36815885396932,14.94045778820639,0.0,0.0,0.0,-1.0,1.0,0.8169650435447693,0.043411847203969955,0.006608009338378906,0.09847645055502594,0.09690645240247191,0.029761878152688347,0.029867636039853096,0.0,0.0,0.028522465229034427,False,False
2.96,2.801632881164551,0.09285891056060791,0.15861928462982178,-1.01732025392436,0.6773909818204136,0.9408000000000065,0.05919999999999348,0.0,676,644,0.21431762758869266,1.5,25.0,25,6.0,23.0,0.04148045554757118,33.33747894947187,13.69541963918919,0.0,0.0,0.0,-0.9821029655141341,1.0,0.8169355392456055,0.04336283355951309,0.006620168685913086,0.09973563023408194,0.09842525587075641,0.029692060003678005,0.029754824936389923,0.0,0.0,0.026416769027709962,False,False
2.965,2.8021223545074463,0.14651177823543549,0.20816314220428467,0.2438435278479657,0.9083621984936481,0.9407000000000065,0.05929999999999347,0.0,744,696,0.2797911586229682,1.5,32.0,32,4.0,18.0,0.04145583137869835,30.55935570368255,12.554134669256756,0.0,0.0,0.0,-0.9002610517212897,1.0,0.8168600797653198,0.043350111693143845,0.00663226842880249,0.10032465971509555,0.09921378103891948,0.02966301515698433,0.029697700714071594,0.0,0.0,0.031885409355163576,False,False
2.97,2.8289527893066406,0.18323053419589996,0.25625160336494446,0.36985527848564004,0.8785713817354295,0.9406000000000065,0.05939999999999346,0.0,684,653,0.33980856207105425,1.5,34.0,34,7.0,24.0,0.04141628369688988,28.01274272837567,11.507956780152027,0.0,0.0,0.0,-0.8252392974111821,1.0,0.8167451620101929,0.04334520921111107,0.006644308567047119,0.1009716729512432,0.10004540444165406,0.02961699695636829,0.02962465553234021,0.0,0.0,0.038836483955383305,False,False
2.975,2.879197359085083,0.27035096287727356,0.33453696966171265,0.2518903585900962,0.8380661087182917,0.9405000000000066,0.05949999999999345,0.0,781,733,0.39482451523179973,1.5,50.0,50,3.0,24.0,0.04137681797146797,25.67834750101103,10.548960381806024,0.0,0.0,0.0,-0.7564693559602502,1.0,0.8166637420654297,0.043477460741996765,0.006656348705291748,0.10186301717782952,0.10129502316874701,0.02955297784258922,0.02950729802250862,0.0,0.0,0.04583003520965576,False,False
2.98,2.964877128601074,0.3168763518333435,0.3659125864505768,0.5073096308730476,0.4920079766047116,0.9404000000000066,0.059599999999993436,0.0,730,691,0.4452558056291498,1.5,58.0,58,7.0,24.0,0.04131879284977913,23.53848520926011,9.669880349988855,0.0,0.0,0.0,-0.6934302429635627,1.0,0.8166880011558533,0.043683622032403946,0.0066683292388916016,0.10282047146310345,0.10237268396653172,0.02944620947043101,0.02938035409897566,0.0,0.0,0.025955777168273925,False,False
2.985,3.083753824234009,0.396879106760025,0.36338120698928833,0.5505814450023897,0.42016752125143647,0.9403000000000066,0.059699999999993425,0.0,630,593,0.49148448849338744,1.5,27.0,27,4.0,32.0,0.04127822443842888,21.5769447751551,8.864056987489784,0.0,0.0,0.0,-0.6356443893832657,1.0,0.8166622519493103,0.04362238198518753,0.006680309772491455,0.10460365325212415,0.10408475532755192,0.029270554271837078,0.0292124692350626,0.0,0.0,0.01402333378791809,False,False
2.99,3.1732168197631836,0.5233379602432251,0.3925532400608063,-0.2670045131870568,0.7920213957729667,0.9402000000000066,0.059799999999993414,0.0,628,587,0.20052744778560516,1.5,52.0,52,7.0,37.0,0.04121628403663635,28.112199377225505,8.125385571865635,0.0,0.0,0.0,-0.9993406902679934,1.0,0.8166465759277344,0.0437355637550354,0.006692230701446533,0.10623625288189634,0.10589546195200268,0.029133716598153114,0.02906132023781538,0.0,0.0,0.007930262088775637,False,False
2.995,3.2892954349517822,0.5769491195678711,0.3842344880104065,0.334652258403472,0.4898761593073566,0.9401000000000066,0.0598999999999934,0.0,584,549,0.26715016047013806,1.5,18.0,18,4.0,42.0,0.04117199406027794,25.769516095790046,7.4482701075434985,0.0,0.0,0.0,-0.9160622994123273,1.0,0.8166584968566895,0.043634600937366486,0.006704211235046387,0.10809176370625628,0.10766592895798319,0.02895026312520107,0.02888816253592571,0.0,0.0,0.011204293966293336,False,False
3.0,3.375758409500122,0.5341898798942566,0.36463406682014465,0.4695415318393552,0.860755123939779,0.9400000000000066,0.05999999999999339,0.0,661,620,0.6615543137642932,1.3384456862357068,23.0,23,3.0,34.0,0.04111763462424278,23.622056421140876,15.160914265248206,0.0,0.0,0.0,-0.4230571077946335,1.0,0.8166705965995789,0.04355337470769882,0.0067157745361328125,0.10917256471607766,0.1085370739437633,0.028819927635292213,0.028778547421097755,0.0,0.0,0.017175995111465454,False,False
3.005,3.3634438514709473,0.48876941204071045,0.3583730161190033,-0.4395441372221087,0.6459727349102731,0.9399000000000066,0.06009999999999338,0.0,679,640,0.6897581209506021,1.310241879049398,51.0,51,3.0,27.0,0.04112989082932472,21.653551719379134,13.897504743144188,0.0,0.0,0.0,-0.38780234881174735,1.0,0.8166379928588867,0.04366941750049591,0.00672757625579834,0.1090631141016874,0.1083556490018957,0.028828720872600876,0.028794991473356884,0.0,0.0,0.0167911970615387,False,False
3.0100000000000002,3.3776655197143555,0.4696042537689209,0.3156143128871918,0.16006341474546504,0.8299745466533619,0.9398000000000066,0.06019999999999337,0.0,639,614,0.382278277538052,1.5,48.0,48,7.0,36.0,0.04109671711921692,28.18242240943087,12.73937934788217,0.0,0.0,0.0,-0.772152153077435,1.0,0.8165643811225891,0.043746475130319595,0.006739020347595215,0.10912358728268426,0.10815492247914207,0.028807266304890316,0.02879869658499956,0.0,0.0,0.01715582013130188,False,False
3.015,3.456461191177368,0.46423694491386414,0.3007071912288666,-0.29270919005338225,0.4074617762424862,0.9397000000000066,0.06029999999999336,0.0,697,655,0.43375508774321436,1.5,31.0,31,4.0,32.0,0.041258376091718674,25.833887208644963,11.677764402225323,0.0,0.0,0.0,-0.707806140320982,1.0,0.8165227770805359,0.04371931776404381,0.006750524044036865,0.10997474735788933,0.10885943644121222,0.02870442345738411,0.02870661672204733,0.0,0.0,0.021063063144683838,False,False
3.02,3.4831464290618896,0.4618447721004486,0.29772260785102844,-0.16290376255331976,0.8941676381357043,0.9396000000000067,0.06039999999999335,0.0,712,665,0.4809421637646133,1.5,30.0,30,5.0,32.0,0.04124423861503601,23.681063274591214,10.704617368706545,0.0,0.0,0.0,-0.6488222952942334,1.0,0.8164830207824707,0.043699610978364944,0.006762027740478516,0.11036026124097338,0.10920294300187311,0.028662256275614105,0.028669334327181183,0.0,0.0,0.0121628737449646,False,False
3.025,3.5279760360717773,0.4638462960720062,0.3554738759994507,0.396541248567633,0.6409904884047993,0.9395000000000067,0.06049999999999334,0.0,668,631,0.5241969834508955,1.4758030165491045,20.0,20,6.0,32.0,0.04127250239253044,21.707641335041945,9.812565921314333,0.0,0.0,0.0,-0.5947537706863806,1.0,0.816502571105957,0.043601877987384796,0.006773412227630615,0.11108225983257027,0.11022132863104274,0.028616950536767643,0.028592225474615894,0.0,0.0,0.02220630645751953,False,False
3.0300000000000002,3.6498541831970215,0.40625739097595215,0.4092174470424652,0.13867265030152112,0.5893818479618242,0.9394000000000067,0.060599999999993326,0.0,658,623,0.5638472348299877,1.4361527651700123,51.0,51,2.0,37.0,0.041214849799871445,19.898671223788448,8.994852094538137,0.0,0.0,0.0,-0.5451909564625155,1.0,0.8164743185043335,0.043710172176361084,0.0067847371101379395,0.11199145687743951,0.11134805728681317,0.028517302125692368,0.02846665525188049,0.0,0.0,0.017764868736267092,False,False
3.035,3.7163076400756836,0.37172284722328186,0.37784963846206665,0.33747145461361644,0.41760559008139414,0.9393000000000067,0.060699999999993315,0.0,716,683,0.6001932985941553,1.3998067014058448,55.0,55,5.0,28.0,0.04115372896194458,18.240448621806078,8.24528108665996,0.0,0.0,0.0,-0.4997583767573059,1.0,0.8165276646614075,0.043883517384529114,0.006796121597290039,0.11215573245162695,0.11123827724469136,0.028462380481263004,0.028437872727711998,0.0,0.0,0.02651968479156494,False,False
3.04,3.719266891479492,0.45055657625198364,0.42241039872169495,-0.3532398590946284,0.833083541543437,0.9392000000000067,0.060799999999993304,0.0,641,611,0.30017719037797563,1.5,33.0,33,1.0,34.0,0.04109746217727661,25.053744569988904,7.5581743294382955,0.0,0.0,0.0,-0.8747785120275304,1.0,0.8165310025215149,0.04388034716248512,0.006807267665863037,0.11313622491713542,0.11252144065623412,0.02843348930279414,0.028379419818520546,0.0,0.0,0.025002117156982424,False,False
3.045,3.7071828842163086,0.5416380763053894,0.4984319806098938,0.653553584557504,0.6396884914458378,0.9391000000000067,0.06089999999999329,0.0,678,633,0.3584957578464778,1.5,29.0,29,9.0,28.0,0.041058529168367386,22.965932522489826,6.928326468651771,0.0,0.0,0.0,-0.8018803026919027,1.0,0.8165380954742432,0.04382830485701561,0.006818413734436035,0.11428070846199917,0.1142343671619885,0.02842027849207322,0.028316342892746132,0.0,0.0,0.0272319769859314,False,False
3.0500000000000003,3.7041921615600586,0.566757321357727,0.54117351770401,-0.035708955965754796,0.34599475445552835,0.9390000000000067,0.06099999999999328,0.0,655,617,0.7452877780259379,1.254712221974062,19.0,19,4.0,23.0,0.0411912240087986,21.05210481228234,14.68429926293079,0.0,0.0,0.0,-0.3183902774675776,1.0,0.8165004849433899,0.04372375085949898,0.006829440593719482,0.11464457413429943,0.1149031837551537,0.028418018482625484,0.02829106990247965,0.0,0.0,0.035624303817749024,False,False
3.055,3.723088502883911,0.627991259098053,0.5872284173965454,0.11809240263913645,0.9226416871822204,0.9389000000000067,0.06109999999999327,0.0,691,650,0.7665137965237765,1.2334862034762235,23.0,23,5.0,14.0,0.04116860032081604,19.297762744592145,13.460607657686557,0.0,0.0,0.0,-0.2918577543452794,1.0,0.8164934515953064,0.043651554733514786,0.0068402886390686035,0.11532943887635992,0.11593346497043894,0.028392093566556774,0.02823632365713517,0.0,0.0,0.03538068771362305,False,False
3.06,3.7547695636749268,0.6832431554794312,0.6287340521812439,0.24888942362218172,0.8558729832423707,0.9388000000000067,0.06119999999999326,0.0,711,677,1.1193043134801284,0.8806956865198716,25.0,25,4.0,22.0,0.0411788672208786,17.689615849209467,20.672223686212675,0.0,0.0,0.0,0.1491303918501604,1.0,0.8164409399032593,0.043574798852205276,0.0068509578704833984,0.11594819315895365,0.1168889385592185,0.028364164754748344,0.028178561478853226,0.0,0.0,0.04720998764038086,False,False
3.065,3.830256223678589,0.7271667122840881,0.6313643455505371,0.49696400438861876,0.9896428606935265,0.9387000000000068,0.06129999999999325,0.0,631,594,1.1093622873567843,0.8906377126432157,30.0,30,4.0,22.0,0.041278306394815445,16.215481195108676,18.949538379028283,0.0,0.0,0.0,0.13670285919598033,1.0,0.8164451122283936,0.043565914034843445,0.006861686706542969,0.11730591651052162,0.11827505603929286,0.028268047608435154,0.02807727394004663,0.0,0.0,0.017438220977783202,False,False
3.0700000000000003,3.9073753356933594,0.8807601928710938,0.6359431147575378,-0.041480462374296145,0.26090696289536525,0.9386000000000068,0.06139999999999324,0.0,692,653,1.4335820967437187,0.5664179032562812,67.0,67,2.0,23.0,0.04143849387764931,14.864191095516286,25.703743514109256,0.0,0.0,0.0,0.5419776209296485,1.0,0.8164020776748657,0.043757837265729904,0.0068724751472473145,0.11953218125179334,0.12060779166407806,0.028115049935877323,0.02792713542779287,0.0,0.0,0.012157384157180786,False,False
3.075,3.957932710647583,1.0290440320968628,0.648328959941864,0.6843544754628743,0.8830440758571695,0.9385000000000068,0.06149999999999323,0.0,662,628,1.5,0.2692164113182578,36.0,36,9.0,20.0,0.04137662425637245,13.625508504223262,31.895098221266817,0.0,0.0,0.0,0.9134794858521778,1.0,0.8163897395133972,0.043811045587062836,0.0068833231925964355,0.12153723385929985,0.12285794348269623,0.028000161983072758,0.027804762745896976,0.0,0.0,0.012134544849395752,False,False
3.08,4.046234607696533,1.0870338678359985,0.6419052481651306,0.16018730128746653,0.8449022452381939,0.9384000000000068,0.061599999999993216,0.0,577,545,1.3365516229582637,0.6634483770417363,17.0,17,4.0,35.0,0.04133021831512451,20.823382795537988,29.23717336949458,0.0,0.0,0.0,0.42068952869782966,1.0,0.8163319826126099,0.0437115840613842,0.0068939924240112305,0.1236358277189227,0.12495979233644823,0.02785329396526019,0.027664670099814735,0.0,0.0,0.014458317756652832,False,False
3.085,4.1463470458984375,1.0741313695907593,0.614597737789154,0.6957871606883048,0.6235686778744527,0.9383000000000068,0.061699999999993205,0.0,581,539,1.3085056543784084,0.6914943456215916,19.0,19,4.0,36.0,0.04125914350152016,19.08810089590982,26.800742255370032,0.0,0.0,0.0,0.38563206797301053,1.0,0.8163360953330994,0.04361620172858238,0.006904661655426025,0.12587240120768467,0.12690591395894607,0.02768960160513719,0.027525578625500202,0.0,0.0,0.019053614139556883,False,False
3.09,4.130313873291016,1.0339069366455078,0.5692179799079895,-2.3549976926812075,0.16471127706881286,0.9382000000000068,0.061799999999993194,0.0,637,593,1.2827968498468745,0.7172031501531256,41.0,41,5.0,38.0,0.04120747745037079,17.49742582125067,24.567347067422528,0.0,0.0,0.0,0.35349606230859293,1.0,0.8164103627204895,0.04364582151174545,0.00691533088684082,0.1259924773070953,0.1265587809458367,0.02768487979968389,0.027548546592394512,0.0,0.0,0.011215822696685791,False,False
3.095,4.1610307693481445,1.007896065711975,0.5364405512809753,-0.088305247912069,0.8752055539397201,0.9381000000000068,0.06189999999999318,0.0,724,687,1.2592304456929682,0.7407695543070318,54.0,54,1.0,16.0,0.04125107824802399,16.039307002813114,22.520068145137316,0.0,0.0,0.0,0.3240380571162101,1.0,0.8164339661598206,0.04380731284618378,0.006926178932189941,0.12658963505923668,0.12683636679003554,0.027638160002728306,0.02751899107048909,0.0,0.0,0.015310381650924684,False,False
3.1,4.241854190826416,1.008020281791687,0.5079838633537292,-0.17487555556168255,0.5707220780875987,0.9380000000000068,0.06199999999999317,0.0,682,645,0.9042945752185539,1.095705424781446,40.0,40,8.0,24.0,0.041321009397506714,23.036031419245354,20.643395799709204,0.0,0.0,0.0,-0.11963178097680753,1.0,0.8164654970169067,0.04384669288992882,0.006936609745025635,0.12824384320899762,0.12818525654077448,0.027515990659594536,0.02741759022076925,0.0,0.0,0.025097527503967286,False,False
3.105,4.273696422576904,1.027877688407898,0.48108425736427307,-0.44975019465839755,0.9999999999999999,0.9379000000000068,0.06209999999999316,0.0,562,528,0.9122700272836746,1.0877299727163254,17.0,17,4.0,20.0,0.04127073287963867,21.11636213430824,18.923112816400103,0.0,0.0,0.0,-0.10966246589540685,1.0,0.8164509534835815,0.04373737797141075,0.006947219371795654,0.12892357159405865,0.12862106289714492,0.02745958200345437,0.02737870284666618,0.0,0.0,0.01704282283782959,False,False
3.11,4.388600826263428,1.0524073839187622,0.5316807627677917,1.2152100164632835,1.0,0.9378000000000069,0.06219999999999315,0.0,572,540,0.9195808583433684,1.0804191416566316,20.0,20,3.0,10.0,0.04123273864388466,19.35666528978255,17.34618674836676,0.0,0.0,0.0,-0.10052392707078947,1.0,0.8163943886756897,0.04363638907670975,0.006957709789276123,0.131297852865109,0.13139317469609196,0.02732725658764442,0.027219421851138275,0.0,0.0,0.02101707696914673,False,False
3.115,4.5618743896484375,1.0145472288131714,0.5251317620277405,0.26550939168813564,0.62138722411803,0.9377000000000069,0.06229999999999314,0.0,550,508,0.926282453481421,1.073717546518579,20.0,20,3.0,12.0,0.04118028283119202,17.74360984896734,15.900671186002864,0.0,0.0,0.0,-0.09214693314822373,1.0,0.8164148926734924,0.0435524582862854,0.006968080997467041,0.1345451707268746,0.13440661625439837,0.02713229817648729,0.027033208558956783,0.0,0.0,0.013470976352691653,False,False
3.12,4.697916507720947,1.0348187685012817,0.5242297649383545,0.35106686988771624,0.9349296963754599,0.9376000000000069,0.06239999999999313,0.0,588,558,0.9324255823579692,1.0675744176420308,47.0,47,1.0,16.0,0.04110884293913841,16.264975694886726,14.575615253835958,0.0,0.0,0.0,-0.08446802205253841,1.0,0.8163864016532898,0.04365469515323639,0.006978392601013184,0.13704468536190603,0.13672116328775794,0.026981881819665432,0.026891400727132957,0.0,0.0,0.019038289785385132,False,False
3.125,4.705018520355225,1.1498239040374756,0.5852234959602356,0.32057308752825475,0.5418666163416942,0.9375000000000069,0.06249999999999312,0.0,684,641,0.9380567838281385,1.0619432161718614,61.0,61,7.0,29.0,0.04105202853679657,23.242894386979497,21.69431398268296,0.0,0.0,0.0,-0.07742902021482685,1.0,0.8163163065910339,0.043816663324832916,0.0069887638092041016,0.13876566457748324,0.13918114240964163,0.026942372011641662,0.026810530883570514,0.0,0.0,0.01903091907501221,False,False
3.13,4.64750337600708,1.2154475450515747,0.6153075695037842,0.03640400569401539,0.9242315767792914,0.9374000000000069,0.0625999999999931,0.0,613,579,0.9432187185091269,1.0567812814908732,14.0,14,2.0,28.0,0.04104677960276604,21.305986521397873,19.886454484126045,0.0,0.0,0.0,-0.07097660186359142,1.0,0.8162059187889099,0.043710410594940186,0.006999075412750244,0.13898191624320955,0.13991273435143045,0.026973195684452854,0.02681789919734001,0.0,0.0,0.02021223783493042,False,False
3.1350000000000002,4.634836196899414,1.2327848672866821,0.6465077996253967,0.38555010744213486,0.4727110675109166,0.9373000000000069,0.0626999999999931,0.0,599,563,0.9479504919666997,1.0520495080333003,28.0,28,3.0,25.0,0.04111253097653389,19.530487644614716,18.229249943782207,0.0,0.0,0.0,-0.06506188504162544,1.0,0.8161283135414124,0.04367682337760925,0.007009267807006836,0.1391038290746501,0.14039254301413803,0.026984053353468578,0.026814245308438938,0.0,0.0,0.01964791178703308,False,False
3.14,4.7181830406188965,1.3115335702896118,0.6756638288497925,0.5527330678643106,0.3300239331790479,0.9372000000000069,0.06279999999999308,0.0,718,680,0.9522879509694746,1.0477120490305254,49.0,49,8.0,26.0,0.04106399789452553,17.90294700756349,16.710145781800357,0.0,0.0,0.0,-0.05964006128815669,1.0,0.8160532712936401,0.04375823959708214,0.007019460201263428,0.14151818993439186,0.14318373764554568,0.02687482008089622,0.026688971556723118,0.0,0.0,0.020879406929016114,False,False
3.145,4.766009330749512,1.360446572303772,0.7065842747688293,0.8250891374799603,0.44967779061547436,0.9371000000000069,0.06289999999999307,0.0,738,698,0.9562639550553518,1.0437360449446482,27.0,27,5.0,29.0,0.04114651679992676,16.411034756933198,15.317633633316992,0.0,0.0,0.0,-0.054670056180810264,1.0,0.8159870505332947,0.04373519495129585,0.007029533386230469,0.14261663508663483,0.1446616807679326,0.026824607824285827,0.02662036567926407,0.0,0.0,0.027962348461151126,False,False
3.15,4.8408026695251465,1.3996598720550537,0.6833095550537109,0.3716938603786589,0.5362907779599879,0.9370000000000069,0.06299999999999306,0.0,683,642,0.9599086254674059,1.0400913745325941,31.0,31,4.0,19.0,0.041281286627054214,15.043448527188763,14.041164163873908,0.0,0.0,0.0,-0.050114218165742755,1.0,0.8158779144287109,0.04369569569826126,0.007039546966552734,0.1454378406386813,0.1472703750338396,0.026689277340968452,0.02649875357747078,0.0,0.0,0.02344144582748413,False,False
3.1550000000000002,4.876119613647461,1.5675016641616821,0.6961365938186646,0.65793394996821,0.9569422468264804,0.936900000000007,0.06309999999999305,0.0,689,649,0.963249573345122,1.036750426654878,44.0,44,4.0,23.0,0.04125914350152016,13.7898278165897,12.87106715021775,0.0,0.0,0.0,-0.04593803331859751,1.0,0.8158526420593262,0.043804194778203964,0.007049560546875,0.14854239654416745,0.15075413317729933,0.026573711074888706,0.02637820007900397,0.0,0.0,0.012654514312744142,False,False
3.16,4.909346103668213,1.7236255407333374,0.6997353434562683,0.7180482611454878,0.9435868632051833,0.936800000000007,0.06319999999999304,0.0,649,616,0.9663121088996952,1.033687891100305,43.0,43,5.0,23.0,0.041191622614860535,12.640675498540558,11.798478221032937,0.0,0.0,0.0,-0.04210986387538105,1.0,0.8158767819404602,0.04384302720427513,0.007059574127197266,0.15071001208511395,0.15330025660060245,0.02649169725676378,0.02629008454581102,0.0,0.0,0.011431655883789063,False,False
3.165,5.046506881713867,1.7635494470596313,0.6514583230018616,0.09857202482133542,0.4075175493040604,0.936700000000007,0.06329999999999303,0.0,652,612,0.9691194331580539,1.030880566841946,51.0,51,3.0,19.0,0.04116196557879448,11.587285873662177,10.815271702613526,0.0,0.0,0.0,-0.03860070855243256,1.0,0.8158527612686157,0.04397829249501228,0.007069587707519531,0.155776269569992,0.15782533933222193,0.026263316006710134,0.02609437797218561,0.0,0.0,0.017363754510879518,False,False
3.17,5.1409220695495605,1.7360161542892456,0.6192029714584351,0.7859403651847655,0.975425861716245,0.936600000000007,0.06339999999999302,0.0,678,642,1.3050261470615494,0.6949738529384506,52.0,52,8.0,31.0,0.04119427502155304,10.621678717523661,18.247332394062397,0.0,0.0,0.0,0.3812826838269368,1.0,0.8157868981361389,0.04414880648255348,0.0070795416831970215,0.15956651741762853,0.1609891997190803,0.026109273700664442,0.02596706540013353,0.0,0.0,0.01928501963615418,False,False
3.1750000000000003,5.115187644958496,1.690699577331543,0.5872854590415955,-0.12867306748184373,0.48215232146864634,0.936500000000007,0.063499999999993,0.0,602,564,1.2796073014730869,0.720392698526913,31.0,31,2.0,23.0,0.04115431010723114,9.736538824396689,16.726721361223863,0.0,0.0,0.0,0.3495091268413587,1.0,0.8157522082328796,0.04412795603275299,0.007089376449584961,0.1590677804263919,0.15993213437373335,0.026132299099117517,0.02600680726269881,0.0,0.0,0.01419096827507019,False,False
3.18,5.176839351654053,1.6740933656692505,0.5493178963661194,-0.5185200548781528,0.2816475338898107,0.936400000000007,0.063599999999993,0.0,612,569,0.922973359683663,1.0770266403163369,21.0,21,4.0,32.0,0.04108184203505516,17.25849392236363,15.332827914455207,0.0,0.0,0.0,-0.09628330039542118,1.0,0.8156725168228149,0.04403672367334366,0.00709909200668335,0.1610208608116944,0.16128265961073232,0.02604612226908406,0.025940872728824615,0.0,0.0,0.01692821264266968,False,False
3.185,5.269954204559326,1.6909136772155762,0.506291925907135,-0.03957833762238062,0.8533384148563982,0.936300000000007,0.06369999999999298,0.0,748,711,0.5960589130433579,1.403941086956642,29.0,29,3.0,30.0,0.041153017431497574,24.153619428833323,14.055092254917271,0.0,0.0,0.0,-0.5049263586958026,1.0,0.8155987858772278,0.043996408581733704,0.007108747959136963,0.1641900068446983,0.16373665637771181,0.02590240677818656,0.02582784043624997,0.0,0.0,0.033161883354187016,False,False
3.19,5.272106647491455,1.7099052667617798,0.4607865810394287,0.566796107453418,0.9924189472325285,0.936200000000007,0.06379999999999297,0.0,738,689,0.6297206702897449,1.3702793297102551,23.0,23,8.0,21.0,0.04125560447573662,22.140817809763877,12.883834567007499,0.0,0.0,0.0,-0.4628491621378189,1.0,0.8155337572097778,0.0439174585044384,0.007118523120880127,0.1643221753748744,0.1632507963590313,0.02588549085582296,0.02583538880571723,0.0,0.0,0.021851093769073487,False,False
3.1950000000000003,5.346232891082764,1.7318248748779297,0.48391616344451904,1.151823291938466,1.0,0.936100000000007,0.06389999999999296,0.0,699,657,0.6605772810989328,1.3394227189010672,47.0,47,3.0,23.0,0.04129562899470329,20.29574965895022,11.81018168642354,0.0,0.0,0.0,-0.42427839862633404,1.0,0.8154973983764648,0.04399501532316208,0.0071280598640441895,0.16655189655348548,0.1657821568809439,0.025793846386174362,0.025732697298129402,0.0,0.0,0.01866098999977112,False,False
3.2,5.423915386199951,1.657655954360962,0.46696433424949646,-0.6933152065481266,0.5284363260003028,0.936000000000007,0.06399999999999295,0.0,650,620,0.6888625076740216,1.3111374923259784,44.0,44,5.0,29.0,0.04134296625852585,18.604437187371037,10.825999879221579,0.0,0.0,0.0,-0.3889218654074729,1.0,0.8154160380363464,0.04408201202750206,0.0071378350257873535,0.16773928023377946,0.16644610963885872,0.02572732667128245,0.025677226173381012,0.0,0.0,0.021614952087402346,False,False
3.205,5.554487228393555,1.7244516611099243,0.46016982197761536,0.7101871061038673,0.4835952279633192,0.9359000000000071,0.06409999999999294,0.0,620,587,0.7147906320345199,1.2852093679654801,49.0,49,5.0,30.0,0.041300173848867416,17.054067421756784,9.92383322261978,0.0,0.0,0.0,-0.35651170995685016,1.0,0.8153406977653503,0.04420720413327217,0.007147490978240967,0.17336952139933792,0.1717750864724307,0.025549152245124183,0.025505663361400366,0.0,0.0,0.016645921468734743,False,False
3.21,5.645951271057129,1.8308684825897217,0.5419954657554626,0.39378722541827904,0.5466910222746992,0.9358000000000071,0.06419999999999293,0.0,606,568,0.40522474603164327,1.5,25.0,25,6.0,30.0,0.04123344644904137,23.966228469943715,9.096847120734799,0.0,0.0,0.0,-0.7434690674604458,1.0,0.8152740597724915,0.044129878282547,0.00715714693069458,0.17923764535412073,0.17898016505315784,0.025419883119563263,0.02532940513143937,0.0,0.0,0.017694008350372315,False,False
3.215,5.634789943695068,1.8257790803909302,0.6036304235458374,0.09163775578035457,0.7592962850708935,0.9357000000000071,0.06429999999999292,0.0,720,676,0.19999999999999996,1.5,24.0,24,2.0,46.0,0.0411868579685688,30.302376097448402,8.338776527340231,0.0,0.0,0.0,-1.0,1.0,0.8152360916137695,0.04404600337147713,0.007166683673858643,0.17879674695556244,0.1796740475743997,0.02545501959199707,0.02532890299335122,0.0,0.0,0.016655627489089966,False,False
3.22,5.62255334854126,1.8555744886398315,0.6409187912940979,0.684994127147564,0.6264033278838855,0.9356000000000071,0.06439999999999291,0.0,875,828,0.5280013490960338,1.4719986509039662,38.0,38,6.0,26.0,0.04120540991425514,27.777178089327702,15.977211816728545,0.0,0.0,0.0,-0.5899983136299578,1.0,0.8152043223381042,0.04408222436904907,0.0071762800216674805,0.17917705650937937,0.1808116685561824,0.025460158940404654,0.025315433740615845,0.0,0.0,0.020884225368499758,False,False
3.225,5.6544013023376465,1.952046513557434,0.675014317035675,0.6316709595006472,0.7029881379310958,0.9355000000000071,0.0644999999999929,0.0,796,750,0.5673345700046977,1.4326654299953023,38.0,38,4.0,19.0,0.04125247523188591,25.46241324855039,14.645777498667833,0.0,0.0,0.0,-0.5408317874941279,1.0,0.8152971863746643,0.0441153421998024,0.007185816764831543,0.1817326235845673,0.18416633055359005,0.025402716516206663,0.02523817432423433,0.0,0.0,0.026008512973785404,False,False
3.23,5.724216938018799,1.9801177978515625,0.690132737159729,0.09420076037704486,0.7011003609532753,0.9354000000000071,0.06459999999999289,0.0,686,646,0.6033900225043063,1.3966099774956937,71.0,71,5.0,22.0,0.041425954550504684,23.340545477837857,13.425296040445513,0.0,0.0,0.0,-0.4957624718696172,1.0,0.8153359293937683,0.0443841814994812,0.007195591926574707,0.18459731472656007,0.1873417810288556,0.02532260802884897,0.025148851952205103,0.0,0.0,0.015720728635787964,False,False
3.235,5.789522171020508,2.0893046855926514,0.6858706474304199,0.19953911185050482,0.9464338558623744,0.9353000000000071,0.06469999999999287,0.0,558,529,0.6364408539622808,1.3635591460377192,23.0,23,3.0,20.0,0.0414210669696331,21.395500021351367,12.306521370408387,0.0,0.0,0.0,-0.454448932547149,1.0,0.8153305649757385,0.04430048540234566,0.0072051286697387695,0.1895080161876964,0.19240585879733038,0.025182669827093683,0.025015209491054218,0.0,0.0,0.021362502574920655,False,False
3.24,5.827685356140137,2.304716110229492,0.7158185839653015,0.7358102230674697,0.6399419226023514,0.9352000000000071,0.06479999999999286,0.0,648,603,0.33340411613209087,1.5,25.0,25,2.0,22.0,0.04134734347462654,27.945875019572085,11.280977922874355,0.0,0.0,0.0,-0.8332448548348864,1.0,0.8152825832366943,0.04424586519598961,0.007214903831481934,0.19538837670720985,0.1996164503507303,0.025060224967698257,0.024875760233650606,0.0,0.0,0.015494866371154787,False,False
3.245,5.938409805297852,2.470163583755493,0.7042874097824097,0.5120789745029165,0.48892335314168117,0.9351000000000071,0.06489999999999285,0.0,591,556,0.7222871064544165,1.2777128935455835,28.0,28,6.0,41.0,0.04130953177809715,25.61705210127441,18.674229762634823,0.0,0.0,0.0,-0.34714111693197935,1.0,0.8151933550834656,0.044186029583215714,0.007224440574645996,0.20337937003373963,0.2081258903890834,0.02486744352305929,0.02468602809434136,0.0,0.0,0.011167764663696289,False,False
3.25,6.086635112762451,2.5140247344970703,0.6584115028381348,0.7250959402193153,0.784423044014932,0.9350000000000072,0.06499999999999284,0.0,696,657,0.7454298475832151,1.254570152416785,30.0,30,2.0,32.0,0.041258588433265686,23.48229775950154,17.11804394908192,0.0,0.0,0.0,-0.3182126905209811,1.0,0.8151819109916687,0.04415840655565262,0.007233977317810059,0.2131036948331928,0.21707426732157523,0.024623041196415823,0.02447337688257297,0.0,0.0,0.020738365650177004,False,False
3.255,6.103669166564941,2.4710731506347656,0.6483221650123596,0.9416333098158716,0.46945469814497975,0.9349000000000072,0.06509999999999283,0.0,683,647,0.7666440269512805,1.2333559730487194,23.0,23,7.0,42.0,0.041232239454984665,21.52543961287641,15.691540286658425,0.0,0.0,0.0,-0.2916949663108993,1.0,0.8151221871376038,0.044091545045375824,0.0072435736656188965,0.215219933353363,0.21852202219888422,0.02458476151029269,0.024446931201964617,0.0,0.0,0.016847429275512697,False,False
3.2600000000000002,6.106400966644287,2.4074466228485107,0.623877763748169,0.36882384167605725,0.9317114327440714,0.9348000000000072,0.06519999999999282,0.0,684,641,0.7860903580386739,1.213909641961326,33.0,33,2.0,18.0,0.04122377932071686,19.73165297847004,14.38391192943689,0.0,0.0,0.0,-0.2673870524516576,1.0,0.8150215744972229,0.04407700151205063,0.007253110408782959,0.21466135783493373,0.21705782711071128,0.024598263359318178,0.024471361345301073,0.0,0.0,0.01584789752960205,False,False
3.265,6.195034027099609,2.40913987159729,0.5997903347015381,-0.09842085804196755,0.5667448573057445,0.9347000000000072,0.06529999999999281,0.0,680,645,0.8039161615354511,1.196083838464549,47.0,47,6.0,18.0,0.04127059504389763,18.087348563597537,13.185252601983814,0.0,0.0,0.0,-0.24510479808068614,1.0,0.8149325847625732,0.04417582228779793,0.007262587547302246,0.21898187406112604,0.22067452075083904,0.02449091523885727,0.024377570177117985,0.0,0.0,0.01978188157081604,False,False
3.27,6.250621318817139,2.4528446197509766,0.5854530930519104,0.8115184713833089,0.28192938085998487,0.9346000000000072,0.0653999999999928,0.0,696,659,1.1535898147408303,0.8464101852591698,43.0,43,5.0,22.0,0.041219815611839294,16.580069516631074,20.41981488515183,0.0,0.0,0.0,0.1919872684260378,1.0,0.8149188756942749,0.04425814747810364,0.007272064685821533,0.22369696403480915,0.22510296900756507,0.02438907666752736,0.024285655623922747,0.0,0.0,0.021020727157592775,False,False
3.275,6.312814712524414,2.4664225578308105,0.6164432168006897,0.07636661216684083,0.5315060609873782,0.9345000000000072,0.06549999999999279,0.0,652,612,0.8074573301790943,1.1925426698209058,37.0,37,6.0,37.0,0.041223540902137756,23.53173039024515,18.71816364472251,0.0,0.0,0.0,-0.24067833727613214,1.0,0.8149080872535706,0.044302355498075485,0.007281661033630371,0.22766517018278287,0.22980648421247646,0.024318205347905558,0.0241989572532475,0.0,0.0,0.01552556395530701,False,False
3.2800000000000002,6.468818187713623,2.4400596618652344,0.6445834636688232,1.2325523627990589,0.5182482645845723,0.9344000000000072,0.06559999999999278,0.0,652,613,0.49016921933083657,1.5,28.0,28,1.0,26.0,0.04118432477116585,29.904086191058052,17.158316674328965,0.0,0.0,0.0,-0.6372884758364543,1.0,0.814852237701416,0.044275324791669846,0.007291018962860107,0.2356504304458682,0.23825005523860293,0.024162641105552517,0.024031271071483694,0.0,0.0,0.018780869245529175,False,False
3.285,6.595067024230957,2.4283041954040527,0.6267125606536865,0.5636892117860279,0.8030866302906134,0.9343000000000072,0.06569999999999276,0.0,738,691,0.5326551177199335,1.4673448822800665,45.0,45,8.0,33.0,0.041155796498060226,27.41207900846988,15.728456951468218,0.0,0.0,0.0,-0.5841811028500832,1.0,0.8148065209388733,0.04435764253139496,0.007300376892089844,0.24112105035781697,0.24260938525199727,0.02404533016184966,0.023928519027928512,0.0,0.0,0.01982534170150757,False,False
3.29,6.61212158203125,2.529108762741089,0.6795429587364197,0.7041171077816165,0.978536399549014,0.9342000000000072,0.06579999999999275,0.0,773,729,0.5716005245766057,1.4283994754233942,41.0,41,3.0,27.0,0.04149063304066658,25.12773909109739,14.417752205512532,0.0,0.0,0.0,-0.5354993442792428,1.0,0.8148345351219177,0.044415220618247986,0.007309675216674805,0.24550418680657776,0.24905188238993117,0.02400567832713326,0.02386002646138271,0.0,0.0,0.016914038658142092,False,False
3.295,6.58055305480957,2.6374082565307617,0.7405955791473389,0.3336554034868345,0.38923270422957057,0.9341000000000073,0.06589999999999274,0.0,747,711,0.6073004808618885,1.3926995191381115,35.0,35,8.0,25.0,0.041456181555986404,23.03376083350594,13.216272855053154,0.0,0.0,0.0,-0.49087439892263934,1.0,0.8148128390312195,0.04442968592047691,0.007318973541259766,0.24861195776114692,0.2550177449459814,0.024001160636544228,0.023819231428205967,0.0,0.0,0.02093141555786133,False,False
3.3000000000000003,6.551347732543945,2.6526200771331787,0.7874734401702881,-0.084618289914117,0.8713739872277595,0.9340000000000073,0.06599999999999273,0.0,650,606,0.9733587741233977,1.0266412258766022,23.0,23,4.0,21.0,0.04139827564358711,21.114280764047113,20.448250117132055,0.0,0.0,0.0,-0.03330153234575288,1.0,0.8148000836372375,0.044339366257190704,0.007328152656555176,0.24768323497474026,0.2558407799340767,0.02403775928542018,0.023832456208765507,0.0,0.0,0.023127057552337647,False,False
3.305,6.582516193389893,2.698992967605591,0.8204532265663147,0.89558695354387,0.9673506955321035,0.9339000000000073,0.06609999999999272,0.0,614,564,1.3089122096131147,0.6910877903868853,28.0,28,5.0,17.0,0.04134247079491615,19.354757367043185,27.07756260737105,0.0,0.0,0.0,0.3861402620163933,1.0,0.8147422075271606,0.044293973594903946,0.0073372721672058105,0.2501844092955175,0.25965461857616723,0.024002086526403826,0.023781954466054838,0.0,0.0,0.022098851203918458,False,False
3.31,6.621495246887207,2.7639613151550293,0.8413062691688538,0.7254043596916434,0.5939136128272808,0.9338000000000073,0.06619999999999271,0.0,654,613,1.2831695254786883,0.7168304745213117,43.0,43,4.0,31.0,0.04128854721784592,17.741860919789584,24.821099056756793,0.0,0.0,0.0,0.3539619068483605,1.0,0.8147148489952087,0.04436686262488365,0.007346451282501221,0.252866607602684,0.2633152581540229,0.023960440885275602,0.02372725478683909,0.0,0.0,0.02619982957839966,False,False
3.315,6.649683952331543,2.8129165172576904,0.849481999874115,2.902719185194596,0.8205485152134521,0.9337000000000073,0.0662999999999927,0.0,706,667,1.259572065022131,0.7404279349778691,46.0,46,2.0,25.0,0.04122868925333023,16.26337250980712,22.752674135360394,0.0,0.0,0.0,0.3244650812776637,1.0,0.8146879076957703,0.04444633796811104,0.0073555707931518555,0.2551502342000586,0.2660958100706321,0.023914489429444075,0.023677321150898933,0.0,0.0,0.01994885325431824,False,False
3.3200000000000003,6.6939215660095215,2.945964813232422,0.854393720626831,0.3806351460686038,0.4157938941591043,0.9336000000000073,0.06639999999999269,0.0,654,617,1.23794105960362,0.76205894039638,46.0,46,5.0,34.0,0.04117140918970108,23.241424800656524,29.189951290747025,0.0,0.0,0.0,0.29742632450452505,1.0,0.8146165609359741,0.04453742504119873,0.007364749908447266,0.2638655601429425,0.27621865322564854,0.02378973877057433,0.023554107174277306,0.0,0.0,0.01987083196640015,False,False
3.325,6.715429306030273,3.1088755130767822,0.8731160163879395,-0.34080462889609425,0.24577093705199055,0.9335000000000073,0.06649999999999268,0.0,681,639,0.8847793046366518,1.1152206953633483,21.0,21,8.0,33.0,0.041136305779218674,29.637972733935147,26.75745534985144,0.0,0.0,0.0,-0.1440258692041853,1.0,0.8145557045936584,0.04447562247514725,0.007373929023742676,0.269836898982523,0.284247261563935,0.02371869826068481,0.023471671156585217,0.0,0.0,0.006795118451118469,False,False
3.33,6.7934112548828125,3.2149338722229004,0.8479661345481873,0.5892885877823903,0.8492008634764446,0.9334000000000073,0.06659999999999267,0.0,783,731,0.894381029250264,1.105618970749736,45.0,45,3.0,34.0,0.04128484055399895,27.168141672773885,24.527667404030485,0.0,0.0,0.0,-0.13202371343717,1.0,0.8146201372146606,0.04453885182738304,0.007382988929748535,0.2799362238496523,0.2948511474765817,0.02356866995493571,0.023333796610434852,0.0,0.0,0.01723600149154663,False,False
3.335,6.914442539215088,3.2231624126434326,0.7948659062385559,1.1917424655610043,0.39563122922697136,0.9333000000000073,0.06669999999999265,0.0,819,772,0.9031826101460753,1.0968173898539246,59.0,59,5.0,17.0,0.04142185300588608,24.904129866709393,22.483695120361276,0.0,0.0,0.0,-0.12102173731740588,1.0,0.8146310448646545,0.04473764821887016,0.007391989231109619,0.2965076607316712,0.31015693352619594,0.023355318699032068,0.023155345115810633,0.0,0.0,0.020060338973999024,False,False
3.34,6.938256740570068,3.1833677291870117,0.7666902542114258,0.4653220396800609,0.8743163195947204,0.9332000000000074,0.06679999999999264,0.0,649,613,0.9112507259672357,1.0887492740327642,33.0,33,5.0,26.0,0.041599374264478683,22.828785711150275,20.610053860331167,0.0,0.0,0.0,-0.11093659254095538,1.0,0.8146496415138245,0.04470643773674965,0.007400989532470703,0.30138870137184653,0.31349046486864274,0.023313845352580152,0.023129686402777832,0.0,0.0,0.01521167278289795,False,False
3.345,6.953754901885986,3.160698175430298,0.7479878664016724,0.3529149347008265,1.0000000000000002,0.9331000000000074,0.06689999999999263,0.0,639,595,0.5853131654699661,1.4146868345300339,29.0,29,6.0,18.0,0.041556183248758316,29.25972023522108,18.892549371970237,0.0,0.0,0.0,-0.5183585431625423,1.0,0.8146935701370239,0.044661495834589005,0.007409989833831787,0.3022537107914665,0.31340583561360624,0.023306260506312054,0.023126713155458372,0.0,0.0,0.014908260107040406,False,False
3.35,7.076268672943115,3.201960563659668,0.7174864411354065,0.7193719185107649,0.9962253439415747,0.9330000000000074,0.06699999999999262,0.0,692,643,0.6198704016808023,1.3801295983191977,33.0,33,3.0,21.0,0.04151448979973793,26.821410215619323,17.318170257639384,0.0,0.0,0.0,-0.475161997898997,1.0,0.8147353529930115,0.044715382158756256,0.007418990135192871,0.3171750575080492,0.32749850854029033,0.023129514884203672,0.022968809741238754,0.0,0.0,0.03501523733139038,False,False
3.355,7.095475673675537,3.236284017562866,0.7065932154655457,0.8065995419998118,0.9780492922714359,0.9329000000000074,0.06709999999999261,0.0,681,635,0.6515478682074022,1.3484521317925977,33.0,33,4.0,19.0,0.041451457887887955,24.586292697651047,15.874989402836102,0.0,0.0,0.0,-0.43556516474074725,1.0,0.8147302865982056,0.04469015449285507,0.00742793083190918,0.32088385999202507,0.3310376898323473,0.023083636381973825,0.022929591747621696,0.0,0.0,0.022728593349456788,False,False
3.36,7.190321922302246,3.2708606719970703,0.7361580729484558,-2.7447886761162907,0.4011814191093423,0.9328000000000074,0.0671999999999926,0.0,718,679,0.34725221252345206,1.5,40.0,40,5.0,25.0,0.0413932166993618,30.870768306180125,14.552073619266427,0.0,0.0,0.0,-0.8159347343456849,1.0,0.8146820664405823,0.04470154270529747,0.007436871528625488,0.33135128945857056,0.3434281210675812,0.02297764178365469,0.022808227998514972,0.0,0.0,0.024016420841217044,False,False
3.365,7.361713409423828,3.2500147819519043,0.7328198552131653,0.6324577870589996,1.0,0.9327000000000074,0.06729999999999259,0.0,679,636,0.4016478614798311,1.5,27.0,27,5.0,18.0,0.041389625519514084,36.63153761399845,21.672734150994224,0.0,0.0,0.0,-0.7479401731502111,1.0,0.814663827419281,0.04467126354575157,0.007445693016052246,0.34920963491995893,0.3608242518703118,0.02280660904943943,0.022642240704347692,0.0,0.0,0.01695599675178528,False,False
3.37,7.449855804443359,3.2784817218780518,0.7407206296920776,0.6983158356553725,0.881079198212326,0.9326000000000074,0.06739999999999258,0.0,762,715,0.4515105396898451,1.5,37.0,37,3.0,26.0,0.04135210067033768,33.57890947949858,19.866672971744705,0.0,0.0,0.0,-0.6856118253876936,1.0,0.8145993947982788,0.04468346759676933,0.007454514503479004,0.3576704348996257,0.3694842113591705,0.022723797398308914,0.02256019040942192,0.0,0.0,0.020517516136169433,False,False
3.375,7.416021823883057,3.389178514480591,0.8016117811203003,0.9161238983965011,0.3960332153422272,0.9325000000000074,0.06749999999999257,0.0,743,691,0.8305513280490247,1.1694486719509753,62.0,62,6.0,15.0,0.04131096228957176,30.780667022873693,26.54445022409931,0.0,0.0,0.0,-0.21181083993871913,1.0,0.8145909905433655,0.04496080055832863,0.007463335990905762,0.36013735547661535,0.37739487540721633,0.02272973768413067,0.022533235605806112,0.0,0.0,0.020656545162200928,False,False
3.38,7.339147567749023,3.4589452743530273,0.8535698056221008,0.8083352932827699,0.9783434825693034,0.9324000000000074,0.06759999999999255,0.0,832,784,0.8446720507116059,1.155327949288394,67.0,67,7.0,20.0,0.04143316298723221,28.21561143763422,24.332412705424368,0.0,0.0,0.0,-0.1941599366104926,1.0,0.8146575689315796,0.04522094503045082,0.0074721574783325195,0.3558437974813059,0.3775714594249898,0.02279231402402123,0.022568012742946546,0.0,0.0,0.020318546295166016,False,False
3.3850000000000002,7.3308939933776855,3.467986822128296,0.8803273439407349,1.0551433551067027,0.6001706288914871,0.9323000000000075,0.06769999999999254,0.0,660,619,0.8576160464856387,1.1423839535143612,29.0,29,7.0,33.0,0.041386377066373825,25.864310484498034,22.304711646639003,0.0,0.0,0.0,-0.17797994189295158,1.0,0.8147237300872803,0.04518205672502518,0.007480978965759277,0.3561676471481696,0.3796997487048282,0.022795355568329494,0.022562926945587,0.0,0.0,0.0188082754611969,False,False
3.39,7.384114742279053,3.5808486938476562,0.9362823963165283,0.5418557346427394,0.9911177673375664,0.9322000000000075,0.06779999999999253,0.0,614,574,0.8694813759451687,1.1305186240548313,25.0,25,5.0,28.0,0.041331492364406586,23.70895127745653,20.44598567608575,0.0,0.0,0.0,-0.16314828006853901,1.0,0.8147417902946472,0.04512399062514305,0.007489800453186035,0.3626386332400118,0.39115466874837607,0.022736014798283577,0.02247601669902603,0.0,0.0,0.021109461784362793,False,False
3.395,7.440700531005859,3.6893062591552734,0.9784591794013977,2.4487630781383514,0.3503293261233264,0.9321000000000075,0.06789999999999252,0.0,635,592,0.880357927949738,1.119642072050262,33.0,33,3.0,20.0,0.04127407446503639,21.733205337668487,18.742153536411937,0.0,0.0,0.0,-0.14955259006282748,1.0,0.8147002458572388,0.045114725828170776,0.007498443126678467,0.3653040614699299,0.39688430503258826,0.02268393368770679,0.02240164903923869,0.0,0.0,0.02549954414367676,False,False
3.4,7.502776622772217,3.7653119564056396,0.9574581384658813,1.1383158200127839,0.7420119698600642,0.9320000000000075,0.06799999999999251,0.0,683,631,0.8903281006205931,1.1096718993794068,35.0,35,2.0,26.0,0.04135490581393242,19.92210489286278,17.180307408377608,0.0,0.0,0.0,-0.1370898742242586,1.0,0.8146779537200928,0.04511863738298416,0.0075070858001708984,0.379564874056724,0.4122646470467221,0.022564169485121965,0.02229166217148304,0.0,0.0,0.019057565927505495,False,False
3.4050000000000002,7.513794422149658,3.9052343368530273,0.9684737920761108,0.6801183741203392,0.997346707686971,0.9319000000000075,0.0680999999999925,0.0,766,717,0.899467425568877,1.100532574431123,41.0,41,5.0,25.0,0.04134724289178848,18.261929485124213,15.74861512434614,0.0,0.0,0.0,-0.12566571803890367,1.0,0.8146823048591614,0.045176997780799866,0.00751572847366333,0.3897502624988529,0.42667249307036104,0.022488103713840246,0.022212859864036243,0.0,0.0,0.008919275999069215,False,False
3.41,7.525714874267578,4.054291248321533,0.9808469414710999,1.0810292861284767,0.6862965045048351,0.9318000000000075,0.06819999999999249,0.0,706,655,1.2411784734381373,0.7588215265618626,42.0,42,6.0,16.0,0.04140818864107132,16.740102028030527,22.76956386398396,0.0,0.0,0.0,0.3014730917976717,1.0,0.8146906495094299,0.045263130217790604,0.007524371147155762,0.395189789871372,0.4358773933860132,0.022424838971346617,0.022144070050368708,0.0,0.0,0.011963126659393312,False,False
3.415,7.6197357177734375,4.143876552581787,0.9508858323097229,1.151823291938466,1.0,0.9317000000000075,0.06829999999999248,0.0,710,653,1.2210802673182926,0.7789197326817073,45.0,45,5.0,17.0,0.04143208637833595,15.345093525694649,20.872100208651965,0.0,0.0,0.0,0.2763503341478658,1.0,0.81463623046875,0.04535440355539322,0.007533013820648193,0.41909547838320044,0.4627185749933091,0.022244701006760202,0.021980535238981247,0.0,0.0,0.018559415340423584,False,False
3.42,7.703617095947266,4.140929222106934,0.9072222113609314,2.400772675361233,0.31631920715884765,0.9316000000000075,0.06839999999999247,0.0,766,716,1.202656911708435,0.7973430882915652,61.0,61,4.0,13.0,0.041381314396858215,22.399669065220095,27.466091857930966,0.0,0.0,0.0,0.25332113963554354,1.0,0.814602255821228,0.04557586461305618,0.007541656494140625,0.44512448263540555,0.488948699355122,0.022098748789479337,0.021859373276432358,0.0,0.0,0.018637689352035525,False,False
3.4250000000000003,7.6991496086120605,4.0807271003723145,0.8739922642707825,0.7965653885651772,0.17276646337509985,0.9315000000000075,0.06849999999999246,0.0,757,712,1.1857688357327318,0.814231164267268,30.0,30,6.0,35.0,0.04151241108775139,20.533029976451754,25.177250869770052,0.0,0.0,0.0,0.2322110446659149,1.0,0.8145787119865417,0.04558410868048668,0.007550299167633057,0.44860644169151465,0.48904758928219133,0.02210542947674791,0.02187878281498949,0.0,0.0,0.013417689800262454,False,False
3.43,7.767490386962891,4.087352275848389,0.8532152771949768,0.9076388793758486,0.3510321036164763,0.9314000000000076,0.06859999999999244,0.0,745,691,1.170288099421671,0.8297119005783291,21.0,21,4.0,37.0,0.041487809270620346,18.821944145080774,23.079146630622546,0.0,0.0,0.0,0.21286012427708859,1.0,0.8145250082015991,0.04551978409290314,0.0075591206550598145,0.46348467366148705,0.5036917997524106,0.02202181067938606,0.02180243842303753,0.0,0.0,0.023203592300415042,False,False
3.435,7.828320503234863,4.129764556884766,0.8186612129211426,1.8667317989742431,0.7551532224318904,0.9313000000000076,0.06869999999999243,0.0,823,780,1.156097424469865,0.8439025755301351,57.0,57,5.0,21.0,0.04147111624479294,17.253448799657377,21.155884411404,0.0,0.0,0.0,0.1951217805873311,1.0,0.8145319223403931,0.04565173387527466,0.007567703723907471,0.4817610251530971,0.5213296313583814,0.02191115946819385,0.02170982382570704,0.0,0.0,0.03302193641662598,False,False
3.44,7.844996929168701,4.178095817565918,0.821747362613678,1.151823291938466,1.0,0.9312000000000076,0.06879999999999242,0.0,820,759,1.1430893057640428,0.8569106942359572,54.0,54,8.0,10.0,0.041436951607465744,15.81566139968593,19.392894043787,0.0,0.0,0.0,0.1788616322050535,1.0,0.8146588206291199,0.04586184769868851,0.007576406002044678,0.4904124529063667,0.5323404086828194,0.021864475371936958,0.021664538265516363,0.0,0.0,0.015761216878890993,False,False
3.4450000000000003,7.9982008934021,4.2380218505859375,0.859373927116394,0.24755761560529577,0.5594052504113215,0.9311000000000076,0.06889999999999241,0.0,738,684,1.1311651969503727,0.8688348030496275,41.0,41,5.0,13.0,0.04141763597726822,14.497689616378768,17.77681954013808,0.0,0.0,0.0,0.16395649618796568,1.0,0.8147295713424683,0.0459195040166378,0.0075852274894714355,0.5209216745694442,0.5707729366620342,0.02170874970033765,0.02149148378521204,0.0,0.0,0.020516860485076904,False,False
3.45,8.178332328796387,4.240871906280518,0.8444443941116333,0.8662178427758699,0.2828964722736324,0.9310000000000076,0.0689999999999924,0.0,752,709,0.7869014305378416,1.2130985694621585,51.0,51,4.0,12.0,0.04136962816119194,21.622882148347202,16.29541791179324,0.0,0.0,0.0,-0.2663732118276981,1.0,0.8147542476654053,0.04609067365527153,0.007594048976898193,0.562703082613643,0.6127570452168541,0.02153481589630246,0.021328586153686047,0.0,0.0,0.015248309373855592,False,False
3.455,8.240677833557129,4.347367286682129,0.8757475018501282,0.5304194811684166,0.596989639318153,0.9309000000000076,0.06909999999999239,0.0,843,774,0.8046596446596881,1.195340355340312,94.0,94,8.0,22.0,0.04134347289800644,19.8209753026516,14.937466419143803,0.0,0.0,0.0,-0.2441754441753899,1.0,0.814811110496521,0.04662836715579033,0.0076029300689697266,0.5782253728806931,0.634937226225928,0.021458806780477367,0.021241278542826574,0.0,0.0,0.016928845643997194,False,False
3.46,8.211280822753906,4.471484661102295,0.9214175343513489,0.9539243830472706,0.9717757908643051,0.9308000000000076,0.06919999999999238,0.0,717,663,0.8209380076047141,1.1790619923952859,44.0,44,6.0,32.0,0.04129428416490555,26.502560694097298,22.02601088421515,0.0,0.0,0.0,-0.22382749049410738,1.0,0.8147988319396973,0.046702105551958084,0.00761181116104126,0.5778939901689648,0.6460015338112866,0.021449754325052105,0.02120750257745385,0.0,0.0,0.01871156215667725,False,False
3.465,8.163483619689941,4.481999397277832,0.9542646408081055,1.2513565081497098,0.5434481463637163,0.9307000000000076,0.06929999999999237,0.0,658,616,1.1691931736376546,0.8308068263623454,42.0,42,2.0,21.0,0.04123285412788391,24.294013969589187,28.52384331053055,0.0,0.0,0.0,0.21149146704706823,1.0,0.8148084878921509,0.046767350286245346,0.007620751857757568,0.5675116568505724,0.6410820459723426,0.021497509442269802,0.021239120978862047,0.0,0.0,0.017218675613403324,False,False
3.47,8.153942108154297,4.498104572296143,0.9812461733818054,0.20012575397490265,0.33398644481941353,0.9306000000000076,0.06939999999999236,0.0,629,585,1.1550937425011834,0.8449062574988165,19.0,19,9.0,18.0,0.041165791451931,22.269512805456753,26.146856367986338,0.0,0.0,0.0,0.19386717812647927,1.0,0.8147717714309692,0.046674326062202454,0.007629573345184326,0.5637379380166491,0.6410585118383123,0.021506062087913357,0.021238898237546287,0.0,0.0,0.016583502292633057,False,False
3.475,8.184330940246582,4.612551689147949,1.0091426372528076,1.0810292861284767,0.6862965045048351,0.9305000000000077,0.06949999999999235,0.0,849,776,1.142169263959418,0.8578307360405819,39.0,39,4.0,28.0,0.04115821048617363,20.41372007166869,23.96795167065414,0.0,0.0,0.0,0.17771157994927264,1.0,0.8148152232170105,0.04669857770204544,0.007638216018676758,0.5682255324572284,0.6518014097064687,0.021452708169817924,0.02117359545081854,0.0,0.0,0.030300953388214112,False,False
3.48,8.217035293579102,4.647821426391602,1.0374996662139893,0.8206770833052389,0.7408896666555101,0.9304000000000077,0.06959999999999233,0.0,805,754,1.1303218252961331,0.8696781747038668,38.0,38,5.0,21.0,0.04114772379398346,18.712576732362965,21.970622364766296,0.0,0.0,0.0,0.16290228162016654,1.0,0.8148073554039001,0.04676075652241707,0.007647156715393066,0.5674254116043408,0.6533352382108523,0.02143762695292632,0.021146664706369243,0.0,0.0,0.021963424682617187,False,False
3.485,8.255270957946777,4.730870246887207,0.9964298009872437,0.6004595361082627,0.8741121576893383,0.9303000000000077,0.06969999999999232,0.0,785,713,1.1194616731881222,0.8805383268118778,50.0,50,3.0,27.0,0.04117073863744736,17.153195337999385,20.13973716770244,0.0,0.0,0.0,0.1493270914851527,1.0,0.8148530721664429,0.046910129487514496,0.0076558589935302734,0.5909289392828899,0.6794415243466647,0.021323361434042454,0.021048852552970253,0.0,0.0,0.02071910858154297,False,False
3.49,8.23714828491211,4.873784065246582,1.0054572820663452,1.0371586567664117,0.986777836834684,0.9302000000000077,0.06979999999999231,0.0,865,797,1.1095065337557786,0.8904934662442213,86.0,86,7.0,19.0,0.041111066937446594,15.723762393166103,18.46142573706057,0.0,0.0,0.0,0.13688316719472332,1.0,0.814948558807373,0.04729821905493736,0.007664859294891357,0.5889849410206037,0.6837180353403043,0.02126628843446573,0.020990956109017134,0.0,0.0,0.02368008613586426,False,False
3.495,8.266036033630371,4.985188961029053,1.0196424722671509,1.0256813216814868,0.9634947085694746,0.9301000000000077,0.0698999999999923,0.0,714,653,1.1003809892761305,0.8996190107238695,21.0,21,7.0,21.0,0.041051000356674194,14.41344886040226,16.92297359230552,0.0,0.0,0.0,0.12547623659516302,1.0,0.8149928450584412,0.04724176600575447,0.007673799991607666,0.59158871735632,0.6916771279573392,0.02121396129950881,0.020932150849451624,0.0,0.0,0.016259937286376955,False,False
3.5,8.391505241394043,5.023717880249023,0.9533788561820984,-0.7194673442389574,0.1508957199880647,0.9300000000000077,0.06999999999999229,0.0,816,742,1.4253492401697863,0.5746507598302137,63.0,63,5.0,22.0,0.04111357778310776,13.212328122035405,23.84605912628006,0.0,0.0,0.0,0.5316865502122328,1.0,0.8149914145469666,0.04749290645122528,0.007682740688323975,0.6589528819794409,0.769861880473787,0.021006187113622826,0.02075543704753121,0.0,0.0,0.015854907035827637,False,False
3.505,8.44192123413086,5.010694980621338,0.906416654586792,0.9272803158062787,0.9588338282108891,0.9299000000000077,0.07009999999999228,0.0,787,725,1.3899034701556374,0.6100965298443626,103.0,103,7.0,17.0,0.04109296575188637,12.111300778532454,21.858887532423388,0.0,0.0,0.0,0.48737933769454667,1.0,0.8149917721748352,0.048111263662576675,0.007691621780395508,0.7038708612322757,0.8192385368049085,0.020905483203629654,0.0206776917912066,0.0,0.0,0.019973759651184083,False,False
3.5100000000000002,8.447071075439453,4.990748882293701,0.8658722639083862,,0.0,0.9298000000000077,0.07019999999999227,0.0,756,706,1.024078180976001,0.9759218190239991,44.0,44,7.0,22.0,0.04105565696954727,19.435359046988083,20.037313571388104,0.0,0.0,0.0,0.030097726220001064,1.0,0.8150683045387268,0.04821394756436348,0.007700562477111816,0.722819473788137,0.8352343106791318,0.020876103856911264,0.020664455369114876,0.0,0.0,0.019593154191970826,False,False
3.515,8.528478622436523,5.017202854156494,0.833807647228241,0.5915768722965875,0.2535271646499175,0.9297000000000077,0.07029999999999226,0.0,875,794,1.0220716658946674,0.9779283341053326,43.0,43,10.0,27.0,0.041002433747053146,17.81574579307241,18.367537440439094,0.0,0.0,0.0,0.02758958236833422,1.0,0.8150918483734131,0.04827049747109413,0.0077095627784729,0.7671648300737087,0.8838645593027211,0.020762373848507803,0.02056477979446451,0.0,0.0,0.027597665786743164,False,False
3.52,8.586995124816895,5.054437637329102,0.7936719655990601,0.9319685875887818,0.5288269883222798,0.9296000000000078,0.07039999999999225,0.0,953,874,1.3535656937367784,0.6464343062632216,69.0,69,1.0,25.0,0.04101219400763512,16.331100310316373,25.170242653735833,0.0,0.0,0.0,0.441957117170973,1.0,0.8151417374610901,0.04859789088368416,0.0077187418937683105,0.8117893233448208,0.9321885487735204,0.020655587626000248,0.020479463661710422,0.0,0.0,0.03341889619827271,False,False
3.525,8.647103309631348,5.1369428634643555,0.8182291388511658,1.5838963681871903,0.2810431709988297,0.9295000000000078,0.07049999999999224,0.0,886,796,1.3241018859253804,0.6758981140746196,68.0,68,7.0,20.0,0.04125088453292847,14.970175284456674,23.07272243259118,0.0,0.0,0.0,0.40512735740672534,1.0,0.8151981830596924,0.04892629012465477,0.0077277421951293945,0.8347154309749543,0.970590132355683,0.020572216405222814,0.02038678231959542,0.0,0.0,0.019472594261169436,False,False
3.5300000000000002,8.784525871276855,5.133317947387695,0.8202551007270813,0.2872128070367704,0.8264583520370933,0.9294000000000078,0.07059999999999222,0.0,912,815,1.2970933954315984,0.7029066045684015,79.0,79,7.0,31.0,0.04124109074473381,13.722660677418618,21.14999556320858,0.0,0.0,0.0,0.3713667442894981,1.0,0.8152514696121216,0.04936810955405235,0.00773698091506958,0.8952758254234925,1.0,0.020446220878511667,0.02025912826259931,0.0,0.0,0.018004504442214967,False,False
3.535,8.905375480651855,5.185920238494873,0.8004679679870605,0.80628604996253,1.0,0.9293000000000078,0.07069999999999221,0.0,902,813,1.2723356124789653,0.7276643875210347,77.0,77,9.0,31.0,0.0411987341940403,12.579105620967066,19.3874959329412,0.0,0.0,0.0,0.34041951559870665,1.0,0.8153071999549866,0.04974094778299332,0.00774616003036499,0.9652702407687832,1.0,0.02031047750885288,0.020134923979640007,0.0,0.0,0.015940593481063844,False,False
3.54,8.948163986206055,5.328518867492676,0.836596667766571,0.712625803132071,0.9461361351971036,0.9292000000000078,0.0707999999999922,0.0,843,745,1.249640978105718,0.7503590218942818,67.0,67,4.0,18.0,0.04113658145070076,11.53084681921981,17.771871271862764,0.0,0.0,0.0,0.3120512226321477,1.0,0.8153855204582214,0.05002123862504959,0.0077553391456604,0.9765439369901945,1.0,0.020234837041546903,0.02004430318872134,0.0,0.0,0.011861910820007326,False,False
3.545,8.950739860534668,5.4154558181762695,0.8686830401420593,1.5676374837190923,0.5936738330203292,0.9291000000000078,0.07089999999999219,0.0,909,818,1.2288375632635749,0.7711624367364251,67.0,67,7.0,15.0,0.04108187183737755,18.903276250951492,24.624215332540864,0.0,0.0,0.0,0.28604695407946856,1.0,0.815510094165802,0.05032261461019516,0.007764577865600586,0.968196114440752,1.0,0.020202030427753925,0.019995650121321283,0.0,0.0,0.018444769382476807,False,False
3.5500000000000003,8.926156044006348,5.391955852508545,0.9057835340499878,0.7057423690122765,0.3790756962839571,0.9290000000000078,0.07099999999999218,0.0,914,824,1.2097677663249438,0.7902322336750564,69.0,69,8.0,32.0,0.04106437787413597,17.328003230038867,22.572197388162458,0.0,0.0,0.0,0.26220970790617953,1.0,0.8155808448791504,0.05065247043967247,0.007773756980895996,0.9491048744047613,1.0,0.020244955085217953,0.020022501703351736,0.0,0.0,0.013411269187927247,False,False
3.555,8.919605255126953,5.469974994659424,0.930677592754364,0.9330327620346338,0.5258843579228673,0.9289000000000078,0.07109999999999217,0.0,825,750,1.1922871191311983,0.8077128808688017,56.0,56,7.0,28.0,0.04105714336037636,15.88400296086896,20.691180939148918,0.0,0.0,0.0,0.2403588989139979,1.0,0.8156759738922119,0.05084887519478798,0.007783114910125732,0.9286753356456688,1.0,0.020227981731295586,0.01999703391144673,0.0,0.0,0.02068630933761597,False,False
3.56,8.9440279006958,5.542508602142334,0.939004123210907,,0.0,0.9288000000000078,0.07119999999999216,0.0,840,764,1.1762631925369318,0.8237368074630682,55.0,55,5.0,21.0,0.04102025553584099,14.560336047463213,18.96691586088651,0.0,0.0,0.0,0.2203289906711648,1.0,0.8157193660736084,0.05105231702327728,0.007792413234710693,0.9302040367523762,1.0,0.020178303432961307,0.019944220936546724,0.0,0.0,0.022395069599151614,False,False
3.565,8.993104934692383,5.5957255363464355,0.9353174567222595,1.6319482423325746,0.16447642915911664,0.9287000000000079,0.07129999999999215,0.0,790,713,1.1615745931588541,0.8384254068411459,66.0,66,5.0,29.0,0.04095211997628212,13.346974710174612,17.386339539145965,0.0,0.0,0.0,0.20196824144856765,1.0,0.8157162070274353,0.051334839314222336,0.007801711559295654,0.9527219496369292,1.0,0.020109068136662245,0.019876679871231318,0.0,0.0,0.014186526536941529,False,False
3.5700000000000003,8.992569923400879,5.720668792724609,0.8942830562591553,0.4281821274290356,1.0,0.9286000000000079,0.07139999999999214,0.0,823,742,1.4814433770622828,0.5185566229377171,57.0,57,4.0,20.0,0.04088803753256798,12.23472681766006,24.270811244217132,0.0,0.0,0.0,0.6018042213278536,1.0,0.8156680464744568,0.05154421180486679,0.007811188697814941,0.9710144112035561,1.0,0.020008900513251625,0.019796121244629226,0.0,0.0,0.02213132381439209,False,False
3.575,8.958621978759766,5.854243755340576,0.9158348441123962,0.552176019966141,0.8745777843483786,0.9285000000000079,0.07149999999999213,0.0,849,778,1.1079897623070927,0.8920102376929074,59.0,59,6.0,22.0,0.04096810892224312,19.548499582855055,22.24824364053237,0.0,0.0,0.0,0.13498720288386573,1.0,0.8156479597091675,0.05178214609622955,0.007820665836334229,0.9124611250112388,1.0,0.020009028570105634,0.019786349342515074,0.0,0.0,0.020095450878143312,False,False
3.58,9.025372505187988,5.8899970054626465,0.8966884016990662,0.5519299465614459,0.6412184337832262,0.9284000000000079,0.07159999999999211,0.0,845,775,1.4323239487815014,0.5676760512184986,35.0,35,7.0,32.0,0.04129936546087265,17.919457950950466,28.727556670488003,0.0,0.0,0.0,0.5404049359768768,1.0,0.8156309723854065,0.051812175661325455,0.007830023765563965,0.9517831045637458,1.0,0.019925495920081936,0.019710431806743145,0.0,0.0,0.018559826612472536,False,False
3.585,9.157746315002441,5.861698627471924,0.8315972685813904,0.8695237222123704,0.9470837936569362,0.9283000000000079,0.0716999999999921,0.0,966,877,1.3962969530497098,0.6037030469502903,119.0,119,3.0,25.0,0.04134702309966087,16.42616978837126,26.333593614614003,0.0,0.0,0.0,0.4953711913121371,1.0,0.8155667781829834,0.052496425807476044,0.007839560508728027,1.0,1.0,0.019740615971386433,0.019557246317466102,0.0,0.0,0.022719390392303467,False,False
3.59,9.175393104553223,5.832423686981201,0.7913122177124023,-0.17139545263546524,0.25357049167010254,0.9282000000000079,0.07179999999999209,0.0,838,768,1.3632722069622338,0.6367277930377662,42.0,42,8.0,25.0,0.041361499577760696,15.05732230600699,24.139127480062836,0.0,0.0,0.0,0.4540902587027923,1.0,0.8156282305717468,0.05260432884097099,0.007848978042602539,1.0,1.0,0.019698549682895344,0.019532299290100735,0.0,0.0,0.02102160692214966,False,False
3.595,9.209766387939453,5.848065376281738,0.7493770718574524,0.24448375147253298,0.8290188952552217,0.9281000000000079,0.07189999999999208,0.0,819,736,1.3329995230487142,0.6670004769512857,47.0,47,7.0,30.0,0.04130984842777252,13.802545447173074,22.12753352339093,0.0,0.0,0.0,0.4162494038108928,1.0,0.8156340718269348,0.05272211506962776,0.007858514785766602,1.0,1.0,0.019635516994943224,0.01948493610446652,0.0,0.0,0.02819851875305176,False,False
3.6,9.312363624572754,5.883997440338135,0.6948882937431335,0.4146110316957591,0.9044679846691503,0.9280000000000079,0.07199999999999207,0.0,920,839,1.5,0.361417103872012,72.0,72,8.0,28.0,0.04129303991794586,12.652333326575317,28.616905729775016,0.0,0.0,0.0,0.798228620159985,1.0,0.8155942559242249,0.05306867137551308,0.00786811113357544,1.0,1.0,0.01949264823148648,0.019368802507718406,0.0,0.0,0.04155467510223389,False,False
3.605,9.337118148803711,5.906304836273193,0.6655070781707764,0.7317061999668799,0.6409030906869259,0.9279000000000079,0.07209999999999206,0.0,954,860,1.5,0.4146323452160108,70.0,70,4.0,32.0,0.041346967220306396,19.931305549360705,34.565496918960434,0.0,0.0,0.0,0.7317095684799865,1.0,0.8155563473701477,0.05336534231901169,0.007877767086029053,1.0,1.0,0.019446262158453465,0.0193375318000714,0.0,0.0,0.03042517900466919,False,False
3.61,9.481939315795898,5.995305061340332,0.6871103644371033,0.8894308473227829,0.5351991036294437,0.927800000000008,0.07219999999999205,0.0,835,752,1.5,0.19999999999999996,50.0,50,4.0,35.0,0.0412975437939167,18.27036342024731,40.01837217571373,0.0,0.0,0.0,1.0,1.0,0.8155896663665771,0.053473904728889465,0.007887303829193115,1.0,1.0,0.019290560546020668,0.01917287784939011,0.0,0.0,0.0231076455116272,False,False
3.615,9.720584869384766,5.988285064697266,0.6539186835289001,0.8573554286660364,0.4757399687282463,0.927700000000008,0.07229999999999204,0.0,805,731,1.5,0.20257301229956448,75.0,75,8.0,37.0,0.041254281997680664,16.7478331352267,36.683507827737586,0.0,0.0,0.0,0.9967837346255444,1.0,0.815570592880249,0.0537935309112072,0.007896959781646729,1.0,1.0,0.019062884772817295,0.01896214360992114,0.0,0.0,0.010446075201034546,False,False
3.62,9.88685417175293,6.049505710601807,0.6547818183898926,0.4714169737827949,0.8637428037270409,0.927600000000008,0.07239999999999203,0.0,857,761,1.5,0.2690252612746007,38.0,38,7.0,35.0,0.04118240997195244,15.352180373957808,33.62654884209279,0.0,0.0,0.0,0.913718423406749,1.0,0.8155117034912109,0.053874555975198746,0.007906675338745117,1.0,1.0,0.0188974275564154,0.018801193218678236,0.0,0.0,0.017195430994033815,False,False
3.625,9.927162170410156,6.199869632720947,0.6802459359169006,-0.04841762997878549,0.9205412512508445,0.927500000000008,0.07249999999999202,0.0,924,830,1.336726843831616,0.663273156168384,86.0,86,4.0,25.0,0.04126353934407234,22.406165342794655,30.824336438585053,0.0,0.0,0.0,0.42090855478951994,1.0,0.8154600858688354,0.05433870106935501,0.007916450500488281,1.0,1.0,0.018803381826728582,0.018696216866374016,0.0,0.0,0.018201929330825806,False,False
3.63,9.890166282653809,6.245657920837402,0.6850947141647339,0.49696400438861876,0.9896428606935265,0.927400000000008,0.072599999999992,0.0,949,844,1.3086662735123147,0.6913337264876853,71.0,71,4.0,16.0,0.04125872254371643,20.538984897561765,28.255641735369633,0.0,0.0,0.0,0.3858328418903934,1.0,0.8154796957969666,0.05465471372008324,0.00792616605758667,1.0,1.0,0.018799440003931522,0.018687006862213217,0.0,0.0,0.014707181453704834,False,False
3.6350000000000002,9.835654258728027,6.2279767990112305,0.725282609462738,0.5282937317517783,0.9804206230291141,0.927300000000008,0.072699999999992,0.0,893,795,1.2829440840529551,0.7170559159470449,80.0,80,12.0,16.0,0.04145769402384758,18.82740282276495,25.901004924088827,0.0,0.0,0.0,0.3536801050661939,1.0,0.815447211265564,0.05499646067619324,0.007936060428619385,1.0,1.0,0.01886584796011448,0.018736782173315685,0.0,0.0,0.015006417036056518,False,False
3.64,9.866463661193848,6.32719087600708,0.7571660876274109,1.3123211625317823,0.36118944817205495,0.927200000000008,0.07279999999999198,0.0,861,769,1.2593654103818757,0.7406345896181243,35.0,35,5.0,17.0,0.041410937905311584,17.258452587534535,23.742587847081424,0.0,0.0,0.0,0.32420676297734446,1.0,0.8153752088546753,0.05502805486321449,0.007945895195007324,1.0,1.0,0.018814632979532085,0.018674335442483425,0.0,0.0,0.029729044437408446,False,False
3.645,9.89012622833252,6.36337947845459,0.7672686576843262,0.5640286579464121,0.9446372404012079,0.927100000000008,0.07289999999999197,0.0,892,787,0.9044182928500527,1.0955817071499474,58.0,58,5.0,22.0,0.04136745631694794,24.15358153857332,21.764038859824637,0.0,0.0,0.0,-0.11947713393743413,1.0,0.8153772354125977,0.05521076172590256,0.007955610752105713,1.0,1.0,0.0187837736060222,0.01863928201297919,0.0,0.0,0.024412622451782228,False,False
3.65,9.930474281311035,6.406154155731201,0.7290416359901428,1.0208225275652658,0.7630123308832031,0.927000000000008,0.07299999999999196,0.0,989,889,1.2457167684458816,0.7542832315541185,119.0,119,8.0,30.0,0.04132761061191559,22.140783077025542,28.28370228817258,0.0,0.0,0.0,0.30714596055735194,1.0,0.8153787851333618,0.055906835943460464,0.007965385913848877,1.0,1.0,0.018694244014720123,0.018566844519227743,0.0,0.0,0.018881791830062868,False,False
3.6550000000000002,9.938831329345703,6.584156513214111,0.7174879312515259,-0.9846723167848158,0.23555706148730782,0.926900000000008,0.07309999999999195,0.0,903,823,1.2252403710753914,0.7747596289246086,73.0,73,7.0,33.0,0.041312605142593384,20.295717820606747,25.926727097491533,0.0,0.0,0.0,0.2815504638442393,1.0,0.8153319358825684,0.05625393986701965,0.007975280284881592,1.0,1.0,0.018594360444694757,0.018475130200386047,0.0,0.0,0.021415243148803713,False,False
3.66,9.9478120803833,6.718242645263672,0.7376040816307068,-0.3945776576062901,0.4164351530739404,0.9268000000000081,0.07319999999999194,0.0,933,830,1.2064703401524421,0.7935296598475579,57.0,57,6.0,32.0,0.04134204238653183,18.60440800222285,23.766166506033905,0.0,0.0,0.0,0.2580879251905527,1.0,0.8152406811714172,0.05644974857568741,0.007985234260559082,1.0,1.0,0.018571283047397934,0.018440399629374347,0.0,0.0,0.022111709117889407,False,False
3.665,10.051939010620117,6.6920671463012695,0.67641282081604,0.2254559669607626,0.8360074564357642,0.9267000000000081,0.07329999999999193,0.0,881,792,1.189264478473072,0.810735521526928,59.0,59,7.0,35.0,0.04154609888792038,17.05404066870428,21.78565263053108,0.0,0.0,0.0,0.23658059809134002,1.0,0.815224289894104,0.05660448968410492,0.007995128631591797,1.0,1.0,0.01845784097289046,0.018353055541714035,0.0,0.0,0.02031390190124512,False,False
3.67,10.143121719360352,6.6138739585876465,0.6234245300292969,1.8731915417799823,0.7912281821921787,0.9266000000000081,0.07339999999999192,0.0,1114,989,1.173492438600316,0.826507561399684,64.0,64,5.0,19.0,0.04166422784328461,15.632870612978921,19.97018157798682,0.0,0.0,0.0,0.216865548250395,1.0,0.8165382146835327,0.05683600530028343,0.008005738258361816,1.0,1.0,0.018353513441979885,0.018274225294589996,1.0,0.0,0.02299740791320801,True,False
3.6750000000000003,10.162941932678223,6.600446701049805,0.5927025675773621,0.3286056822145446,0.7442559304713724,0.9265000000000081,0.0734999999999919,0.0,1111,960,1.4923680687169563,0.5076319312830437,84.0,84,6.0,15.0,0.0417034886777401,14.330131395230678,26.639333113154585,0.0,0.0,0.0,0.6154600858961954,1.0,0.8189530968666077,0.05721819028258324,0.00801759958267212,1.0,1.0,0.018318237271159887,0.018250421465684973,1.0,0.0,0.022299766540527344,True,False
3.68,10.232903480529785,6.6338019371032715,0.5389344096183777,2.7079658610970325,0.47609570798684925,0.9264000000000081,0.0735999999999919,0.0,1005,876,1.4513373963238765,0.5486626036761234,32.0,32,3.0,14.0,0.041827231645584106,13.135953778961454,24.41938868705837,0.0,0.0,0.0,0.5641717454048457,1.0,0.8223046064376831,0.057217586785554886,0.008031368255615234,1.0,1.0,0.01822585084786018,0.01818037824705243,1.0,0.0,0.01649656057357788,True,False
3.685,10.334345817565918,6.654646396636963,0.49343341588974,0.3529149347008265,1.0000000000000002,0.9263000000000081,0.07369999999999188,0.0,1176,1033,1.41372594663022,0.5862740533697799,89.0,89,8.0,11.0,0.041840534657239914,12.041290964047999,22.384439629803502,0.0,0.0,0.0,0.5171574332877752,1.0,0.8262960314750671,0.057639386504888535,0.008047759532928467,1.0,1.0,0.018117630388587713,0.018093692294011515,1.0,0.0,0.026095874309539795,True,False
3.69,10.424187660217285,6.66363000869751,0.48608410358428955,0.6393506151492738,1.0,0.9262000000000081,0.07379999999999187,0.0,1173,1040,1.0459154510777018,0.9540845489222982,97.0,97,8.0,22.0,0.04184436798095703,19.371183383710665,20.51906966065321,0.0,0.0,0.0,0.05739431384712716,1.0,0.8311483860015869,0.05814967304468155,0.00806725025177002,1.0,1.0,0.01803398597985506,0.018014703722049795,1.0,0.0,0.021516542434692386,True,False
3.6950000000000003,10.573997497558594,6.675889492034912,0.4871448278427124,0.09255998079937966,0.6238906411281109,0.9261000000000081,0.07389999999999186,0.0,1104,956,1.0420891634878933,0.9579108365121067,43.0,43,10.0,21.0,0.041845791041851044,26.090251435068108,27.14248052226544,0.0,0.0,0.0,0.052611454359866625,1.0,0.8365390300750732,0.05824119597673416,0.008090615272521973,1.0,1.0,0.01790826829771201,0.017887239033977192,1.0,0.0,0.018470914363861085,True,False
3.7,10.723365783691406,6.673499584197998,0.46276557445526123,0.556049818459807,0.9929459048915042,0.9260000000000081,0.07399999999999185,0.0,1037,902,1.0385817331972356,0.9614182668027645,54.0,54,2.0,19.0,0.04185698181390762,23.9160638154791,24.880607145409986,0.0,0.0,0.0,0.04822716649654435,1.0,0.8426976203918457,0.058366809040308,0.008118391036987305,1.0,1.0,0.017786570824682713,0.01777657074853778,1.0,0.0,0.009393912553787232,True,False
3.705,10.819256782531738,6.734119415283203,0.4813585579395294,0.02294737212743065,0.7973533345223116,0.9259000000000082,0.07409999999999184,0.0,1131,992,0.7020332554307991,1.297966744569201,45.0,45,6.0,35.0,0.04185602813959122,30.25639183085584,22.807223216625818,0.0,0.0,0.0,-0.3724584307115011,1.0,0.8494421243667603,0.0584210529923439,0.008150994777679443,1.0,1.0,0.017689738888293505,0.01767420442774892,1.0,0.0,0.014197194576263427,True,False
3.71,10.851195335388184,6.821242332458496,0.5143387317657471,0.40309832986963184,0.999370637916997,0.9258000000000082,0.07419999999999183,0.0,1187,1033,0.7268638174782326,1.2731361825217675,75.0,75,3.0,34.0,0.0419330894947052,27.735025844951185,20.906621281907,0.0,0.0,0.0,-0.34142022815220924,1.0,0.8572338819503784,0.05872294306755066,0.00818943977355957,1.0,1.0,0.017619765518854063,0.017589892571171127,1.0,0.0,0.017290632724761966,True,False
3.715,10.811601638793945,6.824492931365967,0.5463022589683533,0.286578682589217,0.6021244286246067,0.9274500000000082,0.07254999999999179,0.0,1208,1068,0.7496251660217133,1.2503748339782867,103.0,103,11.0,26.0,0.041973598301410675,25.423773691205252,19.164402841748082,0.0,0.0,200.0,-0.3129685424728585,1.0,0.8660637736320496,0.05927784740924835,0.008234500885009766,1.0,1.0,0.017643431201577187,0.017599632653097313,1.0,0.0,0.012421994209289551,True,False
3.72,10.804070472717285,6.871285915374756,0.5844335556030273,1.0522086204744048,0.8239471460115777,0.9273500000000082,0.07264999999999178,0.0,1172,1025,0.7704897355199039,1.2295102644800961,63.0,63,10.0,33.0,0.04200413450598717,23.305125883604813,17.56736927160241,0.0,0.0,0.0,-0.2868878306001202,1.0,0.8756978511810303,0.05947265774011612,0.008286654949188232,1.0,1.0,0.01763637876138091,0.01757926695669691,1.0,0.0,0.015348985195159915,True,False
3.725,10.853178977966309,6.941314220428467,0.6078611612319946,1.0213874343116498,0.5850341260288763,0.9272500000000082,0.07274999999999177,0.0,1196,1061,1.1229489242265784,0.8770510757734216,60.0,60,3.0,26.0,0.042055703699588776,21.36303205997108,24.43675516563554,0.0,0.0,0.0,0.153686155283223,1.0,0.8860751390457153,0.059639979153871536,0.008346199989318848,1.0,1.0,0.017570652222881716,0.017505596236636244,1.0,0.0,0.024263644218444826,True,False
3.73,10.879223823547363,6.952301025390625,0.6271854043006897,0.5998602200836203,0.9825512471259069,0.9271500000000082,0.07284999999999175,0.0,1129,994,1.1127031805410301,0.8872968194589699,40.0,40,6.0,23.0,0.042403027415275574,19.58277938830682,22.400358901832575,0.0,0.0,0.0,0.14087897567628768,1.0,0.8976203203201294,0.05964136868715286,0.008413732051849365,1.0,1.0,0.017556309079130493,0.01748347810159127,1.0,0.0,0.021565370559692383,True,False
3.735,10.951544761657715,7.043349266052246,0.5720980763435364,2.086203042603141,0.04557111819066705,0.9270500000000083,0.07294999999999174,0.0,1154,985,0.7699779154959444,1.2300220845040557,54.0,54,8.0,21.0,0.042393751442432404,26.28421443928125,20.53366232667986,0.0,0.0,0.0,-0.2875276056300695,1.0,0.9098904728889465,0.059773195534944534,0.008489668369293213,1.0,1.0,0.017435095117737852,0.01738514673585693,1.0,0.0,0.022423410415649415,True,False
3.74,10.980361938476562,7.202608108520508,0.5828894376754761,0.9700356513508444,0.7757113980603765,0.9287000000000083,0.0712999999999917,0.0,1232,1075,0.789146422537949,1.210853577462051,128.0,128,3.0,32.0,0.04237808659672737,24.093863236007813,18.822523799456537,0.0,0.0,400.0,-0.26356697182756383,1.0,0.922487735748291,0.060493480414152145,0.008575737476348877,1.0,1.0,0.01735073048621416,0.017299188766628504,1.0,0.0,0.01474894642829895,True,False
3.745,11.060286521911621,7.289259910583496,0.5847031474113464,0.5834322223554592,0.8960879841963555,0.9286000000000083,0.07139999999999169,0.0,1126,971,0.4733842206597866,1.5,56.0,56,10.0,31.0,0.04239214211702347,30.41937463300716,17.253980149501825,0.0,0.0,0.0,-0.6582697241752667,1.0,0.9357338547706604,0.060655511915683746,0.00867164134979248,1.0,1.0,0.01727102945248286,0.017217230827858053,1.0,0.0,0.01791035532951355,True,False
3.75,11.193528175354004,7.2740702629089355,0.5381540060043335,0.00890703529982488,0.29791092868465574,0.9285000000000083,0.07149999999999168,0.0,1044,918,0.5172688689381377,1.4827311310618623,32.0,32,7.0,28.0,0.042377784848213196,27.88442674692323,15.816148470376671,0.0,0.0,0.0,-0.6034139138273279,1.0,0.9495931267738342,0.060591794550418854,0.008777618408203125,1.0,1.0,0.01713795509810249,0.01710456873600682,1.0,0.0,0.01730374813079834,True,False
3.755,11.238076210021973,7.2411208152771,0.5133343935012817,-0.8595490436058388,1.0,0.9284000000000083,0.07159999999999167,0.0,1239,1088,0.5574964631932929,1.442503536806707,96.0,96,6.0,20.0,0.042353224009275436,25.560724518012957,14.498136097845281,0.0,0.0,0.0,-0.5531294210083838,1.0,0.9642916321754456,0.06105022504925728,0.00889497995376587,1.0,1.0,0.017088781266162794,0.01706690605108937,1.0,0.0,0.016707066297531128,True,False
3.7600000000000002,11.253305435180664,7.225651741027832,0.47648605704307556,0.2722908676461995,0.49842427533638795,0.9283000000000083,0.07169999999999166,0.0,1362,1195,0.9277050912605185,1.0722949087394815,89.0,89,8.0,43.0,0.04250168055295944,23.430664141511876,21.62329142302484,0.0,0.0,0.0,-0.09036863592435189,1.0,0.9793909192085266,0.06148809939622879,0.009023964405059814,1.0,1.0,0.01706976986800631,0.017060753889381886,1.0,0.0,0.016524420976638796,True,False
3.765,11.348921775817871,7.25023889541626,0.44985881447792053,0.41131737382211586,0.8232648927547643,0.9299500000000084,0.07004999999999162,0.0,1193,1041,0.9337296669888085,1.0662703330111913,61.0,61,6.0,29.0,0.04252220690250397,29.811442129719218,28.154683804439433,0.0,0.0,200.0,-0.08283791626398926,1.0,0.9946931004524231,0.06164054572582245,0.009164392948150635,1.0,1.0,0.016981259298821293,0.016982497181743383,1.0,0.0,0.026273479461669923,True,False
3.77,11.391677856445312,7.2677483558654785,0.41909292340278625,-0.14399283701512272,0.5216259502665056,0.9298500000000084,0.07014999999999161,0.0,1106,964,0.9392521947397412,1.0607478052602588,58.0,58,6.0,28.0,0.0424751415848732,27.327155285575948,25.80846015406948,0.0,0.0,0.0,-0.07593475657532345,1.0,1.0,0.06177444010972977,0.00931692123413086,1.0,1.0,0.016934835972885292,0.016947976158310972,1.0,0.0,0.032851638793945315,True,False
3.775,11.461217880249023,7.309108257293701,0.4458363950252533,-0.26372958431098237,0.2675401169881614,0.9297500000000084,0.0702499999999916,0.0,1087,960,0.9443145118447628,1.0556854881552373,54.0,54,2.0,25.0,0.042498741298913956,25.049892345111285,23.657755141230354,0.0,0.0,0.0,-0.06960686019404658,1.0,1.0,0.061890892684459686,0.009481966495513916,1.0,1.0,0.016861946787685156,0.016866269676635664,1.0,0.0,0.021511993408203124,True,False
3.7800000000000002,11.634444236755371,7.261273384094238,0.45768702030181885,-0.4419398883012209,0.9985994616738656,0.9296500000000084,0.07034999999999159,0.0,1098,938,0.6156216358576991,1.3843783641423009,35.0,35,12.0,25.0,0.042456015944480896,31.295734649685343,21.686275546127824,0.0,0.0,0.0,-0.48047295517787597,1.0,1.0,0.06185615435242653,0.009659230709075928,1.0,1.0,0.01674682057152192,0.01674564244846503,1.0,0.0,0.00633647620677948,True,False
3.785,11.775184631347656,7.221500396728516,0.4602937698364258,-0.5697526999468902,0.5281535046760215,0.9295500000000084,0.07044999999999157,0.0,1239,1092,0.647653166202891,1.352346833797109,87.0,87,4.0,38.0,0.04243951290845871,28.687756762211563,19.879085917283838,0.0,0.0,0.0,-0.44043354224638626,1.0,1.0,0.06216588616371155,0.009850502014160156,1.0,1.0,0.016672355122864246,0.016672397032380104,1.0,0.0,0.020524792671203614,True,False
3.79,11.8243408203125,7.324922561645508,0.5024157762527466,0.40344950875061547,0.5742711861406584,0.9294500000000084,0.07054999999999156,0.0,1269,1122,0.6770154023526501,1.3229845976473498,82.0,82,6.0,41.0,0.04244022071361542,26.2971103653606,18.222495424176852,0.0,0.0,0.0,-0.4037307470591873,1.0,1.0,0.06250771135091782,0.010056555271148682,1.0,1.0,0.01659807749092579,0.016583305938790243,1.0,0.0,0.01738808870315552,True,False
3.795,11.80669116973877,7.435705661773682,0.5455477237701416,-0.19089697008811568,0.3337751297405064,0.9311000000000085,0.06889999999999152,0.0,1153,998,0.3705974521565958,1.5,43.0,43,6.0,31.0,0.04258473590016365,32.439017834913884,16.70395413882878,0.0,0.0,200.0,-0.7867531848042552,1.0,1.0,0.06258083879947662,0.01027613878250122,1.0,1.0,0.01655599723259608,0.016524094001700483,1.0,0.0,0.02012887239456177,True,False
3.8000000000000003,11.760538101196289,7.434947490692139,0.5869437456130981,0.7217298957421163,0.46001252132820925,0.9310000000000085,0.06899999999999151,0.0,1217,1053,0.42304766447687947,1.5,88.0,88,9.0,26.0,0.04259370267391205,29.73576634867106,15.311957960593048,0.0,0.0,0.0,-0.7211904194039006,1.0,1.0,0.06294729560613632,0.010510802268981934,1.0,1.0,0.01658716006204486,0.016540940074870985,1.0,0.0,0.01701885223388672,True,False
3.805,11.782674789428711,7.48322057723999,0.6224205493927002,0.8221731687201489,0.5868703288267693,0.9326500000000085,0.06734999999999147,0.0,1284,1121,0.47112702577047294,1.5,77.0,77,7.0,25.0,0.0425751619040966,27.257785819615137,14.03596146387696,0.0,0.0,200.0,-0.6610912177869088,1.0,1.0,0.06320495158433914,0.010760962963104248,1.0,1.0,0.01655619979525606,0.016499676275998354,1.0,0.0,0.025891132354736328,True,False
3.81,11.80116081237793,7.5241875648498535,0.6437804698944092,,0.0,0.9325500000000085,0.06744999999999146,0.0,1045,903,0.19999999999999996,1.5,32.0,32,9.0,12.0,0.042666956782341,33.31963700131387,12.86629800855388,0.0,0.0,0.0,-1.0,1.0,1.0,0.06313278526067734,0.011025607585906982,1.0,1.0,0.016537893873949848,0.01647286272297303,1.0,0.0,0.03015936851501465,True,False
3.815,11.83517074584961,7.546125411987305,0.6482436060905457,0.24626239630040372,0.43899897425062845,0.9342000000000086,0.06579999999999142,0.0,1052,914,0.2500442369321336,1.5,53.0,53,0.0,15.0,0.04272913932800293,30.543000584537715,11.794106507841056,0.0,0.0,200.0,-0.9374447038348329,1.0,1.0,0.06320758163928986,0.011304974555969238,1.0,1.0,0.016511743888258934,0.016443865218510233,1.0,0.0,0.02079463005065918,True,False
3.8200000000000003,11.926533699035645,7.658575057983398,0.62767094373703,0.32671035832445794,0.9029025926941959,0.9341000000000086,0.06589999999999141,0.0,1236,1081,0.3125405505211224,1.5,91.0,91,3.0,21.0,0.042706843465566635,27.99775053582624,10.8112642988543,0.0,0.0,0.0,-0.8593243118485969,1.0,1.0,0.06361190974712372,0.011600673198699951,1.0,1.0,0.016389971133321524,0.01633312553167343,1.0,0.0,0.015503661632537843,True,False
3.825,12.051621437072754,7.810886859893799,0.6444399356842041,0.42226993469053925,0.8502243292330621,0.9357500000000086,0.06424999999999137,0.0,1310,1153,0.703162171311029,1.296837828688971,83.0,83,7.0,23.0,0.042743586003780365,25.664604657840716,18.24365894061644,0.0,0.0,200.0,-0.3710472858612137,1.0,1.0,0.06393947452306747,0.011913776397705078,1.0,1.0,0.016247429884970188,0.016185876447707415,1.0,0.0,0.015283547639846804,True,False
3.83,12.15423583984375,7.898991107940674,0.6310351490974426,0.5119343356566771,0.40359842417063435,0.9374000000000087,0.06259999999999133,0.0,1179,1030,0.7278986570351098,1.2721013429648902,52.0,52,10.0,38.0,0.04272165521979332,23.525887603020657,16.723354028898402,0.0,0.0,200.0,-0.3401266787061127,1.0,1.0,0.06403587758541107,0.012243390083312988,0.9716458266600889,1.0,0.01613517679894964,0.016078494178752106,1.0,0.0,0.013702046871185303,True,False
3.835,12.26157283782959,7.9000396728515625,0.6031831502914429,0.24141460251985228,0.8385707418570865,0.9373000000000087,0.06269999999999132,0.0,1175,1020,0.4172404356155175,1.5,36.0,36,6.0,36.0,0.04269164055585861,29.898730302768932,15.329741193156869,0.0,0.0,0.0,-0.7284494554806031,1.0,1.0,0.06400331109762192,0.012588024139404297,0.9518322111964149,1.0,0.016034537305434547,0.015989887372901045,1.0,0.0,0.01769418001174927,True,False
3.84,12.268214225769043,7.857411861419678,0.5926141738891602,0.29765404276005114,0.49231094637648437,0.9389500000000087,0.06104999999999128,0.0,1231,1077,0.4658037326475576,1.5,114.0,114,3.0,25.0,0.042670853435993195,27.407169444204854,14.052262760393795,0.0,0.0,200.0,-0.6677453341905529,1.0,1.0,0.0645020604133606,0.012951552867889404,0.9771143738677025,1.0,0.016028490693618856,0.015988928886751335,1.0,0.0,0.011847871541976928,True,False
3.845,12.299042701721191,7.838598728179932,0.5645807981491089,0.7147435592002189,0.5690307335238503,0.9388500000000087,0.06114999999999127,0.0,1303,1164,0.5103200882602612,1.4896799117397388,121.0,121,15.0,26.0,0.042659442871809006,25.12323865718778,12.88124086369431,0.0,0.0,0.0,-0.6120998896746734,1.0,1.0,0.06517983227968216,0.013335168361663818,0.9787444133808136,1.0,0.016007024484376114,0.01597589502731959,1.0,0.0,0.01853358626365662,True,False
3.85,12.406380653381348,7.872854709625244,0.5539908409118652,0.04331203554291557,0.7588852805292831,0.9387500000000087,0.061249999999991256,0.0,1198,1052,0.2177934142385728,1.5,62.0,62,6.0,33.0,0.04276246577501297,31.362968769088795,11.807804125053117,0.0,0.0,0.0,-0.9777582322017839,1.0,1.0,0.06531421095132828,0.013735711574554443,0.9269490059117399,1.0,0.015913099826624,0.01588569177935521,1.0,0.0,0.025127344131469727,True,False
3.855,12.416823387145996,7.892787933349609,0.5436474680900574,0.6125703583087733,0.9303498483304838,0.9386500000000088,0.061349999999991245,0.0,1034,891,0.19999999999999996,1.5,36.0,36,6.0,19.0,0.04281005263328552,37.082721371664725,10.823820447965357,0.0,0.0,0.0,-1.0,1.0,1.0,0.06523661315441132,0.01415187120437622,0.9176460906863139,1.0,0.015893320863445602,0.015870567100743454,1.0,0.0,0.023278210163116455,True,False
3.86,12.519739151000977,7.901289463043213,0.6166921854019165,1.3314939792218736,0.5429889049972351,0.9385500000000088,0.061449999999991234,0.0,1221,1058,0.19999999999999996,1.5,71.0,71,2.0,22.0,0.04292631521821022,33.992494590692665,9.92183541063491,0.0,0.0,0.0,-1.0,1.0,1.0,0.06540199369192123,0.014585494995117188,0.8658254817550309,0.9863249334320343,0.01582682210331162,0.01577844455217322,1.0,0.0,0.016982544660568238,True,False
3.865,12.66923713684082,7.839837074279785,0.6237462759017944,-0.26683246998071897,0.3297952297558494,0.9384500000000088,0.06154999999999122,0.0,1269,1135,0.19999999999999996,1.5,91.0,91,5.0,20.0,0.042909763753414154,39.49312004146827,9.095015793082002,0.0,0.0,0.0,-1.0,1.0,1.0,0.06576413661241531,0.015038728713989258,0.8581168979555298,0.9578602217050812,0.015747214201837778,0.01569690260415276,1.0,0.0,0.021666543483734133,True,False
3.87,12.720368385314941,7.852527618408203,0.6180182695388794,0.80628604996253,1.0,0.9401000000000088,0.05989999999999118,0.0,1206,1073,0.19999999999999996,1.5,59.0,59,9.0,19.0,0.04290812835097313,36.20202670467925,8.337097810325169,0.0,0.0,200.0,-1.0,1.0,1.0,0.06587076187133789,0.015510141849517822,0.8443750279806485,0.9415271364636641,0.015722570630411308,0.015676241212834917,1.0,0.0,0.023407509326934816,True,False
3.875,12.67304801940918,7.952536582946777,0.6778656840324402,0.47530029283846487,0.5389057761677317,0.9400000000000088,0.05999999999999117,0.0,828,759,0.19999999999999996,1.5,25.0,25,7.0,30.0,0.042887695133686066,33.185191145955976,7.642339659464738,0.0,0.0,200.0,-1.0,1.0,1.0,0.06570599973201752,0.015996932983398438,0.8088988859131866,0.899904210068278,0.015716761505852144,0.015650144778192043,0.0,0.0,0.021904771327972413,False,False
3.88,12.625981330871582,8.021231651306152,0.7446164488792419,0.6279877386270173,0.6680385406227727,0.9399000000000088,0.06009999999999116,0.0,917,836,0.19999999999999996,1.5,68.0,68,3.0,38.0,0.042900361120700836,38.753091883792976,7.0054780211760095,0.0,0.0,0.0,-1.0,1.0,1.0,0.0658353939652443,0.016499340534210205,0.7846973026792143,0.8677613154053616,0.015725543877730768,0.01563792737821738,0.0,0.0,0.02500072717666626,False,False
3.8850000000000002,12.625844955444336,8.050577163696289,0.793664276599884,0.5785404357375329,0.7190613823454279,0.9398000000000089,0.06019999999999115,0.0,884,808,0.19999999999999996,1.5,81.0,81,5.0,23.0,0.042988236993551254,35.52366756014356,6.421688186078009,0.0,0.0,0.0,-1.0,1.0,1.0,0.06612855941057205,0.01701885461807251,0.7682815022841032,0.8426705782388578,0.015722737492372595,0.0156207747446994,0.0,0.0,0.034325780868530276,False,False
3.89,12.65194320678711,8.14810562133789,0.8776034712791443,1.2212254226564634,0.6773187895007337,0.9397000000000089,0.06029999999999114,0.0,974,886,0.19999999999999996,1.5,61.0,61,8.0,28.0,0.04304739087820053,40.89669526346492,5.886547503904841,0.0,0.0,0.0,-1.0,1.0,1.0,0.0662815123796463,0.017554759979248047,0.7158459608852804,0.7700053091794189,0.015711454519381128,0.015580674322942894,0.0,0.0,0.03800599813461304,False,False
3.895,12.67848014831543,8.260369300842285,0.9632524251937866,-2.6415412311794038,0.33366992335881557,0.9396000000000089,0.06039999999999113,0.0,807,758,0.19999999999999996,1.5,31.0,31,9.0,30.0,0.042992133647203445,45.82197065817617,5.396001878579437,0.0,0.0,200.0,-1.0,1.0,1.0,0.0661606416106224,0.018103599548339844,0.6607813713798866,0.6975872493485552,0.015715042439599834,0.015557142905890942,0.0,0.0,0.02074826002120972,False,False
3.9,12.739896774291992,8.365493774414062,0.9525251388549805,0.09563143970900682,0.854929382352896,0.9395000000000089,0.060499999999991116,0.0,775,708,0.19999999999999996,1.5,32.0,32,4.0,12.0,0.043083805590867996,50.33680643666149,4.946335055364483,0.0,0.0,200.0,-1.0,1.0,1.0,0.0660490095615387,0.01866471767425537,0.6188204232652931,0.6523659310936873,0.015625699888914824,0.015472036320716143,0.0,0.0,0.018276095390319824,False,False
3.9050000000000002,12.746318817138672,8.509757995605469,0.9610336422920227,0.8998811617042839,0.9477048043745607,0.9394000000000089,0.060599999999991105,0.0,709,652,0.19999999999999996,1.5,50.0,50,1.0,11.0,0.04305156320333481,46.142072566939696,12.867473800750775,0.0,0.0,0.0,-1.0,1.0,1.0,0.06603895127773285,0.0192376971244812,0.5787643584608984,0.612022207751865,0.015565267143150171,0.015410569806893667,0.0,0.0,0.00976776957511902,False,False
3.91,12.768122673034668,8.601449966430664,0.9819674491882324,1.796634487712663,0.7992132615052454,0.9393000000000089,0.060699999999991094,0.0,772,721,0.19999999999999996,1.5,69.0,69,4.0,9.0,0.043051138520240784,42.29689985302805,20.12851765068821,0.0,0.0,0.0,-1.0,1.0,1.0,0.06619928032159805,0.01982438564300537,0.5517734387169236,0.5815699389328511,0.015521831810474396,0.01536178169772029,0.0,0.0,0.01793354034423828,False,False
3.915,12.893651962280273,8.656295776367188,0.9913841485977173,0.5303199572440176,0.9947884648449377,0.9392000000000089,0.06079999999999108,0.0,815,743,0.19999999999999996,1.5,45.0,45,9.0,15.0,0.043011173605918884,47.10549153194238,18.451141179797524,0.0,0.0,0.0,-1.0,1.0,1.0,0.06616543978452682,0.020422160625457764,0.524045959256585,0.5472967724973912,0.01540768270691236,0.015247239886472624,0.0,0.0,0.023505272865295412,False,False
3.92,12.955860137939453,8.691373825073242,0.9971058368682861,0.28654028518561636,0.49566667278091214,0.9391000000000089,0.06089999999999107,0.0,732,684,0.28267382042135525,1.5,36.0,36,3.0,21.0,0.04295206442475319,43.18003390428051,25.246879414814394,0.0,0.0,0.0,-0.8966577244733059,1.0,1.0,0.06609433889389038,0.021028459072113037,0.5078169492483097,0.5280959179401353,0.015342442008356254,0.015182110170523327,0.0,0.0,0.021726851463317872,False,False
3.9250000000000003,12.932607650756836,8.704364776611328,0.9510207772254944,0.6985471515365486,0.9434063046278539,0.9390000000000089,0.06099999999999106,0.0,761,712,0.342451002052909,1.5,48.0,48,4.0,23.0,0.042886726558208466,39.58169774559047,23.142972796913195,0.0,0.0,0.0,-0.8219362474338636,1.0,1.0,0.0661519467830658,0.021629631519317627,0.5075397683531003,0.5329134817471063,0.015330436484267315,0.015183649181077879,0.0,0.0,0.019716767072677614,False,False
3.93,12.992169380187988,8.728399276733398,0.9325471520423889,0.5901492676250021,0.4927593938693718,0.938900000000009,0.06109999999999105,0.0,635,589,0.7305800852151667,1.2694199147848333,34.0,34,3.0,28.0,0.04281550273299217,36.28322293345793,29.547725063837095,0.0,0.0,0.0,-0.3367748934810416,1.0,1.0,0.06604614853858948,0.022215068340301514,0.49462193037072405,0.5186352548003152,0.015278438416620096,0.015136647659043472,0.0,0.0,0.017539242506027224,False,False
3.935,13.0559720993042,8.721382141113281,0.9399383068084717,-0.3001136762792794,0.4695088609218404,0.938800000000009,0.06119999999999104,0.0,790,729,0.4196984114472363,1.5,27.0,27,5.0,19.0,0.042743369936943054,41.59295435566976,27.08541464185067,0.0,0.0,0.0,-0.7253769856909547,1.0,1.0,0.06589164584875107,0.022797226905822754,0.487146222308274,0.5076313646659213,0.01523416101311644,0.015090718710174164,0.0,0.0,0.04807581424713135,False,False
3.94,13.070116996765137,8.713987350463867,0.9394023418426514,0.80628604996253,1.0,0.938700000000009,0.06129999999999103,0.0,872,813,0.4680568771599667,1.5,86.0,86,7.0,18.0,0.042698152363300323,46.460208159363944,33.16163008836311,0.0,0.0,0.0,-0.6649289035500416,1.0,1.0,0.06618992239236832,0.0233842134475708,0.4874371296763379,0.5079415179491,0.015219631604850292,0.015077475303163132,0.0,0.0,0.016552060842514038,False,False
3.9450000000000003,13.164260864257812,8.758688926696777,1.0275988578796387,-0.13950101718488817,0.31159490637802345,0.938600000000009,0.06139999999999102,0.0,680,643,0.5123854707299695,1.4876145292700305,27.0,27,3.0,24.0,0.04272085800766945,42.588524146083614,30.398160914332852,0.0,0.0,0.0,-0.6095181615875381,1.0,1.0,0.06608115136623383,0.02397102117538452,0.46918294477586553,0.47878756134211614,0.015191522737344107,0.01502365805208683,0.0,0.0,0.025827553272247318,False,False
3.95,13.27094554901123,8.759772300720215,1.004069447517395,0.6645803821807111,0.6800135832510282,0.938500000000009,0.061499999999991006,0.0,704,650,0.5530200148358055,1.4469799851641945,34.0,34,3.0,27.0,0.042876504361629486,39.03948046724331,27.864980838138447,0.0,0.0,0.0,-0.5587249814552431,1.0,1.0,0.06597986817359924,0.024554848670959473,0.4610079120546541,0.4697007528096398,0.015124066267162561,0.014965722803026438,0.0,0.0,0.026937267780303958,False,False
3.955,13.258957862854004,8.811841011047363,1.0201531648635864,-2.2718470330251437,0.40466403078742763,0.938400000000009,0.061599999999990995,0.0,778,720,0.5902683469328218,1.4097316530671782,45.0,45,5.0,28.0,0.04281024634838104,35.78619042830636,25.542899101626908,0.0,0.0,0.0,-0.5121645663339727,1.0,1.0,0.06591363251209259,0.025131523609161377,0.4545453370114129,0.4632735713633359,0.015120640552292269,0.014958047928909462,0.0,0.0,0.025357117652893068,False,False
3.96,13.191926002502441,8.89135456085205,1.10015070438385,0.3529149347008265,1.0000000000000002,0.938300000000009,0.061699999999990984,0.0,699,653,0.29107931802175335,1.5,20.0,20,2.0,15.0,0.042987480759620667,41.137341225947495,23.41432417649133,0.0,0.0,0.0,-0.8861508524728082,1.0,1.0,0.06575500220060349,0.025705575942993164,0.44663824350634834,0.4517115519543451,0.015156243462115526,0.014970074407756329,0.0,0.0,0.027605552673339844,False,False
3.9650000000000003,13.16360855102539,8.918136596679688,1.1455246210098267,2.407369929354783,0.37534778276293335,0.938200000000009,0.06179999999999097,0.0,659,614,0.19999999999999996,1.5,21.0,21,5.0,13.0,0.04293062165379524,46.04256279045187,21.463130495117053,0.0,0.0,0.0,-1.0,1.0,1.0,0.06559281796216965,0.026276826858520508,0.4435848248079382,0.44650068637728313,0.015177639822165172,0.014979610374818247,0.0,0.0,0.03342553853988648,False,False
3.97,13.150093078613281,8.954950332641602,1.1941063404083252,1.0584013476867846,0.9839189856283654,0.938100000000009,0.06189999999999096,0.0,798,745,0.4320874825043901,1.5,80.0,80,0.0,18.0,0.042849816381931305,42.20568255791421,28.007869620523962,0.0,0.0,0.0,-0.7098906468695123,1.0,1.0,0.06583523750305176,0.026847362518310547,0.4380450598051114,0.43865968063721683,0.015191261190921068,0.014982129602382582,0.0,0.0,0.04490382671356201,False,False
3.975,13.104185104370117,9.059707641601562,1.263683795928955,0.7845994515007323,0.47838998342666555,0.938000000000009,0.06199999999999095,0.0,807,768,0.4794135256290244,1.5,46.0,46,10.0,18.0,0.04285450279712677,38.68854234475469,25.673880485480296,0.0,0.0,0.0,-0.6507330929637195,1.0,1.0,0.06583410501480103,0.027414262294769287,0.4241300156973266,0.42157856168100877,0.015236050045738619,0.015008268722643455,0.0,0.0,0.05343147277832031,False,False
3.98,13.123968124389648,9.161608695983887,1.2992194890975952,0.4748895113627284,0.3855298704967933,0.9379000000000091,0.06209999999999094,0.0,728,683,0.19999999999999996,1.5,24.0,24,6.0,21.0,0.042787984013557434,43.79783048269179,23.534390445023604,0.0,0.0,0.0,-1.0,1.0,1.0,0.06569333374500275,0.027975022792816162,0.4066717424243654,0.4018439599871601,0.015226479930182299,0.014989635286231836,0.0,0.0,0.027305619716644285,False,False
3.985,13.128551483154297,9.35062313079834,1.2965062856674194,1.3734698578263869,0.4378260297848577,0.9378000000000091,0.06219999999999093,0.0,681,639,0.25700719861883314,1.5,57.0,57,1.0,22.0,0.042724642902612686,48.48134460913414,29.90652457460497,0.0,0.0,0.0,-0.9287410017264586,1.0,1.0,0.06577456742525101,0.02853381633758545,0.37759548402949844,0.37466389755159296,0.01514834041396777,0.01491357572376728,0.0,0.0,0.010865061283111573,False,False
3.99,13.077152252197266,9.529608726501465,1.3186520338058472,0.6367354305677053,0.9999908508969574,0.9377000000000091,0.06229999999999092,0.0,665,626,0.19999999999999996,1.5,59.0,59,2.0,22.0,0.042686671018600464,52.77456589170629,27.414314193387888,0.0,0.0,0.0,-1.0,1.0,1.0,0.06588499248027802,0.02909266948699951,0.35582449154307144,0.3537950236623456,0.015126147773116827,0.014887386156866949,0.0,0.0,0.010636755228042603,False,False
3.995,13.091146469116211,9.667597770690918,1.3261533975601196,0.9559445399274515,0.4946080421440138,0.9376000000000091,0.06239999999999091,0.0,641,602,0.19999999999999996,1.5,37.0,37,6.0,14.0,0.0426061786711216,48.376685400730764,25.129788010605562,0.0,0.0,0.0,-1.0,1.0,1.0,0.06579851359128952,0.029649794101715088,0.3369077529720933,0.3350312312841387,0.015063215978443623,0.01482453274851044,0.0,0.0,0.014845709800720216,False,False
4.0,13.197504043579102,9.765202522277832,1.3337911367416382,-2.7997248817515357,0.9108483851013769,0.9375000000000091,0.062499999999990896,0.0,638,595,0.19999999999999996,1.5,10.0,10,4.0,22.0,0.04255164414644241,44.34529495066987,23.035639009721763,0.0,0.0,0.0,-1.0,1.0,1.0,0.06556340306997299,0.030203819274902344,0.31973799832661676,0.31695835288365415,0.014950289235760769,0.01471282293399175,0.0,0.0,0.021461002826690674,False,False
