t_s,x,y,heading,bump,bump_strength,energy,hunger,arousal,spikes,active,drive_l,drive_r,kc,kc_active,mbon,cx,modulation,dn_left,dn_right,dn_stop,dn_back,mn9,turn,gate,da_max,elig_mean,depressed,in_odor_good_l,in_odor_good_r,in_odor_bad_l,in_odor_bad_r,in_sugar,in_bitter,in_touch,on_food,on_hazard
0.005,0.01634914241731167,0.0073094856925308704,0.0,-1.0770330700326636,0.8871729360593087,0.8731500000000182,0.1268499999999818,0.0,19,18,1.0,1.0,0.0,0,0.0,2.0,9.005942729345406e-07,0.0,0.0,0.0,0.0,0.0,0.0,1.0,0.002641199389472604,0.0,0.04753124713897705,0.0834041199406285,0.08326774061502133,0.03389257937669754,0.03381420547763507,0.0,0.0,0.0,False,False
0.01,0.016274288296699524,0.007136078085750341,-0.000963144819252193,-0.3602147151161623,0.8394364488072517,0.8730500000000182,0.1269499999999818,0.0,23,23,1.0,1.0,0.0,0,0.0,4.0,3.4424881505401572e-06,0.0,0.0,0.0,0.0,0.0,0.0,1.0,0.0050489348359405994,0.0,0.04753124713897705,0.08343237141442042,0.08329013448813796,0.033872394512097045,0.03379617196818193,0.0,0.0,0.0,False,False
0.015,0.03587453439831734,0.008826103061437607,-0.004491667728871107,0.04264993965581849,0.846865703815283,0.8729500000000182,0.1270499999999818,0.0,179,174,1.0,1.0,0.0,0,0.0,12.0,0.00010096104233525693,0.0,0.0,0.0,0.0,0.0,0.0,1.0,0.0072302804328501225,0.0,0.04753124713897705,0.08336949381697788,0.08322140874806656,0.033814781345427036,0.0337434761847059,0.0,0.0,0.06932969570159912,False,False
0.02,0.04658816382288933,-0.0004332038515713066,-0.017446216195821762,0.13543088256447475,0.7895384732254879,0.8728500000000182,0.12714999999998178,0.0,66,66,1.0,1.0,0.0,0,0.0,18.0,0.00012491288362070918,0.0,0.0,0.0,0.0,0.0,0.0,1.0,0.009192139841616154,0.0,0.04753124713897705,0.08349037596226226,0.08330580601484071,0.03378501938035091,0.033723474480211735,0.0,0.0,0.017788919210433962,False,False
0.025,0.07296863943338394,-0.013265115208923817,-0.012201770208775997,-0.407882939986117,0.8278479139329424,0.8727500000000182,0.12724999999998177,0.0,78,76,1.0,1.0,0.0,0,0.0,27.0,0.00013939596829004586,0.0,0.0,0.0,0.0,0.0,0.0,1.0,0.010941249318420887,0.0,0.04753124713897705,0.08356351506492608,0.08338646587605143,0.033756305153171226,0.03369455070545276,0.0,0.0,0.01592491865158081,False,False
0.03,0.1012641042470932,-0.011560458689928055,0.0033815803471952677,-0.5844154082659422,0.3761204504897902,0.8726500000000182,0.12734999999998176,0.0,85,83,1.0,1.0,0.0,0,0.0,18.0,0.0001602464180905372,0.0,0.0,0.0,0.0,0.0,0.0,1.0,0.012484179809689522,0.0,0.04753124713897705,0.08377310917479783,0.08360547178191931,0.033701322972774506,0.0336322421208024,0.0,0.0,0.0205033278465271,False,False
0.035,0.155039981007576,0.001682662172242999,0.011034172959625721,-0.7545965444921461,0.9683924852116591,0.8725500000000183,0.12744999999998174,0.0,69,68,1.0,1.0,0.0,0,0.0,16.0,0.0002896253135986626,0.0,0.0,0.0,0.0,0.0,0.0,1.0,0.013827340677380562,0.0,0.04753124713897705,0.08407890892416724,0.08390355719889689,0.03362202551215887,0.033552964838842556,0.0,0.0,0.014028525352478028,False,False
0.04,0.18325427174568176,0.012389163486659527,0.02075929567217827,-0.10093760597132033,0.949140060572594,0.8724500000000183,0.12754999999998173,0.0,69,69,1.0,1.0,0.0,0,0.0,11.0,0.0003852220834232867,0.0,0.0,0.0,0.0,0.0,0.0,1.0,0.014976986683905125,0.0,0.04753124713897705,0.0842724445057088,0.08410497687384351,0.033577545545995235,0.03350615811844667,0.0,0.0,0.010551444292068482,False,False
0.045,0.2174866944551468,0.029675938189029694,0.04165120795369148,-0.6344086320740531,0.9772609231426175,0.8723500000000183,0.12764999999998172,0.0,64,63,1.0,1.0,0.0,0,0.0,8.0,0.0004577551444526762,0.0,0.0,0.0,0.0,0.0,0.0,1.0,0.015939217060804367,0.0,0.04753124713897705,0.08453158563747865,0.084387300143017,0.03351328894495964,0.03343490418046713,0.0,0.0,0.014704442024230957,False,False
0.05,0.25491422414779663,0.035851236432790756,0.06087363883852959,-0.7233579277766344,0.8690034907698534,0.8722500000000183,0.1277499999999817,0.0,111,109,1.0,1.0,0.0,0,0.0,15.0,0.0005648627411574125,0.0,0.0,0.0,0.0,0.0,0.0,1.0,0.016719982028007507,0.0,0.04753124713897705,0.0847252805687784,0.084607899055194,0.03345906424025695,0.03337117998550336,0.0,0.0,0.012114778757095337,False,False
0.055,0.2941529154777527,0.019363367930054665,0.027332110330462456,-0.18851066556757376,0.9183801573186912,0.8721500000000183,0.1278499999999817,0.0,97,96,1.0,1.0,0.0,0,0.0,21.0,0.0009013591334223747,0.0,0.0,0.0,0.0,0.0,0.0,1.0,0.017325086519122124,0.0,0.04753124713897705,0.08476936891985298,0.08458593769464504,0.03340809606015682,0.03334204666316509,0.0,0.0,0.01201640009880066,False,False
0.06,0.3307720124721527,0.04626612365245819,-0.04666325822472572,-0.46024642685403033,0.6316796972140281,0.8720500000000183,0.1279499999999817,0.0,101,98,1.0,1.0,0.0,0,0.0,17.0,0.0009290892630815506,0.0,0.0,0.0,0.0,0.0,0.0,1.0,0.01776018925011158,0.0,0.04753124713897705,0.08476490412745488,0.08446406830986826,0.033352336225410305,0.033335505674282714,0.0,0.0,0.015985536575317382,False,False
0.065,0.411709189414978,0.04018146172165871,-0.07530273497104645,-0.4626341832767061,0.9815885800044417,0.8719500000000183,0.12804999999998168,0.0,132,129,1.0,1.0,0.0,0,0.0,22.0,0.0009775067446753383,0.0,0.0,0.0,0.0,0.0,0.0,1.0,0.018030811101198196,0.0,0.04753124713897705,0.08514793672552193,0.08475000589139,0.033217957243323326,0.033225505612790585,0.0,0.0,0.017540417909622193,False,False
0.07,0.5229983329772949,-0.0794510468840599,-0.06811273843050003,0.688854964784558,0.42272571700072936,0.8718500000000183,0.12814999999998167,0.0,136,134,1.0,1.0,0.0,0,0.0,16.0,0.001139292144216597,0.0,0.0,0.0,0.0,0.0,0.0,1.0,0.01814233511686325,0.0,0.04753124713897705,0.0857719090281351,0.08527527959256606,0.033016211042801544,0.03303430664042632,0.0,0.0,0.028260524272918704,False,False
0.075,0.5700987577438354,-0.1317436248064041,-0.07208699733018875,-0.4216101293599346,0.8705755846262988,0.8717500000000183,0.12824999999998166,0.0,122,121,0.6666666666666667,1.3333333333333333,0.0,0,0.0,16.0,0.0014247590443119407,8.333333333333332,0.0,0.0,0.0,0.0,-0.41666666666666663,1.0,0.018100006505846977,0.0,0.04753124713897705,0.08607606463227281,0.08552091779652844,0.03292198603351911,0.032949065789580345,0.0,0.0,0.01706534743309021,False,False
0.08,0.6109647154808044,-0.10668253898620605,-0.10335591435432434,-0.28505665584442624,0.38665352826229804,0.8716500000000184,0.12834999999998165,0.0,133,131,0.36111111111111116,1.5,0.0,0,0.0,28.0,0.0014933472266420722,15.97222222222222,0.0,0.0,0.0,0.0,-0.7986111111111109,1.0,0.01790894754230976,0.0,0.04753124713897705,0.08641753993074582,0.08579021589519939,0.03284360903004806,0.03289533779025078,0.0,0.0,0.015961633920669557,False,False
0.085,0.668161928653717,-0.0921054407954216,-0.12299877405166626,-0.5391899340489326,0.8213343639555367,0.8715500000000184,0.12844999999998163,0.0,137,135,0.41435185185185197,1.5,0.0,0,0.0,29.0,0.0016200266545638442,14.6412037037037,0.0,0.0,0.0,0.0,-0.732060185185185,1.0,0.01768508553504944,0.0,0.04753124713897705,0.0868029267056831,0.08611065659780537,0.032757751954098545,0.03282757010310888,0.0,0.0,0.020449905395507815,False,False
0.09,0.7446499466896057,-0.08929722011089325,-0.10795217752456665,0.2676387063574505,0.885385000992329,0.8714500000000184,0.12854999999998162,0.0,149,147,0.46315586419753096,1.5,0.0,0,0.0,17.0,0.0017278637969866395,13.421103395061724,0.0,0.0,0.0,0.0,-0.6710551697530862,1.0,0.01746402122080326,0.0,0.04753124713897705,0.08725163717102119,0.08657873779395456,0.03265498361239831,0.03272476761291425,0.0,0.0,0.021189229488372804,False,False
0.095,0.802926778793335,-0.16163529455661774,-0.08994606137275696,-0.1955240295195362,0.8678865034024142,0.8713500000000184,0.1286499999999816,0.0,234,227,0.5078928755144034,1.4921071244855966,0.0,0,0.0,21.0,0.0023047528229653835,12.302678112139914,0.0,0.0,0.0,0.0,-0.6151339056069957,1.0,0.017245721071958542,0.0,0.04753124713897705,0.08757809477796015,0.0869070346568076,0.03256598332275947,0.032633456091086074,0.0,0.0,0.023661396503448485,False,False
0.1,0.8652204871177673,-0.22293458878993988,-0.08370240777730942,-0.32224414707029486,0.9986841580239135,0.8712500000000184,0.1287499999999816,0.0,241,238,0.5489018025548699,1.45109819744513,0.0,0,1.0,7.0,0.002920243889093399,11.277454936128253,0.0,0.0,0.0,0.0,-0.5638727468064126,1.0,0.017030149698257446,0.0,0.04753124713897705,0.08795770881775004,0.08724921429855607,0.03245654981583357,0.03252930163095395,0.0,0.0,0.021748416423797608,False,False
0.105,0.9070751667022705,-0.1828189641237259,-0.02831866964697838,-0.13392310619833775,0.8620715505612866,0.8711500000000184,0.1288499999999816,0.0,307,304,0.919826652341964,1.080173347658036,0.0,0,4.0,9.0,0.0034652010072022676,10.337667024784231,8.333333333333332,0.0,0.0,0.0,-0.10021668457254496,1.0,0.016817273572087288,0.0,0.04753124713897705,0.08845952770206933,0.0878250996698611,0.03238215111196041,0.03242393645147483,0.0,0.0,0.031915202140808105,False,False
0.11,0.9152494668960571,-0.140025794506073,0.009973318316042423,-0.37519123073978444,0.9241074626319822,0.8710500000000184,0.12894999999998158,0.0,273,271,0.9265077646468004,1.0734922353531997,0.0,0,1.0,10.0,0.0036519088316708803,9.476194772718879,7.6388888888888875,0.0,0.0,0.0,-0.09186529419149955,1.0,0.01660705730319023,0.0,0.04753124713897705,0.08875475093241017,0.08819130111764974,0.032374014457066856,0.032391234611471496,0.0,0.0,0.03309695959091187,False,False
0.115,0.9777137637138367,-0.13543826341629028,0.030972499400377274,0.5424121836538112,0.9910635208272648,0.8709500000000184,0.12904999999998157,0.0,272,267,0.9326321175929003,1.0673678824070998,0.0,0,0.0,10.0,0.0041921441443264484,17.019845208325638,15.335648148148145,0.0,0.0,0.0,-0.08420985300887462,1.0,0.01639946922659874,0.0,0.04753124713897705,0.08918661811730369,0.08863824827410136,0.032289015750090286,0.032298097697397075,0.0,0.0,0.03333156347274781,False,False
0.12,1.0157526731491089,-0.0869264230132103,0.06761912256479263,-0.6302353299414605,0.8572131368004199,0.8708500000000184,0.12914999999998156,0.0,276,274,0.9382461077934919,1.0617538922065082,0.0,0,1.0,9.0,0.004457615315914154,15.6015247742985,14.057677469135799,0.0,0.0,0.0,-0.07719236525813508,1.0,0.016194475814700127,0.0,0.04753124713897705,0.08950801519676899,0.0890330517464303,0.03223305568099022,0.032222437051435314,0.0,0.0,0.04719315052032471,False,False
0.125,1.080666422843933,-0.08018345385789871,0.05613755062222481,0.4563522154259835,0.9218326471387095,0.8707500000000185,0.12924999999998155,0.0,275,270,0.9433922654773677,1.0566077345226323,0.0,0,5.0,17.0,0.0047352672554552555,14.301397709773624,12.886204346707816,0.0,0.0,0.0,-0.07075966815329045,1.0,0.015992045402526855,0.0,0.04753124713897705,0.08999915094533788,0.08945882686693074,0.032136645168066025,0.032137335898975536,0.0,0.0,0.020553572177886965,False,False
0.13,1.201727271080017,-0.03916408121585846,0.004468817263841629,-0.29159184936562443,0.8845791501074396,0.8706500000000185,0.12934999999998154,0.0,298,294,0.948109576687587,1.0518904233124131,0.0,0,3.0,16.0,0.005376539658755064,13.109614567292489,11.812353984482163,0.0,0.0,0.0,-0.0648630291405163,1.0,0.01579214446246624,0.0,0.04753124713897705,0.09062338728845594,0.08993418634869012,0.03198036613563697,0.03202170909692844,0.0,0.0,0.01555039882659912,False,False
0.135,1.3632327318191528,0.042539361864328384,-0.015999294817447662,-0.5477053363792461,0.9014449211823437,0.8705500000000185,0.12944999999998152,0.0,382,364,0.6191004452969548,1.3808995547030452,5.0,5,1.0,19.0,0.006015187595039606,20.35048002001811,10.827991152441983,0.0,0.0,0.0,-0.4761244433788064,1.0,0.015594742260873318,4.808930680155754e-05,0.04753124713897705,0.09159707402577473,0.09084499920625091,0.031767121205727264,0.03182522176454465,0.0,0.0,0.02139192819595337,False,False
0.14,1.4608417749404907,0.0828632265329361,-0.03011832945048809,-0.5198602807354002,0.7174282308235567,0.8704500000000185,0.1295499999999815,0.0,453,443,0.31750874152220887,1.5,23.0,23,0.0,38.0,0.006617256440222263,26.98794001834993,9.925658556405152,0.0,0.0,0.0,-0.8531140730972389,1.0,0.016268249601125717,0.0002690997498575598,0.04753124713897705,0.09245450944406762,0.09163166401022896,0.03160120453685522,0.031677233055233955,0.0,0.0,0.020217311382293702,False,False
0.145,1.4819869995117188,0.04176008328795433,-0.03623046725988388,0.027762261867318942,0.8723730876318232,0.8703500000000185,0.1296499999999815,0.0,506,488,0.3743830130620247,1.5,50.0,50,4.0,29.0,0.008117559365928173,33.0722783501541,17.43185367670472,0.0,0.0,0.0,-0.782021233672469,1.0,0.0168705265969038,0.0007488715345971286,0.04753124713897705,0.09291129613232957,0.09197565166605486,0.031540888982514545,0.03163228742778301,0.0,0.0,0.02927500009536743,False,False
0.15,1.5005176067352295,-0.032939884811639786,-0.037547048181295395,0.17575429922332084,0.85923754177296,0.8702500000000185,0.1297499999999815,0.0,489,475,0.42651776197352265,1.5,19.0,19,3.0,19.0,0.009397633373737335,30.316255154307925,15.979199203645992,0.0,0.0,0.0,-0.7168527975330966,1.0,0.017447754740715027,0.0009284906554967165,0.04753124713897705,0.0930606882041305,0.09206131075741573,0.03151525277644396,0.03161133422205846,0.0,0.0,0.04373618602752686,False,False
0.155,1.555722951889038,-0.06861548125743866,-0.06692307442426682,-1.5348867076152455,0.0791631404995348,0.8701500000000185,0.12984999999998148,0.0,534,502,0.4743079484757291,1.5,3.0,3,2.0,25.0,0.01047817338258028,27.789900558115598,14.647599270008826,0.0,0.0,0.0,-0.6571150644053386,1.0,0.01800059713423252,0.0009534755372442305,0.04753124713897705,0.09331356081956224,0.09220314445594795,0.031436048448085785,0.031553978721300766,0.0,0.0,0.08429384231567383,False,False
0.16,1.5805890560150146,-0.06630022823810577,-0.0954659953713417,-0.18486852371029594,0.856611273740127,0.8700500000000185,0.12994999999998147,0.0,578,553,0.518115619436085,1.481884380563915,12.0,12,2.0,22.0,0.01165784616023302,25.474075511605964,13.42696599750809,0.0,0.0,0.0,-0.6023554757048937,1.0,0.018529703840613365,0.0010649169562384486,0.04753124713897705,0.09347731919260543,0.09227725064086889,0.031396616250276566,0.03153338717917602,0.0,0.0,0.044640450477600103,False,False
0.165,1.6168817281723022,-0.06255659461021423,-0.075945645570755,-0.5021957125875979,0.6131966093580224,0.8699500000000185,0.13004999999998146,0.0,540,519,0.5582726511497447,1.4417273488502553,14.0,14,0.0,29.0,0.012381038628518581,23.3512358856388,12.308052164382415,0.0,0.0,0.0,-0.5521591860628192,1.0,0.019035710021853447,0.0011951299384236336,0.04753124713897705,0.09386492195958117,0.09266657477058318,0.031346556109686695,0.03147171810269356,0.0,0.0,0.018534384965896607,False,False
0.17,1.736331582069397,-0.17804527282714844,0.000727763632312417,-0.8457171542735569,0.13405568046923183,0.8698500000000186,0.13014999999998145,0.0,557,532,0.5950832635539326,1.4049167364460673,47.0,47,2.0,33.0,0.013274936005473137,21.405299561835566,11.28238115068388,0.0,0.0,0.0,-0.5061459205575842,1.0,0.01951923593878746,0.0016421895707026124,0.04753124713897705,0.09469128789721523,0.09360928726009872,0.031199708270529907,0.03129346451411645,0.0,0.0,0.019076349735260012,False,False
0.17500000000000002,1.8175551891326904,-0.2909567356109619,-0.021541759371757507,0.2047746163631096,0.766913482800823,0.8697500000000186,0.13024999999998144,0.0,562,535,0.6288263249244382,1.3711736750755619,37.0,37,2.0,20.0,0.015294053591787815,19.621524598349268,10.342182721460224,0.0,0.0,0.0,-0.46396709384445217,1.0,0.019980886951088905,0.001991208177059889,0.04753124713897705,0.0948246346729171,0.09362875583146855,0.03113384358584881,0.031248717568814754,0.0,0.0,0.02405108451843262,False,False
0.18,1.8638981580734253,-0.24303175508975983,-0.0063076503574848175,-0.11838953446102504,0.4443133917749705,0.8696500000000186,0.13034999999998143,0.0,507,482,0.19999999999999996,1.5,9.0,9,1.0,17.0,0.01661449857056141,34.65306421515349,9.480334161338538,0.0,0.0,0.0,-1.0,1.0,0.020421255379915237,0.0020694721024483442,0.04753124713897705,0.09532178806373695,0.09413750511361133,0.031068359191219013,0.031177607985834282,0.0,0.0,0.033237428665161134,False,False
0.185,1.8868156671524048,-0.15032584965229034,0.05502866581082344,-0.2739822015574379,0.7125718908981709,0.8695500000000186,0.13044999999998141,0.0,635,607,0.19999999999999996,1.5,14.0,14,3.0,18.0,0.01779758185148239,31.7653088638907,8.690306314560326,0.0,0.0,0.0,-1.0,1.0,0.02084091678261757,0.0021954993717372417,0.04753124713897705,0.09629168890695859,0.09523875789064756,0.030988850630819798,0.031062555499374866,0.0,0.0,0.0746985387802124,False,False
0.19,1.8700178861618042,-0.12339386343955994,0.10668660700321198,0.11323565684215692,0.859025666991494,0.8694500000000186,0.1305499999999814,0.0,587,561,0.19999999999999996,1.5,19.0,19,3.0,27.0,0.01818358339369297,29.118199791899805,7.966114121680298,0.0,0.0,0.0,-1.0,1.0,0.021240437403321266,0.0023690909147262573,0.04753124713897705,0.09648522561027821,0.09559149214144019,0.0309964781627059,0.03104137101521095,0.0,0.0,0.023683583736419676,False,False
0.195,1.9011911153793335,-0.07990677654743195,0.17072409391403198,0.18075960396352594,0.8997071532245668,0.8693500000000186,0.1306499999999814,0.0,671,635,0.19999999999999996,1.5,54.0,54,5.0,21.0,0.019361699000000954,35.02501647590815,7.302271278206939,0.0,0.0,0.0,-1.0,1.0,0.021620366722345352,0.0028785839676856995,0.04753124713897705,0.09703182765655059,0.09632048386521479,0.03094934237500032,0.030955310600499313,0.0,0.0,0.02369649648666382,False,False
0.2,1.929247498512268,-0.03655937314033508,0.21814380586147308,-0.346625592287947,0.8192882929380516,0.8692500000000186,0.13074999999998138,0.0,839,793,0.19999999999999996,1.5,52.0,52,3.0,26.0,0.020751046016812325,40.43959843624914,6.693748671689694,0.0,0.0,0.0,-1.0,1.0,0.021981243044137955,0.003366718767210841,0.04753124713897705,0.09744547835613132,0.09688776750552,0.030915664198497932,0.0308903306722641,0.0,0.0,0.04382221221923828,False,False
0.20500000000000002,1.9433715343475342,-0.034137316048145294,0.22694286704063416,0.6412913302073854,0.47563144688112724,0.8691500000000186,0.13084999999998137,0.0,594,566,0.19999999999999996,1.5,21.0,21,2.0,24.0,0.02128608338534832,37.06963189989504,6.13593628238222,0.0,0.0,0.0,-1.0,1.0,0.022323593497276306,0.0035546659491956234,0.04753124713897705,0.0974698757356948,0.09694827526186743,0.030912958706418674,0.03087838956465324,0.0,0.0,0.018679442405700686,False,False
0.21,2.0448954105377197,0.01825093850493431,0.20329855382442474,0.16543123379997177,0.9157598700588858,0.8690500000000186,0.13094999999998136,0.0,517,483,0.19999999999999996,1.5,25.0,25,4.0,18.0,0.022512108087539673,42.31382924157046,5.624608258850368,0.0,0.0,0.0,-1.0,1.0,0.022647928446531296,0.003780301660299301,0.04753124713897705,0.0983280166662282,0.0976747533925793,0.03076895916213592,0.030756350606679916,0.0,0.0,0.014030916690826418,False,False
0.215,2.1442689895629883,0.10291828215122223,0.2398015260696411,0.3912106268500115,0.9048639687499248,0.8689500000000187,0.13104999999998135,0.0,554,522,0.19999999999999996,1.5,40.0,40,2.0,23.0,0.02308533899486065,38.78767680477292,5.155890903946171,0.0,0.0,0.0,-1.0,1.0,0.022954750806093216,0.00414926465600729,0.04753124713897705,0.09956832872020537,0.09901186724038011,0.030617625452578068,0.03059066055963437,0.0,0.0,0.014302757978439332,False,False
0.22,2.2853167057037354,0.13344784080982208,0.24426400661468506,-0.1442690741352652,0.9358115302911374,0.8688500000000187,0.13114999999998134,0.0,572,540,0.19999999999999996,1.5,44.0,44,1.0,18.0,0.023681912571191788,35.555370404375175,4.726233328617323,0.0,0.0,0.0,-1.0,1.0,0.023244552314281464,0.004555161576718092,0.04753124713897705,0.10099176264833494,0.10039403701480314,0.030420459806919098,0.030400282703340054,0.0,0.0,0.009816864728927613,False,False
0.225,2.4253323078155518,0.10928193479776382,0.23561327159404755,-0.23986931101470987,0.6096339063114415,0.8687500000000187,0.13124999999998133,0.0,559,527,0.19999999999999996,1.5,22.0,22,4.0,24.0,0.024258771911263466,32.59242287067724,4.332380551232546,0.0,0.0,0.0,-1.0,1.0,0.023517807945609093,0.004747774917632341,0.04753124713897705,0.10229940398130397,0.10158691012766044,0.030223955400288105,0.030224781172970932,0.0,0.0,0.019638835191726687,False,False
0.23,2.415675163269043,0.09457945078611374,0.2316584587097168,0.516372561248566,0.5240456544348551,0.8686500000000187,0.13134999999998132,0.0,499,466,0.19999999999999996,1.5,24.0,24,1.0,30.0,0.02447694167494774,38.209720964787465,3.971348838629834,0.0,0.0,0.0,-1.0,1.0,0.02377498522400856,0.00495882099494338,0.04753124713897705,0.10237369119810394,0.1016121965561356,0.0302226934581995,0.0302283838391304,0.0,0.0,0.0134318745136261,False,False
0.23500000000000001,2.4075515270233154,0.05939245596528053,0.19326400756835938,0.5792104219471534,0.3141485293388333,0.8685500000000187,0.1314499999999813,0.0,522,485,0.19999999999999996,1.5,19.0,19,1.0,19.0,0.02467350661754608,35.02557755105517,3.6404031020773475,0.0,0.0,0.0,-1.0,1.0,0.024016540497541428,0.005120898596942425,0.04753124713897705,0.1021767624168019,0.10125212677211023,0.030233000094691913,0.030259674725433193,0.0,0.0,0.01517636775970459,False,False
0.24,2.4893686771392822,0.009351045824587345,0.18439219892024994,-0.5628221651348394,0.6092062120782785,0.8684500000000187,0.1315499999999813,0.0,622,592,0.19999999999999996,1.5,14.0,14,2.0,28.0,0.024927152320742607,32.106779421800574,3.337036176904235,0.0,0.0,0.0,-1.0,1.0,0.024242917075753212,0.005234211683273315,0.04753124713897705,0.10270844076480548,0.10169003493012695,0.030139624141156673,0.03017605437586705,0.0,0.0,0.027718508243560792,False,False
0.245,2.5231335163116455,0.0013418755261227489,0.1987004578113556,0.27797288741393716,0.8214584804497511,0.8683500000000187,0.13164999999998128,0.0,602,569,0.19999999999999996,1.5,44.0,44,1.0,15.0,0.02514253370463848,37.764547803317186,3.058949828828882,0.0,0.0,0.0,-1.0,1.0,0.024454550817608833,0.005635587964206934,0.04753124713897705,0.1030031541394984,0.10201919256911134,0.030097441437343758,0.030128140933811665,0.0,0.0,0.019084044694900514,False,False
0.25,2.5551841259002686,-0.008527714759111404,0.23409269750118256,-0.6911328698842742,0.8048887090663406,0.8682500000000187,0.13174999999998127,0.0,656,614,0.19999999999999996,1.5,60.0,60,2.0,21.0,0.025462878867983818,34.61750215304075,2.804037343093142,0.0,0.0,0.0,-1.0,1.0,0.024651864543557167,0.006189177744090557,0.04753124713897705,0.10344828938925468,0.1025727782091109,0.030058029418190323,0.03006907335172097,0.0,0.0,0.018878207206726075,False,False
0.255,2.6654207706451416,-0.07714252173900604,0.2841421663761139,-1.14027415684738,0.0775293554875996,0.8681500000000187,0.13184999999998126,0.0,694,653,0.19999999999999996,1.5,42.0,42,4.0,21.0,0.025591550394892693,31.732710306954022,2.570367564502047,0.0,0.0,0.0,-1.0,1.0,0.02483527362346649,0.006567340809851885,0.04753124713897705,0.10418023847741832,0.10344264630926601,0.029953109721342724,0.02994019693384568,0.0,0.0,0.025300133228302,False,False
0.26,2.7129223346710205,-0.12287972122430801,0.2684938311576843,0.19927102230442983,0.8101623602908365,0.8680500000000188,0.13194999999998125,0.0,617,583,0.19999999999999996,1.5,20.0,20,5.0,22.0,0.02577846869826317,29.08831778137452,2.3561702674602096,0.0,0.0,0.0,-1.0,1.0,0.02500518038868904,0.006732333451509476,0.04753124713897705,0.10408503337763078,0.10323202044982294,0.029930242647727333,0.0299341402327021,0.0,0.0,0.026758942604064945,False,False
0.265,2.7098584175109863,-0.03856427222490311,0.3255437910556793,0.2263409900022928,0.7563303280941046,0.8679500000000188,0.13204999999998124,0.0,634,599,0.3531545911564753,1.5,43.0,43,4.0,24.0,0.026121774688363075,26.66429129959331,10.49315607850519,0.0,0.0,0.0,-0.8085567610544059,1.0,0.025161977857351303,0.007117850240319967,0.04753124713897705,0.10470176743514041,0.10411707413056692,0.029914371358851593,0.029880918251971405,0.0,0.0,0.024750535488128663,False,False
0.27,2.6860756874084473,0.06399612128734589,0.3926071524620056,-0.23699300045289232,0.08299840765634231,0.8678500000000188,0.13214999999998123,0.0,739,703,0.19999999999999996,1.5,55.0,55,1.0,33.0,0.026367027312517166,41.10893369129386,17.952059738629757,0.0,0.0,0.0,-1.0,1.0,0.025306053459644318,0.00761717464774847,0.04753124713897705,0.10541048437682739,0.1051689504231309,0.029908533518513046,0.02983103351046642,0.0,0.0,0.025686144828796387,False,False
0.275,2.6937952041625977,0.09025260806083679,0.43244513869285583,0.80628604996253,1.0,0.8677500000000188,0.13224999999998122,0.0,632,586,0.19999999999999996,1.5,18.0,18,5.0,24.0,0.026643747463822365,46.016522550352704,16.45605476041061,0.0,0.0,0.0,-1.0,1.0,0.02543778344988823,0.0077585577964782715,0.04753124713897705,0.10577952442007585,0.10571851350351372,0.029891695206363998,0.029793196978668373,0.0,0.0,0.03394094467163086,False,False
0.28,2.7273716926574707,0.13339287042617798,0.48671385645866394,-0.04818319646752556,0.6256810145537952,0.8676500000000188,0.1323499999999812,0.0,608,580,0.19999999999999996,1.5,30.0,30,2.0,19.0,0.026806175708770752,50.515145671156645,15.084716863709724,0.0,0.0,0.0,-1.0,1.0,0.025610098615288734,0.008014766499400139,0.04753124713897705,0.10630085067047253,0.1065082829104098,0.029861326329410076,0.029728859663009644,0.0,0.0,0.03176428079605102,False,False
0.28500000000000003,2.781696081161499,0.2518598735332489,0.5817887187004089,0.6393506151492738,1.0,0.8675500000000188,0.1324499999999812,0.0,679,639,0.19999999999999996,1.5,53.0,53,2.0,15.0,0.02685249224305153,46.305550198560255,13.827657125067248,0.0,0.0,0.0,-1.0,1.0,0.025717569515109062,0.00849111843854189,0.04753124713897705,0.10678676657425062,0.10752710149902672,0.02984406581769387,0.029641329310834408,0.0,0.0,0.045481805801391606,False,False
0.29,2.8340463638305664,0.2935470640659332,0.5615106225013733,-0.19324829427657286,0.3418716909704736,0.8674500000000188,0.13254999999998118,0.0,590,559,0.19999999999999996,1.5,42.0,42,3.0,24.0,0.026939446106553078,42.44675434868023,12.675352364644976,0.0,0.0,0.0,-1.0,1.0,0.025813773274421692,0.00885968841612339,0.04753124713897705,0.10740426016334888,0.10802019460871637,0.029761907644569874,0.02956628023336331,0.0,0.0,0.022242457866668702,False,False
0.295,2.8987786769866943,0.4200054705142975,0.5990318059921265,0.32160098634045703,0.8929440966688835,0.8673500000000188,0.13264999999998117,0.0,595,569,0.19999999999999996,1.5,9.0,9,3.0,15.0,0.027117326855659485,38.90952481962354,11.61907300092456,0.0,0.0,0.0,-1.0,1.0,0.025899052619934082,0.008909334428608418,0.04753124713897705,0.10889354013806649,0.10976878073935524,0.02964609768241644,0.02943366765975952,0.0,0.0,0.01686819553375244,False,False
0.3,3.0024030208587646,0.5679107904434204,0.6262630820274353,1.0046412014552568,0.9672376690436223,0.8672500000000188,0.13274999999998116,0.0,530,496,0.19999999999999996,1.5,33.0,33,3.0,8.0,0.027142778038978577,44.00039775132157,10.65081691751418,0.0,0.0,0.0,-1.0,1.0,0.025973740965127945,0.009189601987600327,0.047530293464660645,0.11081032184930335,0.11191609906079063,0.029491836515565716,0.029264426169296108,0.0,0.0,0.007159923911094666,False,False
0.305,3.127079963684082,0.6323843002319336,0.6064237356185913,0.5968855556594135,0.996450057495494,0.8671500000000189,0.13284999999998115,0.0,613,570,0.19999999999999996,1.5,44.0,44,4.0,16.0,0.027212491258978844,40.33369793871144,9.763248841054663,0.0,0.0,0.0,-1.0,1.0,0.026038160547614098,0.009574497118592262,0.047529399394989014,0.11291733585530703,0.11393900765105891,0.0292758426318566,0.02906764547030131,0.0,0.0,0.016091734170913696,False,False
0.31,3.1953492164611816,0.6209948062896729,0.6175280809402466,0.23038313526076562,0.49605864479166784,0.8670500000000189,0.13294999999998114,0.0,636,602,0.19999999999999996,1.5,49.0,49,2.0,21.0,0.027246449142694473,36.97255644381882,8.949644770966774,0.0,0.0,0.0,-1.0,1.0,0.026344461366534233,0.010005878284573555,0.04752838611602783,0.11401920591294577,0.11506980941941151,0.029162811115384102,0.02895697175214688,0.0,0.0,0.025277132987976077,False,False
0.315,3.1761598587036133,0.5942230820655823,0.5976729989051819,0.4441354489479012,0.8863072106016499,0.8669500000000189,0.13304999999998113,0.0,593,561,0.19999999999999996,1.5,18.0,18,5.0,20.0,0.02746046893298626,33.891510073500584,8.203841040052875,0.0,0.0,0.0,-1.0,1.0,0.026435164734721184,0.010137309320271015,0.0475274920463562,0.11392351384972962,0.11482604706892552,0.029168805728356045,0.02897698897868395,0.0,0.0,0.018949666023254395,False,False
0.32,3.2272591590881348,0.5896531939506531,0.569894015789032,0.39822458794873067,0.7292311201176868,0.8668500000000189,0.13314999999998112,0.0,674,635,0.19999999999999996,1.5,29.0,29,5.0,28.0,0.027677854523062706,31.067217567375533,7.5201876200484685,0.0,0.0,0.0,-1.0,1.0,0.02646692655980587,0.010373988188803196,0.04752647876739502,0.11454023802171583,0.11525804407258017,0.029094979787866276,0.028918342043956123,0.0,0.0,0.02083082437515259,False,False
0.325,3.2964699268341064,0.5803813338279724,0.577484667301178,0.7424749935903345,0.31009647831603115,0.8667500000000189,0.1332499999999811,0.0,787,744,0.19999999999999996,1.5,55.0,55,2.0,30.0,0.02813699096441269,28.478282770094236,6.893505318377763,0.0,0.0,0.0,-1.0,1.0,0.026489688083529472,0.010859745554625988,0.04752552509307861,0.11529298499536818,0.11602057397039413,0.02901245684673389,0.028833152415851753,0.0,0.0,0.053042621612548836,False,False
0.33,3.298068046569824,0.5616475939750671,0.5719664692878723,0.1763208914466016,0.7857666955916386,0.8666500000000189,0.1333499999999811,0.0,642,602,0.19999999999999996,1.5,49.0,49,3.0,24.0,0.02828216552734375,34.43842587258638,6.319046541846282,0.0,0.0,0.0,-1.0,1.0,0.026503734290599823,0.011285771615803242,0.04752469062805176,0.11529130365233678,0.115976131358182,0.029001800964275997,0.028829616494476795,0.0,0.0,0.02693565130233765,False,False
0.335,3.3690056800842285,0.5712441205978394,0.6547583937644958,0.3311131514969759,0.8303285290426127,0.8665500000000189,0.13344999999998108,0.0,547,523,0.30228942453952967,1.5,21.0,21,2.0,20.0,0.028283534571528435,31.568557049870847,14.12579266335909,0.0,0.0,0.0,-0.8721382193255879,1.0,0.026509344577789307,0.011440723203122616,0.04752379655838013,0.11604913674248188,0.11724047829893533,0.02896733426799377,0.02874349243938923,0.0,0.0,0.019430817365646363,False,False
0.34,3.4728920459747314,0.5289478898048401,0.6636662483215332,0.7948378233988571,0.7440499465638067,0.8664500000000189,0.13354999999998107,0.0,630,590,0.3604319724945688,1.5,19.0,19,2.0,19.0,0.02836942858994007,28.93784396238161,12.948643274745832,0.0,0.0,0.0,-0.7994600343817889,1.0,0.026529943570494652,0.011575793847441673,0.047522902488708496,0.11665032293398982,0.11778866199031277,0.028873924165964127,0.028654316750665508,0.0,0.0,0.02762880802154541,False,False
0.34500000000000003,3.4808156490325928,0.5490674376487732,0.6577610373497009,0.528896752142215,0.5821160161514186,0.8663500000000189,0.13364999999998106,0.0,671,632,0.4137293081200215,1.5,31.0,31,5.0,28.0,0.028431857004761696,26.526356965516474,11.869589668517012,0.0,0.0,0.0,-0.7328383648499731,1.0,0.026792719960212708,0.011825715191662312,0.04752194881439209,0.11647296374989478,0.11754830048745302,0.028874400692681473,0.028660938454171024,0.0,0.0,0.030216510295867922,False,False
0.35000000000000003,3.4406607151031494,0.637721836566925,0.7318128943443298,0.030236361273723568,0.7469147219471585,0.866250000000019,0.13374999999998105,0.0,680,648,0.4625851991100196,1.5,45.0,45,3.0,22.0,0.028617795556783676,24.3158272183901,10.880457196140593,0.0,0.0,0.0,-0.6717685011124754,1.0,0.026863591745495796,0.012209244072437286,0.047521114349365234,0.11698802088371595,0.11869206861685765,0.028927793415884178,0.0286627064148585,0.0,0.0,0.02780744791030884,False,False
0.355,3.406158447265625,0.6949536800384521,0.790508508682251,0.21702801293791366,0.772043379263752,0.866150000000019,0.13384999999998104,0.0,587,560,0.5073697658508514,1.4926302341491486,33.0,33,1.0,26.0,0.02861694246530533,22.28950828352426,9.973752429795544,0.0,0.0,0.0,-0.6157877926864358,1.0,0.026833292096853256,0.012475762516260147,0.047520220279693604,0.11714127237209854,0.11932648676835422,0.028977465505401295,0.028677633963525295,0.0,0.0,0.03274577856063843,False,False
0.36,3.423170804977417,0.7355387210845947,0.8339585661888123,0.09135379620030107,0.8571405573583866,0.866050000000019,0.13394999999998103,0.0,648,599,0.5484222853632804,1.4515777146367195,42.0,42,4.0,12.0,0.02863212488591671,20.432049259897237,9.142606393979248,0.0,0.0,0.0,-0.5644721432958995,1.0,0.026821209117770195,0.012827729806303978,0.0475192666053772,0.11750208436371563,0.12001037149783025,0.028974421632786594,0.028650936049719654,0.0,0.0,0.04302521705627442,False,False
0.365,3.450634717941284,0.8476551175117493,0.9202083349227905,0.3207577828613642,0.5262181136164051,0.865950000000019,0.13404999999998102,0.0,607,580,0.586053761583007,1.413946238416993,27.0,27,2.0,16.0,0.02864369936287403,18.729378488239135,8.38072252781431,0.0,0.0,0.0,-0.5174327980212412,1.0,0.026865236461162567,0.01303396187722683,0.04751843214035034,0.11755829160939704,0.12070460131050195,0.02901749685406685,0.028638513758778572,0.0,0.0,0.049663600921630864,False,False
0.37,3.4929747581481934,0.9220758080482483,0.948409378528595,1.2152100164632835,1.0,0.865850000000019,0.134149999999981,0.0,643,603,0.6205492814510898,1.3794507185489102,30.0,30,5.0,16.0,0.02865421772003174,25.501930280885873,16.015662317163116,0.0,0.0,0.0,-0.4743133981861378,1.0,0.026898464187979698,0.013268190436065197,0.04751765727996826,0.11810144188208309,0.12147397471839982,0.028979762767752014,0.028583135766287647,0.0,0.0,0.03175251960754395,False,False
0.375,3.578578472137451,1.048736810684204,0.9466031789779663,0.9427342329863555,0.8107323574335029,0.865750000000019,0.134249999999981,0.0,616,580,0.6521701746634989,1.347829825336501,52.0,52,4.0,21.0,0.02868984080851078,23.376769424145383,14.681023790732855,0.0,0.0,0.0,-0.4347872816706264,1.0,0.026921236887574196,0.013713035732507706,0.047516822814941406,0.12024327853228695,0.12374710958078296,0.028841753179828327,0.02844255107144515,0.0,0.0,0.01206533908843994,False,False
0.38,3.583439826965332,1.2297217845916748,0.9754517674446106,2.0118241264559114,0.2065897854253214,0.865650000000019,0.13434999999998098,0.0,583,550,0.6811559934415405,1.3188440065584595,31.0,31,1.0,25.0,0.02881937474012375,21.4287053054666,13.457605141505116,0.0,0.0,0.0,-0.3985550081980742,1.0,0.026933887973427773,0.01395405177026987,0.04751598834991455,0.12134545906291452,0.1252789782251521,0.028805796367426716,0.028388810654481254,0.0,0.0,0.009104115366935731,False,False
0.385,3.6167120933532715,1.380262851715088,0.9772723317146301,-1.521489192825525,0.31479979069626324,0.865550000000019,0.13444999999998097,0.0,556,519,1.0410596606547455,0.9589403393452544,22.0,22,0.0,23.0,0.029379604384303093,19.642979863344383,20.669471379713023,0.0,0.0,0.0,0.051324575818432014,1.0,0.026972200721502304,0.014107502065598965,0.04751521348953247,0.12296216973180986,0.12716677104433163,0.028702453710138798,0.028283751259247463,0.0,0.0,0.011181036233901978,False,False
0.39,3.730351448059082,1.4553955793380737,0.9620985388755798,0.11627059573154291,0.867612980460136,0.865450000000019,0.13454999999998096,0.0,570,535,1.0376380222668502,0.9623619777331498,23.0,23,2.0,15.0,0.029625672847032547,18.00606487473235,18.947015431403603,0.0,0.0,0.0,0.0470475278335627,1.0,0.02693011611700058,0.014269933104515076,0.04751431941986084,0.12590107685141055,0.13022032759431532,0.02847777834782998,0.02807354864974817,0.0,0.0,0.02003892421722412,False,False
0.395,3.7744147777557373,1.4504473209381104,0.9540587663650513,2.6594157458138277,0.5615543103517192,0.865350000000019,0.13464999999998095,0.0,585,549,1.0345015204112793,0.9654984795887208,26.0,26,3.0,24.0,0.029832622036337852,16.505559468504654,17.368097478786634,0.0,0.0,0.0,0.04312690051409902,1.0,0.02691432274878025,0.014460538513958454,0.047513604164123535,0.12716372729434108,0.13145573136706926,0.028397260854641598,0.027999488326410454,0.0,0.0,0.017263386249542236,False,False
0.4,3.769895315170288,1.4276065826416016,0.9098036885261536,0.06842353163714111,0.8414003294588185,0.8652500000000191,0.13474999999998094,0.0,643,610,1.0316263937103394,0.9683736062896606,41.0,41,4.0,19.0,0.0298775564879179,15.130096179462598,15.92075602222108,0.0,0.0,0.0,0.03953299213792416,1.0,0.026889663189649582,0.01479461882263422,0.04751276969909668,0.12759561083186205,0.1315430992472274,0.0283627196525534,0.027986915471653145,0.0,0.0,0.014158762693405153,False,False
0.405,3.8327059745788574,1.4548276662826538,0.8836674094200134,0.13425476305869843,0.5332027012679271,0.8651500000000191,0.13484999999998093,0.0,656,616,1.0289908609011444,0.9710091390988556,26.0,26,2.0,20.0,0.03000284731388092,13.869254831174047,14.594026353702658,0.0,0.0,0.0,0.036238576126430555,1.0,0.026856431737542152,0.01497710682451725,0.047511935234069824,0.1291124981781446,0.13292346243746356,0.028246012516319752,0.02788360385845105,0.0,0.0,0.019552146196365357,False,False
0.41000000000000003,3.871574878692627,1.4574247598648071,0.8671464323997498,,0.0,0.8650500000000191,0.13494999999998092,0.0,650,613,1.026574955826049,0.9734250441739509,48.0,48,2.0,20.0,0.030014963820576668,12.713483595242876,13.377857490894103,0.0,0.0,0.0,0.03321869478256136,1.0,0.026814917102456093,0.015376358292996883,0.04751121997833252,0.1301600087800352,0.13386791475955173,0.028167588946719967,0.027815864110986393,0.0,0.0,0.025998983383178714,False,False
0.41500000000000004,3.908390760421753,1.4988219738006592,0.895060122013092,0.36757503524651725,0.9024683010171594,0.8649500000000191,0.1350499999999809,0.0,611,575,0.6910270428405452,1.3089729571594548,34.0,34,6.0,17.0,0.030005868524312973,19.987359962305966,12.263036033319594,0.0,0.0,0.0,-0.3862161964493186,1.0,0.026765398681163788,0.015631286427378654,0.047510385513305664,0.13106598586030083,0.1350765571072675,0.02812680012236039,0.02776132275660833,0.0,0.0,0.016007992029190066,False,False
0.42,4.044595241546631,1.5378334522247314,0.9575029611587524,-1.9709500081358713,0.19798167566492403,0.8648500000000191,0.1351499999999809,0.0,572,540,1.0501081226038331,0.949891877396167,24.0,24,3.0,26.0,0.029989143833518028,18.3217466321138,19.574449697209626,0.0,0.0,0.0,0.0626351532547913,1.0,0.026708150282502174,0.01579698547720909,0.04750955104827881,0.13325991925783234,0.13790541256963976,0.028001529475053154,0.02760699794938167,0.0,0.0,0.018412554264068605,False,False
0.425,4.169590950012207,1.541079044342041,0.9233300089836121,,0.0,0.8647500000000191,0.13524999999998089,0.0,613,580,1.0459324457201804,0.9540675542798196,19.0,19,1.0,11.0,0.02997007593512535,16.79493441277098,17.94324555577549,0.0,0.0,0.0,0.05741555715022546,1.0,0.026643436402082443,0.015905894339084625,0.04750877618789673,0.13569067440274873,0.13999727512119722,0.027822675183415413,0.027452280434469383,0.0,0.0,0.018896353244781495,False,False
0.43,4.183300018310547,1.6374504566192627,0.9493181109428406,1.2152100164632835,1.0,0.8646500000000191,0.13534999999998087,0.0,647,617,1.0421047419101652,0.9578952580898347,45.0,45,6.0,8.0,0.030092686414718628,23.728689878373398,24.78130842612753,0.0,0.0,0.0,0.052630927387706625,1.0,0.026571515947580338,0.016272421926259995,0.047508060932159424,0.13639915251948953,0.1410492635580377,0.02780974532167117,0.02742390303562085,0.0,0.0,0.01971130132675171,False,False
0.435,4.148836135864258,1.7417409420013428,1.001227855682373,0.8270177972054102,0.47229269320573797,0.8645500000000191,0.13544999999998086,0.0,703,664,0.7052626800843182,1.2947373199156818,69.0,69,2.0,21.0,0.030523817986249924,30.084632388508947,22.716199390616904,0.0,0.0,0.0,-0.36842164989460213,1.0,0.026492644101381302,0.016860241070389748,0.04750734567642212,0.1367718457924179,0.14216804991010334,0.027860403060913086,0.027439903157452743,0.0,0.0,0.018495259284973146,False,False
0.44,4.124491214752197,1.7449830770492554,1.038780689239502,1.0041058004982115,0.9670402830471779,0.8644500000000191,0.13554999999998085,0.0,544,512,0.7298241234106251,1.270175876589375,24.0,24,2.0,16.0,0.03057090751826763,27.577579689466532,20.82318277473216,0.0,0.0,0.0,-0.3377198457367186,1.0,0.02676226757466793,0.017017005011439323,0.04750657081604004,0.13613937846260538,0.14189361674990267,0.027921604923903942,0.02748170246680578,0.0,0.0,0.017717748880386353,False,False
0.445,4.114666938781738,1.7878307104110718,1.0785973072052002,-2.6334632483955867,1.0,0.8643500000000192,0.13564999999998084,0.0,548,518,0.752338779793073,1.247661220206927,23.0,23,1.0,11.0,0.030825503170490265,25.279448048677654,19.087917543504478,0.0,0.0,0.0,-0.3095765252586588,1.0,0.027094190940260887,0.017159299924969673,0.047505855560302734,0.13594209773217408,0.14208310018727938,0.027953308696548145,0.0274960370734334,0.0,0.0,0.02517327547073364,False,False
0.45,4.113071441650391,1.8694902658462524,1.1058045625686646,0.3311131514969759,0.8303285290426127,0.8642500000000192,0.13574999999998083,0.0,537,500,0.7729772148103169,1.227022785189683,19.0,19,1.0,17.0,0.03108590468764305,23.172827377954516,17.497257748212437,0.0,0.0,0.0,-0.28377848148710394,1.0,0.027262184768915176,0.017262529581785202,0.04750514030456543,0.13599456334952037,0.14244115588254988,0.027972206783791385,0.027499155451854072,0.0,0.0,0.03507415771484375,False,False
0.455,4.123745918273926,1.914681077003479,1.1326661109924316,0.12867572558990875,0.9060988878065415,0.8641500000000192,0.13584999999998082,0.0,574,533,0.7918957802427904,1.2081042197572096,23.0,23,2.0,21.0,0.03104037418961525,21.241758429791638,16.0391529358614,0.0,0.0,0.0,-0.26013027469651195,1.0,0.027271635830402374,0.01740165427327156,0.04750436544418335,0.13555359590332725,0.1421722384604291,0.02800303666541974,0.02751484513282776,0.0,0.0,0.01680345058441162,False,False
0.46,4.156439781188965,2.068133592605591,1.1113132238388062,-0.3825265591058299,0.24415951313860912,0.8640500000000192,0.1359499999999808,0.0,620,593,0.8092377985558912,1.1907622014441088,33.0,33,3.0,16.0,0.031036268919706345,19.471611893975666,14.702556857872947,0.0,0.0,0.0,-0.23845275180513595,1.0,0.02712780423462391,0.017646538093686104,0.04750359058380127,0.13828217702172466,0.1451544453712777,0.027864770963788033,0.027385459591945015,0.0,0.0,0.01835153341293335,False,False
0.465,4.123177528381348,2.207205295562744,1.1197038888931274,1.540251366785109,0.4083201450346051,0.8639500000000192,0.1360499999999808,0.0,642,603,0.8251346486762337,1.1748653513237663,67.0,67,3.0,28.0,0.031137283891439438,17.848977569477693,13.477343786383534,0.0,0.0,0.0,-0.21858168915470796,1.0,0.026960618793964386,0.01819416880607605,0.04750281572341919,0.13862548528611424,0.14577943812589844,0.027881828136742115,0.027392936560014885,0.0,0.0,0.013860698938369751,False,False
0.47000000000000003,4.159140586853027,2.3114664554595947,1.1310878992080688,1.313520549243798,0.3615347578436751,0.8638500000000192,0.1361499999999808,0.0,601,563,0.8397067612865474,1.1602932387134526,36.0,36,3.0,17.0,0.031246157363057137,16.36156277202122,12.354231804184906,0.0,0.0,0.0,-0.2003665483918157,1.0,0.026790764182806015,0.018462559208273888,0.04750216007232666,0.13984511147811773,0.14733970229793092,0.02781403250992298,0.027320063672959805,0.0,0.0,0.016847090721130373,False,False
0.47500000000000003,4.292667865753174,2.3769991397857666,1.0864177942276,0.974449872217462,0.734307735047355,0.8637500000000192,0.13624999999998078,0.0,647,606,0.8530645311793351,1.1469354688206648,32.0,32,5.0,18.0,0.031236521899700165,14.998099207686117,11.324712487169496,0.0,0.0,0.0,-0.18366933602583108,1.0,0.026618370786309242,0.018692636862397194,0.047501444816589355,0.1451555940074201,0.15280025843406458,0.027518291026353836,0.027053155936300755,0.0,0.0,0.017861238718032836,False,False
0.48,4.326455116271973,2.379556655883789,1.058003544807434,-0.28308001593141785,0.4468762088799252,0.8636500000000192,0.13634999999998076,0.0,688,646,1.1986424869143906,0.8013575130856094,24.0,24,5.0,22.0,0.03129680082201958,13.748257607045607,18.71431977990537,0.0,0.0,0.0,0.24830310864298816,1.0,0.02697877027094364,0.01881592907011509,0.04750072956085205,0.1471058635041093,0.15462346009444186,0.027425074949860573,0.02697497761497895,0.0,0.0,0.016496587991714478,False,False
0.485,4.334617614746094,2.353698253631592,1.0159027576446533,0.5085498600526306,0.632029759882237,0.8635500000000192,0.13644999999998075,0.0,622,586,0.848755613004858,1.151244386995142,26.0,26,2.0,23.0,0.03131899610161781,20.935902806458472,17.154793131579922,0.0,0.0,0.0,-0.1890554837439275,1.0,0.02712150663137436,0.01897958107292652,0.04749995470046997,0.14794088291966415,0.15507594176102166,0.02737950688848893,0.026946119032800198,0.0,0.0,0.015234252214431764,False,False
0.49,4.429459095001221,2.387253999710083,0.9791349172592163,0.8022146190412164,0.35384401593339315,0.8634500000000193,0.13654999999998074,0.0,623,591,0.8613593119211198,1.1386406880788802,55.0,55,0.0,25.0,0.03145464509725571,19.1912442392536,15.725227037281595,0.0,0.0,0.0,-0.1733008600986002,1.0,0.027106547728180885,0.019421471282839775,0.04749935865402222,0.15153776943993813,0.1585794489492325,0.02719334171464046,0.02678016976763805,0.0,0.0,0.03137292623519898,False,False
0.495,4.461334228515625,2.4267373085021973,0.9672333598136902,1.151823291938466,1.0,0.8633500000000193,0.13664999999998073,0.0,596,561,0.5395793692610265,1.4604206307389735,45.0,45,4.0,15.0,0.031552378088235855,25.925307219315798,14.414791450841461,0.0,0.0,0.0,-0.5755257884237168,1.0,0.026939131319522858,0.019751712679862976,0.04749870300292969,0.1529524660166327,0.16000632390845296,0.027120745119949184,0.02671480334053437,0.0,0.0,0.021098828315734862,False,False
0.5,4.521066188812256,2.4907655715942383,1.0005484819412231,,0.0,0.8632500000000193,0.13674999999998072,0.0,588,553,0.5779477551559409,1.4220522448440591,32.0,32,4.0,16.0,0.03162077069282532,23.76486495103948,13.213558829938005,0.0,0.0,0.0,-0.5275653060550738,1.0,0.026742948219180107,0.019968846812844276,0.04749792814254761,0.15451571734404554,0.16213929973449284,0.02705838531255722,0.02663537239034971,0.0,0.0,0.01991355895996094,False,False
0.505,4.691071510314941,2.545325756072998,1.006645917892456,-0.09910437667350565,0.8709460938833832,0.8631500000000193,0.1368499999999807,0.0,585,555,1.279785442226279,0.7202145577737209,22.0,22,1.0,22.0,0.03159567341208458,21.784459538452857,28.779095594109833,0.0,0.0,0.0,0.34973180278284877,1.0,0.026545094326138496,0.020069841295480728,0.047497332096099854,0.1597347043097613,0.16782926582575802,0.026826405276854835,0.02640375557045142,0.0,0.0,0.017510648965835575,False,False
0.51,4.848550796508789,2.6439008712768555,0.9876161217689514,-2.217783454183442,0.46596202619042937,0.8630500000000193,0.1369499999999807,0.0,659,619,1.5,0.4101966779592443,36.0,36,4.0,22.0,0.03158298134803772,19.96908791024845,34.71417096126734,0.0,0.0,0.0,0.7372541525509446,1.0,0.026345673948526382,0.020318031311035156,0.04749655723571777,0.16521468437555897,0.17338237105868468,0.026583815924823284,0.026178774423897266,0.0,0.0,0.01856621623039246,False,False
0.515,4.8770751953125,2.764568328857422,1.045633316040039,0.4342002744180957,0.3350484190681207,0.8629500000000193,0.1370499999999807,0.0,778,732,1.5,0.459346954795974,63.0,63,4.0,19.0,0.03181727975606918,18.304997251061078,31.82132338116173,0.0,0.0,0.0,0.6758163065050325,1.0,0.026685817167162895,0.02081686072051525,0.04749596118927002,0.1661527398433508,0.1752551011424482,0.026584709994494915,0.02614996861666441,0.0,0.0,0.015511139631271365,False,False
0.52,4.842529296875,2.861907720565796,1.0952616930007935,-0.09770690225507343,0.49417045647405106,0.8628500000000193,0.13714999999998068,0.0,637,597,1.495598624770357,0.5044013752296429,32.0,32,7.0,27.0,0.032171666622161865,16.779580813472656,29.169546432731583,0.0,0.0,0.0,0.6194982809629463,1.0,0.026809019967913628,0.021007446572184563,0.04749518632888794,0.16537782821772962,0.17532968328116788,0.026655797846615314,0.026190164498984814,0.0,0.0,0.019928194284439087,False,False
0.525,4.8221354484558105,2.8655104637145996,1.1086986064910889,-0.15371972462597747,0.8567267954025194,0.8627500000000193,0.13724999999998067,0.0,540,513,1.120965406039494,0.8790345939605061,20.0,20,1.0,24.0,0.03216584771871567,23.71461574568327,26.738750896670616,0.0,0.0,0.0,0.1512067575493674,1.0,0.026775235310196877,0.021081820130348206,0.04749453067779541,0.16520196192897574,0.17548674785066096,0.0266733905300498,0.026201087360580765,0.0,0.0,0.012091662883758545,False,False
0.53,4.824350357055664,2.9336774349212646,1.1375017166137695,2.6541346264315084,0.5663035332404197,0.8626500000000193,0.13734999999998065,0.0,605,564,0.7775516222028694,1.2224483777971304,24.0,24,2.0,26.0,0.03212147206068039,30.07173110020966,24.510521655281398,0.0,0.0,0.0,-0.27806047224641317,1.0,0.02658967860043049,0.02121679298579693,0.047493934631347656,0.16510628897541235,0.1758143881785964,0.026680221781134605,0.026195221580564976,0.0,0.0,0.019797532558441164,False,False
0.535,4.835931301116943,3.02433443069458,1.1743850708007812,0.9207603032682696,0.47731404984726433,0.8625500000000194,0.13744999999998064,0.0,732,693,0.7960889870192971,1.203911012980703,71.0,71,1.0,28.0,0.03209099918603897,27.56575350852552,22.467978184007947,0.0,0.0,0.0,-0.2548887662258787,1.0,0.0263707023113966,0.021773597225546837,0.04749327898025513,0.16508232835617878,0.176293208675456,0.026696445420384407,0.02619270235300064,0.0,0.0,0.046564540863037115,False,False
0.54,4.867661952972412,3.0250489711761475,1.1832859516143799,1.983719992173172,0.6534208205536544,0.8624500000000194,0.13754999999998063,0.0,654,613,0.4797482381010224,1.5,37.0,37,6.0,21.0,0.0322408564388752,33.60194071614839,20.59564666867395,0.0,0.0,0.0,-0.650314702373722,1.0,0.02645414136350155,0.022024307399988174,0.0474926233291626,0.16569516126531827,0.17700837719253895,0.02666831792642673,0.026162732392549515,0.0,0.0,0.015750912427902223,False,False
0.545,4.855234146118164,3.094179630279541,1.1650376319885254,1.4296094062608153,0.39480177771201025,0.8623500000000194,0.13764999999998062,0.0,698,662,0.19999999999999996,1.5,23.0,23,3.0,19.0,0.03250029683113098,39.13511232313603,18.879342779617787,0.0,0.0,0.0,-1.0,1.0,0.027305085211992264,0.022133352234959602,0.04749196767807007,0.1667455928738511,0.1781865319507166,0.026607012065748375,0.02610864272962014,0.0,0.0,0.027868864536285405,False,False
0.55,4.798702716827393,3.2390923500061035,1.2193293571472168,1.356199097769689,0.6426769278550807,0.8622500000000194,0.1377499999999806,0.0,633,597,0.25728845007099777,1.5,36.0,36,6.0,13.0,0.032504282891750336,35.87385296287469,17.306064214649638,0.0,0.0,0.0,-0.9283894374112528,1.0,0.027878940105438232,0.02235584892332554,0.04749131202697754,0.16478575252803385,0.1768917191848129,0.026702579731742542,0.026179241637388866,0.0,0.0,0.022819318771362306,False,False
0.555,4.8818039894104,3.4183733463287354,1.1902354955673218,0.7588081634479398,0.834154090260355,0.8621500000000194,0.1378499999999806,0.0,661,622,0.319181079231748,1.5,37.0,37,3.0,24.0,0.032566461712121964,32.884365215968465,15.863892196762167,0.0,0.0,0.0,-0.851023650960315,1.0,0.028563745319843292,0.022576002404093742,0.047490715980529785,0.170245061935854,0.18307775050867034,0.02648882723102967,0.025978888540218275,0.0,0.0,0.010605716705322265,False,False
0.56,4.971598148345947,3.519536018371582,1.1324071884155273,0.7029577093261327,0.4012889259575125,0.8620500000000194,0.1379499999999806,0.0,656,625,0.3759159892957691,1.5,22.0,22,2.0,28.0,0.032787762582302094,30.144001447971092,14.54190118036532,0.0,0.0,0.0,-0.7801050133802886,1.0,0.029343990609049797,0.022680718451738358,0.047490060329437256,0.17692707694042173,0.1901423590959328,0.02623301542674502,0.025752919415632885,0.0,0.0,0.02328943729400635,False,False
0.5650000000000001,4.965408802032471,3.485288619995117,1.1170697212219238,0.1316349379960812,0.4107549129152372,0.8619500000000194,0.13804999999998058,0.0,546,513,0.42792299018778834,1.5,28.0,28,2.0,23.0,0.03285610303282738,27.632001327306835,13.330076082001543,0.0,0.0,0.0,-0.7150962622652646,1.0,0.030216282233595848,0.022820916026830673,0.04748940467834473,0.17766288645751468,0.19069136417253238,0.02622241076702873,0.025749084694931906,0.0,0.0,0.013602181673049926,False,False
0.5700000000000001,5.036470890045166,3.491945505142212,1.0903205871582031,1.574717675823865,0.8317663402094991,0.8618500000000194,0.13814999999998057,0.0,641,610,0.475596074338806,1.5,58.0,58,3.0,19.0,0.03288296237587929,25.329334550031263,12.219236408501414,0.0,0.0,0.0,-0.6555049070764924,1.0,0.031177308410406113,0.02323460951447487,0.0474887490272522,0.1810131018608778,0.19405653840489356,0.026101301579425733,0.025638649240136147,0.0,0.0,0.01854573726654053,False,False
0.5750000000000001,5.087297439575195,3.517315149307251,1.0966835021972656,0.9272803158062787,0.9588338282108891,0.8617500000000194,0.13824999999998056,0.0,731,684,0.19999999999999996,1.5,70.0,70,1.0,19.0,0.03286740183830261,31.55189000419532,11.200966707792963,0.0,0.0,0.0,-1.0,1.0,0.032241955399513245,0.02377939596772194,0.04748809337615967,0.1827954084606189,0.19614154266534659,0.02602834642554323,0.025564373936504126,0.0,0.0,0.028277163505554197,False,False
0.58,5.09965181350708,3.5399649143218994,1.089624285697937,0.9768605749557191,0.9381936560668316,0.8616500000000195,0.13834999999998054,0.0,646,596,0.5871328124652468,1.4128671875347532,27.0,27,5.0,24.0,0.03284493461251259,28.922565837179043,18.600886148810215,0.0,0.0,0.0,-0.5160839844184414,1.0,0.033020980656147,0.023903926834464073,0.047487497329711914,0.18424065919437446,0.19773846881153348,0.025976593606173992,0.025518746891369425,0.0,0.0,0.014272104501724244,False,False
0.585,5.176812171936035,3.600292682647705,1.1430282592773438,0.5452776297037577,0.9907990004577861,0.8615500000000195,0.13844999999998053,0.0,690,653,0.6215384114264761,1.3784615885735239,27.0,27,3.0,26.0,0.03331533446907997,26.512352017414123,17.05081230307603,0.0,0.0,0.0,-0.4730769857169047,1.0,0.03390161320567131,0.024035952985286713,0.04748690128326416,0.18562563941720556,0.2000500228460844,0.025936037612458072,0.025452738627791405,0.0,0.0,0.016120418310165408,False,False
0.59,5.30467414855957,3.624760150909424,1.1243239641189575,1.0624680018955923,0.3236988843956919,0.8614500000000195,0.13854999999998052,0.0,647,613,0.6530768771409365,1.3469231228590635,21.0,21,3.0,28.0,0.033520378172397614,24.30298934929628,15.629911277819692,0.0,0.0,0.0,-0.4336539035738293,1.0,0.03455617278814316,0.024081654846668243,0.047486305236816406,0.1916550999951206,0.20644384862761594,0.025739948420474928,0.02526979505394896,0.0,0.0,0.02163017988204956,False,False
0.595,5.345881462097168,3.6770689487457275,1.1323773860931396,1.001807886570362,0.5951009665059938,0.8613500000000195,0.1386499999999805,0.0,789,746,0.6819871373791918,1.318012862620808,86.0,86,3.0,29.0,0.033504318445920944,22.27774023685492,14.327418671334717,0.0,0.0,0.0,-0.3975160782760102,1.0,0.0352746807038784,0.024757156148552895,0.04748570919036865,0.1931800950858709,0.2082416649069601,0.02568714631100496,0.02521693706512451,0.0,0.0,0.02020671844482422,False,False
0.6,5.293621063232422,3.7794482707977295,1.200164556503296,-2.4404505873424442,0.45452305250484004,0.8612500000000195,0.1387499999999805,0.0,748,701,0.3751548759309258,1.5,68.0,68,5.0,22.0,0.03359273076057434,28.75459521711701,13.133467115390157,0.0,0.0,0.0,-0.7810564050863427,1.0,0.035775698721408844,0.02525901608169079,0.04748505353927612,0.19017418465576744,0.20618185386433846,0.025804059114307165,0.025300357180337112,0.0,0.0,0.021818647384643557,False,False
0.605,5.2318854331970215,3.805694580078125,1.2540314197540283,0.45130433726008407,0.7665192425331766,0.8611500000000195,0.1388499999999805,0.0,616,582,0.19999999999999996,1.5,11.0,11,5.0,17.0,0.03357215225696564,34.69171228235726,12.039011522440978,0.0,0.0,0.0,-1.0,1.0,0.03641178086400032,0.025238720700144768,0.047484517097473145,0.18686837302520548,0.20333766743229975,0.02593663753941655,0.025408902050306402,0.0,0.0,0.025779404640197755,False,False
0.61,5.199864387512207,3.822697401046753,1.2984110116958618,0.6994676800867412,0.4447496376471049,0.8610500000000195,0.13894999999998048,0.0,602,571,0.5027343054697364,1.4972656945302636,24.0,24,1.0,16.0,0.03350794315338135,31.800736258827484,19.369093895570895,0.0,0.0,0.0,-0.6215821181628295,1.0,0.03677524998784065,0.025327231734991074,0.047483980655670166,0.18454882254016583,0.20124642633025505,0.026021921075880527,0.025479441974312067,0.0,0.0,0.0338299298286438,False,False
0.615,5.156550407409668,3.91196346282959,1.3546779155731201,-2.4196018178593883,0.5503413898355907,0.8609500000000195,0.13904999999998047,0.0,628,593,0.8775064466805916,1.1224935533194083,56.0,56,2.0,22.0,0.033443111926317215,29.150674903925193,26.088336070939985,0.0,0.0,0.0,-0.15311694164926043,1.0,0.03694090619683266,0.02569134719669819,0.04748332500457764,0.18078689859900315,0.19753970514423808,0.02615132679541906,0.025584197137504816,0.0,0.0,0.03560549736022949,False,False
0.62,5.141843318939209,4.007256507873535,1.4124376773834229,1.446162367341182,0.6881187931535994,0.8608500000000195,0.13914999999998046,0.0,605,565,0.8877142427905425,1.1122857572094575,27.0,27,1.0,19.0,0.03341533616185188,26.721451995264758,23.91430806502832,0.0,0.0,0.0,-0.14035719651182194,1.0,0.03722865507006645,0.02581433206796646,0.04748278856277466,0.1770003578343088,0.1935181636925133,0.026257592253386974,0.02566706001137694,0.0,0.0,0.03047441244125366,False,False
0.625,5.1634416580200195,4.1411004066467285,1.383591651916504,0.737757287871266,0.6163416356740596,0.8607500000000196,0.13924999999998044,0.0,565,536,0.8970713892246638,1.1029286107753362,18.0,18,1.0,25.0,0.033427003771066666,24.494664328992695,21.92144905960929,0.0,0.0,0.0,-0.1286607634691702,1.0,0.03762248530983925,0.025850240141153336,0.04748225212097168,0.17966904321374683,0.1965880948379602,0.026150729972869158,0.025566022377461195,0.0,0.0,0.015766991376876833,False,False
0.63,5.121851444244385,4.2858381271362305,1.391329050064087,1.5554154825149968,0.4673536556508638,0.8606500000000196,0.13934999999998043,0.0,590,552,0.9056487734559419,1.0943512265440583,31.0,31,3.0,26.0,0.03341199830174446,22.453442301576636,20.094661637975182,0.0,0.0,0.0,-0.1179390331800727,1.0,0.03776059299707413,0.025998197495937347,0.04748159646987915,0.17879387888125772,0.19592383774462754,0.026177276546756428,0.025585967426498733,0.0,0.0,0.011428143978118897,False,False
0.635,5.087638854980469,4.388538360595703,1.4124878644943237,0.6324577870589996,1.0,0.8605500000000196,0.13944999999998042,0.0,656,624,0.9135113756679466,1.0864886243320533,39.0,39,4.0,18.0,0.03337297961115837,20.582322109778584,18.42010650147725,0.0,0.0,0.0,-0.10811078041506672,1.0,0.03802713006734848,0.02620115876197815,0.04748094081878662,0.17718808111796472,0.19438358466388944,0.0262175469348828,0.025618632789701223,0.0,0.0,0.014138401746749879,False,False
0.64,5.167296409606934,4.492584705352783,1.3913129568099976,2.0271997719930255,0.6988229641259895,0.8604500000000196,0.1395499999999804,0.0,636,599,0.920718761028951,1.0792812389710489,30.0,30,4.0,21.0,0.03343835473060608,18.86712860063037,16.885097626354145,0.0,0.0,0.0,-0.0991015487138112,1.0,0.03841601312160492,0.026338035240769386,0.04748040437698364,0.18220247913368978,0.2003075073910843,0.026009295446177326,0.02542305427292983,0.0,0.0,0.017869763374328614,False,False
0.645,5.22977876663208,4.530176162719727,1.356722116470337,1.6541630784194885,0.6711727691721597,0.8603500000000196,0.1396499999999804,0.0,682,638,0.9273255309432051,1.0726744690567949,50.0,50,4.0,19.0,0.033648401498794556,17.29486788391117,15.478006157491299,0.0,0.0,0.0,-0.09084308632099355,1.0,0.03889802470803261,0.02665349654853344,0.047479867935180664,0.18706466721463624,0.20582955929077806,0.025846850282202165,0.02527429877469937,0.0,0.0,0.017373445034027102,False,False
0.65,5.236719608306885,4.496683120727539,1.3181939125061035,-1.5679834001352893,0.4840843900257687,0.8602500000000196,0.1397499999999804,0.0,579,552,0.933381736697938,1.066618263302062,40.0,40,2.0,17.0,0.03394850715994835,15.853628893585238,14.18817231103369,0.0,0.0,0.0,-0.08327282912757746,1.0,0.039426956325769424,0.0268830768764019,0.047479212284088135,0.1888638504591428,0.20755913513215526,0.025804988108575344,0.025242139430095754,0.0,0.0,0.014281415939331054,False,False
0.655,5.290114402770996,4.5438337326049805,1.2924933433532715,-2.788459176442478,0.3263933971869528,0.8601500000000196,0.13984999999998038,0.0,682,647,0.9389332586397765,1.0610667413602235,43.0,43,2.0,20.0,0.034109242260456085,14.532493152453135,13.005824618447548,0.0,0.0,0.0,-0.07633342670027936,1.0,0.03974342718720436,0.027104970067739487,0.04747861623764038,0.19191364370286132,0.21089037360157453,0.025688038828472298,0.02513293642550707,0.0,0.0,0.02185502052307129,False,False
0.66,5.337719917297363,4.620873928070068,1.2725249528884888,1.0926063177839114,0.2990564587671042,0.8600500000000196,0.13994999999998037,0.0,665,633,0.9440221537531285,1.0559778462468714,39.0,39,1.0,19.0,0.03409523889422417,13.321452056415373,11.922005900243585,0.0,0.0,0.0,-0.06997230780858939,1.0,0.0401795394718647,0.02733827754855156,0.0474780797958374,0.1953640671232682,0.2148591342531108,0.025563860932985943,0.025017084553837776,0.0,0.0,0.038929595947265624,False,False
0.665,5.357165813446045,4.690781116485596,1.2976888418197632,0.4958611244124597,0.3850597799962384,0.8599500000000196,0.14004999999998036,0.0,692,652,0.9486869742737012,1.0513130257262988,34.0,34,7.0,32.0,0.03415446728467941,12.21133105171409,10.92850540855662,0.0,0.0,0.0,-0.06414128215787356,1.0,0.04071589559316635,0.027501212432980537,0.04747742414474487,0.1956365856326462,0.2155522591896939,0.025546283771594368,0.02499145222827792,0.0,0.0,0.013064341545104982,False,False
0.67,5.4797587394714355,4.779336452484131,1.3419783115386963,1.6575707347360193,0.4565196400790771,0.8598500000000197,0.14014999999998035,0.0,709,667,1.2862963930842262,0.7137036069157738,61.0,61,2.0,20.0,0.03414065018296242,11.193720130737915,18.35112995784357,0.0,0.0,0.0,0.35787049135528265,1.0,0.04105519503355026,0.02787228673696518,0.04747682809829712,0.1985384560637142,0.21917110977538798,0.025430708192288876,0.024862036419411503,0.0,0.0,0.02129025220870972,False,False
0.675,5.6085524559021,4.8368682861328125,1.3081822395324707,0.9380604698028894,0.6112351697477374,0.8597500000000197,0.14024999999998033,0.0,649,611,1.2624383603272071,0.7375616396727928,39.0,39,3.0,30.0,0.034107886254787445,10.26091011984309,16.82186912802327,0.0,0.0,0.0,0.328047950409009,1.0,0.041145600378513336,0.02809194102883339,0.047476232051849365,0.20585461378842237,0.22717525727208313,0.02519760513678193,0.024647745303809643,0.0,0.0,0.017968319654464722,False,False
0.68,5.573529243469238,4.946016311645508,1.3359001874923706,-1.6527911365954122,0.4363585957763077,0.8596500000000197,0.14034999999998032,0.0,601,570,0.9072351636332733,1.0927648363667268,28.0,28,4.0,22.0,0.03440423309803009,17.739167609856164,15.420046700687996,0.0,0.0,0.0,-0.1159560454584084,1.0,0.041358016431331635,0.028173012658953667,0.04747569561004639,0.203012218647633,0.22431976583475485,0.025258896251519523,0.02469572781895598,0.0,0.0,0.015377405881881714,False,False
0.685,5.490731239318848,5.029165267944336,1.3875436782836914,1.574717675823865,0.8317663402094991,0.8595500000000197,0.1404499999999803,0.0,643,610,1.2482988999971671,0.7517011000028329,33.0,33,1.0,16.0,0.034350354224443436,16.26090364236815,22.468376142297327,0.0,0.0,0.0,0.31037362499645893,1.0,0.041364092379808426,0.028313172981142998,0.04747515916824341,0.19720546186125185,0.21817924675220868,0.025426663924008608,0.024838180591662727,0.0,0.0,0.021805219650268555,False,False
0.6900000000000001,5.477533340454102,5.034483432769775,1.420153260231018,1.7403142035700638,0.5709892603188451,0.8594500000000197,0.1405499999999803,0.0,605,563,1.227607324997403,0.7723926750025969,33.0,33,2.0,20.0,0.034302785992622375,23.239161672170802,28.92934479710588,0.0,0.0,0.0,0.28450915624675394,1.0,0.041499603539705276,0.028483694419264793,0.04747450351715088,0.19568776958156042,0.21671145849302043,0.025483197532594204,0.02488433305794994,0.0,0.0,0.017439759969711303,False,False
0.6950000000000001,5.47705078125,5.081768035888672,1.4444605112075806,1.224047647300808,0.6785908431779133,0.8593500000000197,0.1406499999999803,0.0,617,586,1.2086400479142863,0.7913599520857139,38.0,38,3.0,19.0,0.03456604853272438,21.30256486615657,26.518566064013722,0.0,0.0,0.0,0.26080005989285765,1.0,0.0417449064552784,0.028638221323490143,0.0474739670753479,0.19499913280736317,0.2161727244742177,0.025487499466786783,0.02488358101497094,0.0,0.0,0.019575462341308594,False,False
0.7000000000000001,5.468389511108398,5.150487899780273,1.4578965902328491,1.3338216012623036,0.5640340425877102,0.8592500000000197,0.14074999999998028,0.0,673,633,1.1912533772547622,0.8087466227452377,35.0,35,3.0,20.0,0.03469588980078697,19.527351127310187,24.308685558679244,0.0,0.0,0.0,0.23906672156845285,1.0,0.0417381152510643,0.028776679188013077,0.04747331142425537,0.193443659343443,0.21436357157335562,0.025506703338275354,0.024896851585557066,0.0,0.0,0.01424940824508667,False,False
0.705,5.467093467712402,5.184212684631348,1.4827394485473633,2.357930443307125,0.019150762661240703,0.8591500000000197,0.14084999999998027,0.0,713,669,1.1753155958168655,0.8246844041831346,40.0,40,5.0,28.0,0.034666482359170914,17.900071866701005,22.28296176212264,0.0,0.0,0.0,0.21914449477108172,1.0,0.042189497500658035,0.02899663895368576,0.04747277498245239,0.1916493574529853,0.2121825463464447,0.025554532185196877,0.024935723437617224,0.0,0.0,0.015648075342178346,False,False
0.71,5.467996597290039,5.3014960289001465,1.4574440717697144,1.433459684361777,0.6012555558160758,0.8590500000000197,0.14094999999998026,0.0,628,593,0.8273726294987932,1.172627370501207,40.0,40,5.0,20.0,0.034866511821746826,24.74173254447592,20.42604828194575,0.0,0.0,0.0,-0.21578421312650847,1.0,0.04240333288908005,0.02920519933104515,0.047472238540649414,0.19309584980178293,0.21409643297052267,0.025455729725460213,0.024843534144262474,0.0,0.0,0.024193487167358398,False,False
0.715,5.369090557098389,5.418692588806152,1.4737694263458252,1.2152100164632835,1.0,0.8589500000000198,0.14104999999998025,0.0,623,585,0.8417582437072272,1.1582417562927727,55.0,55,2.0,10.0,0.03480345755815506,22.679921499102925,18.723877591783605,0.0,0.0,0.0,-0.19780219536596597,1.0,0.042734887450933456,0.029505817219614983,0.047471582889556885,0.18822340482752442,0.20865647755531852,0.025578717856357496,0.024958167535563312,0.0,0.0,0.014340837001800538,False,False
0.72,5.354940414428711,5.542510509490967,1.4588819742202759,,0.0,0.8588500000000198,0.14114999999998024,0.0,567,529,0.8549450567316249,1.145054943268375,37.0,37,1.0,4.0,0.03472939506173134,20.789928040844348,17.16355445913497,0.0,0.0,0.0,-0.18131867908546884,1.0,0.04316932335495949,0.02969692461192608,0.047470927238464355,0.18772202686220085,0.20814055345207094,0.025545564324905477,0.024926168844103813,0.0,0.0,0.017213526964187622,False,False
0.725,5.459904193878174,5.624250888824463,1.4043070077896118,-2.6334632483955867,1.0,0.8587500000000198,0.14124999999998022,0.0,525,498,0.8670329686706563,1.1329670313293438,23.0,23,4.0,5.0,0.03466149792075157,19.05743403744065,15.733258254207056,0.0,0.0,0.0,-0.1662087891616797,1.0,0.04370309039950371,0.02973184362053871,0.04747039079666138,0.195522170970213,0.2174057137168285,0.025254231101522844,0.024658037970463436,0.0,0.0,0.01930878520011902,False,False
0.73,5.516790866851807,5.620036602020264,1.3824172019958496,1.1439940985269719,0.7204976651401535,0.8586500000000198,0.1413499999999802,0.0,612,577,0.8781135546147683,1.1218864453852317,26.0,26,2.0,13.0,0.034609466791152954,17.469314534320596,14.422153399689801,0.0,0.0,0.0,-0.15235805673153974,1.0,0.04433272406458855,0.029802625998854637,0.04746979475021362,0.19963650582357897,0.22220620065151023,0.02514025274043282,0.024551672395318747,0.0,0.0,0.019562252759933473,False,False
0.735,5.534555912017822,5.607405185699463,1.3481179475784302,0.1238468254019052,0.40115288358891077,0.8585500000000198,0.1414499999999802,0.0,643,606,0.8882707583968709,1.111729241603129,34.0,34,2.0,15.0,0.03476628288626671,16.01353832312721,13.220307283048983,0.0,0.0,0.0,-0.13966155200391137,1.0,0.04475952684879303,0.029883233830332756,0.047469258308410645,0.20174093910120075,0.22445472998171653,0.025088240702946983,0.0245067795428137,0.0,0.0,0.01734297752380371,False,False
0.74,5.583253383636475,5.709554672241211,1.325532078742981,1.563985810114983,0.1955234499901962,0.8584500000000198,0.1415499999999802,0.0,669,623,0.897581528530465,1.1024184714695349,21.0,21,4.0,17.0,0.03476233407855034,14.679076796199942,12.118615009461568,0.0,0.0,0.0,-0.1280230893369187,1.0,0.045291509479284286,0.029906954616308212,0.04746854305267334,0.20444478551887865,0.22760033946421848,0.024957521818578243,0.024383890752991043,0.0,0.0,0.02693648338317871,False,False
0.745,5.591220378875732,5.768797874450684,1.2956323623657227,0.7864588424856769,0.735421053212181,0.8583500000000198,0.14164999999998018,0.0,635,600,0.5727830678195931,1.427216932180407,26.0,26,4.0,20.0,0.034703440964221954,21.789153729849943,11.10873042533977,0.0,0.0,0.0,-0.5340211652255087,1.0,0.04591197893023491,0.030017971992492676,0.04746800661087036,0.20630828459529468,0.2298101367984548,0.024866226594895124,0.02430598484352231,0.0,0.0,0.03154146671295166,False,False
0.75,5.6122050285339355,5.865903377532959,1.32882559299469,0.4911913644578802,0.22490343664457504,0.8582500000000198,0.14174999999998017,0.0,769,722,0.608384478834627,1.391615521165373,51.0,51,2.0,41.0,0.034674279391765594,19.973390919029114,10.183002889894789,0.0,0.0,0.0,-0.48951940145671624,1.0,0.046624887734651566,0.030265379697084427,0.04746735095977783,0.20498195555805807,0.22849523725546503,0.024853306046376627,0.024281057994812727,0.0,0.0,0.0248306941986084,False,False
0.755,5.767488956451416,5.951920986175537,1.3352676630020142,0.4714565193563123,0.7526534528631272,0.8581500000000198,0.14184999999998016,0.0,738,706,0.6410191055984081,1.3589808944015918,79.0,79,5.0,31.0,0.034795407205820084,26.64227500911002,17.667752649070223,0.0,0.0,0.0,-0.4487261180019898,1.0,0.04745899513363838,0.030781153589487076,0.0474666953086853,0.21107377959414947,0.23546954310343501,0.024638123189409576,0.024067771155387163,0.0,0.0,0.016193915605545044,False,False
0.76,5.868114471435547,6.035020351409912,1.3418691158294678,0.2743369641765784,0.8620820996867588,0.8580500000000199,0.14194999999998015,0.0,581,550,0.6709341801318742,1.3290658198681258,23.0,23,6.0,11.0,0.03483344614505768,24.422085425017517,16.19543992831437,0.0,0.0,0.0,-0.4113322748351573,1.0,0.048010487109422684,0.03085157461464405,0.047466158866882324,0.2145024476113382,0.2392079132416555,0.02450028123954932,0.02393543254584074,0.0,0.0,0.020217068195343017,False,False
0.765,5.813896179199219,6.143383502960205,1.3919860124588013,2.5081734416544337,0.999553702146451,0.8579500000000199,0.14204999999998014,0.0,592,546,0.6983563317875513,1.3016436682124488,18.0,18,5.0,14.0,0.034790415316820145,22.38691163959939,14.845819934288173,0.0,0.0,0.0,-0.37705458526556085,1.0,0.04866655543446541,0.03082076646387577,0.04746556282043457,0.20816836579888695,0.23199790726229144,0.024619320562730234,0.02403282482797901,0.0,0.0,0.020994019508361817,False,False
0.77,5.732705593109131,6.188284397125244,1.434966802597046,1.8590135984212341,0.7998184795079617,0.8578500000000199,0.14214999999998013,0.0,696,657,1.056826637471922,0.943173362528078,72.0,72,0.0,13.0,0.03497981280088425,20.521335669632773,21.94200160643082,0.0,0.0,0.0,0.07103329683990242,1.0,0.04940598085522652,0.031270939856767654,0.047464966773986816,0.2021940565813919,0.22523516212682781,0.024777242603401344,0.024170400574803352,0.0,0.0,0.02214819669723511,False,False
0.775,5.704193592071533,6.165463924407959,1.4691704511642456,2.215735424972257,0.643105646334103,0.8577500000000199,0.14224999999998011,0.0,675,644,1.385424417682595,0.6145755823174051,41.0,41,2.0,22.0,0.03534126654267311,18.811224363830043,28.446834805894916,0.0,0.0,0.0,0.4817805221032437,1.0,0.050235431641340256,0.031446222215890884,0.04746431112289429,0.2002439257853319,0.2231434125347645,0.024855182661364477,0.0242393099082013,0.0,0.0,0.017473767995834354,False,False
0.78,5.673094749450684,6.262922286987305,1.5095336437225342,2.0935947874711744,0.8280445056584088,0.8576500000000199,0.1423499999999801,0.0,623,586,1.3533057162090454,0.6466942837909546,30.0,30,4.0,23.0,0.03533235192298889,17.24362233351087,26.076265238737005,0.0,0.0,0.0,0.4416321452613067,1.0,0.050826769322156906,0.03151874989271164,0.04746377468109131,0.19592111250850966,0.21799101504962515,0.02493207110092044,0.024303505973269544,0.0,0.0,0.02499340534210205,False,False
0.785,5.675546169281006,6.353679180145264,1.5475434064865112,-0.03575569931313056,0.7151947619709931,0.8575500000000199,0.1424499999999801,0.0,685,634,1.3238635731916248,0.6761364268083752,30.0,30,5.0,9.0,0.035267386585474014,15.806653805718298,23.90324313550892,0.0,0.0,0.0,0.40482946648953105,1.0,0.05155811086297035,0.03160952031612396,0.04746311902999878,0.19253570434078238,0.21361088802323613,0.02498701602841417,0.024346841188768547,0.0,0.0,0.036696853637695315,False,False
0.79,5.6948676109313965,6.414738655090332,1.5508379936218262,1.4477614448566585,0.6313631639184235,0.8574500000000199,0.14254999999998008,0.0,625,588,1.2968749420923227,0.7031250579076772,24.0,24,6.0,20.0,0.03520995005965233,14.489432655241773,21.911306207549842,0.0,0.0,0.0,0.37109367761540346,1.0,0.052367184311151505,0.031640563160181046,0.04746246337890625,0.19259194758440965,0.21363241039247194,0.02494214645897349,0.02430209036295613,0.0,0.0,0.018628637790679935,False,False
0.795,5.589263916015625,6.553028583526611,1.5432353019714355,0.9559445399274515,0.4946080421440138,0.8573500000000199,0.14264999999998007,0.0,708,666,1.272135363584629,0.7278646364153709,58.0,58,1.0,18.0,0.03514471650123596,13.281979933971625,20.085364023587353,0.0,0.0,0.0,0.34016920448078636,1.0,0.05320737510919571,0.03192579746246338,0.04746192693710327,0.18746971202362,0.20793496453016633,0.025016303018977247,0.024372218952824674,0.0,0.0,0.01896118998527527,False,False
0.8,5.466732978820801,6.679804801940918,1.545116901397705,2.437966587869364,0.9896966732225717,0.8572500000000199,0.14274999999998006,0.0,584,554,0.91612408328591,1.08387591671409,51.0,51,1.0,26.0,0.03507579118013382,20.508481606140656,18.411583688288406,0.0,0.0,0.0,-0.10484489589261248,1.0,0.053813591599464417,0.03222630172967911,0.04746115207672119,0.18108447154673124,0.20046609855660202,0.025168604527910553,0.02451656231035789,0.0,0.0,0.010572762489318849,False,False
0.805,5.501233100891113,6.789820671081543,1.513529896736145,3.045483492325183,0.8229349336767999,0.85715000000002,0.14284999999998005,0.0,579,546,0.9231137430120842,1.0768862569879158,31.0,31,0.0,20.0,0.03511996567249298,18.7994414722956,16.877285047597706,0.0,0.0,0.0,-0.09610782123489478,1.0,0.054160408675670624,0.0322827510535717,0.04746061563491821,0.18267186129775823,0.20244802743351353,0.02502481375510494,0.0243817619048059,0.0,0.0,0.01739710330963135,False,False
0.81,5.618559837341309,6.846194267272949,1.4630340337753296,-1.5533978211038633,0.23643722338385711,0.85705000000002,0.14294999999998004,0.0,534,502,0.5961875977610771,1.403812402238923,16.0,16,0.0,20.0,0.03529692441225052,25.566154682937633,15.470844626964563,0.0,0.0,0.0,-0.5047655027986535,1.0,0.05426446348428726,0.03224918618798256,0.047459959983825684,0.1895912063000691,0.21083996615372233,0.024723641884823643,0.024102443518737953,0.0,0.0,0.018450679779052737,False,False
0.8150000000000001,5.654977798461914,6.8191094398498535,1.44303560256958,0.16632169019970877,0.2998491189160999,0.85695000000002,0.14304999999998003,0.0,506,477,0.6298386312809876,1.3701613687190124,17.0,17,3.0,18.0,0.03522924333810806,23.435641792692827,14.181607574717516,0.0,0.0,0.0,-0.46270171089876555,1.0,0.05413486808538437,0.03221169114112854,0.04745936393737793,0.19209301452369404,0.213783693601684,0.024662168386081856,0.02404471936946114,0.0,0.0,0.014515864849090575,False,False
0.8200000000000001,5.677077770233154,6.854470252990723,1.4229696989059448,2.253343272719595,0.47683130155022935,0.85685000000002,0.14314999999998002,0.0,547,522,0.6606854120075719,1.339314587992428,29.0,29,1.0,17.0,0.035146135836839676,21.482671643301757,12.999806943491055,0.0,0.0,0.0,-0.4241432349905351,1.0,0.05418361350893974,0.03226809203624725,0.0474587082862854,0.19284807842441812,0.2145884889848493,0.02460828749462962,0.023993756622076035,0.0,0.0,0.015533151626586916,False,False
0.8250000000000001,5.706384181976318,6.962279796600342,1.405887246131897,1.04700194884855,0.28726086675246365,0.85675000000002,0.14324999999998,0.0,577,542,0.6889616276736077,1.3110383723263923,35.0,35,5.0,29.0,0.035082556307315826,19.692449006359944,11.916489698200134,0.0,0.0,0.0,-0.38879796540799044,1.0,0.054292842745780945,0.03238555043935776,0.04745805263519287,0.19354578086267815,0.21551513881329068,0.02448578209926685,0.023880009539425373,0.0,0.0,0.016860202550888062,False,False
0.8300000000000001,5.696556091308594,6.973911285400391,1.3873990774154663,-1.9765020674428748,0.025895265209647387,0.85665000000002,0.14334999999998,0.0,597,552,0.7148814920341404,1.2851185079658596,15.0,15,1.0,29.0,0.03500444442033768,18.05141158916328,10.92344889001679,0.0,0.0,0.0,-0.35639813495732453,1.0,0.05419895425438881,0.03232425078749657,0.04745739698410034,0.19418169165185006,0.21639622068032247,0.024446191576619945,0.023849004258712135,0.0,0.0,0.01823395609855652,False,False
0.835,5.738024711608887,7.0705671310424805,1.4162598848342896,1.3123211625317823,0.36118944817205495,0.85655000000002,0.14344999999997998,0.0,645,613,0.738641367697962,1.261358632302038,32.0,32,2.0,32.0,0.03495369851589203,16.54712729006634,10.01316148251539,0.0,0.0,0.0,-0.32669829037754744,1.0,0.05424124747514725,0.03242671489715576,0.04745674133300781,0.1921412876841268,0.21366550115278238,0.024420740082859993,0.023811067609737318,0.0,0.0,0.026562743186950684,False,False
0.84,5.877974033355713,7.147910118103027,1.3930164575576782,2.0042626932357424,0.7113176873990217,0.85645000000002,0.14354999999997997,0.0,760,720,0.7604212537231319,1.2395787462768681,65.0,65,4.0,24.0,0.03530776500701904,15.168200015894143,9.17873135897244,0.0,0.0,0.0,-0.2994734328460852,1.0,0.05438525602221489,0.032789845019578934,0.04745602607727051,0.19765943814441217,0.21990018121897792,0.024177275287608307,0.02358067392682036,0.0,0.0,0.015972702503204348,False,False
0.845,5.910934925079346,7.24934196472168,1.4258217811584473,1.151823291938466,1.0,0.85635000000002,0.14364999999997996,0.0,677,630,0.7803861492462042,1.219613850753796,46.0,46,7.0,8.0,0.03546734154224396,13.904183347902965,8.41383707905807,0.0,0.0,0.0,-0.2745173134422448,1.0,0.054634783416986465,0.03299376368522644,0.04745548963546753,0.19578149658875818,0.21744473194020109,0.02416097093373537,0.023557723810275398,0.0,0.0,0.018486466407775883,False,False
0.85,5.835636615753174,7.349178314208984,1.489303469657898,1.6275626136709342,0.276751944813526,0.85625000000002,0.14374999999997995,0.0,623,588,1.1320206368090207,0.8679793631909795,13.0,13,4.0,11.0,0.0354151576757431,21.078834735577715,24.37935065580323,0.0,0.0,0.0,0.1650257960112757,1.0,0.05494018644094467,0.03292996436357498,0.04745471477508545,0.18815592006159,0.20818635188104845,0.024340621506174408,0.023712228673199814,0.0,0.0,0.020510306358337404,False,False
0.855,5.779730796813965,7.365055561065674,1.5180282592773438,0.9287453501657916,0.5199385341299981,0.8561500000000201,0.14384999999997994,0.0,624,581,0.7876855837416022,1.2123144162583979,22.0,22,1.0,27.0,0.03534756228327751,27.655598507612904,22.34773810115296,0.0,0.0,0.0,-0.2653930203229972,1.0,0.05534781888127327,0.03293367102742195,0.047454118728637695,0.18475572136230442,0.20415759016759333,0.02445277680332462,0.023812110691020887,0.0,0.0,0.021292619705200196,False,False
0.86,5.75637674331665,7.3594207763671875,1.5525227785110474,2.15607348635648,0.78514871222158,0.8560500000000201,0.14394999999997993,0.0,605,573,0.8053784517631354,1.1946215482368645,81.0,81,1.0,28.0,0.03552289307117462,25.35096529864516,20.485426592723545,0.0,0.0,0.0,-0.24327693529608077,1.0,0.05553978309035301,0.033420100808143616,0.047453343868255615,0.18315649957675167,0.20225742198805904,0.024522331853707634,0.023874362620214622,0.0,0.0,0.019780442714691163,False,False
0.865,5.722291469573975,7.44664192199707,1.5896337032318115,3.094629563026972,0.4669557095882501,0.8559500000000201,0.14404999999997992,0.0,548,521,0.8215969141162074,1.1784030858837926,43.0,43,1.0,14.0,0.035451654344797134,23.238384857091397,18.778307709996582,0.0,0.0,0.0,-0.22300385735474074,1.0,0.05585058405995369,0.03359434753656387,0.047452688217163086,0.17905473637425337,0.1971875641923363,0.02460320945829153,0.023944891678790253,0.0,0.0,0.02340484380722046,False,False
0.87,5.706789970397949,7.515007495880127,1.6300358772277832,0.5441917884405243,0.7407879545799417,0.8558500000000201,0.1441499999999799,0.0,639,590,0.8364638379398568,1.1635361620601432,10.0,10,6.0,18.0,0.035376086831092834,21.301852785667112,17.21344873416353,0.0,0.0,0.0,-0.20442020257517904,1.0,0.05626554414629936,0.033516861498355865,0.04745209217071533,0.17525555266998402,0.19220233942288573,0.024698444176465273,0.024028499610722065,0.0,0.0,0.03015591144561768,False,False
0.875,5.697206497192383,7.64437198638916,1.611547589302063,1.7792598718930062,0.5562951510829899,0.8557500000000201,0.1442499999999799,0.0,644,601,0.8500918514448688,1.1499081485551312,33.0,33,3.0,13.0,0.03537162020802498,19.52669838686152,15.778994672983236,0.0,0.0,0.0,-0.1873851856939141,1.0,0.05645972862839699,0.03358711302280426,0.04745131731033325,0.17330747565626792,0.18998351829126142,0.024640766593317192,0.023971785170336567,0.0,0.0,0.018399009704589846,False,False
0.88,5.603448390960693,7.808173179626465,1.6125338077545166,2.7812489665162077,0.876938988155648,0.8556500000000201,0.14434999999997988,0.0,617,588,0.8625841971577963,1.1374158028422037,23.0,23,2.0,15.0,0.03543294966220856,17.899473521289725,14.464078450234632,0.0,0.0,0.0,-0.17176975355275462,1.0,0.05708448216319084,0.033593256026506424,0.0474507212638855,0.16787284325963214,0.18383285189202356,0.024701434498031936,0.02402836767335733,0.0,0.0,0.019086426496505736,False,False
0.885,5.53731107711792,7.917313575744629,1.6177482604980469,0.5835289852621899,0.23508069043735488,0.8555500000000201,0.14444999999997987,0.0,671,627,0.8740355140613133,1.1259644859386868,66.0,66,7.0,17.0,0.03546866402029991,16.407850727848913,13.258738579381745,0.0,0.0,0.0,-0.1574556074233584,1.0,0.05747050419449806,0.03393267095088959,0.04744994640350342,0.16438313528336293,0.17977571472432147,0.024758068223794304,0.024083155828217667,0.0,0.0,0.013002943992614747,False,False
0.89,5.600245952606201,8.037158012390137,1.5850577354431152,2.438668189387978,0.991756372262041,0.8554500000000201,0.14454999999997986,0.0,661,624,0.5511992212228707,1.4488007787771293,40.0,40,6.0,27.0,0.035402871668338776,23.373863167194834,12.1538436977666,0.0,0.0,0.0,-0.5610009734714116,1.0,0.057922251522541046,0.03409905731678009,0.04744923114776611,0.16559019567227323,0.18130471431339465,0.02455339146157106,0.023889127963533006,0.0,0.0,0.015267447233200074,False,False
0.895,5.652969837188721,8.08651065826416,1.5571684837341309,1.791534477178852,0.1561540695090111,0.8553500000000201,0.14464999999997985,0.0,637,603,0.5885992861209646,1.4114007138790354,22.0,22,1.0,30.0,0.03533965349197388,29.759374569928596,19.474356722952713,0.0,0.0,0.0,-0.5142508923487942,1.0,0.05848522484302521,0.03409477695822716,0.047448694705963135,0.1673697704986329,0.18352860513670669,0.024398043751716614,0.02374382922425866,0.0,0.0,0.019552084207534792,False,False
0.9,5.667510986328125,8.077653884887695,1.519782304763794,1.328513257151426,0.645654077470204,0.8552500000000202,0.14474999999997984,0.0,563,532,0.9562160122775509,1.043783987722449,23.0,23,3.0,30.0,0.03551613539457321,27.27942668910121,26.184826996039984,0.0,0.0,0.0,-0.054729984653061337,1.0,0.05877111107110977,0.03410814329981804,0.047447919845581055,0.1689412006158352,0.18557731948885742,0.024333597781757515,0.023686156297723453,0.0,0.0,0.014735579490661621,False,False
0.905,5.7041401863098145,8.147028923034668,1.4943068027496338,2.420721903317133,0.9920184898067231,0.8551500000000202,0.14484999999997983,0.0,552,523,1.2931980112544217,0.7068019887455784,49.0,49,0.0,15.0,0.035579435527324677,25.00614113167611,32.33609141303665,0.0,0.0,0.0,0.36649751406802694,1.0,0.058810606598854065,0.034290097653865814,0.04744720458984375,0.16932680300436614,0.1860564605907194,0.024224620622893177,0.023583201691508293,0.0,0.0,0.02006588697433472,False,False
0.91,5.722479343414307,8.191492080688477,1.467003583908081,0.3548626024105217,0.768867830051201,0.8550500000000202,0.14494999999997982,0.0,627,583,1.2687648436498864,0.7312351563501136,26.0,26,4.0,14.0,0.03563280776143074,22.922296037369765,29.641417128616926,0.0,0.0,0.0,0.335956054562358,1.0,0.058975208550691605,0.03433307632803917,0.047446489334106445,0.1699877551713308,0.18697235132225773,0.024127782477686804,0.023496043868362904,0.0,0.0,0.030862321853637697,False,False
0.915,5.717300891876221,8.239448547363281,1.4750251770019531,1.0556816964090476,0.4442705779828293,0.8549500000000202,0.1450499999999798,0.0,572,531,0.913034440012396,1.086965559987604,27.0,27,3.0,20.0,0.03554969280958176,29.345438034255615,27.171299034565514,0.0,0.0,0.0,-0.10870694998450503,1.0,0.05893103778362274,0.03434775769710541,0.047445714473724365,0.16867214429471344,0.18536776615585804,0.024128019188841186,0.023493897945930563,0.0,0.0,0.018856397867202758,False,False
0.92,5.806204319000244,8.36063003540039,1.5178853273391724,1.425154960157344,0.76803524697399,0.8548500000000202,0.1451499999999798,0.0,588,553,0.5869482366780294,1.4130517633219706,22.0,22,3.0,25.0,0.035595156252384186,35.23331819806765,24.907024115018388,0.0,0.0,0.0,-0.5163147041524632,1.0,0.059012435376644135,0.03433425724506378,0.04744499921798706,0.1674840214938517,0.18338260860616643,0.024034586579849325,0.023391011636704206,0.0,0.0,0.019651429653167726,False,False
0.925,5.912939071655273,8.421469688415527,1.4972593784332275,0.9873689608795221,0.49127597104382614,0.8547500000000202,0.14524999999997978,0.0,653,615,0.6213692169548604,1.3786307830451396,61.0,61,2.0,25.0,0.03553527966141701,32.29720834822868,22.83143877210019,0.0,0.0,0.0,-0.47328847880642455,1.0,0.059199895709753036,0.03464397042989731,0.04744434356689453,0.17040600230109887,0.18671548698935325,0.023827491483340662,0.02319670127083858,0.0,0.0,0.018185526132583618,False,False
0.93,5.867422103881836,8.505523681640625,1.524883508682251,2.547150936905558,1.0000000000000002,0.8546500000000202,0.14534999999997977,0.0,648,611,0.9862551155419552,1.0137448844580448,26.0,26,3.0,16.0,0.03553898632526398,29.605774319209623,29.262152207758504,0.0,0.0,0.0,-0.01718110557255592,1.0,0.059500910341739655,0.03464774787425995,0.04744362831115723,0.16646214354783007,0.18195535639766283,0.023914476235707603,0.02327311628808578,0.0,0.0,0.019711282253265384,False,False
0.935,5.767902374267578,8.557452201843262,1.579621434211731,1.7833238359683774,0.8021875743442816,0.8545500000000202,0.14544999999997976,0.0,585,546,0.9874005225801257,1.0125994774198743,20.0,20,5.0,19.0,0.03549657016992569,27.138626459275486,26.823639523778628,0.0,0.0,0.0,-0.0157493467748429,1.0,0.05957920104265213,0.03461385518312454,0.047442853450775146,0.16064430749509198,0.17481784833129185,0.02414190055181583,0.02347818963850538,0.0,0.0,0.021823108196258545,False,False
0.9400000000000001,5.7428364753723145,8.564547538757324,1.6126221418380737,1.364976931521803,0.7317668581553527,0.8544500000000202,0.14554999999997975,0.0,596,561,0.988450479031782,1.011549520968218,24.0,24,4.0,22.0,0.03544038161635399,24.87707425433586,24.58833623013041,0.0,0.0,0.0,-0.014436901210272524,1.0,0.059777140617370605,0.034633804112672806,0.04744225740432739,0.15906714754209886,0.17279222685936535,0.024219770760585867,0.023548000026494265,0.0,0.0,0.02021672487258911,False,False
0.9450000000000001,5.7288641929626465,8.615721702575684,1.6538875102996826,2.302166870301418,0.7032557748303636,0.8543500000000203,0.14564999999997974,0.0,705,659,0.9894129391124669,1.0105870608875331,75.0,75,1.0,19.0,0.035401567816734314,22.803984733141203,22.539308210952875,0.0,0.0,0.0,-0.013233826109416391,1.0,0.0600769966840744,0.03503581881523132,0.04744148254394531,0.1568561486639055,0.16992872247937765,0.024277194558332365,0.023598190552244585,0.0,0.0,0.02425896406173706,False,False
0.9500000000000001,5.69684362411499,8.688167572021484,1.6833752393722534,2.367789556477604,0.2287343231940453,0.8542500000000203,0.14574999999997973,0.0,573,550,0.990295194186428,1.009704805813572,24.0,24,5.0,19.0,0.03533557429909706,20.903652672046103,20.6610325267068,0.0,0.0,0.0,-0.012131007266965099,1.0,0.060117125511169434,0.035034820437431335,0.04744076728820801,0.15367856337067712,0.16595360172943233,0.024361747006575268,0.02367399788151185,0.0,0.0,0.0358240294456482,False,False
0.9550000000000001,5.696902751922607,8.696983337402344,1.7039788961410522,1.415004824373004,0.8127294512443701,0.8541500000000203,0.14584999999997972,0.0,617,578,0.9911039280042256,1.0088960719957745,23.0,23,1.0,15.0,0.03534756228327751,19.161681616042262,18.939279816147902,0.0,0.0,0.0,-0.011120089994718007,1.0,0.060302428901195526,0.03503429889678955,0.04743993282318115,0.15271641170605746,0.16452948026358788,0.024417958532770477,0.023724863616128765,0.0,0.0,0.022541508674621583,False,False
0.96,5.653264999389648,8.830235481262207,1.6817113161087036,2.871380410404252,0.3733996287332909,0.8540500000000203,0.1459499999999797,0.0,684,646,1.3251786006705402,0.6748213993294598,45.0,45,1.0,28.0,0.03556192293763161,17.564874814705405,25.69433983146891,0.0,0.0,0.0,0.4064732508381752,1.0,0.06058066338300705,0.03519744798541069,0.04743927717208862,0.149877318112177,0.16156301749683633,0.02437663186962406,0.023685111664235592,0.0,0.0,0.025326788425445557,False,False
0.965,5.539999008178711,8.938973426818848,1.6843115091323853,-0.31733886991299864,0.26151813364989923,0.8539500000000203,0.1460499999999797,0.0,657,625,1.2980803839479953,0.7019196160520047,53.0,53,4.0,21.0,0.03584442287683487,16.101135246813286,23.553144845513167,0.0,0.0,0.0,0.37260047993499407,1.0,0.06063878908753395,0.03543776273727417,0.04743856191635132,0.1457015378844588,0.15693650478124338,0.024486874074985586,0.023792849387973547,0.0,0.0,0.01656667947769165,False,False
0.97,5.504830837249756,9.052824020385742,1.6593003273010254,2.5723129688353934,0.9851703841532793,0.8538500000000203,0.14614999999997969,0.0,596,560,1.273240351952329,0.726759648047671,18.0,18,7.0,30.0,0.03600069880485535,14.759373976245511,21.590382775053737,0.0,0.0,0.0,0.3415504399404113,1.0,0.06081476807594299,0.03538213670253754,0.047437846660614014,0.1438873182320942,0.15500995648341603,0.02444744653378924,0.023757947298387688,0.0,0.0,0.015019582509994509,False,False
0.975,5.568371772766113,9.169761657714844,1.6103607416152954,-2.926945964657939,0.12304396551367093,0.8537500000000203,0.14624999999997967,0.0,593,559,1.2504703226229683,0.7495296773770317,21.0,21,3.0,30.0,0.03595629334449768,13.529426144891717,19.791184210465925,0.0,0.0,0.0,0.3130879032787104,1.0,0.06109301373362541,0.03537221625447273,0.047437071800231934,0.14454575708973896,0.1560335534596788,0.024199921948214374,0.023526689813782774,0.0,0.0,0.02141023874282837,False,False
0.98,5.615782737731934,9.18349552154541,1.5688588619232178,1.7383319020106018,0.6856112871214531,0.8536500000000203,0.14634999999997966,0.0,682,647,1.229597795737721,0.770402204262279,48.0,48,2.0,26.0,0.03589003533124924,12.40197396615074,18.141918859593765,0.0,0.0,0.0,0.28699724467215126,1.0,0.06147003173828125,0.03554413467645645,0.04743623733520508,0.14604907953956217,0.15804379419423362,0.024055115257700287,0.023392424918711185,0.0,0.0,0.02119368076324463,False,False
0.985,5.645806312561035,9.169835090637207,1.5361837148666382,1.6639710297072308,0.29185915826254266,0.8535500000000203,0.14644999999997965,0.0,735,687,1.210464646092911,0.7895353539070891,41.0,41,3.0,25.0,0.0359005481004715,11.368476135638177,16.630092287960952,0.0,0.0,0.0,0.2630808076161387,1.0,0.06160679832100868,0.03565644472837448,0.047435641288757324,0.14722954284554707,0.15953398181528813,0.023998094256967306,0.0233375591536363,0.0,0.0,0.019404988288879398,False,False
0.99,5.680787563323975,9.250373840332031,1.5284875631332397,2.2397309390062228,0.1571582835335121,0.8534500000000204,0.14654999999997964,0.0,656,619,1.1929259255851683,0.8070740744148316,19.0,19,6.0,19.0,0.03588736429810524,10.421103124334996,15.244251263964205,0.0,0.0,0.0,0.24115740698146046,1.0,0.0619053952395916,0.035628389567136765,0.047434866428375244,0.1466329345898677,0.1587845536293434,0.023908226285129786,0.02325031828756134,0.0,0.0,0.02261751890182495,False,False
0.995,5.671339988708496,9.352898597717285,1.509660005569458,2.305458188765909,0.25454382607035647,0.8533500000000204,0.14664999999997963,0.0,575,541,1.1768487651197377,0.8231512348802623,39.0,39,2.0,31.0,0.03580937162041664,9.552677863973747,13.973896991967187,0.0,0.0,0.0,0.22106095639967202,1.0,0.06224248930811882,0.035736314952373505,0.04743415117263794,0.1451058745865374,0.157161589484659,0.02383749776830276,0.023186519586791597,0.0,0.0,0.009991937279701234,False,False
1.0,5.696993827819824,9.428227424621582,1.5427579879760742,0.9209506851345843,0.9867778368346842,0.8532500000000204,0.14674999999997962,0.0,615,578,0.8287780346930927,1.1712219653069074,79.0,79,3.0,17.0,0.03572266921401024,17.0899547086426,12.80940557596992,0.0,0.0,0.0,-0.21402745663363404,1.0,0.06267277151346207,0.03622276335954666,0.047433435916900635,0.14349253722838803,0.154991282599665,0.02381984532500307,0.023161661035070818,0.0,0.0,0.018761075735092163,False,False
1.0050000000000001,5.761487007141113,9.471319198608398,1.5445778369903564,1.1419564219339877,0.673550502302728,0.8531500000000204,0.1468499999999796,0.0,592,562,0.8430465318020017,1.1569534681979983,32.0,32,1.0,21.0,0.03565030172467232,15.665791816255718,11.74195511130576,0.0,0.0,0.0,-0.1961918352474979,1.0,0.0628841370344162,0.03624953702092171,0.04743260145187378,0.1438660475611661,0.1552321754349368,0.023713959380984306,0.02305776889746388,0.0,0.0,0.01921510934829712,False,False
1.01,5.79942512512207,9.575851440429688,1.5017811059951782,1.8283278499750717,0.8178579315251536,0.8530500000000204,0.1469499999999796,0.0,549,514,1.1894593208185016,0.8105406791814984,14.0,14,3.0,15.0,0.03559136763215065,14.360309164901073,19.09679218536361,0.0,0.0,0.0,0.2368241510231269,1.0,0.06289908289909363,0.03617211431264877,0.0474318265914917,0.1438565193029716,0.15546422856021397,0.023547638362894457,0.022906051793446146,0.0,0.0,0.01582461476325989,False,False
1.0150000000000001,5.764240264892578,9.724222183227539,1.5559090375900269,-1.4496941242148178,0.12435727026865885,0.8529500000000204,0.14704999999997959,0.0,711,670,1.5,0.4929956225830404,31.0,31,5.0,15.0,0.0361950509250164,13.16361673449265,25.83872616991664,0.0,0.0,0.0,0.6337554717711995,1.0,0.0630144253373146,0.03619099408388138,0.04743117094039917,0.13901269455222787,0.14945317549972217,0.02364929299801588,0.022989320568740368,0.0,0.0,0.015451337099075318,False,False
1.02,5.717144012451172,9.791085243225098,1.6103235483169556,2.0530606170534744,0.834543453548167,0.8528500000000204,0.14714999999997957,0.0,674,622,1.464754012632213,0.5352459873677871,21.0,21,5.0,12.0,0.036512576043605804,12.066648673284927,23.685498989090252,0.0,0.0,0.0,0.5809425157902662,1.0,0.06322871893644333,0.03613300621509552,0.04743039608001709,0.13548338108137012,0.14496683004498226,0.02380179474130273,0.023123703431338072,0.0,0.0,0.021754672527313234,False,False
1.025,5.6884236335754395,9.767624855041504,1.6399139165878296,-0.3416602770886554,0.34410358670180935,0.8527500000000204,0.14724999999997956,0.0,696,667,1.4260245115795287,0.5739754884204713,52.0,52,3.0,19.0,0.036461833864450455,11.061094617177849,21.711707406666065,0.0,0.0,0.0,0.5325306394744108,1.0,0.06353387981653214,0.036322176456451416,0.04742962121963501,0.13494024014969427,0.14422384100500235,0.023883931183566652,0.023198530543595552,0.0,0.0,0.01688094019889832,False,False
1.03,5.636407852172852,9.820735931396484,1.6491544246673584,2.808501593649082,0.9109784919983482,0.8526500000000204,0.14734999999997955,0.0,677,638,1.3905224689479012,0.6094775310520988,51.0,51,6.0,19.0,0.03640967234969139,10.139336732413028,19.902398456110557,0.0,0.0,0.0,0.48815308618487646,1.0,0.06392911076545715,0.036544885486364365,0.047428905963897705,0.13295805063564095,0.14201779928058134,0.023934280034154654,0.023246214259415865,0.0,0.0,0.021080429553985598,False,False
1.035,5.606264114379883,9.904146194458008,1.6727581024169922,0.36939932316542723,0.08769502347251588,0.8525500000000205,0.14744999999997954,0.0,659,626,1.3579789298689096,0.6420210701310906,26.0,26,3.0,30.0,0.036365166306495667,9.294392004711941,18.243865251434677,0.0,0.0,0.0,0.4474736623361368,1.0,0.0644918903708458,0.03656809777021408,0.0474281907081604,0.13025460357870675,0.1387065368946617,0.024012636858969927,0.023314717691391706,0.0,0.0,0.03242772817611694,False,False
1.04,5.6174635887146,9.93348217010498,1.669064998626709,1.9180094135387278,0.3885077694297441,0.8524500000000205,0.14754999999997953,0.0,621,581,1.3281473523798337,0.6718526476201663,37.0,37,1.0,23.0,0.03629219904541969,8.519859337652612,16.723543147148455,0.0,0.0,0.0,0.41018419047479215,1.0,0.064805768430233,0.036635998636484146,0.04742741584777832,0.12995077687346457,0.13834531961474322,0.02397663968925675,0.023279966165622078,0.0,0.0,0.02064702033996582,False,False
1.045,5.501065254211426,10.089824676513672,1.647312879562378,-0.03575569931313056,0.7151947619709931,0.8523500000000205,0.14764999999997952,0.0,585,556,1.3008017396815144,0.6991982603184856,32.0,32,2.0,29.0,0.036209579557180405,16.143204392848226,23.663247884886083,0.0,0.0,0.0,0.37600217460189284,1.0,0.06521207094192505,0.036699019372463226,0.047426581382751465,0.12576456464050734,0.13395253918009262,0.0240232360859712,0.02332816133275628,0.0,0.0,0.02133347511291504,False,False
1.05,5.365396499633789,10.200794219970703,1.6394963264465332,2.5028643929907766,0.9995993362432828,0.8522500000000205,0.1477499999999795,0.0,581,539,1.275734928041388,0.7242650719586119,26.0,26,3.0,19.0,0.036127395927906036,14.797937360110874,21.691310561145574,0.0,0.0,0.0,0.344668660051735,1.0,0.06569924205541611,0.036654047667980194,0.04742586612701416,0.12213091259822034,0.1299727645572252,0.024176633451133966,0.02347735920920968,0.0,0.0,0.02185307741165161,False,False
1.055,5.400688648223877,10.28261947631836,1.6023186445236206,2.4367700681206887,0.3749512877448378,0.8521500000000205,0.1478499999999795,0.0,617,583,1.2527570173712723,0.7472429826287277,20.0,20,2.0,13.0,0.036144889891147614,21.8981092467683,28.21703468105011,0.0,0.0,0.0,0.31594627171409045,1.0,0.06591159105300903,0.036619577556848526,0.047425150871276855,0.12222884287902246,0.13025153483574356,0.02401845684895913,0.02333046868443489,0.0,0.0,0.01517619252204895,False,False
1.06,5.509391784667969,10.342324256896973,1.5435487031936646,1.9775546914238502,0.8079530651700997,0.8520500000000205,0.1479499999999795,0.0,620,592,1.5,0.43497273407633374,39.0,39,2.0,27.0,0.036302600055933,20.073266809537607,34.198948457629264,0.0,0.0,0.0,0.7062840824045828,1.0,0.06618797034025192,0.036710307002067566,0.047424376010894775,0.12383830230030943,0.13238412977506483,0.023701157576094072,0.023037893697619438,0.0,0.0,0.022268402576446533,False,False
1.065,5.540658473968506,10.350179672241211,1.5128659009933472,2.3966628679504347,0.15011290066249583,0.8519500000000205,0.14804999999997948,0.0,646,607,1.5,0.48205833956997257,30.0,30,2.0,30.0,0.03649543970823288,18.40049457540947,31.349036086160158,0.0,0.0,0.0,0.6474270755375343,1.0,0.06656374037265778,0.03675258904695511,0.04742366075515747,0.12441378871723786,0.13319250762462376,0.023612002842128277,0.022956131336589657,0.0,0.0,0.021297051906585696,False,False
1.07,5.550629615783691,10.39250659942627,1.4546929597854614,1.6442260451341733,0.7266118695360191,0.8518500000000205,0.14814999999997946,0.0,631,594,1.4747798553941918,0.5252201446058082,28.0,28,4.0,30.0,0.03642293065786362,16.867120027458682,28.736616412313477,0.0,0.0,0.0,0.5934748192427397,1.0,0.06677106022834778,0.03676266595721245,0.04742300510406494,0.12480673193993447,0.13395797811479382,0.023486839296917122,0.02284943824633956,0.0,0.0,0.021833059787750245,False,False
1.075,5.61255407333374,10.542680740356445,1.368059754371643,1.3354585132827521,0.3943076522686287,0.8517500000000205,0.14824999999997945,0.0,599,561,1.5,0.231451799221991,40.0,40,4.0,14.0,0.03634586185216904,23.794860025170458,43.00856504462068,0.0,0.0,0.0,0.9606852509725112,1.0,0.06706792861223221,0.03687041997909546,0.047422170639038086,0.1253260899819411,0.13497992631233985,0.023146651995678745,0.02255348643908898,0.0,0.0,0.028959209918975833,False,False
1.08,5.679455757141113,10.640310287475586,1.3328057527542114,1.6545516151708575,0.6612851994031055,0.8516500000000206,0.14834999999997944,0.0,690,655,1.5,0.2954974826201583,65.0,65,3.0,15.0,0.03628407418727875,21.81195502307292,39.42451795756896,0.0,0.0,0.0,0.880628146724802,1.0,0.06709419190883636,0.03720909729599953,0.04742145538330078,0.12527759721968101,0.13503310369327426,0.022941753268241882,0.022366850171238184,0.0,0.0,0.025138881206512455,False,False
1.085,5.804487228393555,10.741964340209961,1.330498456954956,0.5337663712891547,0.9944311600766139,0.8515500000000206,0.14844999999997943,0.0,679,630,1.5,0.35420602573514526,38.0,38,3.0,19.0,0.03645988181233406,19.99429210448351,36.13914146110488,0.0,0.0,0.0,0.8072424678310683,1.0,0.06723616272211075,0.03731435537338257,0.04742074012756348,0.12531841743675146,0.13494496663628525,0.022722076779852312,0.022151568749298654,0.0,0.0,0.021134462356567386,False,False
1.09,5.944879055023193,10.86995792388916,1.3181815147399902,-1.4944186822182959,0.4184624523995647,0.8514500000000206,0.14854999999997942,0.0,623,600,1.5,0.4080221902572164,26.0,26,3.0,16.0,0.03667672351002693,18.32810109577655,33.12754633934614,0.0,0.0,0.0,0.7399722621784794,1.0,0.06747239083051682,0.03731083497405052,0.047419965267181396,0.12536849827288118,0.13485836663345258,0.02247619132200877,0.021918051255246006,0.0,0.0,0.011857820749282839,False,False
1.095,5.996772289276123,11.017556190490723,1.3365938663482666,-0.5335424666717219,1.0000000000000002,0.8513500000000206,0.1486499999999794,0.0,604,566,1.5,0.45735367440244845,20.0,20,5.0,15.0,0.03679859638214111,16.80075933779517,30.36691747773396,0.0,0.0,0.0,0.6783079069969394,1.0,0.06751981377601624,0.03725747764110565,0.04741925001144409,0.12309978978242504,0.13207538817822695,0.022382986110945545,0.02182488407318791,0.0,0.0,0.023146998882293702,False,False
1.1,5.980834007263184,11.128652572631836,1.3486837148666382,1.0548300239103119,0.17257564460467853,0.8512500000000206,0.1487499999999794,0.0,686,648,1.4974257984644224,0.5025742015355776,43.0,43,3.0,22.0,0.03673682361841202,15.400696059645572,27.83634102125613,0.0,0.0,0.0,0.6217822480805278,1.0,0.06739158928394318,0.03737989068031311,0.04741853475570679,0.12040135251326893,0.12889480539938827,0.02236005229254564,0.02179719740524888,0.0,0.0,0.024231245517730714,False,False
1.105,5.957610607147217,11.13752269744873,1.3490045070648193,1.3807375008337306,0.7154590961131371,0.8511500000000206,0.1488499999999794,0.0,618,581,1.4559736485923869,0.5440263514076131,42.0,42,3.0,26.0,0.036917466670274734,14.117304721341775,25.51664593615145,0.0,0.0,0.0,0.5699670607404836,1.0,0.06732427328824997,0.03746424615383148,0.04741775989532471,0.11979739790549286,0.12821080533321716,0.022370693429062765,0.021805104333907366,0.0,0.0,0.018608278036117552,False,False
1.11,5.934569358825684,11.143718719482422,1.3858554363250732,0.9933785817019944,0.9487318223641938,0.8510500000000206,0.14894999999997938,0.0,532,498,1.4179758445430213,0.5820241554569787,36.0,36,1.0,17.0,0.03682783991098404,12.940862661229959,23.390258774805492,0.0,0.0,0.0,0.5224698056787767,1.0,0.06736033409833908,0.037564657628536224,0.0474170446395874,0.11889243786781814,0.12703660435694974,0.02244376266996066,0.021863341486702364,0.0,0.0,0.02232898235321045,False,False
1.115,5.910685062408447,11.221504211425781,1.4022011756896973,2.4257636750362335,0.7199426575566288,0.8509500000000206,0.14904999999997937,0.0,632,597,1.3831445241644362,0.6168554758355638,32.0,32,6.0,23.0,0.03677116334438324,11.862457439460796,21.4410705435717,0.0,0.0,0.0,0.4789306552055453,1.0,0.06753856688737869,0.037605177611112595,0.0474163293838501,0.11708906368228085,0.12496172011115675,0.022450077813118696,0.021864381463577352,0.0,0.0,0.02739079475402832,False,False
1.12,5.892979621887207,11.233074188232422,1.4138860702514648,0.9295132500301304,0.34603023311908154,0.8508500000000206,0.14914999999997935,0.0,718,682,1.3512158138173997,0.6487841861826003,46.0,46,4.0,38.0,0.03670363500714302,10.87391931950573,19.654314664940724,0.0,0.0,0.0,0.43901976727174974,1.0,0.06748180091381073,0.037746362388134,0.04741555452346802,0.11638489592292449,0.12410118436688958,0.02249097606788079,0.021899762408186994,0.0,0.0,0.026479806900024418,False,False
1.125,5.88302755355835,11.318571090698242,1.3517464399337769,1.5785809109308353,0.7103017246804219,0.8507500000000207,0.14924999999997934,0.0,714,668,0.9886144959992832,1.0113855040007167,27.0,27,3.0,22.0,0.03671381250023842,18.301092709546918,18.016455109528998,0.0,0.0,0.0,-0.01423188000089599,1.0,0.06757480651140213,0.0377521850168705,0.04741483926773071,0.1158311636876294,0.12385158006148189,0.022337217815220356,0.02177234816675385,0.0,0.0,0.013379133939743043,False,False
1.1300000000000001,5.7884039878845215,11.466913223266602,1.315671682357788,1.4072947868973764,0.4770331859593022,0.8506500000000207,0.14934999999997933,0.0,714,683,1.3228966213326763,0.6771033786673237,34.0,34,1.0,26.0,0.03674197569489479,16.776001650418007,24.848417183734913,0.0,0.0,0.0,0.40362077666584534,1.0,0.06774896383285522,0.03777880594134331,0.04741412401199341,0.11282640903101412,0.12073092241848915,0.02233376338457068,0.021784181396166485,0.0,0.0,0.02356432914733887,False,False
1.135,5.746379375457764,11.550004005432129,1.3347034454345703,1.2004445575886513,0.6344409231769336,0.8505500000000207,0.14944999999997932,0.0,618,590,1.2959885695549533,0.7040114304450467,66.0,66,4.0,24.0,0.036905545741319656,15.378001512883172,22.777715751757004,0.0,0.0,0.0,0.3699857119436916,1.0,0.06770152598619461,0.03809904307126999,0.04741334915161133,0.11106357894170209,0.11863902789664552,0.022397858556360006,0.021837411137918632,0.0,0.0,0.04897836685180664,False,False
1.1400000000000001,5.84032678604126,11.579543113708496,1.2913099527359009,1.2152100164632835,1.0,0.8504500000000207,0.1495499999999793,0.0,586,553,1.2713228554253737,0.7286771445746262,33.0,33,3.0,14.0,0.03694981336593628,14.096501386809573,20.879572772443918,0.0,0.0,0.0,0.33915356928171725,1.0,0.06834907084703445,0.03815170377492905,0.04741263389587402,0.11234963821572982,0.1202485795966328,0.02217595853532354,0.021639314169685047,0.0,0.0,0.04803980350494385,False,False
1.145,5.929785251617432,11.581085205078125,1.2358747720718384,-1.0066895371093005,1.0,0.8503500000000207,0.1496499999999793,0.0,710,673,0.9153792841399262,1.0846207158600738,27.0,27,1.0,23.0,0.03688865154981613,21.255126271242105,19.13960837474026,0.0,0.0,0.0,-0.10577589482509228,1.0,0.06938952952623367,0.038151271641254425,0.04741191864013672,0.11420556898725324,0.12255717711957571,0.02194596299280723,0.02144058234989643,0.0,0.0,0.08527805328369141,False,False
1.1500000000000001,5.932369232177734,11.580066680908203,1.1992098093032837,1.3354585132827521,0.3943076522686287,0.8502500000000207,0.1497499999999793,0.0,627,590,0.9224310104615989,1.077568989538401,22.0,22,2.0,18.0,0.03681749850511551,19.483865748638596,17.54464101017857,0.0,0.0,0.0,-0.09696123692300133,1.0,0.07130806893110275,0.038110725581645966,0.04741114377975464,0.11464076957106385,0.12318489067147577,0.02189346356317401,0.021403642216076456,0.0,0.0,0.025589091777801515,False,False
1.155,5.967594623565674,11.626023292541504,1.1623610258102417,0.8562828166357098,0.6542367141504006,0.8501500000000207,0.14984999999997928,0.0,682,648,0.5955617595897991,1.404438240410201,34.0,34,3.0,26.0,0.036760229617357254,26.193543602918712,16.08258759266369,0.0,0.0,0.0,-0.5055478005127512,1.0,0.07294490188360214,0.03812771290540695,0.04741048812866211,0.11497028953162747,0.12368914618855119,0.021764972091962896,0.021295563007394474,0.0,0.0,0.03042012214660645,False,False
1.16,6.001253604888916,11.667641639709473,1.1452581882476807,0.7274888113376954,0.5745178845559047,0.8500500000000207,0.14994999999997927,0.0,724,682,1.2959316129573157,0.7040683870426843,36.0,36,7.0,22.0,0.036856673657894135,24.010748302675484,31.40903862660838,0.0,0.0,0.0,0.3699145161966447,1.0,0.07436168938875198,0.038193270564079285,0.047409772872924805,0.11512922014870165,0.12393318130975989,0.021670719143003225,0.0212128305186828,0.0,0.0,0.033764750957489015,False,False
1.165,6.036673069000244,11.749408721923828,1.1522523164749146,2.099002657514311,0.8038676002673703,0.8499500000000207,0.15004999999997926,0.0,694,662,1.2712706452108729,0.7287293547891271,47.0,47,4.0,23.0,0.03702562674880028,22.00985261078586,28.79161874105768,0.0,0.0,0.0,0.33908830651359095,1.0,0.07556532323360443,0.03837208449840546,0.047409117221832275,0.11409077374823184,0.12269992993678676,0.021589167105654877,0.021131055740018688,0.0,0.0,0.01998197078704834,False,False
1.17,6.14300012588501,11.825281143188477,1.150560975074768,0.7699805890879279,0.33908760737809235,0.8498500000000208,0.15014999999997924,0.0,634,590,1.2486647581099668,0.7513352418900332,37.0,37,2.0,24.0,0.036972105503082275,20.175698226553703,26.39231717930287,0.0,0.0,0.0,0.31083094763745844,1.0,0.07763979583978653,0.03844728693366051,0.04740840196609497,0.11394929258106073,0.12242191869951566,0.021413367552061878,0.020959357886264723,0.0,0.0,0.01632313132286072,False,False
1.175,6.253181457519531,11.888056755065918,1.1161918640136719,0.17479523235968095,0.8855739209023076,0.8497500000000208,0.15024999999997923,0.0,631,599,1.2279426949341363,0.7720573050658638,26.0,26,4.0,25.0,0.036910802125930786,18.49439004100756,24.192957414360965,0.0,0.0,0.0,0.2849283686676703,1.0,0.07942551374435425,0.03844380006194115,0.047407686710357666,0.11474295475659683,0.12335578271094486,0.0212045021665593,0.020772628486156464,0.0,0.0,0.013538354635238647,False,False
1.18,6.285506248474121,12.026703834533691,1.1422295570373535,0.23620116261537652,0.20402733115252708,0.8496500000000208,0.15034999999997922,0.0,678,639,1.2089474703562915,0.7910525296437085,28.0,28,3.0,30.0,0.036931298673152924,16.953190870923596,22.176877629830884,0.0,0.0,0.0,0.2611843379453644,1.0,0.08098433911800385,0.03843173384666443,0.04740703105926514,0.11220670367513272,0.12032439709330384,0.021132403829445444,0.02069348158935706,0.0,0.0,0.01305567502975464,False,False
1.185,6.2685956954956055,12.13528060913086,1.1779721975326538,0.2936006962500049,0.3509861105312583,0.8495500000000208,0.1504499999999792,0.0,635,601,1.191535181159934,0.8084648188400662,30.0,30,3.0,29.0,0.03687364235520363,15.540424965013296,20.328804494011642,0.0,0.0,0.0,0.23941897644991733,1.0,0.0823233500123024,0.03843441605567932,0.04740625619888306,0.10943926673847983,0.11700625434145119,0.021136949459711712,0.02068224751080076,0.0,0.0,0.019073584079742432,False,False
1.19,6.240499019622803,12.103946685791016,1.211432933807373,0.4311989223112053,0.5012840448634409,0.8494500000000208,0.1505499999999792,0.0,642,607,1.1755739160632728,0.8244260839367273,22.0,22,3.0,30.0,0.03713743016123772,14.245389551262187,18.634737452844004,0.0,0.0,0.0,0.2194673950790908,1.0,0.08344944566488266,0.03839173913002014,0.0474056601524353,0.10919474900668912,0.11660592844554325,0.02121624769642949,0.020744225475937128,0.0,0.0,0.013224985599517822,False,False
1.195,6.198728561401367,12.148324966430664,1.2420876026153564,0.07886425153648141,0.546219454252804,0.8493500000000208,0.1506499999999792,0.0,642,604,0.827609423058,1.172390576942,44.0,44,4.0,24.0,0.037199512124061584,21.391607088657004,17.081842665107004,0.0,0.0,0.0,-0.2154882211775,1.0,0.08436936140060425,0.03849824517965317,0.04740488529205322,0.10785392651039291,0.1150710311365914,0.021263943829884134,0.020780544728040695,0.0,0.0,0.016233152151107787,False,False
1.2,6.200896263122559,12.232352256774902,1.2557306289672852,0.7108005322814969,0.9647856774844297,0.8492500000000208,0.15074999999997918,0.0,661,627,0.8419753044698333,1.1580246955301667,39.0,39,3.0,20.0,0.03712141141295433,19.608973164602254,15.658355776348087,0.0,0.0,0.0,-0.1975308694127084,1.0,0.08616694062948227,0.03859172761440277,0.04740417003631592,0.10632106961030323,0.11327738541411032,0.021232364233583212,0.02074517852937182,0.0,0.0,0.02580739974975586,False,False
1.205,6.231610298156738,12.259017944335938,1.2789145708084106,1.3177921572921991,0.6414895463963267,0.8491500000000208,0.15084999999997917,0.0,627,592,1.1884773624306804,0.8115226375693196,39.0,39,4.0,20.0,0.037059009075164795,17.974892067552066,22.686826128319076,0.0,0.0,0.0,0.2355967030383505,1.0,0.08768243342638016,0.03869431093335152,0.04740351438522339,0.10583093130184766,0.11255601730895955,0.021217019141962133,0.020720777101814747,0.0,0.0,0.024111564159393313,False,False
1.21,6.237767696380615,12.37524700164795,1.227611780166626,1.585126096247361,0.7056816563314813,0.8490500000000208,0.15094999999997916,0.0,593,558,1.5,0.49389575110520967,55.0,55,2.0,25.0,0.03715609759092331,16.47698439525606,29.12959061762582,0.0,0.0,0.0,0.6326303111184879,1.0,0.08897756040096283,0.03888899087905884,0.047402799129486084,0.10479829757939836,0.11166514357644863,0.02106493183722099,0.020595220072815817,0.0,0.0,0.02453788757324219,False,False
1.215,6.133069038391113,12.529375076293945,1.2260912656784058,1.0704225622019077,0.5045079646411946,0.8489500000000209,0.15104999999997915,0.0,565,531,1.1305955614868912,0.8694044385131089,40.0,40,1.0,31.0,0.03707239404320717,23.43723569565139,26.702124732823666,0.0,0.0,0.0,0.1632444518586139,1.0,0.09005924314260483,0.03899195417761803,0.047402143478393555,0.1017707412964646,0.10838803333230121,0.021104014789064728,0.020638022882243,0.0,0.0,0.018620076179504397,False,False
1.22,6.147379398345947,12.627018928527832,1.2061452865600586,0.7840624755820549,0.908486775006157,0.8488500000000209,0.15114999999997913,0.0,541,520,1.4530459313629833,0.5469540686370167,12.0,12,0.0,25.0,0.0370778851211071,21.484132721013772,32.810281005088356,0.0,0.0,0.0,0.5663074142037292,1.0,0.09093424677848816,0.03888632729649544,0.047401487827301025,0.1010550767725005,0.10763832533390379,0.021018091744432848,0.020561838367333017,0.0,0.0,0.020520646572113038,False,False
1.225,6.279338836669922,12.654635429382324,1.15890634059906,1.3801655175751681,0.7150853271483943,0.8487500000000209,0.15124999999997912,0.0,630,590,1.4152921037494013,0.5847078962505987,21.0,21,5.0,14.0,0.037021294236183167,19.693788327595957,30.07609092133099,0.0,0.0,0.0,0.5191151296867517,1.0,0.0916091725230217,0.0388362780213356,0.047400832176208496,0.10238949788998006,0.10927592349471325,0.020747248393793903,0.020320999901741743,0.0,0.0,0.020325381755828858,False,False
1.23,6.342617034912109,12.621427536010742,1.1177083253860474,1.4415682164936892,0.6591242602464497,0.8486500000000209,0.1513499999999791,0.0,613,582,1.3806844284369513,0.6193155715630487,29.0,29,2.0,21.0,0.03700396418571472,18.052639300296292,27.569750011220073,0.0,0.0,0.0,0.47585553554618903,1.0,0.09209045022726059,0.03883424028754234,0.04740011692047119,0.10381762956967391,0.11100326409796053,0.020619404191772144,0.02021476160734892,0.0,0.0,0.021443300247192383,False,False
1.235,6.354067802429199,12.619823455810547,1.0791860818862915,-1.5538852771165474,0.5842050193867886,0.8485500000000209,0.1514499999999791,0.0,638,600,1.3489607260672054,0.6510392739327946,45.0,45,1.0,20.0,0.036942534148693085,16.548252691938266,25.2722708436184,0.0,0.0,0.0,0.4362009075840067,1.0,0.09238435328006744,0.038950517773628235,0.04739946126937866,0.1042262247276163,0.11155715519624249,0.020566964522004128,0.020178041886538267,0.0,0.0,0.022619607448577883,False,False
1.24,6.438650131225586,12.678794860839844,1.0265897512435913,0.8921678683305194,0.9303498483304837,0.8484500000000209,0.1515499999999791,0.0,598,564,0.9865473322282716,1.0134526677717284,24.0,24,1.0,18.0,0.03687433898448944,23.502564967610077,23.166248273316867,0.0,0.0,0.0,-0.016815834714660482,1.0,0.09249699860811234,0.03890496492385864,0.04739880561828613,0.10496044694802845,0.11254028598839835,0.020361552014946938,0.020003415799389284,0.0,0.0,0.03629859447479249,False,False
1.245,6.471846103668213,12.710756301879883,0.9981698989868164,1.2294793711673386,0.006621792644638677,0.8483500000000209,0.15164999999997908,0.0,617,580,0.9876683878759155,1.0123316121240844,29.0,29,3.0,29.0,0.03679319843649864,21.544017886975904,21.235727583873793,0.0,0.0,0.0,-0.01541451515510559,1.0,0.0924343541264534,0.038921892642974854,0.04739809036254883,0.10532762617617654,0.11305819346196744,0.02027109730988741,0.019930241784701746,0.0,0.0,0.024067111015319824,False,False
1.25,6.553735256195068,12.812494277954102,1.030154824256897,-0.13196975769469166,0.7920416785457041,0.8482500000000209,0.15174999999997907,0.0,680,642,0.9886960222195892,1.011303977780411,38.0,38,8.0,27.0,0.036744993180036545,19.748683063061247,19.466083618550975,0.0,0.0,0.0,-0.014129972225513576,1.0,0.09220223128795624,0.03899266570806503,0.04739737510681152,0.103999754591067,0.11140304439514674,0.020160263714691005,0.01980724589278301,0.0,0.0,0.021441590785980225,False,False
1.2550000000000001,6.763401031494141,12.903233528137207,1.0074080228805542,0.9750595156058521,0.4795729598772917,0.8481500000000209,0.15184999999997906,0.0,682,645,0.9896380203679567,1.0103619796320433,44.0,44,5.0,23.0,0.03669123724102974,18.102959474472808,17.843909983671725,0.0,0.0,0.0,-0.012952474540054127,1.0,0.09288358688354492,0.039127252995967865,0.047396719455718994,0.10458405485298916,0.11196168967755307,0.019839024947335325,0.019505610689520836,0.0,0.0,0.009070610404014589,False,False
1.26,6.922677516937256,12.996089935302734,1.008676528930664,0.6051406379331223,0.6955511800439615,0.848050000000021,0.15194999999997905,0.0,712,670,0.990501518670627,1.009498481329373,25.0,25,0.0,39.0,0.03706144914031029,24.927712851600074,24.690250818365747,0.0,0.0,0.0,-0.011873101661716312,1.0,0.09331779181957245,0.03909385949373245,0.047396063804626465,0.1044918682756815,0.11175865338463134,0.0196135804678003,0.01929148333147168,0.0,0.0,0.013376251459121705,False,False
1.2650000000000001,6.932146072387695,13.123518943786621,1.0562481880187988,1.427718468068513,0.5309833269866309,0.847950000000021,0.15204999999997904,0.0,623,602,0.9912930587814079,1.008706941218592,37.0,37,7.0,37.0,0.0373530387878418,22.850403447300067,22.632729916835267,0.0,0.0,0.0,-0.010883676523240026,1.0,0.09464297443628311,0.039137374609708786,0.04739534854888916,0.10166626487206482,0.10836019939696218,0.019585276022553444,0.01924589431534211,0.0,0.0,0.019542469978332522,False,False
1.27,6.8686418533325195,13.190781593322754,1.0868839025497437,0.4624559168767566,0.6387189180903189,0.847850000000021,0.15214999999997902,0.0,515,467,0.9920186372162907,1.0079813627837093,52.0,52,0.0,27.0,0.037297651171684265,20.94620316002506,20.746669090432327,0.0,0.0,0.0,-0.009976703479636662,1.0,0.09569907933473587,0.03933774307370186,0.04739481210708618,0.09956616751694251,0.10589751058025094,0.019637555815279484,0.019279688907166324,0.0,0.0,0.01838685512542725,False,False
1.2750000000000001,6.8217244148254395,13.169118881225586,1.111567735671997,1.1259799216867392,0.8285017437258723,0.847750000000021,0.152249999999979,0.0,464,434,0.9926837507815998,1.0073162492184002,26.0,26,0.0,25.0,0.03721695765852928,19.20068623002297,19.017779999562965,0.0,0.0,0.0,-0.009145311523000289,1.0,0.09654751420021057,0.03931296989321709,0.0473940372467041,0.09944980997685163,0.10576470592291833,0.019703141879290342,0.019331364892423153,0.0,0.0,0.013209972381591797,False,False
1.28,6.8221635818481445,13.25256633758545,1.1310734748840332,0.9677696034701887,0.9675956465533085,0.847650000000021,0.152349999999979,0.0,521,481,0.9932934382164664,1.0067065617835336,21.0,21,1.0,20.0,0.0371299609541893,17.600629044187723,17.432964999599385,0.0,0.0,0.0,-0.008383202229416931,1.0,0.09719491004943848,0.039249908179044724,0.04739338159561157,0.09812060884975962,0.10425068275925205,0.019665933214128017,0.01928902231156826,0.0,0.0,0.013516451120376588,False,False
1.285,6.8567657470703125,13.354918479919434,1.1657366752624512,0.795707102324648,0.9541846124830216,0.847550000000021,0.152449999999979,0.0,624,594,0.9938523183650942,1.0061476816349058,20.0,20,4.0,23.0,0.037056028842926025,16.13390995717208,15.980217916299436,0.0,0.0,0.0,-0.007684602043632171,1.0,0.09764774143695831,0.03917904198169708,0.04739266633987427,0.09636146239905133,0.10209778543142414,0.019614155559490126,0.019225559663027525,0.0,0.0,0.03231228828430176,False,False
1.29,6.867884635925293,13.3648042678833,1.21095609664917,0.9365005998155006,0.7005570557470073,0.847450000000021,0.15254999999997898,0.0,635,604,0.6610312918346697,1.3389687081653303,19.0,19,2.0,36.0,0.037057921290397644,23.122750794074406,14.648533089941148,0.0,0.0,0.0,-0.4237108852066629,1.0,0.09791231155395508,0.039105162024497986,0.04739201068878174,0.09592196755064479,0.1014198497291636,0.019656703807413578,0.019250594389935337,0.0,0.0,0.02142423152923584,False,False
1.295,6.885682582855225,13.429498672485352,1.2400552034378052,1.5456568319467812,0.19973449756303077,0.847350000000021,0.15264999999997897,0.0,716,672,1.3559453508484474,0.6440546491515527,29.0,29,4.0,34.0,0.03714047744870186,21.195854894568203,30.094488665779384,0.0,0.0,0.0,0.44493168856055904,1.0,0.09907205402851105,0.03909936547279358,0.047391414642333984,0.09513183821240886,0.10046139522253664,0.019616119097918272,0.01920186992113789,0.0,0.0,0.021599445343017578,False,False
1.3,6.8185343742370605,13.560681343078613,1.2614885568618774,0.4291989935901942,0.8047875719617926,0.847250000000021,0.15274999999997896,0.0,671,640,1.3262832382777434,0.6737167617222566,46.0,46,6.0,16.0,0.03709707781672478,19.429533653354184,27.58661461029777,0.0,0.0,0.0,0.4078540478471792,1.0,0.09996682405471802,0.03924282640218735,0.047390758991241455,0.09285799425638423,0.09791062771047598,0.01964222484578689,0.019220115306476753,0.0,0.0,0.015938436985015868,False,False
1.305,6.817884922027588,13.738398551940918,1.2110613584518433,1.0857726893932902,0.7261880463960836,0.847150000000021,0.15284999999997895,0.0,632,592,1.2990929684212649,0.7009070315787351,46.0,46,4.0,11.0,0.0372798889875412,17.810405848908,25.28773005943962,0.0,0.0,0.0,0.373866210526581,1.0,0.10065791755914688,0.039367400109767914,0.047389984130859375,0.09125898378668186,0.09632830962305712,0.019480395130813122,0.019082572155942522,0.0,0.0,0.018467572927474977,False,False
1.31,6.8569016456604,13.867105484008789,1.1164577007293701,1.4658802818153376,0.7559489458076559,0.8470500000000211,0.15294999999997894,0.0,543,521,0.9408352210528261,1.0591647789471739,22.0,22,1.0,17.0,0.03755022957921028,24.65953869483233,23.180419221152984,0.0,0.0,0.0,-0.07395597368396736,1.0,0.10115189850330353,0.039348069578409195,0.04738938808441162,0.0909035221956033,0.09624825601776267,0.01923899631947279,0.018889151979237795,0.0,0.0,0.018660038709640503,False,False
1.315,6.869368076324463,13.858537673950195,1.0979228019714355,0.601906321821057,0.8429797913832738,0.8469500000000211,0.15304999999997893,0.0,555,520,0.6124322859650907,1.3875677140349092,20.0,20,2.0,21.0,0.03785638511180878,30.937910470262967,21.248717619390234,0.0,0.0,0.0,-0.4844596425436366,1.0,0.10145514458417892,0.0392841100692749,0.04738873243331909,0.09090108123592246,0.09636040950783663,0.01919759592662255,0.018858587524543207,0.0,0.0,0.01458214282989502,False,False
1.32,6.945995330810547,13.851936340332031,1.1019706726074219,1.151823291938466,1.0,0.8468500000000211,0.15314999999997891,0.0,598,557,0.31139626213466653,1.5,21.0,21,0.0,22.0,0.037788499146699905,36.69308459774105,19.477991151107712,0.0,0.0,0.0,-0.8607546723316668,1.0,0.1015738770365715,0.03920833766460419,0.04738795757293701,0.09112668371200396,0.09657693170569663,0.01911663062249621,0.01877643633633852,0.0,0.0,0.015977092981338502,False,False
1.325,7.0131072998046875,13.879615783691406,1.0930497646331787,0.8514972609103202,0.1464058357487392,0.8467500000000211,0.1532499999999789,0.0,678,636,0.36877990695677765,1.5,49.0,49,5.0,28.0,0.03774614632129669,33.63532754792929,17.854825221848735,0.0,0.0,0.0,-0.7890251163040279,1.0,0.10151416808366776,0.03936237469315529,0.04738736152648926,0.09125110730823584,0.09671851365795803,0.019013458707680307,0.018679697532206774,0.0,0.0,0.01780113220214844,False,False
1.33,7.0146589279174805,13.888443946838379,1.0810729265213013,0.7931404362095865,0.783763268912861,0.8466500000000211,0.1533499999999789,0.0,741,699,0.4213815813770462,1.5,40.0,40,7.0,30.0,0.03771640360355377,30.83238358560185,16.366923120028005,0.0,0.0,0.0,-0.7232730232786923,1.0,0.10128193348646164,0.03944726660847664,0.04738670587539673,0.09125230771334056,0.09677320318839648,0.018975591907898586,0.018650578955809276,0.0,0.0,0.02064056158065796,False,False
1.335,7.104836463928223,13.972387313842773,1.101362705230713,1.3745045215063991,0.31127086633470036,0.8465500000000211,0.15344999999997888,0.0,735,695,0.19999999999999996,1.5,32.0,32,3.0,22.0,0.037739213556051254,36.596351620135025,15.00301286002567,0.0,0.0,0.0,-1.0,1.0,0.10196022689342499,0.039475880563259125,0.047385990619659424,0.09016283503454013,0.09541844887565645,0.018850183890511595,0.018517984232554834,0.0,0.0,0.02606865167617798,False,False
1.34,7.280149459838867,14.01107406616211,1.0726591348648071,0.12484104518325598,0.5633454812678558,0.8464500000000211,0.15354999999997887,0.0,637,604,0.19999999999999996,1.5,27.0,27,5.0,29.0,0.037691205739974976,41.879988985123774,13.752761788356864,0.0,0.0,0.0,-1.0,1.0,0.10238851606845856,0.03947390243411064,0.04738539457321167,0.09095571347527662,0.09629913254811565,0.018616248853504658,0.018301128099362057,0.0,0.0,0.013568414449691774,False,False
1.345,7.357356071472168,14.09066390991211,1.1110204458236694,0.8921405394987328,0.9664714876793755,0.8463500000000211,0.15364999999997886,0.0,686,649,0.19999999999999996,1.5,70.0,70,2.0,24.0,0.037651751190423965,38.38998990303013,12.606698305993792,0.0,0.0,0.0,-1.0,1.0,0.1037050187587738,0.03979271650314331,0.047384679317474365,0.09010977034177466,0.09519925199945593,0.018550294140974682,0.018224553981175028,0.0,0.0,0.02147650480270386,False,False
1.35,7.2845940589904785,14.159460067749023,1.188842535018921,1.019257131572281,0.6210157020987744,0.8462500000000212,0.15374999999997885,0.0,561,533,0.38794597477533443,1.5,30.0,30,2.0,16.0,0.03771454468369484,35.19082407777761,19.889473447160974,0.0,0.0,0.0,-0.765067531530832,1.0,0.10474977642297745,0.039792608469724655,0.047384023666381836,0.08794137938041081,0.09251024063257332,0.018655340342471998,0.018296338773022097,0.0,0.0,0.019491780996322632,False,False
1.355,7.194333076477051,14.161579132080078,1.2191060781478882,0.6376071638578049,0.9999931406903895,0.8461500000000212,0.15384999999997884,0.0,455,434,0.43895047687738986,1.5,14.0,14,1.0,13.0,0.0377311185002327,32.25825540462948,18.232017326564225,0.0,0.0,0.0,-0.7013119039032627,1.0,0.1055842936038971,0.03969074785709381,0.04738336801528931,0.0870827868503192,0.0914912682763905,0.018753226225574814,0.018380112014710903,0.0,0.0,0.01775737285614014,False,False
1.36,7.167687892913818,14.18236255645752,1.2538517713546753,2.950628801690984,0.3574278802306138,0.8460500000000212,0.15394999999997883,0.0,539,504,0.48570460380427405,1.5,36.0,36,0.0,12.0,0.037638109177351,29.570067454243688,16.71268254935054,0.0,0.0,0.0,-0.6428692452446574,1.0,0.10621528327465057,0.0397382415831089,0.04738277196884155,0.08647428420961988,0.09072138362952033,0.01878740110745033,0.018403807189315557,0.0,0.0,0.020501983165740967,False,False
1.365,7.190260887145996,14.270709037780762,1.296270489692688,0.8858317425779401,0.9709528467064809,0.8459500000000212,0.15404999999997881,0.0,528,498,0.5285625534872513,1.4714374465127487,30.0,30,1.0,17.0,0.03760021924972534,27.105895166390045,15.319959003571327,0.0,0.0,0.0,-0.5892968081409359,1.0,0.10664929449558258,0.03974779695272446,0.04738211631774902,0.08519537384668209,0.08912744923075498,0.018760942233105503,0.01836360044156512,0.0,0.0,0.029107017517089846,False,False
1.37,7.181456089019775,14.350189208984375,1.3644996881484985,2.8065943160755302,0.834427373709223,0.8458500000000212,0.1541499999999788,0.0,572,538,0.5678490073633137,1.4321509926366862,32.0,32,1.0,23.0,0.037523187696933746,24.847070569190873,14.043295753273716,0.0,0.0,0.0,-0.5401887407958579,1.0,0.10689272731542587,0.03975559026002884,0.047381460666656494,0.08367617838596772,0.08715106596487106,0.01883791759610176,0.01841361246382197,0.0,0.0,0.02291337251663208,False,False
1.375,7.196121692657471,14.478241920471191,1.3342469930648804,1.1940842535396063,0.9995536190666666,0.8457500000000212,0.1542499999999788,0.0,605,569,0.6038615900830375,1.3961384099169625,17.0,17,3.0,17.0,0.03745954483747482,22.776481355091633,12.873021107167572,0.0,0.0,0.0,-0.49517301239620304,1.0,0.10695181041955948,0.039673034101724625,0.04738074541091919,0.08244848182424751,0.0859552219924501,0.01871227441976468,0.01830255767951409,0.0,0.0,0.02268582105636597,False,False
1.3800000000000001,7.17535924911499,14.633688926696777,1.3288309574127197,0.45268862484423544,0.7508800642650202,0.8456500000000212,0.15434999999997878,0.0,630,589,0.9702064575761178,1.0297935424238822,23.0,23,6.0,26.0,0.037770017981529236,20.87844124216733,20.133602681570274,0.0,0.0,0.0,-0.03724192802985282,1.0,0.10683263838291168,0.039616797119379044,0.04738008975982666,0.08073989436495901,0.08415737469680455,0.01862308786561092,0.0182208224820594,0.0,0.0,0.011161419153213501,False,False
1.385,7.142656326293945,14.786773681640625,1.3529552221298218,1.8657299606781397,0.28091000235824615,0.8455500000000212,0.15444999999997877,0.0,635,602,0.6393559194447747,1.3606440805552253,36.0,36,4.0,28.0,0.03779372572898865,27.47190447198672,18.455802458106085,0.0,0.0,0.0,-0.4508051006940317,1.0,0.10654112696647644,0.03967323899269104,0.04737943410873413,0.07888759139940618,0.08205798652566199,0.018600892120351396,0.018192319354663294,0.0,0.0,0.010718663930892946,False,False
1.3900000000000001,7.205878257751465,14.901309967041016,1.330478310585022,2.0718016438597413,0.13107421926871937,0.8454500000000212,0.15454999999997876,0.0,606,575,0.6694095928243768,1.3305904071756232,27.0,27,3.0,25.0,0.03775890916585922,25.182579099321156,16.91781891993058,0.0,0.0,0.0,-0.4132380089695289,1.0,0.10608305782079697,0.0396592915058136,0.0473787784576416,0.0780591007112511,0.0812164276832079,0.01841599044079582,0.01802360328535239,0.0,0.0,0.021083052158355715,False,False
1.395,7.28953218460083,14.934629440307617,1.2930269241333008,0.6359042011041366,0.9999940611209932,0.8453500000000213,0.15464999999997875,0.0,574,549,0.6969587934223455,1.3030412065776544,55.0,55,3.0,14.0,0.037773143500089645,23.08403084104439,15.508000676603029,0.0,0.0,0.0,-0.37880150822206815,1.0,0.10546407103538513,0.03987452760338783,0.0473780632019043,0.0781740763080292,0.08147205893462374,0.018242658115923405,0.01787139956528942,0.0,0.0,0.016444647312164308,False,False
1.4000000000000001,7.292704105377197,14.89859676361084,1.2769036293029785,2.972007464256354,0.7790077338573662,0.8452500000000213,0.15474999999997874,0.0,576,541,0.38887889397048336,1.5,30.0,30,2.0,19.0,0.03769293799996376,29.493694937624024,14.21566728688611,0.0,0.0,0.0,-0.7639013825368958,1.0,0.10468965768814087,0.03987174853682518,0.04737740755081177,0.07851342125702505,0.0818999794862839,0.018256688490509987,0.0178874625513951,0.0,0.0,0.011054186820983887,False,False
1.405,7.3588433265686035,14.937714576721191,1.241296410560608,0.48492758311468387,0.8024403098027152,0.8451500000000213,0.15484999999997873,0.0,639,596,0.19999999999999996,1.5,20.0,20,1.0,18.0,0.037776876240968704,35.369220359488686,13.031028346312267,0.0,0.0,0.0,-1.0,1.0,0.10484244674444199,0.039816681295633316,0.04737675189971924,0.07851499077010134,0.08199979380393871,0.01813821028918028,0.01778298911328117,0.0,0.0,0.0243754243850708,False,False
1.41,7.407580852508545,15.008318901062012,1.2508710622787476,1.3101931247021275,0.6732290057726412,0.8450500000000213,0.15494999999997872,0.0,762,724,0.19999999999999996,1.5,22.0,22,7.0,30.0,0.03786877542734146,40.75511866286463,20.278442650786243,0.0,0.0,0.0,-1.0,1.0,0.1047615110874176,0.03976355120539665,0.047376036643981934,0.07785022781230366,0.08122413993533553,0.018051992325733106,0.017696756403893232,0.0,0.0,0.046987724304199216,False,False
1.415,7.417435646057129,15.03703784942627,1.2644673585891724,1.8230149693376472,0.4962290437337115,0.8449500000000213,0.1550499999999787,0.0,596,562,0.5825218795571256,1.4174781204428744,35.0,35,3.0,18.0,0.03785800561308861,37.35885877429258,26.92190576322072,0.0,0.0,0.0,-0.5218476505535928,1.0,0.10450739413499832,0.039795149117708206,0.04737532138824463,0.07748154506211337,0.08076904989204531,0.01803730226432284,0.01767811132594943,0.0,0.0,0.015042961835861207,False,False
1.42,7.544731616973877,15.113252639770508,1.314309000968933,0.8029723355087498,0.41811937660861714,0.8448500000000213,0.1551499999999787,0.0,645,611,0.6173117229273651,1.382688277072635,58.0,58,4.0,25.0,0.03776966407895088,34.24562054310153,24.67841361628566,0.0,0.0,0.0,-0.47836034634079355,1.0,0.10516317188739777,0.04000925272703171,0.0473746657371521,0.07667651227551063,0.0796066593312023,0.017920082124571007,0.01754634470368425,0.0,0.0,0.022334160804748537,False,False
1.425,7.67739200592041,15.16893482208252,1.2936471700668335,2.303459220159115,0.4905730463022459,0.8447500000000213,0.15524999999997868,0.0,549,512,0.9825357460167514,1.0174642539832486,64.0,64,0.0,39.0,0.0376945324242115,31.3918188311764,30.955212481595186,0.0,0.0,0.0,-0.021830317479060744,1.0,0.10556834936141968,0.040279570966959,0.04737401008605957,0.07681201204005488,0.0797836847137645,0.017752019533266626,0.017392799879113834,0.0,0.0,0.02117193698883057,False,False
1.43,7.6478095054626465,15.251744270324707,1.334632158279419,1.178621521935631,0.49789923722431034,0.8446500000000213,0.15534999999997867,0.0,496,469,0.9839911005153554,1.0160088994846446,12.0,12,1.0,32.0,0.037606339901685715,28.77583392857837,28.375611441462254,0.0,0.0,0.0,-0.0200111243558057,1.0,0.10578389465808868,0.04017983376979828,0.047373294830322266,0.07578873198712105,0.07857479122001533,0.017780461348593235,0.017408632362882297,0.0,0.0,0.019710565805435183,False,False
1.435,7.555095672607422,15.328936576843262,1.3890331983566284,0.4588576026485134,0.7750715926214267,0.8445500000000213,0.15544999999997866,0.0,557,520,0.9853251754724092,1.014674824527591,18.0,18,4.0,19.0,0.03756503760814667,26.377847767863503,26.010977154673732,0.0,0.0,0.0,-0.01834353065948857,1.0,0.10581601411104202,0.04009724780917168,0.047372639179229736,0.0742161567451729,0.07670157068750369,0.017861834882448118,0.017469679781546198,0.0,0.0,0.02115238904953003,False,False
1.44,7.5203657150268555,15.345124244689941,1.4244401454925537,1.1298101224641761,0.7899995809535397,0.8444500000000214,0.15554999999997865,0.0,544,518,0.9865480775163751,1.013451922483625,16.0,16,1.0,26.0,0.03749299421906471,24.179693787208212,23.84339572511759,0.0,0.0,0.0,-0.016814903104531174,1.0,0.10567077249288559,0.04001159965991974,0.04737198352813721,0.07368088055075943,0.07600416249781708,0.0179079237083594,0.017504405695945024,0.0,0.0,0.022684183120727543,False,False
1.445,7.517120361328125,15.393243789672852,1.4685282707214355,1.2137798007074867,0.39496844909279766,0.8443500000000214,0.15564999999997864,0.0,661,628,0.9876690710566771,1.0123309289433229,32.0,32,1.0,26.0,0.0378938764333725,22.16471930494086,21.856446081357788,0.0,0.0,0.0,-0.015413661179153593,1.0,0.10535407066345215,0.04000480845570564,0.0473712682723999,0.07306132743848974,0.07518505886817833,0.017924600591262184,0.01750956134249767,0.0,0.0,0.02771400213241577,False,False
1.45,7.4918622970581055,15.513986587524414,1.5174343585968018,2.367869276607784,0.9972944770320827,0.8442500000000214,0.15574999999997863,0.0,628,585,1.322029981801954,0.677970018198046,20.0,20,2.0,24.0,0.03786322847008705,20.317659362862454,28.368408907911302,0.0,0.0,0.0,0.40253747725244243,1.0,0.10487166792154312,0.03994105011224747,0.04737049341201782,0.07161111639005312,0.07345185797770064,0.017957807673762243,0.017528142780065536,0.0,0.0,0.034746284484863284,False,False
1.455,7.478348255157471,15.563350677490234,1.5452489852905273,1.932142530335698,0.43040358426083636,0.8441500000000214,0.15584999999997862,0.0,575,542,1.2951941499851245,0.7048058500148755,40.0,40,3.0,12.0,0.03794952109456062,18.624521082623914,26.004374832252026,0.0,0.0,0.0,0.36899268748140557,1.0,0.10422918200492859,0.039985720068216324,0.04736977815628052,0.0710571489552954,0.07276583137689023,0.017980712776382766,0.017543625241766374,0.0,0.0,0.015363407135009766,False,False
1.46,7.4307966232299805,15.711320877075195,1.5386083126068115,1.1251420185522079,0.16549760550181944,0.8440500000000214,0.1559499999999786,0.0,556,525,1.2705946374863641,0.7294053625136359,13.0,13,2.0,20.0,0.03797241300344467,17.07247765907192,23.837343596231023,0.0,0.0,0.0,0.33824329685795507,1.0,0.1034320816397667,0.03988546505570412,0.04736912250518799,0.06961045838535325,0.07131209424634644,0.017916017677634954,0.01748495347176989,0.0,0.0,0.022853868007659914,False,False
1.465,7.3087544441223145,15.87377643585205,1.5601600408554077,2.887576580461559,0.880200028716355,0.8439500000000214,0.1560499999999786,0.0,652,619,0.914711751029167,1.085288248970833,55.0,55,2.0,25.0,0.03790271282196045,23.983104520815928,21.850898296545104,0.0,0.0,0.0,-0.10661031121354121,1.0,0.10248570144176483,0.04010060057044029,0.04736846685409546,0.06775868951653315,0.06932276592077559,0.017968821339309216,0.017532184720039368,0.0,0.0,0.00644739329814911,False,False
1.47,7.2688374519348145,16.024181365966797,1.5420794486999512,0.15895644331122621,0.10245347848188331,0.8438500000000214,0.15614999999997858,0.0,679,629,0.9218191051100697,1.0781808948899303,74.0,74,8.0,27.0,0.03782632201910019,21.9845124774146,20.029990105166345,0.0,0.0,0.0,-0.0977261186124128,1.0,0.10139524936676025,0.04044974222779274,0.047367751598358154,0.06650577233685058,0.0680538665154005,0.01790375215932727,0.017474008879313867,0.0,0.0,0.016750441789627077,False,False
1.475,7.337977886199951,16.130762100219727,1.496827483177185,2.472031053122775,0.9995261446121605,0.8437500000000214,0.15624999999997857,0.0,631,600,0.9283341796842306,1.0716658203157694,18.0,18,2.0,18.0,0.03779652714729309,28.485803104296714,26.69415759640248,0.0,0.0,0.0,-0.08958227539471171,1.0,0.10124305635690689,0.04037885740399361,0.04736703634262085,0.06583817327053475,0.06748474081062276,0.0176944707830747,0.017286723790069423,0.0,0.0,0.023178493976593016,False,False
1.48,7.4045257568359375,16.110919952392578,1.4598968029022217,1.9489824328628387,0.5938866647229543,0.8436500000000214,0.15634999999997856,0.0,603,570,0.9343063313772114,1.0656936686227885,18.0,18,3.0,13.0,0.03773576393723488,34.445319512271986,32.80297779670227,0.0,0.0,0.0,-0.08211708577848569,1.0,0.10086791962385178,0.040288109332323074,0.04736626148223877,0.06611887171553947,0.06791185985396803,0.017591229795167845,0.017197285778820515,0.0,0.0,0.016010907888412477,False,False
1.485,7.441871166229248,16.079055786132812,1.4476786851882935,0.32847578104417097,0.8310209163187442,0.8435500000000214,0.15644999999997855,0.0,578,546,0.9397808037624438,1.0602191962375562,26.0,26,4.0,22.0,0.03765730559825897,31.574876219582652,30.069396313643747,0.0,0.0,0.0,-0.07527399529694527,1.0,0.10033010691404343,0.04023921489715576,0.047365546226501465,0.06640950040100019,0.06824080300051592,0.017581141243378322,0.017186619030932587,0.0,0.0,0.013616157770156862,False,False
1.49,7.4925150871276855,16.171579360961914,1.4262936115264893,0.10479426973951653,0.4033701184880176,0.8434500000000215,0.15654999999997854,0.0,789,741,1.2781324034489068,0.7218675965510932,68.0,68,3.0,32.0,0.03763905540108681,28.94363653461743,35.8969466208401,0.0,0.0,0.0,0.3476655043111334,1.0,0.10071242600679398,0.04053419828414917,0.04736483097076416,0.06581070402699091,0.06765675154483443,0.017460302139321964,0.01707524061203003,0.0,0.0,0.0176945173740387,False,False
1.495,7.508498668670654,16.25638771057129,1.3946549892425537,1.956999390904914,0.35698984351891233,0.8433500000000215,0.15664999999997853,0.0,617,586,1.254954703161498,0.7450452968385021,23.0,23,9.0,19.0,0.03763977810740471,26.53166682339931,32.90553440243676,0.0,0.0,0.0,0.3186933789518724,1.0,0.10085412114858627,0.04047991335391998,0.04736405611038208,0.06526232726359618,0.06717989009603112,0.017350112708906334,0.016979777719825506,0.0,0.0,0.023265085220336913,False,False
1.5,7.509409427642822,16.321687698364258,1.431016445159912,0.80628604996253,1.0,0.8432500000000215,0.15674999999997852,0.0,478,453,0.9003751445647064,1.0996248554352936,14.0,14,0.0,13.0,0.03793453052639961,32.65402792144937,30.163406535567027,0.0,0.0,0.0,-0.1245310692941171,1.0,0.10081590712070465,0.040364768356084824,0.047363340854644775,0.06450480330642194,0.06625450805947063,0.017354514760275684,0.016972615849226713,0.0,0.0,0.02165083169937134,False,False
1.5050000000000001,7.644916534423828,16.421995162963867,1.42551851272583,2.155584581275061,0.1415118681989506,0.8431500000000215,0.1568499999999785,0.0,592,560,0.5753438825176476,1.4246561174823524,62.0,62,0.0,21.0,0.03797939792275429,38.266192261328584,27.649789324269776,0.0,0.0,0.0,-0.5308201468529404,1.0,0.10060373693704605,0.04061707481741905,0.047362685203552246,0.06397132787310089,0.06563739093098046,0.017182208442439638,0.016806027851998806,0.0,0.0,0.01978079080581665,False,False
1.51,7.74423885345459,16.5321044921875,1.4220097064971924,0.8160413537036487,0.6847102716676553,0.8430500000000215,0.1569499999999785,0.0,588,548,0.6107318923078437,1.3892681076921563,50.0,50,1.0,28.0,0.03789634630084038,35.077342906217865,25.34564021391396,0.0,0.0,0.0,-0.48658513461519526,1.0,0.10022343695163727,0.04075652360916138,0.04736185073852539,0.06353469296342887,0.06518919948131346,0.01703311766808232,0.016665803268551826,0.0,0.0,0.016858220100402832,False,False
1.5150000000000001,7.686208248138428,16.63694190979004,1.481702208518982,1.459456653607019,0.7640055172157136,0.8429500000000215,0.15704999999997848,0.0,536,499,0.64317090128219,1.35682909871781,12.0,12,2.0,24.0,0.037803951650857925,32.154230997366376,23.233503529421128,0.0,0.0,0.0,-0.44603637339726243,1.0,0.09968066215515137,0.04063533991575241,0.04736125469207764,0.0623551646699186,0.06377534799557061,0.01709003777553638,0.016705310748269163,0.0,0.0,0.01951347827911377,False,False
1.52,7.592576026916504,16.64720916748047,1.5317134857177734,2.4324660376236418,0.346221318118644,0.8428500000000215,0.15714999999997847,0.0,605,570,0.6729066595086741,1.3270933404913259,28.0,28,4.0,19.0,0.03773665800690651,29.474711747585843,21.2973782353027,0.0,0.0,0.0,-0.40886667561415724,1.0,0.09898094087839127,0.04060903936624527,0.04736047983169556,0.06178446561501558,0.06302649932727102,0.017211580028136574,0.016808224997172754,0.0,0.0,0.020740833282470707,False,False
1.5250000000000001,7.55497932434082,16.60916519165039,1.5568737983703613,2.2087972846006667,0.5037179574148678,0.8427500000000215,0.15724999999997846,0.0,690,662,1.0334977712162847,0.9665022287837154,18.0,18,4.0,41.0,0.037698373198509216,27.018485768620355,27.85593004902747,0.0,0.0,0.0,0.04187221402035579,1.0,0.09920693933963776,0.04052206873893738,0.04735976457595825,0.061907850907648686,0.06310141374636323,0.01726951915770769,0.016858860229452453,0.0,0.0,0.017624753713607787,False,False
1.53,7.532567977905273,16.700742721557617,1.58426034450531,-0.3033251441265415,0.3511777058051974,0.8426500000000215,0.15734999999997845,0.0,638,603,1.0307062902815942,0.9692937097184057,26.0,26,5.0,26.0,0.03773164749145508,24.76694528790199,25.534602544941848,0.0,0.0,0.0,0.03838286285199288,1.0,0.09919774532318115,0.04049066826701164,0.04735904932022095,0.061132016659247494,0.062223132539073724,0.01726008641223113,0.016844656007985275,0.0,0.0,0.02247286319732666,False,False
1.5350000000000001,7.540834426879883,16.812795639038086,1.624188780784607,1.8283278499750717,0.8178579315251536,0.8425500000000216,0.15744999999997844,0.0,633,597,1.028147432758128,0.971852567241872,46.0,46,3.0,15.0,0.03792886435985565,22.703033180576824,23.406718999530025,0.0,0.0,0.0,0.03518429094766003,1.0,0.09901393949985504,0.040608927607536316,0.04735821485519409,0.06027595296432151,0.06119227754495303,0.01725132421900829,0.01682653557509184,0.0,0.0,0.03495861768722534,False,False
1.54,7.558896541595459,16.86326026916504,1.6308952569961548,1.394764283489952,0.5806185481006316,0.8424500000000216,0.15754999999997843,0.0,603,569,1.0258018133616174,0.9741981866383825,39.0,39,3.0,17.0,0.03793879225850105,20.811113748862088,21.456159082902523,0.0,0.0,0.0,0.03225226670202179,1.0,0.09866135567426682,0.04067211598157883,0.04735755920410156,0.059914990862209486,0.06078527592456166,0.017214476441343628,0.01678961872433623,0.0,0.0,0.016499788761138917,False,False
1.545,7.470678806304932,16.993183135986328,1.6169416904449463,2.547150936905558,1.0000000000000002,0.8423500000000216,0.15764999999997842,0.0,516,483,1.0236516622481493,0.9763483377518507,18.0,18,2.0,13.0,0.03785178065299988,19.076854269790246,19.668145825993978,0.0,0.0,0.0,0.0295645778101866,1.0,0.09814567863941193,0.04060159623622894,0.04735672473907471,0.05879664801875951,0.05971729941759147,0.017182954276601475,0.016764271228263777,0.0,0.0,0.0214756178855896,False,False
1.55,7.348100185394287,17.12537384033203,1.620782494544983,1.532474259905233,0.5106550831038146,0.8422500000000216,0.1577499999999784,0.0,534,507,0.6883473570608034,1.3116526429391966,35.0,35,1.0,21.0,0.037752993404865265,25.820449747307723,18.02913367382781,0.0,0.0,0.0,-0.3895658036739956,1.0,0.09747243672609329,0.04059511795639992,0.04735606908798218,0.05772947930117652,0.058620067081025025,0.017228693080445133,0.016808557168891035,0.0,0.0,0.011480250358581544,False,False
1.555,7.350412368774414,17.282936096191406,1.5775882005691528,-3.101807893803157,0.8233696962192204,0.8421500000000216,0.1578499999999784,0.0,651,602,0.7143184106390699,1.2856815893609301,59.0,59,2.0,18.0,0.03766892850399017,23.668745601698745,16.526705867675492,0.0,0.0,0.0,-0.35710198670116267,1.0,0.09664703905582428,0.040826912969350815,0.04735523462295532,0.05678026256229002,0.0577386173019951,0.017094530630856752,0.016688065758595865,0.0,0.0,0.01491088390350342,False,False
1.56,7.4107794761657715,17.394302368164062,1.50486421585083,1.6777771644167243,0.30543414676190095,0.8420500000000216,0.15794999999997839,0.0,670,638,0.7381252097524806,1.2618747902475194,18.0,18,5.0,23.0,0.03802568092942238,21.696350134890515,15.149480378702533,0.0,0.0,0.0,-0.32734348780939915,1.0,0.09567474573850632,0.0407734252512455,0.04735451936721802,0.05617985612852395,0.05729867034614911,0.016871420666575432,0.016493505487839382,0.0,0.0,0.017327061891555785,False,False
1.565,7.419792652130127,17.394916534423828,1.4887621402740479,-0.8804852588304829,0.13278668350712433,0.8419500000000216,0.15804999999997837,0.0,692,652,0.7599481089397739,1.240051891060226,33.0,33,7.0,36.0,0.03822803869843483,19.888320956982973,13.887023680477322,0.0,0.0,0.0,-0.3000648638252826,1.0,0.09563794732093811,0.04078631475567818,0.04735380411148071,0.05605454771026554,0.0572238785188324,0.01684906737258037,0.016475383502741657,0.0,0.0,0.010285331010818483,False,False
1.57,7.464040279388428,17.41294288635254,1.4659852981567383,1.3872648454180518,0.5442328517017866,0.8418500000000216,0.15814999999997836,0.0,695,657,0.7799524331947928,1.2200475668052073,65.0,65,1.0,26.0,0.038177382200956345,18.23096087723439,12.729771707104211,0.0,0.0,0.0,-0.27505945850650904,1.0,0.09537550806999207,0.04106155037879944,0.04735302925109863,0.05596656050028487,0.05717706046369752,0.01678428379818797,0.01641667758425077,0.0,0.0,0.014062037467956543,False,False
1.575,7.5111870765686035,17.492053985595703,1.444947600364685,-2.7802488372910537,0.27477050570425143,0.8417500000000216,0.15824999999997835,0.0,605,573,0.4649563970952266,1.5,60.0,60,4.0,22.0,0.03816482052206993,25.045047470798192,11.66895739817886,0.0,0.0,0.0,-0.6688045036309667,1.0,0.09494776278734207,0.04127193242311478,0.04735231399536133,0.05555723177944206,0.05679362406907497,0.01666934151823322,0.0163117617679139,0.0,0.0,0.021455392837524415,False,False
1.58,7.502702236175537,17.528106689453125,1.439237117767334,1.2152100164632835,1.0,0.8416500000000217,0.15834999999997834,0.0,540,510,0.5095433640039578,1.490456635996042,17.0,17,3.0,23.0,0.0381021685898304,22.957960181565007,10.696544281663954,0.0,0.0,0.0,-0.6130707949950527,1.0,0.09543756395578384,0.04116794094443321,0.04735147953033447,0.055363797141858906,0.05660899234237044,0.016646756945798796,0.016292418198039137,0.0,0.0,0.01550994396209717,False,False
1.585,7.566889762878418,17.634252548217773,1.4953343868255615,0.23069804210507464,0.09185897165285437,0.8415500000000217,0.15844999999997833,0.0,579,549,0.8837480836702947,1.1162519163297053,17.0,17,4.0,15.0,0.038027018308639526,21.044796833101255,18.138498924858624,0.0,0.0,0.0,-0.14531489541213158,1.0,0.09568420797586441,0.04106822982430458,0.04735082387924194,0.05459907622829288,0.05564325152469384,0.01658716161424915,0.016218405993034445,0.0,0.0,0.021643354892730716,False,False
1.59,7.7104363441467285,17.744569778442383,1.4912089109420776,1.929495803385827,0.5978632016058766,0.8414500000000217,0.15854999999997832,0.0,597,569,0.8934357433644368,1.1065642566355631,32.0,32,0.0,23.0,0.03793592005968094,19.29106376367615,16.62695734778707,0.0,0.0,0.0,-0.133205320794454,1.0,0.09574847668409348,0.04103275388479233,0.04734998941421509,0.05418809318751928,0.055185989705844686,0.016403553696970146,0.01604216949393352,0.0,0.0,0.02160160779953003,False,False
1.595,7.747267246246338,17.834819793701172,1.489759087562561,2.7612717250208916,0.14857152146472935,0.8413500000000217,0.1586499999999783,0.0,613,574,0.9023160980840671,1.097683901915933,54.0,54,5.0,26.0,0.03784754499793053,17.683475116703136,15.241377568804813,0.0,0.0,0.0,-0.12210487739491613,1.0,0.09563638269901276,0.04120985046029091,0.04734927415847778,0.05382317212837026,0.054822647381572887,0.016323041636496782,0.0159664754755795,0.0,0.0,0.017863004207611086,False,False
1.6,7.643590450286865,17.904760360717773,1.5561411380767822,-1.9770016427519894,0.12699330625756614,0.8412500000000217,0.1587499999999783,0.0,643,601,0.9104564232437282,1.0895435767562718,46.0,46,7.0,19.0,0.03778527304530144,16.209852190311206,13.971262771404412,0.0,0.0,0.0,-0.11192947094533974,1.0,0.09535378962755203,0.041297681629657745,0.04734855890274048,0.05300888662086701,0.05382421734424519,0.016432070794204872,0.016055201801160972,0.0,0.0,0.01923929214477539,False,False
1.605,7.554685592651367,17.91436767578125,1.6000392436981201,2.882181340221916,0.49332943939872215,0.8411500000000217,0.1588499999999783,0.0,627,596,0.9179183879734175,1.0820816120265824,29.0,29,1.0,27.0,0.03777020797133446,14.859031174451939,12.806990873787377,0.0,0.0,0.0,-0.10260201503322808,1.0,0.09598369151353836,0.04129737615585327,0.04734772443771362,0.05263746085110953,0.053343511442652834,0.016534537232170504,0.016143672013034426,0.0,0.0,0.020155150890350342,False,False
1.61,7.546380519866943,17.917545318603516,1.6268508434295654,0.73454148686658,0.435030300346481,0.8410500000000217,0.15894999999997828,0.0,550,525,0.924758522308966,1.075241477691034,20.0,20,1.0,30.0,0.0377521738409996,13.620778576580944,11.739741634305096,0.0,0.0,0.0,-0.09405184711379241,1.0,0.09636551141738892,0.04122506082057953,0.04734694957733154,0.0525831962071815,0.05323661270675461,0.01654850784689188,0.01615310941512386,0.0,0.0,0.016539239883422853,False,False
1.615,7.542300224304199,17.99211311340332,1.6488631963729858,2.7413911477358672,0.4824252557823832,0.8409500000000217,0.15904999999997826,0.0,564,524,0.9310286454498855,1.0689713545501145,19.0,19,1.0,38.0,0.038020286709070206,12.485713695199198,10.761429831446337,0.0,0.0,0.0,-0.08621419318764305,1.0,0.09656014293432236,0.041146595031023026,0.04734623432159424,0.05213616704327577,0.05272160810030277,0.0165334219733874,0.01613399557148417,0.0,0.0,0.01759971857070923,False,False
1.62,7.516524314880371,18.062454223632812,1.7034944295883179,3.0732239823461365,0.12463639167604729,0.8408500000000217,0.15914999999997825,0.0,631,600,0.270109591662395,1.5,30.0,30,6.0,24.0,0.03835548087954521,28.111904220599264,9.864644012159141,0.0,0.0,0.0,-0.9123630104220062,1.0,0.09657373279333115,0.04112693667411804,0.047345519065856934,0.05165741229429745,0.05208577560889438,0.01659478604172667,0.016181222163140774,0.0,0.0,0.023822453022003177,False,False
1.625,7.500151634216309,18.164718627929688,1.6857699155807495,1.6575707347360193,0.4565196400790771,0.8407500000000218,0.15924999999997824,0.0,616,579,0.33093379235719544,1.5,27.0,27,2.0,30.0,0.03831697255373001,25.769245535549324,9.042590344479212,0.0,0.0,0.0,-0.8363327595535056,1.0,0.09748953580856323,0.04109129309654236,0.047344744205474854,0.05106171547435128,0.0515283117621817,0.016525490985562406,0.01611833072577914,0.0,0.0,0.021853256225585937,False,False
1.6300000000000001,7.396833896636963,18.274860382080078,1.7019678354263306,1.1512789770814917,0.4429859608830063,0.8406500000000218,0.15934999999997823,0.0,575,541,0.38668930966076254,1.5,27.0,27,1.0,31.0,0.03825891762971878,23.62180840758688,8.289041149105945,0.0,0.0,0.0,-0.7666383629240467,1.0,0.09814724326133728,0.04107174277305603,0.04734396934509277,0.0502718289949301,0.05071428889408613,0.016545720864087343,0.0161374406889081,0.0,0.0,0.015096446275711061,False,False
1.635,7.319883346557617,18.40824317932129,1.7212098836898804,0.9181463513304549,0.27005453825762227,0.8405500000000218,0.15944999999997822,0.0,593,557,0.4377985338556991,1.5,69.0,69,0.0,21.0,0.03818027302622795,21.653324373621306,7.598287720013782,0.0,0.0,0.0,-0.7027518326803761,1.0,0.09860800951719284,0.041361719369888306,0.04734319448471069,0.049495141930644394,0.04987779242824669,0.01656045438721776,0.016148032930990062,0.0,0.0,0.012231411933898926,False,False
1.6400000000000001,7.361350059509277,18.556751251220703,1.6826598644256592,0.8921405394987328,0.9664714876793755,0.8404500000000218,0.1595499999999782,0.0,561,533,0.4846486560343908,1.5,27.0,27,6.0,16.0,0.038104236125946045,19.84888067581953,6.9650970766792994,0.0,0.0,0.0,-0.6441891799570115,1.0,0.09887821227312088,0.04134757071733475,0.04734247922897339,0.04875988247881863,0.04919972275802774,0.016375290385137003,0.015978836454451084,0.0,0.0,0.01681995034217835,False,False
1.645,7.417456150054932,18.611177444458008,1.6570839881896973,1.3570093554900444,0.8560131047093137,0.8403500000000218,0.1596499999999782,0.0,632,590,0.19999999999999996,1.5,17.0,17,5.0,21.0,0.03804433345794678,26.528140619501233,6.384672320289358,0.0,0.0,0.0,-1.0,1.0,0.09896408766508102,0.041253384202718735,0.04734170436859131,0.04846050038056667,0.048953064052619975,0.01625041166941325,0.015865496825426817,0.0,0.0,0.018984129428863527,False,False
1.6500000000000001,7.4392008781433105,18.58940887451172,1.6375361680984497,1.715167799840282,0.3856766603824782,0.8402500000000218,0.1597499999999782,0.0,622,594,0.26140616236223135,1.5,26.0,26,4.0,19.0,0.03801048919558525,24.317462234542795,5.852616293598578,0.0,0.0,0.0,-0.9232422970472107,1.0,0.09887170046567917,0.041209638118743896,0.04734092950820923,0.04855540392198509,0.04908732237224375,0.016239815546820562,0.01585661123196284,0.0,0.0,0.013645739555358888,False,False
1.655,7.4738616943359375,18.66016960144043,1.6124294996261597,-1.14027415684738,0.0775293554875996,0.8401500000000218,0.15984999999997818,0.0,559,527,0.6562889821653788,1.3437110178346212,40.0,40,2.0,26.0,0.037949059158563614,22.291007048330894,13.698231602465363,0.0,0.0,0.0,-0.4296387722932765,1.0,0.09860698878765106,0.041294846683740616,0.0473402738571167,0.048268721501031606,0.04883396734328228,0.016154770273715258,0.015778455417603254,0.0,0.0,0.019544652700424194,False,False
1.6600000000000001,7.4725518226623535,18.743534088134766,1.6057910919189453,2.2778869726903297,0.6121120461325157,0.8400500000000218,0.15994999999997817,0.0,643,611,0.6849315669849305,1.3150684330150695,60.0,60,0.0,25.0,0.03813589736819267,20.43342312763665,12.556712302259916,0.0,0.0,0.0,-0.39383554126883674,1.0,0.09925298392772675,0.04151289537549019,0.047339439392089844,0.04779912279445278,0.04836719887610434,0.016091236223777138,0.015719560130188864,0.0,0.0,0.03212103843688965,False,False
1.665,7.475643157958984,18.774444580078125,1.6106576919555664,0.2970059061366802,0.12728227320953228,0.8399500000000218,0.16004999999997815,0.0,553,517,0.7111872697361864,1.2888127302638135,20.0,20,2.0,24.0,0.03804897889494896,18.73063786700026,11.510319610404922,0.0,0.0,0.0,-0.36101591282976697,1.0,0.09964917600154877,0.04144228994846344,0.04733872413635254,0.047640606640138694,0.048195930291897636,0.016069105671097837,0.01569791231304407,0.0,0.0,0.015823161602020262,False,False
1.67,7.559362411499023,18.89793586730957,1.6707022190093994,2.331484396299475,0.38123814743161755,0.8398500000000219,0.16014999999997814,0.0,598,567,0.7352549972581709,1.264745002741829,22.0,22,3.0,22.0,0.03797236084938049,17.16975137808357,10.551126309537844,0.0,0.0,0.0,-0.33093125342728635,1.0,0.09985651075839996,0.04135572165250778,0.04733794927597046,0.0470831066418896,0.047472191364891565,0.015997042258580528,0.015614071550468605,0.0,0.0,0.02170478105545044,False,False
1.675,7.663166046142578,18.99702262878418,1.6576679944992065,1.7230580808335871,0.8412340018457182,0.8397500000000219,0.16024999999997813,0.0,646,610,0.4239837474866567,1.5,22.0,22,3.0,23.0,0.03792378306388855,24.072272096576604,9.671865783743023,0.0,0.0,0.0,-0.7200203156416791,1.0,0.09988117963075638,0.04128941893577576,0.047337234020233154,0.04681243866309435,0.04720950741344042,0.015856811466316383,0.01548244385048747,0.0,0.0,0.023077266216278078,False,False
1.68,7.608466625213623,19.04828453063965,1.692460060119629,2.1445363369666364,0.06556354221680974,0.8396500000000219,0.16034999999997812,0.0,607,571,0.19999999999999996,1.5,24.0,24,3.0,19.0,0.037846341729164124,30.39958275519522,8.865876968431104,0.0,0.0,0.0,-1.0,1.0,0.10080648958683014,0.041242390871047974,0.04733651876449585,0.04651409862795757,0.04684742473764258,0.01590888403976957,0.015526321561386188,0.0,0.0,0.018088126182556154,False,False
1.685,7.491898536682129,19.07062339782715,1.7521274089813232,2.457719391904811,0.9933275790241539,0.8395500000000219,0.1604499999999781,0.0,607,571,0.19999999999999996,1.5,35.0,35,2.0,18.0,0.037989772856235504,36.19961752559561,8.127053887728511,0.0,0.0,0.0,-1.0,1.0,0.10147217661142349,0.04124367982149124,0.047335684299468994,0.04613342140444157,0.04634904012076159,0.01603912717352311,0.01564039227863153,0.0,0.0,0.02058051109313965,False,False
1.69,7.449605941772461,19.056291580200195,1.805922269821167,-0.5180230092733569,0.9998795756381123,0.8394500000000219,0.1605499999999781,0.0,718,678,0.19999999999999996,1.5,40.0,40,9.0,24.0,0.0383012518286705,41.5163160651293,7.449799397084468,0.0,0.0,0.0,-1.0,1.0,0.10193943977355957,0.04134611785411835,0.047334909439086914,0.0460931655946179,0.046208402714535975,0.016124655958265066,0.01571468853702148,0.0,0.0,0.024506704807281496,False,False
1.695,7.424003601074219,19.077369689941406,1.8469523191452026,2.8524344776105104,0.8547112624256735,0.8393500000000219,0.1606499999999781,0.0,712,681,0.19999999999999996,1.5,44.0,44,1.0,20.0,0.03826230764389038,38.056623059701856,6.828982780660762,0.0,0.0,0.0,-1.0,1.0,0.10329198837280273,0.04144249111413956,0.04733419418334961,0.04595536658121186,0.046000535152851664,0.016163312053928774,0.015747429182132087,0.0,0.0,0.03230448722839356,False,False
1.7,7.380965709686279,19.113170623779297,1.8750805854797363,1.8869463996287077,0.49784626102391666,0.8392500000000219,0.16074999999997808,0.0,681,644,0.19999999999999996,1.5,40.0,40,5.0,19.0,0.03823031857609749,34.8852378047267,6.2599008822723645,0.0,0.0,0.0,-1.0,1.0,0.10436994582414627,0.041484490036964417,0.047333478927612305,0.045763195297291885,0.04575704114814203,0.016209780393789213,0.015788582774500053,0.0,0.0,0.03297112226486206,False,False
1.705,7.381316184997559,19.130346298217773,1.8716093301773071,2.1785655537106745,0.8588480921745797,0.8391500000000219,0.16084999999997807,0.0,598,567,0.19999999999999996,1.5,48.0,48,2.0,22.0,0.03813417628407478,31.978134654332806,5.7382424754163335,0.0,0.0,0.0,-1.0,1.0,0.10523489117622375,0.04162533953785896,0.047332704067230225,0.04571481620931601,0.04570095196521444,0.016214314382523298,0.015791708137840033,0.0,0.0,0.016447370052337647,False,False
1.71,7.356579303741455,19.224132537841797,1.8423380851745605,2.5708822901145623,0.6261313275791744,0.839050000000022,0.16094999999997806,0.0,515,484,0.19999999999999996,1.5,22.0,22,1.0,27.0,0.03819040209054947,37.6466234331384,5.2600556024649725,0.0,0.0,0.0,-1.0,1.0,0.10589362680912018,0.04157976806163788,0.04733198881149292,0.045273323553846306,0.04532167330197905,0.01614081052442392,0.015725556295365095,0.0,0.0,0.020642993450164796,False,False
1.715,7.29293966293335,19.30091667175293,1.8833900690078735,2.468730796093997,0.6300944369202562,0.838950000000022,0.16104999999997804,0.0,604,566,0.19999999999999996,1.5,51.0,51,1.0,31.0,0.0382053442299366,34.5094048137102,4.821717635592892,0.0,0.0,0.0,-1.0,1.0,0.1063527911901474,0.04169685021042824,0.047331273555755615,0.04484046878083524,0.04481813259950444,0.016177231445908546,0.015756752497206133,0.0,0.0,0.016340086460113527,False,False
1.72,7.237796306610107,19.45442771911621,1.907303810119629,2.168432123078291,0.43954226275159897,0.838850000000022,0.16114999999997803,0.0,660,618,0.19999999999999996,1.5,34.0,34,6.0,30.0,0.03813919052481651,31.633621079234345,4.4199078326268175,0.0,0.0,0.0,-1.0,1.0,0.10769613832235336,0.041698962450027466,0.047330498695373535,0.044092873348620824,0.04402289083111017,0.01614930651461085,0.015727683591345947,0.0,0.0,0.013027381896972657,False,False
1.725,7.23009729385376,19.629812240600586,1.8857942819595337,2.208769143955568,0.19066130343620638,0.838750000000022,0.16124999999997802,0.0,649,615,0.19999999999999996,1.5,24.0,24,3.0,30.0,0.03807421773672104,28.99748598929815,4.051582179907916,0.0,0.0,0.0,-1.0,1.0,0.10876382142305374,0.041631560772657394,0.04732978343963623,0.04326868411200039,0.04323224616353318,0.016005576277772587,0.015594315094252428,0.0,0.0,0.021265764236450196,False,False
1.73,7.238735198974609,19.631879806518555,1.8733211755752563,2.484688841046039,0.5631627125315107,0.838650000000022,0.161349999999978,0.0,612,573,0.41865019365569145,1.5,27.0,27,6.0,26.0,0.03803480789065361,26.5810288235233,12.047283664915588,0.0,0.0,0.0,-0.7266872579303857,1.0,0.1096174567937851,0.04157853499054909,0.047329068183898926,0.04320535036967986,0.043196440625857375,0.01598585629835725,0.015576547011733055,0.0,0.0,0.01360666632652283,False,False
1.735,7.291616439819336,19.601049423217773,1.837209939956665,1.0712042849803953,0.5311722955971472,0.838550000000022,0.161449999999978,0.0,652,619,0.46709601085105046,1.5,69.0,69,2.0,22.0,0.037957314401865005,24.36594308822969,11.043343359505954,0.0,0.0,0.0,-0.6661299864361869,1.0,0.11134117096662521,0.0418824627995491,0.047328412532806396,0.04337125379817167,0.0434196820563318,0.015935342914114397,0.01553072671716412,0.0,0.0,0.017521579265594483,False,False
1.74,7.342188358306885,19.69900131225586,1.8284121751785278,1.2152100164632835,1.0,0.838450000000022,0.161549999999978,0.0,525,494,0.5115046766134629,1.488495323386537,30.0,30,3.0,13.0,0.03787316754460335,22.335447830877218,10.12306474621379,0.0,0.0,0.0,-0.6106191542331714,1.0,0.11277547478675842,0.04187990725040436,0.047327637672424316,0.043009227521018246,0.04305742017575459,0.015837139605234068,0.015435861423611641,0.0,0.0,0.021155223846435547,False,False
1.745,7.314087867736816,19.76981544494629,1.8356608152389526,2.294292869728708,1.0000000000000002,0.838350000000022,0.16164999999997798,0.0,585,551,0.5522126202290076,1.4477873797709924,36.0,36,3.0,10.0,0.037945982068777084,20.47416051163745,9.279476017362642,0.0,0.0,0.0,-0.5597342247137405,1.0,0.11398234963417053,0.041885919868946075,0.04732692241668701,0.042669940332105194,0.04270718774253732,0.015814957829813164,0.01541441772133112,0.0,0.0,0.022228050231933593,False,False
1.75,7.328229904174805,19.804771423339844,1.8807690143585205,2.8785228630662023,0.8455162224898046,0.838250000000022,0.16174999999997797,0.0,562,523,0.5895282352099236,1.4104717647900764,19.0,19,1.0,21.0,0.03785048425197601,18.767980469000996,8.506186349249088,0.0,0.0,0.0,-0.5130897059875954,1.0,0.11496896296739578,0.041795264929533005,0.04732620716094971,0.042537961684632246,0.04249065688089387,0.015833793052782617,0.015425782185047865,0.0,0.0,0.0132296884059906,False,False
1.7550000000000001,7.405389785766602,19.93126106262207,1.9234066009521484,1.3265471154805015,0.22887390973359414,0.838150000000022,0.16184999999997796,0.0,657,620,0.9570675489424301,1.04293245105757,19.0,19,4.0,32.0,0.038012370467185974,17.203982096584244,16.130670820144996,0.0,0.0,0.0,-0.053665563821962435,1.0,0.11574234068393707,0.04171990603208542,0.04732543230056763,0.042144385868449825,0.0420016351446967,0.01574758595476548,0.015337560325860977,0.0,0.0,0.02486733675003052,False,False
1.76,7.442170143127441,20.0020694732666,1.8988282680511475,2.862796984237387,0.8792885461721086,0.838050000000022,0.16194999999997794,0.0,745,698,1.2939785865305609,0.7060214134694391,61.0,61,6.0,34.0,0.038220372051000595,15.77031692186889,23.119781585132912,0.0,0.0,0.0,0.36747323316320113,1.0,0.11630930751562119,0.04189848154783249,0.04732483625411987,0.041978139579605764,0.04188342351186942,0.015655790145198505,0.01525291707366705,0.0,0.0,0.024131884574890138,False,False
1.7650000000000001,7.335966110229492,20.01427459716797,1.9525362253189087,-2.5323058040300186,0.9714011687949001,0.8379500000000221,0.16204999999997793,0.0,611,580,0.9361470376530143,1.0638529623469857,41.0,41,4.0,10.0,0.03822941333055496,22.789457178379813,21.19313311970517,0.0,0.0,0.0,-0.07981620293373215,1.0,0.11775381118059158,0.04193093255162239,0.047324180603027344,0.04183242490383096,0.04165766665385957,0.015786365450670324,0.015372258300582569,0.0,0.0,0.024653124809265136,False,False
1.77,7.238701820373535,20.023569107055664,2.0086669921875,2.547150936905558,1.0000000000000002,0.8378500000000221,0.16214999999997792,0.0,531,504,0.9414681178485964,1.0585318821514036,8.0,8,4.0,10.0,0.038152266293764114,20.890335746848162,19.42703869306307,0.0,0.0,0.0,-0.07316485268925454,1.0,0.11891620606184006,0.04179374873638153,0.04732346534729004,0.04162008507014174,0.04135726045723927,0.015915220137685537,0.015490637936939796,0.0,0.0,0.023008365631103516,False,False
1.7750000000000001,7.238846778869629,20.043190002441406,2.043034076690674,2.548214726195086,0.5713539132061013,0.8377500000000221,0.1622499999999779,0.0,563,533,0.6130124413612132,1.3869875586387868,26.0,26,0.0,16.0,0.03811592608690262,27.48280776794415,17.80811880197448,0.0,0.0,0.0,-0.48373444829848344,1.0,0.11985829472541809,0.04174220561981201,0.04732280969619751,0.04154668549323996,0.04122864631555586,0.01593128855650624,0.015503978356719017,0.0,0.0,0.02644394397735596,False,False
1.78,7.178110122680664,20.100881576538086,2.0973548889160156,2.5959583140530187,0.5284065742783594,0.8376500000000221,0.1623499999999779,0.0,654,616,0.6452614045811121,1.3547385954188877,60.0,60,3.0,27.0,0.03802819550037384,25.192573787282136,16.32410890180994,0.0,0.0,0.0,-0.4434232442736098,1.0,0.12058709561824799,0.04196058213710785,0.047321975231170654,0.04131527582261013,0.04091769038738295,0.016005326372881733,0.015572138751546543,0.0,0.0,0.0292909574508667,False,False
1.7850000000000001,7.105386257171631,20.137100219726562,2.139732837677002,2.697246549447589,0.5860612918953525,0.8375500000000221,0.1624499999999779,0.0,679,636,1.008156287532686,0.9918437124673141,49.0,49,3.0,36.0,0.03801973909139633,23.093192638341957,23.297099826659107,0.0,0.0,0.0,0.010195359415857475,1.0,0.12110945582389832,0.0420919768512249,0.047321438789367676,0.04118075841525491,0.04072100196336319,0.016098814085125923,0.015660134765009086,0.0,0.0,0.04748995304107666,False,False
1.79,7.062933921813965,20.206403732299805,2.128580093383789,1.845330725590276,0.2780378159983864,0.8374500000000221,0.16254999999997788,0.0,589,549,1.0074765969049622,0.992523403095038,14.0,14,5.0,26.0,0.037946052849292755,21.168759918480127,21.35567484110418,0.0,0.0,0.0,0.009345746131202582,1.0,0.12250933051109314,0.04198533669114113,0.047320783138275146,0.040859290980189894,0.040423599417863894,0.016085936222225428,0.01564758907382687,0.0,0.0,0.020719993114471435,False,False
1.795,6.887184143066406,20.305715560913086,2.144127607345581,2.4095266080475,0.4975129558294088,0.8373500000000221,0.16264999999997787,0.0,592,557,1.006853547162882,0.9931464528371181,29.0,29,4.0,19.0,0.03785523772239685,19.404696591940116,19.576035271012163,0.0,0.0,0.0,0.008566933953602352,1.0,0.12362708896398544,0.04195616766810417,0.047320008277893066,0.040258044327996526,0.03983000251953414,0.016164546832442284,0.015723269898444414,0.0,0.0,0.01430019497871399,False,False
1.8,6.72437858581543,20.36795997619629,2.1534781455993652,2.83584822132107,0.8818300641931504,0.8372500000000221,0.16274999999997786,0.0,625,590,0.6729490848993083,1.3270509151006917,42.0,42,3.0,31.0,0.03780825808644295,26.120971875945106,17.944698998427814,0.0,0.0,0.0,-0.4088136438758646,1.0,0.12452453374862671,0.0420231819152832,0.04731941223144531,0.03985943571291789,0.039431927361059195,0.016261235966036718,0.01581786898896098,0.0,0.0,0.012465519905090334,False,False
1.805,6.679201126098633,20.49462127685547,2.1310226917266846,-0.885709631872887,0.3903036074021466,0.8371500000000222,0.16284999999997785,0.0,598,560,0.19999999999999996,1.5,43.0,43,3.0,30.0,0.037734389305114746,40.61089088628301,16.449307415225494,0.0,0.0,0.0,-1.0,1.0,0.12520870566368103,0.042106229811906815,0.04731863737106323,0.03929092565473715,0.03890076749375947,0.016178759591033064,0.015741164485613506,0.0,0.0,0.016759268045425414,False,False
1.81,6.697540760040283,20.620962142944336,2.110445022583008,2.796096493566678,0.6535266000825242,0.8370500000000222,0.16294999999997783,0.0,608,570,0.19999999999999996,1.5,25.0,25,4.0,32.0,0.037658628076314926,37.226649979092755,15.078531797290035,0.0,0.0,0.0,-1.0,1.0,0.1267637312412262,0.04206189885735512,0.047318100929260254,0.038746745829314505,0.03839741346302059,0.016053999618937574,0.015621928808589777,0.0,0.0,0.018790632486343384,False,False
1.815,6.719491958618164,20.60459327697754,2.0977420806884766,1.0143347576108448,0.05393183828350716,0.8369500000000222,0.16304999999997782,0.0,648,610,0.5212356666672335,1.4787643333327665,16.0,16,4.0,27.0,0.03785323351621628,34.124429147501694,22.15532081418253,0.0,0.0,0.0,-0.5984554166659581,1.0,0.12803016602993011,0.04194251075387001,0.04731738567352295,0.03877535880892464,0.03844778800313287,0.016044647588084143,0.015611629157016676,0.0,0.0,0.012135573625564576,False,False
1.82,6.744428634643555,20.63392448425293,2.0677661895751953,0.30914041263337205,0.6654626384773551,0.8368500000000222,0.1631499999999778,0.0,676,643,0.5611326944449642,1.4388673055550358,37.0,37,3.0,18.0,0.03815765678882599,31.280726718543217,20.30904407966732,0.0,0.0,0.0,-0.5485841319437949,1.0,0.129069983959198,0.041971176862716675,0.047316789627075195,0.03867638898594231,0.038384688228445644,0.015987675481786333,0.015556349729498228,0.0,0.0,0.012246847152709961,False,False
1.825,6.744178771972656,20.729389190673828,2.058656692504883,2.1451410236817736,0.6402920789278328,0.8367500000000222,0.1632499999999778,0.0,741,699,0.5977049699078838,1.4022950300921162,68.0,68,7.0,19.0,0.038306064903736115,28.673999491997947,18.616623739695044,0.0,0.0,0.0,-0.5028687876151452,1.0,0.12989039719104767,0.04225656017661095,0.04731607437133789,0.038315053956582405,0.038034677154616656,0.015924721956253052,0.015495133896668753,0.0,0.0,0.019673029184341433,False,False
1.83,6.744552135467529,20.745670318603516,2.051877021789551,2.460761553811202,0.9959875367788426,0.8366500000000222,0.1633499999999778,0.0,618,585,0.6312295557488936,1.3687704442511064,34.0,34,4.0,23.0,0.038266025483608246,26.28449953433145,17.06523842805379,0.0,0.0,0.0,-0.460963055313883,1.0,0.13157568871974945,0.04223690554499626,0.04731559753417969,0.038225810949224254,0.03796104835811931,0.01589291961863637,0.015466527547687292,0.0,0.0,0.017867609262466434,False,False
1.835,6.732568264007568,20.85504150390625,2.11647891998291,-0.5025035518749916,1.0000000000000002,0.8365500000000222,0.16344999999997778,0.0,579,544,0.6619604261031524,1.3380395738968476,26.0,26,4.0,26.0,0.03818700462579727,24.09412457313716,15.643135225715973,0.0,0.0,0.0,-0.4225494673710594,1.0,0.1329665631055832,0.042187001556158066,0.047315001487731934,0.03790756039259262,0.03754444255097697,0.015923836423705023,0.015489846312751373,0.0,0.0,0.022440500259399414,False,False
1.84,6.8030595779418945,20.985355377197266,2.100252151489258,2.6462272852799105,0.621475440956741,0.8364500000000222,0.16354999999997777,0.0,611,587,0.6901303905945564,1.3098696094054436,33.0,33,0.0,26.0,0.03810212388634682,22.086280858709063,14.339540623572974,0.0,0.0,0.0,-0.38733701175680446,1.0,0.13412515819072723,0.04221019148826599,0.047314345836639404,0.037542835394075054,0.03719306995378116,0.015778170588115852,0.015350528992712498,0.0,0.0,0.021302919387817386,False,False
1.845,6.775592803955078,21.043895721435547,2.105637311935425,2.3761411642440757,0.9965835521035062,0.8363500000000222,0.16364999999997776,0.0,613,583,0.3826195247116768,1.5,25.0,25,3.0,21.0,0.038035228848457336,28.579090787149973,13.144578904941893,0.0,0.0,0.0,-0.771725594110404,1.0,0.13505883514881134,0.04216625913977623,0.047313690185546875,0.037394437480018694,0.03704788025561649,0.015768882197638355,0.015341518446803093,0.0,0.0,0.020008397102355958,False,False
1.85,6.653723239898682,21.042949676513672,2.167081117630005,1.9528145678109028,0.34206426672462154,0.8362500000000223,0.16374999999997775,0.0,648,606,0.4340678976523704,1.5,31.0,31,2.0,26.0,0.037992119789123535,26.197499888220808,12.049197329530069,0.0,0.0,0.0,-0.707415127934537,1.0,0.13577477633953094,0.042171306908130646,0.047313153743743896,0.03728428916501121,0.036865055886251774,0.01592798080916206,0.015491387651612362,0.0,0.0,0.02151810884475708,False,False
1.855,6.589179039001465,21.005794525146484,2.2287039756774902,2.5939187668076746,0.9772890009086799,0.8361500000000223,0.16384999999997774,0.0,633,592,0.4812289061813395,1.5,25.0,25,6.0,25.0,0.037932585924863815,32.347708230869074,19.37843088540256,0.0,0.0,0.0,-0.6484638672733256,1.0,0.13627997040748596,0.04212025925517082,0.04731255769729614,0.03735489461881348,0.03686121700059863,0.016067727313687406,0.015624826774001122,0.0,0.0,0.025812449455261233,False,False
1.86,6.564311981201172,21.001575469970703,2.2694478034973145,2.853027698056538,0.5509200263237448,0.8360500000000223,0.16394999999997772,0.0,725,690,0.5244598306662278,1.4755401693337722,59.0,59,3.0,23.0,0.038014430552721024,37.98539921162998,26.09689497828568,0.0,0.0,0.0,-0.5944252116672152,1.0,0.1376585215330124,0.04229595512151718,0.047312021255493164,0.03736732684238743,0.03683137548179296,0.016122077746937673,0.015678043322016798,0.0,0.0,0.03381123542785645,False,False
1.865,6.495551109313965,21.031009674072266,2.3219878673553467,2.893886290491988,0.46848324550988646,0.8359500000000223,0.1640499999999777,0.0,602,570,0.5640881781107088,1.4359118218892912,40.0,40,2.0,22.0,0.03822051361203194,34.81994927732748,23.922153730095204,0.0,0.0,0.0,-0.5448897773616139,1.0,0.13875092566013336,0.04238981381058693,0.047311484813690186,0.03731834228592853,0.036716460377442875,0.01622776733711362,0.01578032427156965,0.0,0.0,0.021578211784362793,False,False
1.87,6.384782791137695,21.04645538330078,2.4032745361328125,2.962500792083935,0.681719767515097,0.8358500000000223,0.1641499999999777,0.0,564,533,0.6004141632681498,1.39958583673185,23.0,23,3.0,25.0,0.0381510928273201,31.91828683755019,21.928640919253937,0.0,0.0,0.0,-0.49948229591481275,1.0,0.1396191418170929,0.04231347516179085,0.04731094837188721,0.03738260351230009,0.03668070266845877,0.01641717894623677,0.01596671451504032,0.0,0.0,0.026193048954010013,False,False
1.875,6.276078224182129,21.083934783935547,2.3789491653442383,2.829937701447836,0.7476537625250471,0.8357500000000223,0.1642499999999777,0.0,585,557,0.6337129829958039,1.366287017004196,22.0,22,5.0,21.0,0.03808765113353729,29.258429601087673,20.101254175982774,0.0,0.0,0.0,-0.457858771255245,1.0,0.14027032256126404,0.04223731905221939,0.047310471534729004,0.03707644231757078,0.03641996875195694,0.0164621874379615,0.01600689875582854,0.0,0.0,0.022943711280822753,False,False
1.8800000000000001,6.1190690994262695,21.129528045654297,2.40490460395813,2.7738098712558807,0.5956089089922654,0.8356500000000223,0.16434999999997768,0.0,549,511,0.6642369010794871,1.335763098920513,22.0,22,1.0,37.0,0.038017820566892624,26.820227134330366,18.42614966131754,0.0,0.0,0.0,-0.4197038736506412,1.0,0.1407114863395691,0.042180903255939484,0.047309815883636475,0.03676889971480635,0.03610433515238817,0.016564851005872093,0.016108648075411718,0.0,0.0,0.01487620234489441,False,False
1.885,5.992886066436768,21.195356369018555,2.418266534805298,2.587307460423525,0.9845520759023565,0.8355500000000223,0.16444999999997767,0.0,566,534,0.692217159322863,1.307782840677137,26.0,26,2.0,31.0,0.037920475006103516,24.585208206469503,16.890637189541078,0.0,0.0,0.0,-0.3847285508464212,1.0,0.14094941318035126,0.042136140167713165,0.047309279441833496,0.03646040550130349,0.03579140474810196,0.016635372303426266,0.016178414225578308,0.0,0.0,0.008980748057365418,False,False
1.8900000000000001,5.93281364440918,21.309873580932617,2.3921897411346436,2.6992609231974756,0.5769994542305811,0.8354500000000223,0.16454999999997766,0.0,609,574,1.0511990627126244,0.9488009372873756,50.0,50,2.0,29.0,0.0378439798951149,22.536440855930376,23.816417423745985,0.0,0.0,0.0,0.06399882839078046,1.0,0.14099077880382538,0.04223678261041641,0.04730880260467529,0.035943663174052974,0.03531961624696783,0.016565356248368822,0.016110502959539495,0.0,0.0,0.019784115552902222,False,False
1.895,5.941311359405518,21.352413177490234,2.3829758167266846,2.6855173464832403,0.6580814085582368,0.8353500000000224,0.16464999999997765,0.0,699,659,1.0469324741532389,0.953067525846761,45.0,45,7.0,32.0,0.03782086446881294,20.65840411793618,21.831715971767153,0.0,0.0,0.0,0.058665592691548696,1.0,0.1419193297624588,0.04237183555960655,0.047308266162872314,0.03572540872326673,0.03512566045462086,0.016531297005712986,0.016074826320012413,0.0,0.0,0.01681217432022095,False,False
1.9000000000000001,5.980533599853516,21.34859275817871,2.3407676219940186,2.5701443561819097,0.9998678358581615,0.8352500000000224,0.16474999999997764,0.0,661,621,1.0430214346404691,0.956978565359531,28.0,28,1.0,17.0,0.037749674171209335,18.936870441441496,20.012406307453222,0.0,0.0,0.0,0.05377679330058634,1.0,0.1425752341747284,0.04235349968075752,0.047307729721069336,0.035696851255837145,0.03514334859753271,0.0164687423966825,0.01601076607281963,0.0,0.0,0.017101243734359742,False,False
1.905,5.958817005157471,21.4263916015625,2.3128209114074707,3.089431776900342,0.6409747254173909,0.8351500000000224,0.16484999999997763,0.0,643,617,0.7061029817537632,1.2938970182462368,31.0,31,3.0,29.0,0.037675511091947556,25.692131237988036,18.34470578183212,0.0,0.0,0.0,-0.3673712728077959,1.0,0.1430201232433319,0.04234272614121437,0.04730725288391113,0.03541028048261,0.034889643663772646,0.01641562751804789,0.015956769542147718,0.0,0.0,0.020557587146759034,False,False
1.9100000000000001,5.934624195098877,21.47004508972168,2.2963318824768066,2.697859855664978,0.3192418114812597,0.8350500000000224,0.16494999999997761,0.0,597,562,0.7305943999409497,1.2694056000590503,30.0,30,1.0,26.0,0.038033273071050644,23.551120301489032,16.815980300012775,0.0,0.0,0.0,-0.3367570000738128,1.0,0.14326085150241852,0.042320266366004944,0.047306716442108154,0.035217944385017526,0.034720760741580856,0.016389330849051476,0.015930656033257645,0.0,0.0,0.028015024662017822,False,False
1.915,5.9063029289245605,21.51089859008789,2.3139305114746094,3.097332995532161,0.8781099474676635,0.8349500000000224,0.1650499999999776,0.0,565,528,0.41971153327920396,1.5,30.0,30,6.0,26.0,0.038101471960544586,29.921860276364946,15.414648608345043,0.0,0.0,0.0,-0.7253605834009951,1.0,0.14330407977104187,0.04230750724673271,0.04730623960494995,0.03507900643736678,0.03456649686396055,0.01640606438741088,0.015946653050680958,0.0,0.0,0.019773695468902588,False,False
1.92,5.889196395874023,21.645999908447266,2.375351905822754,2.933533858237477,0.8119063534299013,0.8348500000000224,0.1651499999999776,0.0,610,575,0.19999999999999996,1.5,35.0,35,2.0,31.0,0.03803030401468277,35.76170525333453,14.130094557649622,0.0,0.0,0.0,-1.0,1.0,0.14315633475780487,0.04230506345629692,0.04730576276779175,0.03477101157163204,0.034190999422687385,0.016398461690793436,0.015940805121014517,0.0,0.0,0.018738913536071777,False,False
1.925,5.907439708709717,21.762863159179688,2.346381187438965,2.614099398473707,0.4922947766292992,0.8347500000000224,0.16524999999997758,0.0,573,539,0.20684094115821994,1.5,20.0,20,3.0,34.0,0.03796066716313362,32.78156314888999,12.952586677845487,0.0,0.0,0.0,-0.991448823552225,1.0,0.14390122890472412,0.042216602712869644,0.04730522632598877,0.0344692480307221,0.03392344547583035,0.016282422778507076,0.015827166692664228,0.0,0.0,0.02014213800430298,False,False
1.93,5.83746862411499,21.775596618652344,2.3828587532043457,-2.52576021433533,0.6257523794429423,0.8346500000000224,0.16534999999997757,0.0,594,562,0.19999999999999996,1.5,31.0,31,1.0,23.0,0.03787464275956154,38.38309955314915,11.873204454691695,0.0,0.0,0.0,-1.0,1.0,0.14437881112098694,0.04221423342823982,0.047304749488830566,0.03443707769464946,0.03385910205892222,0.01636593913038572,0.015908767624447744,0.0,0.0,0.02450049161911011,False,False
1.935,5.757607936859131,21.72429084777832,2.4504756927490234,2.1715174954724397,0.21581908818534906,0.8345500000000224,0.16544999999997756,0.0,609,571,0.19999999999999996,1.5,53.0,53,2.0,24.0,0.03780337795615196,43.51784125705339,10.883770750134053,0.0,0.0,0.0,-1.0,1.0,0.14465056359767914,0.04235486686229706,0.04730433225631714,0.03454748843656786,0.03390149523760127,0.01655182335525751,0.016091986714551847,0.0,0.0,0.02127348899841309,False,False
1.94,5.73005485534668,21.678607940673828,2.4972946643829346,-2.7608872680308805,0.5248791043504971,0.8344500000000225,0.16554999999997755,0.0,699,661,0.19999999999999996,1.5,37.0,37,5.0,26.0,0.037745408713817596,39.89135448563227,9.976789854289548,0.0,0.0,0.0,-1.0,1.0,0.14472323656082153,0.04240851476788521,0.047303855419158936,0.034674450221936486,0.03398683581765055,0.016650958762814604,0.016192269201080006,0.0,0.0,0.02702793598175049,False,False
1.945,5.679045677185059,21.663883209228516,2.5482704639434814,-2.6415129269423683,0.8509217152830768,0.8343500000000225,0.16564999999997754,0.0,657,622,0.19999999999999996,1.5,23.0,23,8.0,25.0,0.03767602518200874,36.567074945162915,9.145390699765418,0.0,0.0,0.0,-1.0,1.0,0.14460335671901703,0.042363137006759644,0.04730337858200073,0.03474314177362181,0.03401176963591262,0.016756929301967226,0.016300339872638386,0.0,0.0,0.03301309823989869,False,False
1.95,5.547670841217041,21.6522216796875,2.6432347297668457,2.6337328535365043,0.33798101611195763,0.8342500000000225,0.16574999999997753,0.0,621,584,0.19999999999999996,1.5,30.0,30,1.0,29.0,0.037650544196367264,33.51981869973267,8.3832748081183,0.0,0.0,0.0,-1.0,1.0,0.1453746110200882,0.04232131317257881,0.04730290174484253,0.03490905250050061,0.034080581601009984,0.016999968017141025,0.01654877948264281,0.0,0.0,0.0461040735244751,False,False
1.955,5.465989589691162,21.68797492980957,2.6677892208099365,2.7112530558747245,0.7044643481734641,0.8341500000000225,0.16584999999997752,0.0,616,580,0.19999999999999996,1.5,59.0,59,1.0,23.0,0.03764868527650833,30.726500474754943,7.684668574108441,0.0,0.0,0.0,-1.0,1.0,0.14587707817554474,0.04253100976347923,0.0473024845123291,0.034812089711194184,0.03396488112009376,0.017080483958125114,0.01663038895154993,0.0,0.0,0.02371694326400757,False,False
1.96,5.289223670959473,21.730365753173828,2.6716392040252686,1.8154227557017824,0.39584599202377124,0.8340500000000225,0.1659499999999775,0.0,585,553,0.19999999999999996,1.5,52.0,52,5.0,28.0,0.03772248327732086,28.165958768525364,7.044279526266071,0.0,0.0,0.0,-1.0,1.0,0.14617229998111725,0.042676474899053574,0.0473020076751709,0.03447373129186775,0.03364658224155752,0.017217063965896767,0.016760395374149084,0.0,0.0,0.01349286437034607,False,False
1.965,5.096744537353516,21.71480941772461,2.6915876865386963,2.6520448092016804,0.7269014369524303,0.8339500000000225,0.1660499999999775,0.0,543,500,0.19999999999999996,1.5,24.0,24,2.0,29.0,0.03776469826698303,34.15212887114825,6.457256232410565,0.0,0.0,0.0,-1.0,1.0,0.14626704156398773,0.04262896999716759,0.047301530838012695,0.03433018011320316,0.033502140278694505,0.017410458531230688,0.016951943592478834,0.0,0.0,0.009575513005256654,False,False
1.97,4.964020729064941,21.761320114135742,2.6862878799438477,2.827468450201147,0.31622559494496233,0.8338500000000225,0.16614999999997748,0.0,597,565,0.19999999999999996,1.5,19.0,19,3.0,33.0,0.03769174963235855,31.306118131885896,5.919151546376351,0.0,0.0,0.0,-1.0,1.0,0.14616788923740387,0.042549487203359604,0.04730111360549927,0.03400217917095805,0.033197224790307366,0.01747089360530178,0.017012459381173056,0.0,0.0,0.011675825119018556,False,False
1.975,4.904047012329102,21.884445190429688,2.686668634414673,2.4525346691090095,0.788214719292541,0.8337500000000225,0.16624999999997747,0.0,651,616,0.19999999999999996,1.5,16.0,16,3.0,34.0,0.03761621192097664,28.697274954228735,5.425888917511655,0.0,0.0,0.0,-1.0,1.0,0.1458812803030014,0.04244162142276764,0.047300636768341064,0.033557454894373784,0.03277185569680232,0.017440632606546085,0.016979984162996214,0.0,0.0,0.02619865655899048,False,False
1.98,4.919730186462402,21.900550842285156,2.6900761127471924,2.6734155453216104,0.9756368905256662,0.8336500000000225,0.16634999999997746,0.0,655,619,0.19999999999999996,1.5,46.0,46,5.0,31.0,0.03755916655063629,26.305835374709673,4.973731507719017,0.0,0.0,0.0,-1.0,1.0,0.14541348814964294,0.042501743882894516,0.04730027914047241,0.033526496984995255,0.03273997054784496,0.01743392630790671,0.016971465665847063,0.0,0.0,0.017197949886322023,False,False
1.985,4.922234535217285,21.90380096435547,2.645336627960205,2.470594453799602,0.3348896115049347,0.8335500000000226,0.16644999999997745,0.0,645,612,0.551156191543676,1.448843808456324,41.0,41,3.0,14.0,0.037954166531562805,24.1136824268172,12.892587215409097,0.0,0.0,0.0,-0.561054760570405,1.0,0.14584790170192719,0.04255823791027069,0.04729980230331421,0.03343616800491323,0.03268865552280656,0.01738753169775009,0.01691760029643774,0.0,0.0,0.017252358198165896,False,False
1.99,4.882804870605469,21.974817276000977,2.6292197704315186,2.474555718884872,1.0,0.8334500000000226,0.16654999999997744,0.0,579,550,0.2552265089150364,1.5,52.0,52,2.0,17.0,0.03791670501232147,30.43754222458243,11.818204947458339,0.0,0.0,0.0,-0.9309668638562044,1.0,0.14602431654930115,0.042707882821559906,0.047299325466156006,0.03320447013410676,0.03247398352002042,0.017360933125019073,0.016886805339405935,0.0,0.0,0.021527554988861088,False,False
1.995,4.889945983886719,21.999860763549805,2.6353068351745605,2.990198424906739,0.6407192073151032,0.8333500000000226,0.16664999999997743,0.0,643,600,0.19999999999999996,1.5,30.0,30,5.0,27.0,0.03794717416167259,36.234413705867226,10.833354535170145,0.0,0.0,0.0,-1.0,1.0,0.14600403606891632,0.042687978595495224,0.04729878902435303,0.03315195387648354,0.032417540552792445,0.01734597763667504,0.016872660877803963,0.0,0.0,0.021741223335266114,False,False
2.0,4.855040073394775,22.04936408996582,2.705378770828247,3.058662030498691,0.8301150975683712,0.8332500000000226,0.16674999999997742,0.0,689,644,0.19999999999999996,1.5,27.0,27,3.0,27.0,0.037887975573539734,33.21487923037829,9.930574990572632,0.0,0.0,0.0,-1.0,1.0,0.14579352736473083,0.042641814798116684,0.047298431396484375,0.033126430145929864,0.032334922038716574,0.017433440467963617,0.016968583998580776,0.0,0.0,0.019493645429611205,False,False
2.005,4.831002712249756,22.172992706298828,2.7366271018981934,2.9103442651103686,0.7125480968228445,0.8331500000000226,0.1668499999999774,0.0,576,549,0.19999999999999996,1.5,74.0,74,1.0,25.0,0.03783554583787918,30.446972627846762,9.103027074691578,0.0,0.0,0.0,-1.0,1.0,0.14539915323257446,0.042948488146066666,0.04729807376861572,0.03288044434040721,0.03206942150175199,0.017400227176646393,0.016942800333102546,0.0,0.0,0.022431187629699707,False,False
2.0100000000000002,4.812539100646973,22.21593475341797,2.7018561363220215,3.0028767287585696,0.40447080910716593,0.8330500000000226,0.1669499999999774,0.0,572,534,0.5507219963843099,1.44927800361569,39.0,39,2.0,30.0,0.03776063770055771,27.90972490885953,16.677774818467277,0.0,0.0,0.0,-0.5615975045196127,1.0,0.14482708275318146,0.04299742728471756,0.04729747772216797,0.032718927799024924,0.03194376763910925,0.017326971671233576,0.01686322114740809,0.0,0.0,0.024223268032073975,False,False
2.015,4.751394748687744,22.163042068481445,2.7652063369750977,1.823606619240891,0.3078012591364895,0.8329500000000226,0.16704999999997738,0.0,634,602,0.9214951633522841,1.078504836647716,12.0,12,8.0,25.0,0.03808934614062309,25.5839144997879,23.621293583595005,0.0,0.0,0.0,-0.09813104580964485,1.0,0.14516063034534454,0.042882196605205536,0.047297120094299316,0.032883032092125446,0.03205725448974346,0.017495729650060337,0.01704015303403139,0.0,0.0,0.021093685626983643,False,False
2.02,4.686477184295654,22.10106658935547,2.8391242027282715,-2.822133595462934,0.8699425167559696,0.8328500000000226,0.16714999999997737,0.0,728,687,0.9280372330729272,1.0719627669270728,37.0,37,3.0,31.0,0.038047268986701965,23.451921624805575,21.652852451628753,0.0,0.0,0.0,-0.08995345865884108,1.0,0.14523951709270477,0.04287686571478844,0.047296762466430664,0.033080544540813175,0.03220004684214108,0.017702725405494373,0.0172588974237442,0.0,0.0,0.02441793203353882,False,False
2.025,4.651884078979492,22.086254119873047,2.8761582374572754,3.034900322631668,0.6064059478418271,0.8327500000000226,0.16724999999997736,0.0,684,648,0.9340341303168499,1.06596586968315,48.0,48,2.0,22.0,0.03801802918314934,21.497594822738442,19.84844808065969,0.0,0.0,0.0,-0.08245733710393761,1.0,0.14512492716312408,0.04298010468482971,0.04729628562927246,0.03313875595037761,0.03223544109705773,0.0177889255185922,0.017352239228785038,0.0,0.0,0.028637895584106447,False,False
2.0300000000000002,4.576650619506836,22.069746017456055,2.913088321685791,-2.488243289491416,0.4281214412065265,0.8326500000000226,0.16734999999997735,0.0,678,635,0.6061979527904457,1.3938020472095543,31.0,31,4.0,30.0,0.03794558346271515,28.03946192084357,18.194410740604717,0.0,0.0,0.0,-0.49225255901194276,1.0,0.14482329785823822,0.04297452047467232,0.04729586839675903,0.03317150279413845,0.03224830926939162,0.017916023110349975,0.01748548587784171,0.0,0.0,0.03699755430221558,False,False
2.035,4.528011322021484,22.052743911743164,2.9374642372131348,3.0936008161905546,0.8427506723218826,0.8325500000000227,0.16744999999997734,0.0,627,602,0.6390147900579087,1.3609852099420912,31.0,31,3.0,29.0,0.03810151666402817,25.702840094106605,16.678209845554324,0.0,0.0,0.0,-0.45123151242761406,1.0,0.14541815221309662,0.042951811105012894,0.04729551076889038,0.033231184196269734,0.03229148973524507,0.017997955437749624,0.01757287265112003,0.0,0.0,0.044935626983642576,False,False
2.04,4.418022632598877,22.059293746948242,2.9399399757385254,-2.960941438130818,0.8603513205278025,0.8324500000000227,0.16754999999997733,0.0,641,600,0.6690968908864163,1.3309031091135837,56.0,56,4.0,36.0,0.038149747997522354,23.560936752931052,15.288359025091463,0.0,0.0,0.0,-0.4136288863919795,1.0,0.14574944972991943,0.04311559721827507,0.04729503393173218,0.03315637609921332,0.03221682403096867,0.018099794009079538,0.017672027461230755,0.0,0.0,0.021761484146118164,False,False
2.045,4.254409313201904,22.023351669311523,2.934156894683838,-2.6336130178611596,0.09657321560653992,0.8323500000000227,0.16764999999997732,0.0,596,558,0.36333881664588175,1.5,32.0,32,4.0,33.0,0.03806561976671219,29.930858690186795,14.014329106333841,0.0,0.0,0.0,-0.7958264791926477,1.0,0.1458785980939865,0.04310530796647072,0.047294557094573975,0.03300452209007862,0.0320858666389243,0.018270066939294338,0.017835968174040318,0.0,0.0,0.013045430183410645,False,False
2.05,4.144863128662109,22.000469207763672,2.958756923675537,-2.9726086401676493,0.6616909741959375,0.8322500000000227,0.1677499999999773,0.0,610,574,0.7497272485920583,1.2502727514079417,17.0,17,5.0,21.0,0.037989236414432526,27.436620466004563,21.17980168080602,0.0,0.0,0.0,-0.3128409392599272,1.0,0.1458122581243515,0.042989540845155716,0.04729419946670532,0.03295820120815124,0.03203499580655806,0.01842080770681302,0.017991665129860245,0.0,0.0,0.01601657271385193,False,False
2.055,4.042413234710693,22.065509796142578,2.9702541828155518,-2.912581295045791,0.815442551151697,0.8321500000000227,0.1678499999999773,0.0,600,577,0.7705833112093867,1.2294166887906133,18.0,18,6.0,23.0,0.03791356086730957,25.15023542717085,19.414818207405517,0.0,0.0,0.0,-0.28677086098826654,1.0,0.14555686712265015,0.04289640113711357,0.047293663024902344,0.03267932792776201,0.03176500126370167,0.018471680426349245,0.01804527205725511,0.0,0.0,0.01857370138168335,False,False
2.06,3.949216842651367,22.146648406982422,2.957601547241211,-2.6759810941984017,0.511962145282199,0.8320500000000227,0.16794999999997728,0.0,666,624,0.7897013686086045,1.2102986313913955,84.0,84,0.0,35.0,0.037832800298929214,23.05438247490661,17.796916690121723,0.0,0.0,0.0,-0.26287328923924436,1.0,0.14619603753089905,0.043250713497400284,0.04729330539703369,0.032321845798131695,0.03143367302223669,0.018503929022699594,0.018067460041493177,0.0,0.0,0.021022183895111086,False,False
2.065,3.941102981567383,22.135194778442383,2.937950611114502,-2.588053941530328,0.9852240473190418,0.8319500000000227,0.16804999999997727,0.0,631,603,0.8072262545578874,1.1927737454421126,45.0,45,1.0,28.0,0.037762612104415894,21.133183935331058,16.313840299278244,0.0,0.0,0.0,-0.2409671818026407,1.0,0.14656978845596313,0.043325554579496384,0.047292888164520264,0.032299133167523884,0.031424221822913746,0.018528973838935297,0.018082008852312963,0.0,0.0,0.012203159332275391,False,False
2.07,3.924997329711914,22.16219139099121,2.887784004211426,2.960361749528098,0.995237268026164,0.8318500000000227,0.16814999999997726,0.0,465,432,0.8232907333447301,1.1767092666552699,18.0,18,3.0,16.0,0.03781365975737572,19.372085274053468,14.954353607671722,0.0,0.0,0.0,-0.2208865833190873,1.0,0.14673957228660583,0.043232109397649765,0.047292470932006836,0.03212733614165274,0.03128643889492317,0.018480699509382248,0.018017569091171026,0.0,0.0,0.014315196275711059,False,False
2.075,3.8675618171691895,22.22524642944336,2.881730556488037,2.8108151524320717,0.5275465580070569,0.8317500000000227,0.16824999999997725,0.0,495,468,0.8380165055660026,1.1619834944339973,17.0,17,1.0,21.0,0.037731070071458817,17.757744834549012,13.708157473699078,0.0,0.0,0.0,-0.2024793680424967,1.0,0.146712064743042,0.0431303046643734,0.04729199409484863,0.03191593234737652,0.031084948442487683,0.018493325915187597,0.018024610665937267,0.0,0.0,0.021706476211547854,False,False
2.08,3.8468306064605713,22.24132537841797,2.880758285522461,2.475465288756922,0.7151546201635344,0.8316500000000228,0.16834999999997724,0.0,547,516,0.8515151301021691,1.148484869897831,26.0,26,2.0,18.0,0.03767126053571701,16.27793276500326,12.565811017557488,0.0,0.0,0.0,-0.18560608737228862,1.0,0.1464938074350357,0.04307558014988899,0.04729151725769043,0.03182752854423536,0.03100418936073099,0.018492482292155426,0.018023725133389235,0.0,0.0,0.014740082025527953,False,False
2.085,3.7643861770629883,22.304031372070312,2.9586405754089355,-2.150882233909244,0.6810727947718856,0.8315500000000228,0.16844999999997723,0.0,630,588,1.197222202593655,0.802777797406345,35.0,35,3.0,22.0,0.037728000432252884,14.921438367919654,19.851993432761027,0.0,0.0,0.0,0.24652775324206866,1.0,0.14609116315841675,0.04309063032269478,0.04729104042053223,0.031798976991324994,0.03092581709544114,0.018631767015904188,0.01818062737584114,0.0,0.0,0.023127338886260985,False,False
2.09,3.692735433578491,22.448902130126953,2.950831413269043,2.752299671106283,0.5884982221294188,0.8314500000000228,0.16854999999997722,0.0,636,598,0.8474536857108503,1.1525463142891497,23.0,23,2.0,24.0,0.03767530247569084,22.011318503926347,18.197660646697607,0.0,0.0,0.0,-0.19068289286143703,1.0,0.14658759534358978,0.043008361011743546,0.047290682792663574,0.031418881267851854,0.03056468476409344,0.018579982376346987,0.018125208249936502,0.0,0.0,0.0164197838306427,False,False
2.095,3.603283643722534,22.477144241333008,2.9551916122436523,3.0837082665835753,0.758640330626392,0.8313500000000228,0.1686499999999772,0.0,615,587,0.8601658785682795,1.1398341214317205,21.0,21,6.0,32.0,0.037651464343070984,20.177041961932485,16.681188926139473,0.0,0.0,0.0,-0.1747926517896506,1.0,0.1468230038881302,0.0429287813603878,0.047290146350860596,0.031295812045378624,0.030449678363471937,0.018636456225067377,0.01817783651252588,0.0,0.0,0.019097315073013307,False,False
2.1,3.5236806869506836,22.398956298828125,3.017766237258911,-2.3545703427644513,0.6177968457562177,0.8312500000000228,0.1687499999999772,0.0,649,615,1.205152055354256,0.7948479446457439,60.0,60,3.0,20.0,0.03802535682916641,18.495621798438112,23.624423182294514,0.0,0.0,0.0,0.2564400691928201,1.0,0.14685875177383423,0.0431162491440773,0.04728978872299194,0.03149002511473312,0.03060395764256768,0.018880599333594244,0.018438009234766167,0.0,0.0,0.017523070573806764,False,False
2.105,3.4951231479644775,22.346147537231445,3.053779125213623,2.6232810776647715,0.6469471941701759,0.8311500000000228,0.16884999999997719,0.0,593,557,1.1880560507414015,0.8119439492585985,27.0,27,4.0,22.0,0.03796219080686569,16.9543199819016,21.65572125043664,0.0,0.0,0.0,0.23507006342675182,1.0,0.1467014104127884,0.04310401901602745,0.047289252281188965,0.031629630917449796,0.03072065306090069,0.019017593003809452,0.018586081763108574,0.0,0.0,0.02001800537109375,False,False
2.11,3.4606940746307373,22.335346221923828,3.090317726135254,2.930184793224046,0.6020556191536128,0.8310500000000228,0.16894999999997717,0.0,621,574,1.5,0.49428195348704873,28.0,28,2.0,21.0,0.03788658604025841,15.541459983409801,28.184411146233582,0.0,0.0,0.0,0.6321475581411891,1.0,0.14635740220546722,0.04305046424269676,0.04728877544403076,0.03168103828948551,0.030754931924553613,0.019096769392490387,0.018677529102812212,0.0,0.0,0.02459228515625,False,False
2.115,3.358944892883301,22.3321590423584,3.115229845046997,-2.459641096781558,0.5847340787004445,0.8309500000000228,0.16904999999997716,0.0,636,602,1.1302415426368722,0.8697584573631278,23.0,23,5.0,34.0,0.03804553672671318,22.57967165145898,25.835710217380782,0.0,0.0,0.0,0.1628019282960901,1.0,0.14691027998924255,0.042989183217287064,0.04728829860687256,0.03164251900534083,0.0307093695520883,0.01923256553709507,0.018818953540176153,0.0,0.0,0.030545778274536133,False,False
2.12,3.299354076385498,22.331907272338867,-3.1385226249694824,-3.1033717962776777,0.5503433336491813,0.8308500000000228,0.16914999999997715,0.0,620,593,1.1193880807504661,0.8806119192495339,37.0,37,0.0,26.0,0.03802112117409706,20.69803234717073,23.682734365932383,0.0,0.0,0.0,0.14923510093808262,1.0,0.14719998836517334,0.042986296117305756,0.04728776216506958,0.031661032942588756,0.03071567665995039,0.019320843275636435,0.018917428484807413,0.0,0.0,0.030209193229675295,False,False
2.125,3.163358449935913,22.301044464111328,3.13826584815979,3.1012155044533185,0.6238778160317254,0.8307500000000229,0.16924999999997714,0.0,674,632,1.1094390740212605,0.8905609259787394,31.0,31,2.0,39.0,0.037953563034534454,18.973196318239836,21.70917316877135,0.0,0.0,0.0,0.13679884252657573,1.0,0.14728793501853943,0.042987383902072906,0.0472872257232666,0.03154013430373681,0.030607906791225718,0.01951381020868818,0.019099331305672727,0.0,0.0,0.020732219219207766,False,False
2.13,3.021165370941162,22.187891006469727,3.130887031555176,-2.0708011587400588,0.4247857744000569,0.8306500000000229,0.16934999999997713,0.0,588,552,1.1003191511861556,0.8996808488138444,33.0,33,9.0,30.0,0.03787604719400406,17.39209662505318,19.90007540470707,0.0,0.0,0.0,0.12539893898269447,1.0,0.14718076586723328,0.04301522299647331,0.0472867488861084,0.03157274724333486,0.030652403914136216,0.01977799770732721,0.0193521388185521,0.0,0.0,0.013861900568008423,False,False
2.1350000000000002,2.912348985671997,22.125164031982422,3.1263837814331055,-2.963015523573775,0.8154445148467104,0.8305500000000229,0.16944999999997712,0.0,572,541,1.0919592219206427,0.9080407780793573,21.0,21,5.0,16.0,0.03780657798051834,24.276088572965413,26.575069120981478,0.0,0.0,0.0,0.11494902740080323,1.0,0.14796222746372223,0.042944591492414474,0.047286272048950195,0.031571908113002776,0.03065842326939977,0.01992715367426475,0.019500498504688345,0.0,0.0,0.014365733861923219,False,False
2.14,2.8049046993255615,22.19219970703125,3.0941107273101807,-2.2956703033776904,0.7285336179615071,0.8304500000000229,0.1695499999999771,0.0,593,563,1.0842959534272556,0.9157040465727444,37.0,37,1.0,24.0,0.03772012144327164,22.253081191884963,24.360480027566354,0.0,0.0,0.0,0.10536994178406953,1.0,0.14847248792648315,0.04295367747545242,0.04728585481643677,0.031196015600269678,0.03031784408547236,0.01997207601865133,0.019525686899820965,0.0,0.0,0.01894752025604248,False,False
2.145,2.7661802768707275,22.271120071411133,3.0526435375213623,-2.343309081427709,0.47716130667452683,0.8303500000000229,0.1696499999999771,0.0,671,629,1.4106046239749843,0.5893953760250157,43.0,43,3.0,23.0,0.03765910863876343,20.39865775922788,30.663773358602487,0.0,0.0,0.0,0.5132557799687303,1.0,0.14877314865589142,0.0430389903485775,0.047285377979278564,0.030857023118761692,0.030016801471821373,0.019931704737246037,0.01946117263287306,0.0,0.0,0.018546417951583863,False,False
2.15,2.8179681301116943,22.280248641967773,3.0158650875091553,2.980270904714592,0.8427635428219926,0.8302500000000229,0.16974999999997709,0.0,583,547,1.0430542386437356,0.9569457613562645,31.0,31,5.0,31.0,0.03757565841078758,27.03210294595889,28.108458912052278,0.0,0.0,0.0,0.053817798304669394,1.0,0.148871049284935,0.04303286597132683,0.047284841537475586,0.030843238149536174,0.03001693064079096,0.01986199679474036,0.019374812642733257,0.0,0.0,0.013252981901168822,False,False
2.1550000000000002,2.7600221633911133,22.331117630004883,2.985926866531372,-2.9871329118675414,0.46920487806025346,0.8301500000000229,0.16984999999997707,0.0,609,580,1.0394663854234243,0.9605336145765757,37.0,37,1.0,42.0,0.03786757215857506,24.779427700462314,25.76608733604792,0.0,0.0,0.0,0.04933298177928034,1.0,0.14985014498233795,0.04308447614312172,0.04728424549102783,0.030637304875222985,0.0298308484820876,0.019860267639160156,0.019359277406086527,0.0,0.0,0.01712311029434204,False,False
2.16,2.688551664352417,22.3824520111084,2.9415178298950195,2.860906162433742,0.8567386876500859,0.8300500000000229,0.16994999999997706,0.0,663,625,1.0361775199714722,0.9638224800285278,26.0,26,1.0,32.0,0.038056619465351105,22.714475392090453,23.61891339137726,0.0,0.0,0.0,0.0452218999643403,1.0,0.15055078268051147,0.043049149215221405,0.047283828258514404,0.030337200657929633,0.02957028982264398,0.01982412145783504,0.01930640001470844,0.0,0.0,0.031841998100280766,False,False
2.165,2.653385639190674,22.383949279785156,2.9190285205841064,2.7030223558708637,0.9681038883831766,0.829950000000023,0.17004999999997705,0.0,605,571,1.0331627266405163,0.9668372733594838,34.0,34,1.0,24.0,0.03824272006750107,20.82160244274958,21.650670608762486,0.0,0.0,0.0,0.0414534083006453,1.0,0.15103477239608765,0.0430416502058506,0.0472833514213562,0.030264133846774722,0.029512665199192906,0.01983920422693094,0.01931206090375781,0.0,0.0,0.017480059862136844,False,False
2.17,2.538533926010132,22.49188232421875,2.924298048019409,2.6718619219282687,0.8902626981813683,0.829850000000023,0.17014999999997704,0.0,594,563,1.0303991660871399,0.9696008339128602,44.0,44,4.0,19.0,0.03829135373234749,19.08646890585378,19.846448058032276,0.0,0.0,0.0,0.03799895760892476,1.0,0.15130913257598877,0.04310910776257515,0.047282874584198,0.029958756771714154,0.02921273229635885,0.019901218668868147,0.019369077247877918,0.0,0.0,0.01192643165588379,False,False
2.1750000000000003,2.433969259262085,22.62569808959961,2.9248101711273193,-2.418597194049574,0.5597893200251538,0.829750000000023,0.17024999999997703,0.0,594,553,1.0278659022465448,0.9721340977534553,30.0,30,3.0,24.0,0.03821917995810509,17.495929830365966,18.192577386529585,0.0,0.0,0.0,0.03483237780818094,1.0,0.151380717754364,0.0431140772998333,0.04728233814239502,0.029615824756561195,0.02888470747158806,0.01988146376485626,0.019346082117408514,0.0,0.0,0.015409522056579592,False,False
2.18,2.333204507827759,22.62441635131836,2.9508442878723145,2.9312750087804984,0.5395902815766824,0.829650000000023,0.17034999999997702,0.0,586,555,1.0255437437259993,0.9744562562740007,23.0,23,6.0,30.0,0.03812561556696892,24.3712690111688,25.009862604318783,0.0,0.0,0.0,0.031929679657499224,1.0,0.15125618875026703,0.043020691722631454,0.047281861305236816,0.02958538773003908,0.02884672593655164,0.020037932166208826,0.019503640942275524,0.0,0.0,0.015929675102233885,False,False
2.185,2.2411465644836426,22.543251037597656,2.992776393890381,-3.035242952399383,0.8243110408502627,0.829550000000023,0.170449999999977,0.0,606,563,1.5,0.3099182349178342,28.0,28,2.0,21.0,0.03804432973265648,22.340329926904733,39.59237405395888,0.0,0.0,0.0,0.8626022063527072,1.0,0.15094207227230072,0.04300379008054733,0.04728132486343384,0.029714134772307586,0.028949894490418383,0.020323175316055618,0.019796156169225775,0.0,0.0,0.017771388292312625,False,False
2.19,2.2605068683624268,22.51915168762207,3.0187575817108154,-2.4897741535555182,0.6472915911065723,0.829450000000023,0.170549999999977,0.0,599,568,1.5,0.3674250486746812,57.0,57,2.0,23.0,0.037989359349012375,20.478635766329337,36.293009549462305,0.0,0.0,0.0,0.7907186891566484,1.0,0.1515219807624817,0.04316192492842674,0.047280848026275635,0.029801772449514246,0.029019208253477133,0.020362716168165207,0.01984667576228579,0.0,0.0,0.01270833969116211,False,False
2.195,2.214566946029663,22.4955997467041,3.0456271171569824,-2.758218251208023,0.6953605717835218,0.829350000000023,0.170649999999977,0.0,554,522,1.5,0.42013962795179105,27.0,27,1.0,31.0,0.03790148347616196,18.772082785801892,33.268592087007114,0.0,0.0,0.0,0.7248254650602611,1.0,0.15183596312999725,0.04312793165445328,0.04728043079376221,0.0298334122656373,0.029039261855960563,0.020457073114812374,0.019947970286011696,0.0,0.0,0.017362134456634523,False,False
2.2,2.093183994293213,22.49778938293457,3.0540032386779785,3.0843468615471417,0.5624325384239959,0.829250000000023,0.17074999999997698,0.0,575,545,1.5,0.4684613256224752,22.0,22,0.0,34.0,0.03782159090042114,17.207742553651734,30.496209413089854,0.0,0.0,0.0,0.664423342971906,1.0,0.15194550156593323,0.043052855879068375,0.04727983474731445,0.029717011628788315,0.02892667467476899,0.020612379691253107,0.0200993032194674,0.0,0.0,0.02548369407653809,False,False
2.205,2.055366277694702,22.512269973754883,3.074286460876465,-2.832797315308015,0.5207900870154141,0.829150000000023,0.17084999999997696,0.0,593,555,1.4872437848460645,0.5127562151539355,22.0,22,6.0,21.0,0.03774964064359665,15.773764007514089,27.954858628665697,0.0,0.0,0.0,0.6090547310575805,1.0,0.15185733139514923,0.04298166558146477,0.047279298305511475,0.029707384599604987,0.02890874529548398,0.020668836465726297,0.02016246085986495,0.0,0.0,0.015673556327819825,False,False
2.21,1.9432297945022583,22.465993881225586,3.0325875282287598,-2.5126155785948487,0.4642800526237737,0.829050000000023,0.17094999999997695,0.0,605,571,1.4466401361088923,0.5533598638911077,27.0,27,4.0,24.0,0.037657540291547775,14.45928367355458,25.625287076276887,0.0,0.0,0.0,0.5583001701361153,1.0,0.15157802402973175,0.04294214025139809,0.047278761863708496,0.02952938988754313,0.02876418883287447,0.020817634649574757,0.020284278628726803,0.0,0.0,0.023747079372406006,False,False
2.215,1.8006657361984253,22.344297409057617,3.0400986671447754,-2.9558871167033294,0.5846457484523248,0.8289500000000231,0.17104999999997694,0.0,622,578,1.4094201247664846,0.5905798752335154,42.0,42,2.0,31.0,0.03757060319185257,13.254343367425031,23.489846486587144,0.0,0.0,0.0,0.5117751559581056,1.0,0.15219120681285858,0.043010108172893524,0.04727828502655029,0.029618632870376457,0.028854824139386778,0.02114410201708476,0.020603251177817583,0.0,0.0,0.016655131578445437,False,False
2.22,1.6993221044540405,22.317607879638672,3.0250582695007324,2.6553875492274712,0.4102511977914645,0.8288500000000231,0.17114999999997693,0.0,631,596,1.375301781035944,0.624698218964056,42.0,42,2.0,28.0,0.03760775178670883,12.149814753472945,21.532359279371548,0.0,0.0,0.0,0.4691272262949301,1.0,0.15253697335720062,0.043101973831653595,0.04727780818939209,0.029565126904518697,0.02880965712049454,0.021254719079782568,0.020707068809618555,0.0,0.0,0.020089216232299804,False,False
2.225,1.639216661453247,22.41811180114746,2.94888973236084,-2.778293000619075,0.6057221489546364,0.8287500000000231,0.17124999999997692,0.0,671,637,1.5,0.32264003405038455,28.0,28,4.0,42.0,0.03820791468024254,11.137330190683533,28.071329339423915,0.0,0.0,0.0,0.8466999574370192,1.0,0.15267686545848846,0.04305429756641388,0.04727727174758911,0.029120946020508232,0.028424799525139603,0.02114861737936735,0.020566946671654783,0.0,0.0,0.019601819515228273,False,False
2.23,1.657043695449829,22.49786949157715,2.8969242572784424,-2.7408534689477686,0.9375933446778163,0.8286500000000231,0.1713499999999769,0.0,723,690,1.5,0.3790866978795192,22.0,22,5.0,28.0,0.038287170231342316,10.209219341459905,25.732051894471923,0.0,0.0,0.0,0.7761416276506009,1.0,0.15261763334274292,0.043000057339668274,0.04727673530578613,0.02887756725540328,0.028218028040524642,0.021011702871570986,0.02040846273303032,0.0,0.0,0.020045597553253174,False,False
2.235,1.6858810186386108,22.522994995117188,2.8633899688720703,-3.125955374326782,0.8051997862894025,0.8285500000000231,0.1714499999999769,0.0,644,603,1.5,0.430829473056226,30.0,30,2.0,20.0,0.038241446018218994,9.358451063004912,23.58771423659926,0.0,0.0,0.0,0.7114631586797174,1.0,0.15344315767288208,0.04300527647137642,0.04727625846862793,0.028819051216821545,0.028175635626073368,0.020942309250434242,0.020328267322232328,0.0,0.0,0.020831704139709473,False,False
2.24,1.6018368005752563,22.60706901550293,2.788769006729126,2.7668801921528914,0.47968497932550297,0.8284500000000231,0.1715499999999769,0.0,684,645,1.5,0.47826035030154046,85.0,85,6.0,23.0,0.03817564249038696,8.578580141087835,21.622071383549322,0.0,0.0,0.0,0.6521745621230743,1.0,0.15399371087551117,0.04335971549153328,0.04727578163146973,0.028422658193894727,0.027840701768057807,0.020810863934457302,0.020177497062832117,0.0,0.0,0.012741950750350953,False,False
2.245,1.5310922861099243,22.69722557067871,2.705031156539917,-2.83313319212019,0.6254050219913632,0.8283500000000231,0.17164999999997688,0.0,615,581,1.1449280122235879,0.855071987776412,26.0,26,2.0,21.0,0.03831826522946358,16.19703179599718,19.82023210158688,0.0,0.0,0.0,0.18116001527948492,1.0,0.1543310135602951,0.04333890601992607,0.04727524518966675,0.028048391683957914,0.0275318164863463,0.020611340490480266,0.01996904223536452,0.0,0.0,0.021666367053985596,False,False
2.25,1.4997085332870483,22.746135711669922,2.7172322273254395,2.720158053936366,0.9285770376975659,0.8282500000000231,0.17174999999997687,0.0,536,510,0.799517344538289,1.200482655461711,18.0,18,0.0,22.0,0.038231026381254196,23.180612479664077,18.168546093121304,0.0,0.0,0.0,-0.2506033193271387,1.0,0.1544620245695114,0.043223053216934204,0.04727470874786377,0.027952708365627948,0.02742863265005818,0.020626033656299114,0.019982025648156803,0.0,0.0,0.020598721504211426,False,False
2.255,1.4273878335952759,22.84894561767578,2.68668532371521,2.9096170621589987,0.39940223800547736,0.8281500000000231,0.17184999999997685,0.0,559,527,0.8162242324934317,1.1837757675065683,35.0,35,2.0,27.0,0.0381440743803978,21.248894773025402,16.654500585361195,0.0,0.0,0.0,-0.22971970938321035,1.0,0.1543935239315033,0.04324088245630264,0.047274231910705566,0.027685057571700537,0.027183661155867782,0.020589152506242197,0.019934119967122875,0.0,0.0,0.01918194651603699,False,False
2.2600000000000002,1.3187477588653564,22.96841049194336,2.6762704849243164,2.809818736793834,0.9047313194225819,0.8280500000000232,0.17194999999997684,0.0,655,614,1.164872213118979,0.835127786881021,58.0,58,5.0,28.0,0.038109928369522095,19.47815354193995,23.599958869914424,0.0,0.0,0.0,0.20609026639872371,1.0,0.15520937740802765,0.043389637023210526,0.04727375507354736,0.027392885796841626,0.026907926283038935,0.020579021268834673,0.019918478404482208,0.0,0.0,0.00928287386894226,False,False
2.265,1.1756664514541626,23.030719757080078,2.7282111644744873,-2.924247182808295,0.46917500861799716,0.8279500000000232,0.17204999999997683,0.0,631,588,1.4844661953590639,0.515533804640936,30.0,30,4.0,29.0,0.03802848607301712,17.85497408011162,29.96662896408822,0.0,0.0,0.0,0.60558274419883,1.0,0.15574988722801208,0.043361350893974304,0.047273218631744385,0.027249422041582334,0.026743162163532744,0.020773864816874266,0.020112870261073112,0.0,0.0,0.019467283487319947,False,False
2.27,1.1373051404953003,23.019664764404297,2.7511394023895264,2.5736542275947283,0.9672735185416557,0.8278500000000232,0.17214999999997682,0.0,592,555,1.4440940124124753,0.5559059875875246,20.0,20,3.0,26.0,0.03794846311211586,16.36705957343565,27.469409883747534,0.0,0.0,0.0,0.5551175155155942,1.0,0.1560768038034439,0.04328026995062828,0.047272682189941406,0.027233811082201475,0.026712338097897456,0.020889313115427893,0.020229261523733538,0.0,0.0,0.016389002799987794,False,False
2.275,1.1555120944976807,22.945751190185547,2.7721924781799316,-2.989453302720441,0.8707214078776045,0.8277500000000232,0.1722499999999768,0.0,624,590,1.407086178044769,0.592913821955231,47.0,47,6.0,20.0,0.03803886100649834,15.003137942316012,25.180292393435238,0.0,0.0,0.0,0.5088577225559613,1.0,0.15619708597660065,0.04337352514266968,0.047272324562072754,0.027365102189243228,0.0268261292329596,0.020975777103255194,0.020317760451386373,0.0,0.0,0.018170400857925418,False,False
2.2800000000000002,1.0748237371444702,22.90589714050293,2.793032646179199,2.638215037889378,0.42938602768006195,0.8276500000000232,0.1723499999999768,0.0,628,587,1.0398289965410383,0.9601710034589617,56.0,56,2.0,27.0,0.03797231614589691,22.086209780456343,23.0819346939823,0.0,0.0,0.0,0.0497862456762979,1.0,0.15719479322433472,0.043511439114809036,0.047271788120269775,0.02737281635985656,0.02682550108584057,0.021130395277092855,0.02047095991050204,0.0,0.0,0.024843385219573976,False,False
2.285,1.014754295349121,22.93950080871582,2.803819179534912,2.783407538673342,0.5592226239751098,0.8275500000000232,0.1724499999999768,0.0,625,589,1.036509913495952,0.9634900865040481,25.0,25,2.0,25.0,0.03789228945970535,20.245692298751646,21.158440136150443,0.0,0.0,0.0,0.04563739186993985,1.0,0.15791039168834686,0.04348280653357506,0.04727131128311157,0.027278948844681575,0.026728672589058457,0.02118165915211042,0.020521692155549925,0.0,0.0,0.02988336801528931,False,False
2.29,0.9793596267700195,22.943178176879883,2.810094118118286,2.698215350639549,0.7344555015142543,0.8274500000000232,0.17254999999997678,0.0,578,550,1.0334674207046226,0.9665325792953774,33.0,33,4.0,43.0,0.03810983523726463,18.558551273855674,19.395236791471238,0.0,0.0,0.0,0.04183427588077819,1.0,0.1584058254957199,0.04345528781414032,0.04727083444595337,0.027255407903536928,0.026702402204080582,0.021250753973921142,0.020588577414552372,0.0,0.0,0.01618761658668518,False,False
2.295,0.8321586847305298,22.912887573242188,2.754666566848755,3.075793193047574,0.38471032426989404,0.8273500000000232,0.17264999999997677,0.0,599,569,1.3640118023125707,0.6359881976874293,49.0,49,2.0,28.0,0.03831784799695015,17.0120053343677,26.112300392181965,0.0,0.0,0.0,0.45501475289071325,1.0,0.15868820250034332,0.04356270655989647,0.04727029800415039,0.027038226978270734,0.026532004577805694,0.02136509632691741,0.02068141397709648,0.0,0.0,0.021072950363159183,False,False
2.3000000000000003,0.6983228325843811,22.840272903442383,2.766110420227051,-3.1233846737286646,0.6148937495319031,0.8272500000000232,0.17274999999997676,0.0,648,606,1.5,0.332989181213477,35.0,35,1.0,41.0,0.03829828277230263,15.594338223170391,32.269608692833465,0.0,0.0,0.0,0.8337635234831537,1.0,0.15876448154449463,0.04355964437127113,0.04726982116699219,0.02706517467628335,0.02655521229235403,0.02159396496911844,0.020910403691232204,0.0,0.0,0.020259847640991212,False,False
2.305,0.6444429755210876,22.896291732788086,2.7337470054626465,2.897932325080268,0.44655218561937315,0.8271500000000233,0.17284999999997674,0.0,599,563,1.5,0.38857341611235396,17.0,17,2.0,25.0,0.03822420537471771,14.294810037906192,29.580474635097342,0.0,0.0,0.0,0.7642832298595575,1.0,0.15864145755767822,0.043468497693538666,0.047269344329833984,0.026889709386935235,0.02640068757173087,0.021525686606764793,0.020838082612802587,0.0,0.0,0.02311568021774292,False,False
2.31,0.6523903608322144,23.003482818603516,2.6810061931610107,2.6274304134521187,0.9691499861693423,0.8270500000000233,0.17294999999997673,0.0,564,536,1.5,0.4395256314363244,28.0,28,3.0,23.0,0.038145240396261215,13.103575868080675,27.115435082172564,0.0,0.0,0.0,0.7005929607045944,1.0,0.15832574665546417,0.04341083765029907,0.047268807888031006,0.026611981624853273,0.02616372650174838,0.021346592499564093,0.02064606562877695,0.0,0.0,0.02064617156982422,False,False
2.315,0.6802396178245544,23.03184700012207,2.6421706676483154,2.9054599843743754,0.3501522978156329,0.8269500000000233,0.17304999999997672,0.0,548,522,1.5,0.48623182881663085,19.0,19,1.0,20.0,0.038056500256061554,12.011611212407285,24.855815491991514,0.0,0.0,0.0,0.6422102139792114,1.0,0.15782380104064941,0.04331521317362785,0.0472683310508728,0.02652459323212141,0.02610182642552484,0.021255991887301207,0.020547794022907816,0.0,0.0,0.02222916126251221,False,False
2.32,0.6592245697975159,23.069814682006836,2.598630428314209,2.4630655763309077,0.992908492647697,0.8268500000000233,0.1731499999999767,0.0,543,508,1.4709541569180884,0.5290458430819116,27.0,27,1.0,20.0,0.03831774368882179,11.010643611373345,22.784497534325553,0.0,0.0,0.0,0.5886926961476104,1.0,0.15714189410209656,0.043279167264699936,0.047267913818359375,0.026386167633579524,0.025992127260347938,0.021183649078011513,0.02046994088838498,0.0,0.0,0.02955439567565918,False,False
2.325,0.6156172752380371,23.146072387695312,2.5459792613983154,2.535881194084577,0.9823903473885506,0.8267500000000233,0.1732499999999767,0.0,570,531,1.4317079771749144,0.5682920228250856,40.0,40,1.0,25.0,0.03825034573674202,10.093089977092232,20.88578940646509,0.0,0.0,0.0,0.5396349714686429,1.0,0.15628616511821747,0.04332028701901436,0.04726731777191162,0.02615461557288602,0.02580026512511489,0.021029352210462093,0.020317228821416698,0.0,0.0,0.04201861381530762,False,False
2.33,0.5994092226028442,23.141420364379883,2.5368905067443848,2.9718325110210184,0.013664463616505787,0.8266500000000233,0.1733499999999767,0.0,526,498,1.3957323124103382,0.6042676875896618,36.0,36,2.0,19.0,0.038204554468393326,9.25199914566788,19.145306955926333,0.0,0.0,0.0,0.4946653905129227,1.0,0.15526260435581207,0.04333645850419998,0.04726678133010864,0.02612743932365699,0.025784887779736382,0.020999955789496504,0.02029249289383491,0.0,0.0,0.01993502259254456,False,False
2.335,0.5033765435218811,23.228395462036133,2.5420517921447754,2.7446048482525667,0.5428336649924442,0.8265500000000233,0.17344999999997668,0.0,568,533,1.5,0.3039120469571901,18.0,18,3.0,28.0,0.03812018781900406,8.480999216862223,25.88319804293247,0.0,0.0,0.0,0.8701099413035124,1.0,0.15407702326774597,0.04323491454124451,0.047266364097595215,0.025920576148821147,0.025574669752812744,0.021018999783943098,0.020308478269726038,0.0,0.0,0.029826898574829102,False,False
2.34,0.43461742997169495,23.40861701965332,2.497342348098755,3.0108865420618747,0.7930397018353609,0.8264500000000233,0.17354999999997667,0.0,546,507,1.5,0.3619193763774242,24.0,24,3.0,19.0,0.038034576922655106,7.774249282123704,23.7262648726881,0.0,0.0,0.0,0.7976007795282196,1.0,0.15273509919643402,0.04319404065608978,0.04726576805114746,0.025549991424311382,0.02523359283455598,0.020842569259305797,0.020131237494448822,0.0,0.0,0.012307521104812622,False,False
2.345,0.30923011898994446,23.540847778320312,2.515821695327759,2.92631050488147,0.670675499679953,0.8263500000000233,0.17364999999997666,0.0,637,601,1.5,0.19999999999999996,28.0,28,4.0,31.0,0.037970684468746185,7.126395175280062,30.082409466630754,0.0,0.0,0.0,1.0,1.0,0.15124236047267914,0.0431559681892395,0.04726523160934448,0.025291974763346645,0.024971261189163478,0.020863760728389025,0.020150445246448122,0.0,0.0,0.012962497472763063,False,False
2.35,0.18169835209846497,23.55181121826172,2.548299551010132,2.612324409307191,0.5918839810404459,0.8262500000000234,0.17374999999997665,0.0,674,639,1.5,0.19999999999999996,44.0,44,5.0,36.0,0.037908297032117844,6.53252891067339,27.57554201107819,0.0,0.0,0.0,1.0,1.0,0.1506814807653427,0.0432615764439106,0.04726475477218628,0.025202823182877896,0.0248672031814538,0.021078513624767464,0.02035567148899039,0.0,0.0,0.02208485841751099,False,False
2.355,0.18233749270439148,23.492162704467773,2.5548038482666016,2.411627628761249,0.4445172919792099,0.8261500000000234,0.17384999999997663,0.0,686,649,1.5,0.19999999999999996,28.0,28,5.0,29.0,0.03827808052301407,5.9881515014506075,33.61091351015501,0.0,0.0,0.0,1.0,1.0,0.14989155530929565,0.04324094578623772,0.0472642183303833,0.0252562725363527,0.024913435633060955,0.021165484407295786,0.02043868492667874,0.0,0.0,0.014448907375335693,False,False
2.36,0.16494551301002502,23.445783615112305,2.5910677909851074,-2.7816876835488387,0.32111153373917856,0.8260500000000234,0.17394999999997662,0.0,668,638,1.3461679403191615,0.6538320596808385,52.0,52,3.0,31.0,0.038345444947481155,22.155805542996386,30.810004050975422,0.0,0.0,0.0,0.4327099253989518,1.0,0.14893317222595215,0.043367937207221985,0.04726368188858032,0.02534271438214102,0.02497928455735818,0.02128160713861386,0.020553444822629295,0.0,0.0,0.01868682265281677,False,False
2.365,0.06684562563896179,23.47053337097168,2.6025846004486084,2.5878312685104783,0.9868300213191628,0.8259500000000234,0.1740499999999766,0.0,598,563,1.3173206119592313,0.6826793880407687,40.0,40,3.0,18.0,0.03844669461250305,20.309488414413355,28.242503713394136,0.0,0.0,0.0,0.39665076494903906,1.0,0.14781217277050018,0.04342278093099594,0.047263145446777344,0.025230074988677593,0.024864658060715968,0.0213656520160536,0.02063463209196925,0.0,0.0,0.019730954170227053,False,False
2.37,0.03998523950576782,23.504741668701172,2.6125173568725586,2.5464210096878834,0.30689130888090904,0.8258500000000234,0.1741499999999766,0.0,558,529,1.2908772276292952,0.7091227723707048,23.0,23,1.0,23.0,0.038485243916511536,18.617031046545574,25.888961737277956,0.0,0.0,0.0,0.3635965345366191,1.0,0.14653421938419342,0.043370142579078674,0.04726254940032959,0.025172288372413688,0.0248013549973252,0.021386717756589256,0.020654369921733938,0.0,0.0,0.022005217075347902,False,False
2.375,-0.0315583311021328,23.50896453857422,2.5782463550567627,1.6932590779899135,0.5516001392870914,0.8257500000000234,0.1742499999999766,0.0,504,475,1.2666374586601874,0.7333625413398126,21.0,21,1.0,14.0,0.038414061069488525,17.065611792666775,23.731548259171458,0.0,0.0,0.0,0.33329682332523414,1.0,0.14510485529899597,0.043283578008413315,0.04726201295852661,0.025049496813987195,0.024703708145068465,0.021404595269511145,0.020666755735874176,0.0,0.0,0.013787941932678224,False,False
2.38,-0.19101330637931824,23.47177505493164,2.5465245246887207,2.700715625138349,0.6701394223424274,0.8256500000000234,0.17434999999997658,0.0,647,614,1.244417670438505,0.755582329561495,40.0,40,2.0,22.0,0.03837047517299652,15.64347747661121,21.753919237573836,0.0,0.0,0.0,0.3055220880481313,1.0,0.1435294896364212,0.0433170348405838,0.04726147651672363,0.02492350796179331,0.02460684445492564,0.021559235950311027,0.02081369437898199,0.0,0.0,0.02385089635848999,False,False
2.3850000000000002,-0.26547950506210327,23.456579208374023,2.563720464706421,2.7079455959601284,0.775141730019339,0.8255500000000234,0.17444999999997657,0.0,559,527,1.2240495312352964,0.7759504687647036,37.0,37,4.0,23.0,0.03829330578446388,14.339854353560275,19.941092634442683,0.0,0.0,0.0,0.2800619140441204,1.0,0.14289063215255737,0.04333433508872986,0.047260940074920654,0.02494243696902363,0.02461212174373164,0.021679978041599195,0.020932845460871857,0.0,0.0,0.02240611553192139,False,False
2.39,-0.2594839036464691,23.564254760742188,2.504948139190674,2.525489518116046,0.18973630650229514,0.8254500000000234,0.17454999999997656,0.0,614,569,0.8720454036323549,1.127954596367645,26.0,26,6.0,18.0,0.03820853307843208,21.47819982409692,18.279334914905792,0.0,0.0,0.0,-0.15994324545955632,1.0,0.14202728867530823,0.043282024562358856,0.0472603440284729,0.024722239518227187,0.024429364914966577,0.021430295892059803,0.02068922001247605,0.0,0.0,0.021090264320373538,False,False
2.395,-0.24745595455169678,23.659954071044922,2.4450936317443848,2.6435024899614943,0.9707955904174805,0.8253500000000235,0.17464999999997655,0.0,579,549,0.8827082866629921,1.117291713337008,12.0,12,5.0,21.0,0.0381450392305851,19.688349838755506,16.75605700533031,0.0,0.0,0.0,-0.14661464167125987,1.0,0.14099988341331482,0.043168362230062485,0.04725968837738037,0.024495986929085237,0.024245277618833643,0.021198449345926445,0.02046459664901098,0.0,0.0,0.021655890941619873,False,False
2.4,-0.2970700263977051,23.668542861938477,2.427457094192505,0.9854841356760875,0.06738306310756967,0.8252500000000235,0.17474999999997654,0.0,658,621,0.8924825961077427,1.1075174038922573,33.0,33,3.0,22.0,0.03808118402957916,18.047654018859212,15.359718921552782,0.0,0.0,0.0,-0.13439675486532154,1.0,0.13981413841247559,0.043149955570697784,0.04725915193557739,0.02441491830849506,0.02417781223822337,0.02122797692815463,0.020491258862117927,0.0,0.0,0.021022956371307376,False,False
2.4050000000000002,-0.3718484044075012,23.72153663635254,2.3929691314697266,-3.135345064153924,0.7796152933260122,0.8251500000000235,0.17484999999997652,0.0,712,671,0.9014423797654308,1.0985576202345693,58.0,58,3.0,25.0,0.03802066296339035,24.877016183954275,22.413075678090046,0.0,0.0,0.0,-0.12319702529321148,1.0,0.13955287635326385,0.04332321882247925,0.04725849628448486,0.024252529628962415,0.024038800997659083,0.021180016919970512,0.020446558482944965,0.0,0.0,0.02720572233200073,False,False
2.41,-0.42306551337242126,23.820707321166992,2.354160785675049,2.7659235699548828,0.8242882685539739,0.8250500000000235,0.1749499999999765,0.0,646,619,0.9096555147849781,1.090344485215022,44.0,44,3.0,24.0,0.03824411332607269,22.803931501958086,20.54531937158254,0.0,0.0,0.0,-0.11293060651877732,1.0,0.13905535638332367,0.04342961683869362,0.047257959842681885,0.024053629863191848,0.02386414248507888,0.021020579151809216,0.02029821431885163,0.0,0.0,0.039128401279449464,False,False
2.415,-0.4802146255970001,23.884906768798828,2.3588716983795166,2.8481827340984576,0.465412541394748,0.8249500000000235,0.1750499999999765,0.0,678,636,0.91718422188623,1.08281577811377,53.0,53,3.0,31.0,0.038588475435972214,20.90360387679491,18.83320942395066,0.0,0.0,0.0,-0.10351972264221257,1.0,0.13838233053684235,0.04359069839119911,0.047257423400878906,0.02392321920033962,0.02373232142720324,0.021001617424190044,0.02027960882211725,0.0,0.0,0.01822987914085388,False,False
2.42,-0.5263401865959167,24.025989532470703,2.3532302379608154,-2.3736104705278698,1.0,0.8248500000000235,0.1751499999999765,0.0,564,530,0.924085536729044,1.0759144632709559,25.0,25,6.0,15.0,0.03855878487229347,19.161636887062002,17.263775305288103,0.0,0.0,0.0,-0.09489307908869496,1.0,0.1375397890806198,0.04354261979460716,0.04725688695907593,0.02369094207661645,0.02350154737957396,0.02088880011190971,0.020168503591169916,0.0,0.0,0.018184182643890382,False,False
2.4250000000000003,-0.5374866724014282,24.192041397094727,2.3290481567382812,2.560376438759663,0.7250237119393642,0.8247500000000235,0.17524999999997648,0.0,554,522,0.9304117420016237,1.0695882579983764,26.0,26,2.0,23.0,0.03848664462566376,17.56483381314017,15.82512736318076,0.0,0.0,0.0,-0.08698532249797042,1.0,0.13653355836868286,0.043499287217855453,0.0472562313079834,0.02346684616792434,0.02329335130071997,0.020652178985377155,0.019945890332261722,0.0,0.0,0.01309831976890564,False,False
2.43,-0.6382104158401489,24.280229568481445,2.3632290363311768,-3.0969800211592142,0.6321348660408189,0.8246500000000235,0.17534999999997647,0.0,493,461,0.9362107635014884,1.0637892364985115,22.0,22,0.0,38.0,0.038403380662202835,16.101097662045152,14.506366749582362,0.0,0.0,0.0,-0.0797365456231395,1.0,0.13536933064460754,0.04340798035264015,0.04725569486618042,0.02331096800742625,0.02312302690814203,0.020716177144398294,0.020004439478119217,0.0,0.0,0.017475351095199588,False,False
2.435,-0.7463309168815613,24.274497985839844,2.4161529541015625,2.710852788462848,0.423669666243248,0.8245500000000235,0.17544999999997646,0.0,523,492,0.9415265332096977,1.0584734667903024,52.0,52,0.0,39.0,0.03830350190401077,14.759339523541389,13.297502853783831,0.0,0.0,0.0,-0.07309183348787789,1.0,0.13405263423919678,0.04350776970386505,0.04725503921508789,0.02325431125692511,0.023036115012635635,0.020950573962181807,0.020223346073180437,0.0,0.0,0.017096369266510012,False,False
2.44,-0.7386691570281982,24.228469848632812,2.4359941482543945,2.595212148736205,0.6959237169445547,0.8244500000000236,0.17554999999997645,0.0,581,540,0.2797326554422229,1.5,27.0,27,3.0,32.0,0.03821504861116409,30.196061229912935,12.18937761596851,0.0,0.0,0.0,-0.9003341806972213,1.0,0.13258887827396393,0.04344065114855766,0.04725450277328491,0.02331201390153682,0.02307992803868016,0.021018179443975292,0.02028552582487464,0.0,0.0,0.013243175745010377,False,False
2.445,-0.7763697504997253,24.19795799255371,2.4735958576202393,2.492855306519192,0.99447486546836,0.8243500000000236,0.17564999999997644,0.0,570,538,0.33975493415537095,1.5,21.0,21,3.0,16.0,0.03813682496547699,27.679722794086857,11.173596147971134,0.0,0.0,0.0,-0.8253063323057862,1.0,0.13098333775997162,0.04334484040737152,0.04725372791290283,0.023338552959379272,0.023087404848075938,0.021139407375206552,0.020399886804322403,0.0,0.0,0.014060082435607909,False,False
2.45,-0.8799894452095032,24.227378845214844,2.506772041320801,2.5391620020011194,0.9999680886292703,0.8242500000000236,0.17574999999997643,0.0,709,667,0.7281086896424234,1.2718913103575766,19.0,19,6.0,16.0,0.038057394325733185,25.37307922791295,18.575796468973536,0.0,0.0,0.0,-0.3398641379469707,1.0,0.13031840324401855,0.0432581789791584,0.047253191471099854,0.023251140763478204,0.022984503867957903,0.02127466102441152,0.02052760450169444,0.0,0.0,0.029980900287628176,False,False
2.455,-0.8741542100906372,24.25080680847168,2.534532070159912,3.1103208016925583,0.8121494274570478,0.8241500000000236,0.17584999999997641,0.0,678,638,0.7507662988388882,1.2492337011611117,42.0,42,3.0,28.0,0.03803414851427078,23.2586559589202,17.027813429892408,0.0,0.0,0.0,-0.3115421264513897,1.0,0.12943293154239655,0.04333223029971123,0.047252655029296875,0.023256582347869717,0.022972629945142663,0.02130636867756645,0.020558550798644624,0.0,0.0,0.031027989387512212,False,False
2.46,-0.9852861762046814,24.306732177734375,2.5090994834899902,-2.409484123063664,0.5304473895473887,0.8240500000000236,0.1759499999999764,0.0,608,572,0.7715357739356477,1.2284642260643523,49.0,49,3.0,25.0,0.03797309473156929,21.320434629010183,15.608828977401373,0.0,0.0,0.0,-0.2855802825804405,1.0,0.12838725745677948,0.04343441501259804,0.047251880168914795,0.023064030315493707,0.022800574029329713,0.02127210609614849,0.020524572270611923,0.0,0.0,0.02832152843475342,False,False
2.465,-1.1916828155517578,24.283597946166992,2.5239334106445312,2.53237409400755,0.999781625038164,0.8239500000000236,0.1760499999999764,0.0,540,517,1.1239077927743437,0.8760922072256564,36.0,36,2.0,23.0,0.03789348900318146,19.543731743259332,22.641426562617923,0.0,0.0,0.0,0.15488474096792954,1.0,0.12826423346996307,0.04344424232840538,0.047251343727111816,0.022948514542774766,0.022685191915408874,0.021516099416961275,0.020759500718365114,0.0,0.0,0.01671703338623047,False,False
2.47,-1.3583948612213135,24.345277786254883,2.5017495155334473,-2.94496207524955,0.5737698538387399,0.8238500000000236,0.17614999999997638,0.0,520,490,1.446915476709815,0.5530845232901851,13.0,13,2.0,19.0,0.03780870884656906,17.915087431321055,29.087974349066428,0.0,0.0,0.0,0.5586443458872686,1.0,0.12790314853191376,0.0433158241212368,0.04725062847137451,0.022746945308482133,0.022497541402078096,0.02154342131689191,0.02078901588295897,0.0,0.0,0.015582364797592164,False,False
2.475,-1.3851455450057983,24.460285186767578,2.4447624683380127,3.132158414226166,0.515074547816516,0.8237500000000236,0.17624999999997637,0.0,616,572,1.4096725203173301,0.5903274796826697,24.0,24,2.0,33.0,0.03773489221930504,16.422163478710967,26.663976486644223,0.0,0.0,0.0,0.5120906503966628,1.0,0.12736476957798004,0.04326388239860535,0.04725003242492676,0.022517523501184314,0.02230201211210761,0.021277833729982376,0.020540852565318346,0.0,0.0,0.023202543258666993,False,False
2.48,-1.2988272905349731,24.49070167541504,2.400770425796509,2.7657732328001607,0.6442493793406202,0.8236500000000236,0.17634999999997636,0.0,578,553,1.3755331436242195,0.6244668563757805,26.0,26,0.0,24.0,0.03778252750635147,15.053649855485052,24.441978446090538,0.0,0.0,0.0,0.4694164295302743,1.0,0.12665511667728424,0.04321848973631859,0.047249436378479004,0.022475898629636053,0.02228720971324902,0.02108266344293952,0.02035461754227678,0.0,0.0,0.017259173393249512,False,False
2.485,-1.2337658405303955,24.508071899414062,2.381770133972168,2.6438896045375184,0.7194595560969713,0.8235500000000237,0.17644999999997635,0.0,595,560,1.344238714988868,0.6557612850111321,44.0,44,7.0,27.0,0.03783543407917023,13.79917903419463,22.405146908916326,0.0,0.0,0.0,0.4302983937360848,1.0,0.12578003108501434,0.043311506509780884,0.047248780727386475,0.02249088861541001,0.02230662981044301,0.021014670686175428,0.020284639516224466,0.0,0.0,0.015509523153305055,False,False
2.49,-1.282395601272583,24.59581756591797,2.3713178634643555,2.474555718884872,1.0,0.8234500000000237,0.17654999999997634,0.0,698,661,0.9822188220731287,1.0177811779268713,51.0,51,4.0,16.0,0.03776884824037552,20.982580781345078,20.538051333173296,0.0,0.0,0.0,-0.022226472408589083,1.0,0.1258224993944168,0.04343905672430992,0.04724806547164917,0.022345058839651308,0.022166716426843334,0.020928199713428818,0.020202892677237592,0.0,0.0,0.022755284309387207,False,False
2.495,-1.3558852672576904,24.631608963012695,2.332662343978882,2.463816021653946,0.9992443110567788,0.8233500000000237,0.17664999999997633,0.0,651,617,0.9837005869003681,1.016299413099632,22.0,22,4.0,19.0,0.03811280429363251,19.234032382899652,18.826547055408856,0.0,0.0,0.0,-0.020374266374539828,1.0,0.12562195956707,0.0433688685297966,0.047247469425201416,0.02223029304544086,0.022076458303994677,0.020861248485744,0.020145632637043796,0.0,0.0,0.017385907173156738,False,False
2.5,-1.4088757038116455,24.710222244262695,2.366208076477051,2.038967252405307,0.6794693109686727,0.8232500000000237,0.17674999999997631,0.0,563,530,0.9850588713253374,1.0149411286746626,23.0,23,3.0,18.0,0.03827564790844917,17.63119635099135,17.257668134124785,0.0,0.0,0.0,-0.018676410843328207,1.0,0.1252392828464508,0.04331871494650841,0.04724681377410889,0.022122555501642195,0.021950966937272994,0.02086140991499027,0.020141419178495806,0.0,0.0,0.01999901294708252,False,False
2.505,-1.4476102590560913,24.87168312072754,2.380340337753296,3.0238045264697733,0.47303633727090266,0.8231500000000237,0.1768499999999763,0.0,568,535,0.9863039653815593,1.0136960346184407,46.0,46,3.0,25.0,0.03818497434258461,16.161929988408737,15.819529122947719,0.0,0.0,0.0,-0.0171200432730509,1.0,0.12468058615922928,0.04341375455260277,0.04724621772766113,0.021915649276342732,0.02173580927308605,0.02073172867919008,0.02001557033509016,0.0,0.0,0.016473196744918824,False,False
2.5100000000000002,-1.4866019487380981,25.005586624145508,2.361135482788086,2.7120142671929157,0.776704502942944,0.8230500000000237,0.1769499999999763,0.0,554,527,0.9874453015997626,1.0125546984002374,35.0,35,1.0,34.0,0.03810856118798256,14.815102489374675,14.501235029368742,0.0,0.0,0.0,-0.015693373000296697,1.0,0.12395184487104416,0.043424155563116074,0.04724544286727905,0.021738672029847465,0.02157281209489598,0.02054518787190318,0.019841747513661783,0.0,0.0,0.01372119426727295,False,False
2.515,-1.6021384000778198,25.030834197998047,2.3956458568573,2.7603441179413175,0.884982291811222,0.8229500000000237,0.17704999999997628,0.0,575,531,0.6551581931331157,1.3448418068668841,15.0,15,5.0,35.0,0.0380113460123539,21.913843948593453,13.292798776921346,0.0,0.0,0.0,-0.4310522585836053,1.0,0.12305889278650284,0.043312445282936096,0.0472448468208313,0.021644644336037213,0.02146381009498102,0.02069399847338597,0.019979428810377918,0.0,0.0,0.01868534326553345,False,False
2.52,-1.6876336336135864,24.993104934692383,2.4496450424194336,2.901809334717172,0.5373643703535667,0.8228500000000237,0.17714999999997627,0.0,526,497,0.6838950103720228,1.316104989627977,22.0,22,0.0,31.0,0.03792557492852211,20.087690286210663,12.185065545511234,0.0,0.0,0.0,-0.39513123703497144,1.0,0.12200739979743958,0.04322529211640358,0.04724419116973877,0.021644296435988076,0.02143471873539923,0.020936353442569576,0.02020418643951416,0.0,0.0,0.019241175651550292,False,False
2.525,-1.671750545501709,24.954463958740234,2.488424301147461,3.087691904930514,0.577267986665505,0.8227500000000237,0.17724999999997626,0.0,578,548,0.7102370928410209,1.2897629071589791,33.0,33,2.0,31.0,0.037838466465473175,18.413716095693108,11.16964341671863,0.0,0.0,0.0,-0.3622036339487239,1.0,0.1218801736831665,0.04319743439555168,0.04724353551864624,0.021710682160181797,0.021481293756359134,0.02101759503905972,0.020279091161986194,0.0,0.0,0.011955466270446777,False,False
2.5300000000000002,-1.7437047958374023,24.95737075805664,2.535212755203247,3.060155588044619,0.5634693032967506,0.8226500000000238,0.17734999999997625,0.0,668,625,0.7343840017709358,1.2656159982290642,17.0,17,5.0,29.0,0.037806056439876556,16.87923975438535,10.238839798658743,0.0,0.0,0.0,-0.3320199977863303,1.0,0.12151645869016647,0.04310992360115051,0.04724287986755371,0.021696773069561023,0.021447100061534784,0.021159608537952106,0.020412816666066647,0.0,0.0,0.021171679496765138,False,False
2.535,-1.8363792896270752,24.987512588500977,2.574838876724243,3.0490250211233367,0.656358370789488,0.8225500000000238,0.17744999999997624,0.0,749,701,1.423185334956691,0.576814665043309,57.0,57,5.0,34.0,0.03800596669316292,15.472636441519903,26.052269815437178,0.0,0.0,0.0,0.5289816686958637,1.0,0.12097696214914322,0.043293874710798264,0.047242164611816406,0.021638848088332014,0.021371917007956223,0.021294024772942066,0.02054004231467843,0.0,0.0,0.034090518951416016,False,False
2.54,-1.8582303524017334,25.021114349365234,2.5972073078155518,2.695232850694211,0.917914343617943,0.8224500000000238,0.17754999999997623,0.0,689,650,1.3879198903769667,0.6120801096230333,66.0,66,3.0,22.0,0.038045838475227356,14.183250071393244,23.881247330817413,0.0,0.0,0.0,0.4848998629712084,1.0,0.1213449239730835,0.043543338775634766,0.04724150896072388,0.021617986691222713,0.02134163428482091,0.021301215359320246,0.020547693129628897,0.0,0.0,0.015381644964218141,False,False
2.545,-1.9967377185821533,25.033775329589844,2.591470718383789,2.6522969735053534,0.9252394259531136,0.8223500000000238,0.17764999999997622,0.0,649,604,1.0222598995122194,0.9777401004877805,24.0,24,3.0,24.0,0.038381025195121765,21.33464589877714,21.891143386582627,0.0,0.0,0.0,0.027824874390274347,1.0,0.12146000564098358,0.04348428174853325,0.04724085330963135,0.021487053260866428,0.021218954568029882,0.021379139895240467,0.02062111239259442,0.0,0.0,0.022695767879486083,False,False
2.5500000000000003,-2.1812081336975098,24.962186813354492,2.6001129150390625,3.078432652236657,0.43946340856687294,0.8222500000000238,0.1777499999999762,0.0,634,598,1.0204049078862012,0.9795950921137988,25.0,25,4.0,36.0,0.038453951478004456,19.55675874054571,20.06688143770074,0.0,0.0,0.0,0.025506134857751484,1.0,0.12138333171606064,0.04343423619866371,0.04724013805389404,0.021457515790010373,0.021189405297394416,0.02166502410545945,0.020895901446541153,0.0,0.0,0.014560309648513795,False,False
2.555,-2.27118182182312,25.01921844482422,2.5644311904907227,2.7272542641396873,0.8959026853870568,0.8221500000000238,0.1778499999999762,0.0,618,578,1.0187044988956844,0.9812955011043156,44.0,44,4.0,31.0,0.03838663548231125,26.260362178833567,26.727974651225676,0.0,0.0,0.0,0.023380623619605422,1.0,0.12112126499414444,0.04349836707115173,0.047239482402801514,0.021313776532769703,0.021062806471211722,0.02157596405595541,0.02081457758322358,0.0,0.0,0.018764311075210573,False,False
2.56,-2.281435012817383,25.154016494750977,2.515608072280884,2.8674388077644806,0.3606032700667408,0.8220500000000238,0.17794999999997618,0.0,561,530,1.3504791239877105,0.6495208760122895,48.0,48,1.0,38.0,0.03833388909697533,24.07199866393077,32.83397676362353,0.0,0.0,0.0,0.4380989049846381,1.0,0.12175727635622025,0.04360715672373772,0.047238826751708984,0.02108868589729494,0.020865367127698427,0.02128441585227847,0.02053803143401941,0.0,0.0,0.017028621435165404,False,False
2.565,-2.2253732681274414,25.16033935546875,2.490290641784668,-2.9119672238585688,0.7665509038697104,0.8219500000000238,0.17804999999997617,0.0,547,516,1.321272530322068,0.678727469677932,32.0,32,5.0,31.0,0.03831746429204941,22.065998775269872,30.09781203332157,0.0,0.0,0.0,0.40159066290258494,1.0,0.12213126569986343,0.043600451201200485,0.047238171100616455,0.021086842353455294,0.020875510937650266,0.02120977422843377,0.020463516314824425,0.0,0.0,0.012816039323806764,False,False
2.57,-2.2159876823425293,25.20479393005371,2.456831693649292,-2.7930830858399274,0.7094648370905005,0.8218500000000238,0.17814999999997616,0.0,625,588,1.2944998194618955,0.7055001805381045,27.0,27,1.0,33.0,0.03824440389871597,20.227165543997383,27.58966103054477,0.0,0.0,0.0,0.3681247743273694,1.0,0.12230458855628967,0.0435301810503006,0.0472375750541687,0.021021039236258914,0.020823919844774424,0.0211007675776879,0.020359416181842487,0.0,0.0,0.018500728607177736,False,False
2.575,-2.289494514465332,25.278635025024414,2.43026065826416,2.988577054279897,0.42812782517684783,0.8217500000000239,0.17824999999997615,0.0,657,623,1.2699581678400707,0.7300418321599292,44.0,44,5.0,25.0,0.03816885128617287,18.541568415330936,25.290522611332705,0.0,0.0,0.0,0.3374477098000884,1.0,0.12228383123874664,0.04357998073101044,0.04723680019378662,0.020873940361081197,0.020692284432006578,0.020995632900545996,0.02026336112370094,0.0,0.0,0.021268548965454104,False,False
2.58,-2.3149924278259277,25.26474380493164,2.4045352935791016,-2.5283788340593123,1.0,0.8216500000000239,0.17834999999997614,0.0,596,559,1.2474616538533982,0.7525383461466018,19.0,19,3.0,9.0,0.038082268089056015,16.996437714053357,23.182979060388313,0.0,0.0,0.0,0.30932706731674775,1.0,0.12315268814563751,0.04349338635802269,0.04723626375198364,0.020840271074557257,0.020675487648113215,0.020958151823530596,0.020235641083369654,0.0,0.0,0.018796935081481937,False,False
2.585,-2.3877816200256348,25.34659767150879,2.4280037879943848,3.053209318582145,0.5896566179416238,0.8215500000000239,0.17844999999997613,0.0,599,568,1.2268398493656152,0.7731601506343849,54.0,54,3.0,15.0,0.03799866512417793,15.58006790454891,21.251064138689287,0.0,0.0,0.0,0.2835498117070189,1.0,0.12375126779079437,0.043626826256513596,0.04723554849624634,0.020727460530702534,0.02054933216131716,0.020970668798933428,0.020240807595352333,0.0,0.0,0.026851434707641602,False,False
2.59,-2.3966314792633057,25.51872444152832,2.3996331691741943,-3.117709384481576,0.5523160179268769,0.8214500000000239,0.17854999999997612,0.0,498,477,0.8746031952518138,1.1253968047481862,29.0,29,1.0,38.0,0.03807301074266434,22.615062245836498,19.480142127131845,0.0,0.0,0.0,-0.15674600593523264,1.0,0.1241411492228508,0.04364489018917084,0.04723489284515381,0.020543883673341843,0.020377338199022127,0.020715588858971994,0.01999897649511695,0.0,0.0,0.015588997602462771,False,False
2.595,-2.493903160095215,25.64496612548828,2.4278273582458496,2.8488600726220774,0.888989597584104,0.8213500000000239,0.1786499999999761,0.0,511,474,0.8850529289808294,1.1149470710191707,24.0,24,1.0,30.0,0.03809152916073799,20.730473725350123,17.85679694987086,0.0,0.0,0.0,-0.14368383877396324,1.0,0.1243291050195694,0.04357133060693741,0.04723423719406128,0.020391414563753228,0.020216668613953104,0.020683843176811934,0.019966877686480682,0.0,0.0,0.012462902069091796,False,False
2.6,-2.647571086883545,25.705589294433594,2.4948861598968506,-2.9436574153518174,0.5557919169887201,0.8212500000000239,0.1787499999999761,0.0,522,489,0.8946318515657603,1.1053681484342397,21.0,21,3.0,28.0,0.03803577646613121,19.00293424823761,16.36873053738162,0.0,0.0,0.0,-0.13171018554279962,1.0,0.12432177364826202,0.04349243640899658,0.04723358154296875,0.02027038769517053,0.020068700254933194,0.020858199956516426,0.020126489301522575,0.0,0.0,0.016438301801681522,False,False
2.605,-2.689974308013916,25.74943733215332,2.5352835655212402,-3.0425008116152954,0.47031342724831154,0.8211500000000239,0.17884999999997608,0.0,668,636,0.9034125306019469,1.096587469398053,46.0,46,2.0,30.0,0.03806107118725777,17.41935639421781,15.004669659266483,0.0,0.0,0.0,-0.1207343367475664,1.0,0.12412561476230621,0.04358455538749695,0.047232866287231445,0.020213282982391518,0.01999332939352179,0.020913139451295137,0.020177304589500032,0.0,0.0,0.013063145875930788,False,False
2.61,-2.6856396198272705,25.75631332397461,2.561929702758789,-3.126662819311572,0.5913637498900147,0.8210500000000239,0.17894999999997607,0.0,686,656,1.244794819718451,0.7552051802815488,36.0,36,4.0,30.0,0.038455456495285034,24.30107669469966,30.42094718766094,0.0,0.0,0.0,0.30599352464806395,1.0,0.12374690920114517,0.04360127076506615,0.047232210636138916,0.020211101195774565,0.019978826178935885,0.020915520532677572,0.020177475331972044,0.0,0.0,0.012019776105880738,False,False
2.615,-2.783012866973877,25.74354362487793,2.587024688720703,2.6356331905457155,0.5916438427698364,0.8209500000000239,0.17904999999997606,0.0,617,585,1.2243952514085803,0.7756047485914197,22.0,22,6.0,21.0,0.038450248539447784,22.275986970141354,27.88586825535586,0.0,0.0,0.0,0.2804940642607253,1.0,0.12426908314228058,0.04353425279259682,0.04723155498504639,0.02017741670800953,0.019936895351895346,0.021051214231799047,0.020304673817008734,0.0,0.0,0.017690718173980713,False,False
2.62,-2.8549256324768066,25.749393463134766,2.600959300994873,2.9245037109547964,0.7895232708353538,0.820850000000024,0.17914999999997605,0.0,555,520,1.205695647124532,0.7943043528754681,25.0,25,4.0,19.0,0.038352370262145996,20.419654722629573,25.56204590074287,0.0,0.0,0.0,0.25711955890566485,1.0,0.12453196197748184,0.043498445302248,0.04723095893859863,0.02014552614445913,0.019900754964754828,0.021140476843963068,0.02038877302159866,0.0,0.0,0.011722353696823121,False,False
2.625,-2.9401590824127197,25.772998809814453,2.5418612957000732,3.094471321542546,0.590877637363377,0.820750000000024,0.17924999999997604,0.0,629,587,1.1885543431974877,0.8114456568025125,67.0,67,3.0,18.0,0.038264140486717224,18.718016829077108,23.431875409014296,0.0,0.0,0.0,0.2356929289968594,1.0,0.12459685653448105,0.04369957000017166,0.047230303287506104,0.020019076613825338,0.019801763608236392,0.021066022260735433,0.02031911707793673,0.0,0.0,0.022913742065429687,False,False
2.63,-3.1053433418273926,25.749549865722656,2.544616222381592,2.7654877055019726,0.4958470310737833,0.820650000000024,0.17934999999997603,0.0,651,621,0.8395081479310302,1.1604918520689698,41.0,41,5.0,27.0,0.0382060669362545,25.491515426654015,21.47921912492977,0.0,0.0,0.0,-0.20061481508621223,1.0,0.12554755806922913,0.04375072941184044,0.047229647636413574,0.0199285999724327,0.019715402578973435,0.021228060747186344,0.020474449265748262,0.0,0.0,0.019390759468078615,False,False
2.6350000000000002,-3.2602226734161377,25.759443283081055,2.5679287910461426,2.9629161475000165,0.5172727668442597,0.820550000000024,0.17944999999997602,0.0,591,554,0.5195491356034443,1.4804508643965557,13.0,13,1.0,28.0,0.03817126899957657,31.70055580776618,19.689284197852288,0.0,0.0,0.0,-0.6005635804956946,1.0,0.12622427940368652,0.04362507164478302,0.04722893238067627,0.01986365269621173,0.019641874628994836,0.02138006656120221,0.020619584247469902,0.0,0.0,0.01476381778717041,False,False
2.64,-3.3134379386901855,25.856515884399414,2.51273512840271,2.8049578382492615,0.6471996645238326,0.820450000000024,0.179549999999976,0.0,661,622,0.5595867076364907,1.4404132923635093,32.0,32,4.0,39.0,0.03810671716928482,29.058842823785664,18.04851051469793,0.0,0.0,0.0,-0.5505166154543867,1.0,0.12668868899345398,0.04363570362329483,0.04722827672958374,0.019695495806517613,0.019498032312606998,0.021157339991380773,0.020413313371439777,0.0,0.0,0.01708775401115418,False,False
2.645,-3.3047831058502197,25.956483840942383,2.4687631130218506,2.4946493452475225,0.584267615030754,0.820350000000024,0.179649999999976,0.0,583,557,0.5962878153334499,1.4037121846665501,65.0,65,1.0,18.0,0.03801588714122772,26.63727258847019,16.544467971806437,0.0,0.0,0.0,-0.5046402308331877,1.0,0.12694768607616425,0.04381616786122322,0.04722762107849121,0.019542048882459823,0.019367104310852392,0.020897930953651667,0.020172672035793465,0.0,0.0,0.016843550205230713,False,False
2.65,-3.274266004562378,25.957002639770508,2.4501733779907227,1.782749804241327,0.8231981881626002,0.820250000000024,0.17974999999997598,0.0,550,517,0.6299304973889958,1.3700695026110044,39.0,39,0.0,25.0,0.03818417340517044,24.41749987276434,15.165762307489233,0.0,0.0,0.0,-0.4625868782637553,1.0,0.12700796127319336,0.04387512803077698,0.04722696542739868,0.019542439443640945,0.019374578136096627,0.020866737856219213,0.02014160544301073,0.0,0.0,0.012844543457031251,False,False
2.6550000000000002,-3.3130788803100586,26.036884307861328,2.4275338649749756,2.4461864636034574,0.7988405336863841,0.820150000000024,0.17984999999997597,0.0,581,541,0.3274362892732462,1.5,21.0,21,7.0,24.0,0.03810334950685501,30.716041550033975,13.90194878186513,0.0,0.0,0.0,-0.8407046384084422,1.0,0.1268760859966278,0.043805476278066635,0.04722630977630615,0.01943660203891301,0.01927801441401204,0.020747509164114795,0.02003012380252282,0.0,0.0,0.019481391906738282,False,False
2.66,-3.3938732147216797,26.113317489624023,2.4038138389587402,2.7438444619344557,0.8295441703607538,0.820050000000024,0.17994999999997596,0.0,599,555,0.3834832651671425,1.5,27.0,27,4.0,30.0,0.0380113422870636,28.156371420864474,12.743453050043035,0.0,0.0,0.0,-0.7706459185410719,1.0,0.12763571739196777,0.04374891519546509,0.04722559452056885,0.019304871009235502,0.019158191233368517,0.02064042181397478,0.01993381495897969,0.0,0.0,0.02492985486984253,False,False
2.665,-3.4301230907440186,26.13614845275879,2.410344123840332,2.06723742949893,0.32445059795375497,0.819950000000024,0.18004999999997595,0.0,616,578,0.4348596597365473,1.5,33.0,33,2.0,27.0,0.03792775794863701,25.810007135792432,11.681498629206114,0.0,0.0,0.0,-0.7064254253293158,1.0,0.12812694907188416,0.04371553286910057,0.04722505807876587,0.019258892192272076,0.019110939896199462,0.020635430701076984,0.019929343058417242,0.0,0.0,0.014765332937240602,False,False
2.67,-3.461840867996216,26.26931381225586,2.4286088943481445,2.8214139934196463,0.8801467649360032,0.8198500000000241,0.18014999999997594,0.0,726,674,0.19999999999999996,1.5,38.0,38,6.0,32.0,0.03811138868331909,40.325839874476394,10.708040410105605,0.0,0.0,0.0,-1.0,1.0,0.12841129302978516,0.04374917224049568,0.047224342823028564,0.019119457637890788,0.018961940598673732,0.020520257918785017,0.019813801627606153,0.0,0.0,0.023639726638793945,False,False
2.6750000000000003,-3.45383620262146,26.424264907836914,2.407299041748047,-3.1344029263834714,0.7806930754114566,0.8197500000000241,0.18024999999997593,0.0,586,562,0.19999999999999996,1.5,25.0,25,1.0,16.0,0.03819914907217026,45.29868655160335,9.81570370926347,0.0,0.0,0.0,-1.0,1.0,0.12849552929401398,0.04371481388807297,0.047223687171936035,0.018991003917025327,0.01884353854080313,0.02026730993141731,0.019578080779562395,0.0,0.0,0.01805776357650757,False,False
2.68,-3.5388071537017822,26.456634521484375,2.459489583969116,2.572836637771466,0.5781157568895969,0.8196500000000241,0.18034999999997592,0.0,587,547,0.19999999999999996,1.5,25.0,25,1.0,27.0,0.03821885213255882,41.523796005636406,8.99772840015818,0.0,0.0,0.0,-1.0,1.0,0.12946350872516632,0.04364249110221863,0.047223031520843506,0.018960134700561182,0.018794983629874196,0.020377579300353926,0.01967617232973377,0.0,0.0,0.020789422988891602,False,False
2.685,-3.635309934616089,26.39755630493164,2.5274977684020996,2.7495778831898416,0.9137853350363615,0.8195500000000241,0.1804499999999759,0.0,612,581,0.19999999999999996,1.5,19.0,19,2.0,36.0,0.038144659250974655,38.06347967183337,16.58125103347833,0.0,0.0,0.0,-1.0,1.0,0.1301555186510086,0.04354190081357956,0.04722237586975098,0.018975069085252084,0.01878182457759938,0.020653486717492342,0.019929237508525453,0.0,0.0,0.021173291206359864,False,False
2.69,-3.6330227851867676,26.3344783782959,2.5621047019958496,2.370103382801503,0.18738178447648482,0.8194500000000241,0.1805499999999759,0.0,652,607,0.2123182832603151,1.5,51.0,51,4.0,29.0,0.03807883337140083,34.89152303251392,15.199480114021803,0.0,0.0,0.0,-0.984602145924606,1.0,0.13063327968120575,0.04364573210477829,0.04722172021865845,0.0190317904034548,0.018824818426432327,0.020787878893315792,0.02005426756416758,0.0,0.0,0.019739698171615604,False,False
2.695,-3.675459384918213,26.314117431640625,2.610672950744629,2.969971429471136,0.6723922524922713,0.8193500000000241,0.18064999999997589,0.0,638,604,0.19999999999999996,1.5,46.0,46,7.0,42.0,0.038014862686395645,48.650562779804424,13.932856771186652,0.0,0.0,0.0,-1.0,1.0,0.13090373575687408,0.04375411197543144,0.04722112417221069,0.019049726159350248,0.018826488272519395,0.02092531261344751,0.020183139325429998,0.0,0.0,0.0220116400718689,False,False
2.7,-3.8272666931152344,26.320171356201172,2.7150630950927734,-1.5730393707948367,0.30352027681742766,0.8192500000000241,0.18074999999997587,0.0,607,576,0.19999999999999996,1.5,18.0,18,3.0,32.0,0.03810889646410942,44.59634921482072,21.105118706921097,0.0,0.0,0.0,-1.0,1.0,0.130973681807518,0.04366166889667511,0.04722034931182861,0.01907074438175148,0.018809088908019096,0.021280754978458088,0.020518587746967874,0.0,0.0,0.03188588857650757,False,False
2.705,-3.909174919128418,26.30492401123047,2.749054193496704,2.441345304676613,0.9999999949620472,0.8191500000000241,0.18084999999997586,0.0,563,533,0.19999999999999996,1.5,29.0,29,1.0,13.0,0.03825344145298004,40.879986780252324,19.34635881467767,0.0,0.0,0.0,-1.0,1.0,0.1308497041463852,0.043623387813568115,0.047219812870025635,0.01907871385376551,0.018806491403374436,0.021442299863944452,0.02067308950548371,0.0,0.0,0.02610309600830078,False,False
2.71,-4.034337997436523,26.2945499420166,2.7492904663085938,-3.114155013363112,0.5652122039297156,0.8190500000000241,0.18094999999997585,0.0,602,565,0.21043364126226272,1.5,42.0,42,0.0,21.0,0.03819034621119499,37.473321215231294,17.734162246787864,0.0,0.0,0.0,-0.9869579484221715,1.0,0.13053825497627258,0.04368026182055473,0.047219157218933105,0.019005426456802137,0.018736344572039872,0.02153332189967235,0.020758504203210276,0.0,0.0,0.020912692546844483,False,False
2.715,-4.214682102203369,26.274208068847656,2.7783570289611816,-2.720000360826117,0.5786047788985369,0.8189500000000242,0.18104999999997584,0.0,578,549,0.276230837823741,1.5,27.0,27,4.0,32.0,0.03812791407108307,34.35054444729535,16.256315392888876,0.0,0.0,0.0,-0.9047114527203236,1.0,0.13004562258720398,0.043644122779369354,0.0472184419631958,0.018942350352997503,0.01866692340315747,0.021723757963627577,0.02094488979006807,0.0,0.0,0.010567713975906372,False,False
2.72,-4.368612289428711,26.30910873413086,2.7676258087158203,2.733283607004034,0.9175233712296968,0.8188500000000242,0.18114999999997583,0.0,531,501,0.3365449346717626,1.5,18.0,18,4.0,28.0,0.0383073091506958,31.4879990766874,14.901622443481468,0.0,0.0,0.0,-0.8293188316602966,1.0,0.13045519590377808,0.04353158175945282,0.04721790552139282,0.018817402751611475,0.018548321123350964,0.021752261091023684,0.020974052604287863,0.0,0.0,0.009860323667526245,False,False
2.725,-4.412894248962402,26.395736694335938,2.7598042488098145,-2.92075961658964,0.6014244601999632,0.8187500000000242,0.18124999999997582,0.0,696,658,0.19999999999999996,1.5,22.0,22,5.0,30.0,0.038240596652030945,37.19733248696345,13.659820573191345,0.0,0.0,0.0,-1.0,1.0,0.13060680031776428,0.04345200955867767,0.04721713066101074,0.01869234755072549,0.018429328147670808,0.02161021654804548,0.020839580489943426,0.0,0.0,0.021527202129364015,False,False
2.73,-4.37923002243042,26.425769805908203,2.762779712677002,-3.0483864570728394,0.4504344635113701,0.8186500000000242,0.1813499999999758,0.0,628,581,0.19999999999999996,1.5,52.0,52,2.0,27.0,0.038187507539987564,34.09755477971649,12.521502192092065,0.0,0.0,0.0,-1.0,1.0,0.1305617392063141,0.04357917979359627,0.047216594219207764,0.018670761477551045,0.018408297371933793,0.021558120691527925,0.02078685211017728,0.0,0.0,0.021075327396392823,False,False
2.735,-4.412464141845703,26.442720413208008,2.729290723800659,1.0346804713620528,0.020961957668746364,0.8185500000000242,0.1814499999999758,0.0,638,606,0.19999999999999996,1.5,59.0,59,6.0,28.0,0.03811586648225784,39.58942521474012,11.478043676084392,0.0,0.0,0.0,-1.0,1.0,0.13032647967338562,0.04373351112008095,0.04721587896347046,0.018622770835722727,0.01837147005981107,0.02151212344566981,0.020739685278385878,0.0,0.0,0.02104947090148926,False,False
2.74,-4.466463088989258,26.490312576293945,2.722060441970825,-3.095737540086355,0.8761915819467272,0.8184500000000242,0.1815499999999758,0.0,621,579,0.19999999999999996,1.5,30.0,30,2.0,29.0,0.03803441300988197,44.623639780178436,10.521540036410691,0.0,0.0,0.0,-1.0,1.0,0.12990739941596985,0.04377175122499466,0.047215282917022705,0.018558143350761006,0.01830959408637099,0.02147019064674775,0.020697920117527246,0.0,0.0,0.025763318538665776,False,False
2.745,-4.456374645233154,26.526779174804688,2.727092981338501,2.6393488111097376,0.6000026818354511,0.8183500000000242,0.18164999999997578,0.0,694,650,0.19999999999999996,1.5,46.0,46,3.0,32.0,0.038320232182741165,40.905003131830235,17.9780783667098,0.0,0.0,0.0,-1.0,1.0,0.1293106973171234,0.04386867210268974,0.0472145676612854,0.018528690999489828,0.018278920339885724,0.021417123110344015,0.020646612780789535,0.0,0.0,0.02248920202255249,False,False
2.75,-4.495574951171875,26.562196731567383,2.788177728652954,-3.079505572968536,0.6474974835532809,0.8182500000000242,0.18174999999997576,0.0,675,642,0.19999999999999996,1.5,57.0,57,2.0,33.0,0.038476813584566116,37.49625287084438,16.47990516948398,0.0,0.0,0.0,-1.0,1.0,0.12961968779563904,0.04405425116419792,0.04721403121948242,0.018519091871101033,0.01824989830450273,0.02151814134170612,0.020743573550134897,0.0,0.0,0.019535615444183353,False,False
2.755,-4.545730113983154,26.681758880615234,2.8308873176574707,2.691994757195567,0.5944084512967099,0.8181500000000242,0.18184999999997575,0.0,577,540,0.19999999999999996,1.5,30.0,30,5.0,26.0,0.03842625394463539,42.70489846494068,15.106579738693648,0.0,0.0,0.0,-1.0,1.0,0.12967409193515778,0.04401582479476929,0.04721325635910034,0.018442243858783437,0.018161308974182482,0.021453018610676132,0.02068494213744998,0.0,0.0,0.02336573362350464,False,False
2.7600000000000002,-4.569512844085693,26.734516143798828,2.809441089630127,3.0839275714669854,0.7938493003706767,0.8180500000000243,0.18194999999997574,0.0,586,559,0.19999999999999996,1.5,25.0,25,1.0,22.0,0.03834987059235573,47.47949025952896,13.84769809380251,0.0,0.0,0.0,-1.0,1.0,0.12953510880470276,0.04392263665795326,0.04721266031265259,0.01839021491433922,0.018119401807896424,0.02133324199045698,0.02056897385045886,0.0,0.0,0.029148411750793458,False,False
2.765,-4.604397296905518,26.668533325195312,2.8698439598083496,2.390069719758144,0.8055199920237917,0.8179500000000243,0.18204999999997573,0.0,673,628,0.19999999999999996,1.5,25.0,25,2.0,34.0,0.038324881345033646,51.856199404568216,12.693723252652301,0.0,0.0,0.0,-1.0,1.0,0.12920916080474854,0.04385517165064812,0.04721200466156006,0.018456526909876855,0.01816531642937685,0.02157853295405706,0.020807493322839342,0.0,0.0,0.03849432229995728,False,False
2.77,-4.646076679229736,26.584518432617188,2.9365155696868896,-2.98567776025663,0.6777382771727762,0.8178500000000243,0.18214999999997572,0.0,635,597,0.19999999999999996,1.5,25.0,25,3.0,42.0,0.03834111616015434,47.53484945418753,11.635912981597942,0.0,0.0,0.0,-1.0,1.0,0.12870252132415771,0.04382188245654106,0.04721146821975708,0.018532346700123756,0.0182209298849723,0.02187514367202918,0.021099403966218233,0.0,0.0,0.026499249935150147,False,False
2.775,-4.657002925872803,26.568931579589844,2.9771387577056885,-2.9774961237573656,0.6446375146643252,0.8177500000000243,0.1822499999999757,0.0,722,682,0.19999999999999996,1.5,26.0,26,10.0,45.0,0.038275934755802155,43.573611999671904,10.66625356646478,0.0,0.0,0.0,-1.0,1.0,0.12802131474018097,0.04376113414764404,0.047210693359375,0.018558950412436007,0.01823733618878722,0.021975922863930464,0.021203273596862953,0.0,0.0,0.034551687240600586,False,False
2.7800000000000002,-4.7042741775512695,26.539813995361328,3.025231122970581,2.9550354389272617,0.8130891709349483,0.8176500000000243,0.1823499999999757,0.0,728,694,0.19999999999999996,1.5,65.0,65,2.0,33.0,0.03825341910123825,39.94247766636591,9.777399102592716,0.0,0.0,0.0,-1.0,1.0,0.12824875116348267,0.043956100940704346,0.04721015691757202,0.01859631384354202,0.018262942496221138,0.022150554383794468,0.021379754568139713,0.0,0.0,0.043986272811889646,False,False
2.785,-4.740588188171387,26.496095657348633,3.050452947616577,2.9187248942409534,0.5897647463800723,0.8175500000000243,0.1824499999999757,0.0,628,600,0.19999999999999996,1.5,33.0,33,1.0,19.0,0.03826349601149559,36.613937860835414,8.962615844043322,0.0,0.0,0.0,-1.0,1.0,0.12822450697422028,0.04395422711968422,0.04720944166183472,0.01864052972523457,0.018300636152193194,0.022299992851912975,0.02152870564411084,0.0,0.0,0.04998753547668457,False,False
2.79,-4.816994667053223,26.49808692932129,3.0152587890625,-2.8268207745887795,0.4258142479822352,0.8174500000000243,0.18254999999997568,0.0,585,552,0.19999999999999996,1.5,40.0,40,3.0,29.0,0.0384560190141201,33.56277637243246,8.215731190373045,0.0,0.0,0.0,-1.0,1.0,0.12800970673561096,0.04402175173163414,0.04720884561538696,0.018590663589071105,0.018259319946867972,0.022309006502230964,0.021526947772751253,0.0,0.0,0.017555029392242433,False,False
2.795,-5.00629186630249,26.45966911315918,3.0392019748687744,2.8258248661252914,0.9284102360443328,0.8173500000000243,0.18264999999997567,0.0,643,599,0.19999999999999996,1.5,36.0,36,6.0,26.0,0.03850855305790901,30.76587834139642,7.5310869245086245,0.0,0.0,0.0,-1.0,1.0,0.1276106983423233,0.044050902128219604,0.04720824956893921,0.01853530410102841,0.01820209687785208,0.022525518046071134,0.02174251868079106,0.0,0.0,0.010528204441070558,False,False
2.8000000000000003,-5.21652889251709,26.398664474487305,3.0828285217285156,-2.0581803862801418,0.2584281867795654,0.8172500000000243,0.18274999999997565,0.0,617,581,0.19999999999999996,1.5,25.0,25,0.0,36.0,0.03848330304026604,28.20205514628005,6.9034963474662385,0.0,0.0,0.0,-1.0,1.0,0.12703369557857513,0.043985333293676376,0.04720759391784668,0.018497177849756175,0.018158012174185924,0.022876413228611153,0.02209199049199621,0.0,0.0,0.015431971549987794,False,False
2.805,-5.366909503936768,26.430259704589844,3.0536348819732666,-2.457400978779969,0.562836611119569,0.8171500000000244,0.18284999999997564,0.0,565,541,0.552386177376827,1.447613822623173,44.0,44,5.0,15.0,0.0384100042283535,25.851883884090043,14.661538318510718,0.0,0.0,0.0,-0.5595172782789662,1.0,0.12628473341464996,0.044079530984163284,0.0472070574760437,0.01837040726444646,0.0180405528971456,0.02287663364162048,0.02208489381397764,0.0,0.0,0.013544936180114747,False,False
2.81,-5.331676483154297,26.507841110229492,3.030092239379883,-3.1370791921932155,0.841503074302004,0.8170500000000244,0.18294999999997563,0.0,592,558,0.9230206625954248,1.076979337404575,30.0,30,0.0,30.0,0.03837522491812706,23.697560227082537,21.77307679196816,0.0,0.0,0.0,-0.09622417175571893,1.0,0.12644697725772858,0.04405304044485092,0.04720628261566162,0.018310896108547473,0.017986838641304466,0.02267937253539761,0.021884810800353687,0.0,0.0,0.01430602550506592,False,False
2.815,-5.217895984649658,26.560707092285156,3.002236843109131,3.0553296792926563,0.7944210736113229,0.8169500000000244,0.18304999999997562,0.0,499,468,0.9294356073791396,1.0705643926208603,31.0,31,2.0,26.0,0.03844531625509262,21.722763541492323,19.958653725970812,0.0,0.0,0.0,-0.08820549077607556,1.0,0.12636001408100128,0.04401309788227081,0.04720574617385864,0.018296144370066866,0.017978985577704946,0.02248366673787435,0.021686699086179338,0.0,0.0,0.018241610527038578,False,False
2.82,-5.157896995544434,26.62146759033203,2.9632880687713623,3.1305917248988564,0.5439702073696715,0.8168500000000244,0.1831499999999756,0.0,474,444,0.9353159734308778,1.0646840265691222,23.0,23,2.0,24.0,0.03837485611438751,19.912533246367964,18.29543258213991,0.0,0.0,0.0,-0.08085503321140272,1.0,0.12608490884304047,0.04394746199250221,0.04720509052276611,0.018244059933931193,0.017936972338473058,0.022273299594720207,0.02147660047436754,0.0,0.0,0.016726520061492924,False,False
2.825,-5.193820953369141,26.684118270874023,2.962372303009033,2.838824719846998,0.5086150648738217,0.8167500000000244,0.1832499999999756,0.0,482,452,0.6073729756449714,1.3926270243550287,28.0,28,0.0,28.0,0.03829430788755417,26.586488809170632,16.770813200294917,0.0,0.0,0.0,-0.49078378044378573,1.0,0.12562796473503113,0.04389478638768196,0.047204434871673584,0.018169866104454667,0.017864214398160518,0.022206465558459364,0.021410745102912188,0.0,0.0,0.02228714942932129,False,False
2.83,-5.2361369132995605,26.689788818359375,2.9611196517944336,3.0653060641470447,0.7666987477561278,0.8166500000000244,0.1833499999999756,0.0,524,491,0.6400918943412238,1.3599081056587763,17.0,17,0.0,21.0,0.038214731961488724,24.370948075073077,15.373245433603673,0.0,0.0,0.0,-0.4498851320734702,1.0,0.12499530613422394,0.043793875724077225,0.047203898429870605,0.01813747071253564,0.01783415142563135,0.02219927807648977,0.02140483818948269,0.0,0.0,0.020631959438323976,False,False
2.835,-5.306314945220947,26.742469787597656,3.039858341217041,3.0633382161244147,0.34201486349188964,0.8165500000000244,0.18344999999997558,0.0,587,550,0.6700842364794553,1.3299157635205447,29.0,29,1.0,21.0,0.03818436712026596,22.340035735483653,14.092141647470033,0.0,0.0,0.0,-0.412394704400681,1.0,0.12419293075799942,0.04376500844955444,0.0472031831741333,0.018137656270991634,0.01781406888482124,0.02232429726670186,0.021537907887250185,0.0,0.0,0.022970511913299563,False,False
2.84,-5.368376731872559,26.86006736755371,3.033808708190918,2.9083380744264655,0.8319508445982154,0.8164500000000244,0.18354999999997557,0.0,667,625,1.3642438834395005,0.6357561165604995,39.0,39,4.0,35.0,0.038225702941417694,20.478366090860014,29.584463176847528,0.0,0.0,0.0,0.4553048542993757,1.0,0.12322665750980377,0.04376601800322533,0.04720252752304077,0.01801365693542138,0.01769459877399847,0.022153245129932962,0.021372954361140728,0.0,0.0,0.024529190063476564,False,False
2.845,-5.4214630126953125,26.857080459594727,3.0340092182159424,2.979198065113342,0.8857081821296958,0.8163500000000244,0.18364999999997556,0.0,694,660,1.3338902264862087,0.6661097735137912,30.0,30,4.0,25.0,0.03818787261843681,18.771835583288347,27.119091245443567,0.0,0.0,0.0,0.417362783107761,1.0,0.12210217863321304,0.04374832287430763,0.04720199108123779,0.017997688847244345,0.017680339796080198,0.022184069578846298,0.021400592910746735,0.0,0.0,0.02212913751602173,False,False
2.85,-5.510229587554932,26.78078842163086,3.1032121181488037,-3.114201977654865,0.8175979896807524,0.8162500000000245,0.18374999999997554,0.0,701,666,1.3060660409456915,0.6939339590543085,34.0,34,7.0,25.0,0.03834151476621628,17.207515951347652,24.859166974989936,0.0,0.0,0.0,0.3825825511821142,1.0,0.12190230935811996,0.04377550631761551,0.04720121622085571,0.018072397934272514,0.017738364492077018,0.022561201670517526,0.02177602145820856,0.0,0.0,0.02153512239456177,False,False
2.855,-5.634020805358887,26.7869873046875,3.1116721630096436,3.0177728342082792,0.35706992840998614,0.8161500000000245,0.18384999999997553,0.0,687,650,0.9472272042002171,1.0527727957997828,43.0,43,7.0,24.0,0.03840634971857071,24.106889622068678,22.787569727074107,0.0,0.0,0.0,-0.06596599474972856,1.0,0.12146630883216858,0.04386668652296066,0.04720062017440796,0.01800045545872574,0.017666716263435106,0.02268756584574779,0.021896578061083954,0.0,0.0,0.022418665885925292,False,False
2.86,-5.671806812286377,26.812437057495117,-3.1275172233581543,-2.877665614662498,0.6833485386893828,0.8160500000000245,0.18394999999997552,0.0,642,603,0.6182916038501991,1.381708396149801,22.0,22,1.0,22.0,0.038367174565792084,30.431315486896285,20.888605583151264,0.0,0.0,0.0,-0.477135495187251,1.0,0.12085489183664322,0.0437757782638073,0.04719996452331543,0.0179917766171271,0.01764973186263002,0.02274081266174714,0.021960520340750616,0.0,0.0,0.025775587558746337,False,False
2.865,-5.746923446655273,26.75349998474121,-3.086364507675171,-2.7450244838598623,0.8740418175086299,0.8159500000000245,0.1840499999999755,0.0,581,558,0.3167673035293491,1.5,32.0,32,1.0,26.0,0.03830472007393837,36.228705862988264,19.14788845122199,0.0,0.0,0.0,-0.8540408705883136,1.0,0.12115129828453064,0.043759338557720184,0.0471993088722229,0.018031444950727372,0.01768157472449784,0.022979218823214374,0.022199680097401142,0.0,0.0,0.03780662059783936,False,False
2.87,-5.754271030426025,26.701618194580078,-3.057469129562378,-2.066384374333727,0.5905669497737995,0.8158500000000245,0.1841499999999755,0.0,529,499,0.3737033615685701,1.5,39.0,39,3.0,28.0,0.038238950073719025,33.20964704107257,17.552231080286823,0.0,0.0,0.0,-0.7828707980392874,1.0,0.12119519710540771,0.04377968609333038,0.04719865322113037,0.018099357950966434,0.017742746208522415,0.023136436939239502,0.022360607981681824,0.0,0.0,0.025408031940460207,False,False
2.875,-5.90024995803833,26.672945022583008,-3.0759057998657227,2.6472183033181884,0.966069363902914,0.8157500000000245,0.1842499999999755,0.0,607,567,0.42589474810452255,1.5,28.0,28,2.0,30.0,0.03821723908185959,30.442176454316524,16.08954515692959,0.0,0.0,0.0,-0.7176315648693468,1.0,0.1210477277636528,0.0437866747379303,0.04719799757003784,0.018036193878117886,0.01768573151730585,0.02327718616773685,0.022483558859676123,0.0,0.0,0.02313943386077881,False,False
2.88,-6.076283931732178,26.551918029785156,-3.0690102577209473,-2.536155260093605,0.5300651229668292,0.8156500000000245,0.18434999999997548,0.0,617,583,0.47373685242914576,1.5,34.0,34,6.0,34.0,0.038159195333719254,27.90532841645681,14.748749727185455,0.0,0.0,0.0,-0.6578289344635678,1.0,0.12071526050567627,0.04377663880586624,0.04719728231430054,0.018030946010257676,0.01768205788102896,0.023649162612855434,0.0228393046806256,0.0,0.0,0.01148361086845398,False,False
2.8850000000000002,-6.214811325073242,26.47587013244629,-3.0718016624450684,-2.6235489711377697,0.8484656089617584,0.8155500000000245,0.18444999999997547,0.0,594,562,0.517592114726717,1.482407885273283,39.0,39,4.0,19.0,0.03811022639274597,25.579884381752077,13.51968724992,0.0,0.0,0.0,-0.6030098565916038,1.0,0.12128126621246338,0.04380311816930771,0.04719674587249756,0.01800557530446251,0.01766030224967556,0.0238709159505864,0.023055345130463444,0.0,0.0,0.01199068069458008,False,False
2.89,-6.342959880828857,26.525278091430664,-3.0840532779693604,-2.6858875375534583,0.6098470541427984,0.8154500000000245,0.18454999999997546,0.0,552,521,0.22445943849949057,1.5,28.0,28,4.0,24.0,0.03805839642882347,31.781560683272733,12.39304664576,0.0,0.0,0.0,-0.9694257018756367,1.0,0.1215856596827507,0.04376465454697609,0.04719597101211548,0.01787830808471541,0.017539898444859262,0.023827104984472196,0.02301015891134739,0.0,0.0,0.018508989810943604,False,False
2.895,-6.400889873504639,26.581789016723633,-3.085035800933838,-3.1094450352019867,0.8434626720830062,0.8153500000000246,0.18464999999997544,0.0,545,509,0.19999999999999996,1.5,39.0,39,1.0,16.0,0.03798241913318634,37.466430626333334,11.360292758613333,0.0,0.0,0.0,-1.0,1.0,0.1216897964477539,0.04381631314754486,0.047195374965667725,0.01779894848179501,0.01746316622046252,0.023798640662183367,0.02297332355131706,0.0,0.0,0.016124893426895142,False,False
2.9,-6.360347747802734,26.590139389038086,-3.114417791366577,-2.843547029823458,0.6485296468153021,0.8152500000000246,0.18474999999997543,0.0,519,486,0.3761082781835997,1.5,27.0,27,3.0,27.0,0.037918638437986374,34.34422807413889,18.746935028728885,0.0,0.0,0.0,-0.7798646522705003,1.0,0.12160027027130127,0.043787188827991486,0.047194719314575195,0.01779424322105442,0.017463226413547944,0.023724997881799936,0.02288997173309326,0.0,0.0,0.01437731385231018,False,False
2.9050000000000002,-6.421420097351074,26.637842178344727,3.1380887031555176,-2.942169357103151,0.6540563720540021,0.8151500000000246,0.18484999999997542,0.0,636,608,0.42809925500163315,1.5,33.0,33,3.0,36.0,0.037873052060604095,31.482209067960646,17.184690443001475,0.0,0.0,0.0,-0.7148759312479586,1.0,0.12132351100444794,0.04378020763397217,0.047194063663482666,0.01771267883149715,0.017388351853975356,0.02363193159302076,0.02278800044829647,0.0,0.0,0.01795215129852295,False,False
2.91,-6.486601829528809,26.65626335144043,3.140650510787964,-2.7412407507028975,0.7853614016243456,0.8150500000000246,0.1849499999999754,0.0,643,608,1.1424243170848303,0.8575756829151697,30.0,30,2.0,25.0,0.03787969425320625,28.858691645630593,32.41929957275135,0.0,0.0,0.0,0.17803039635603782,1.0,0.12194306403398514,0.04374869167804718,0.04719334840774536,0.017668444858397924,0.017344920872593872,0.023655809927731752,0.022809277288615704,0.0,0.0,0.02608444690704346,False,False
2.915,-6.506906032562256,26.663795471191406,-3.1372063159942627,-2.90393679378347,0.5657953836848354,0.8149500000000246,0.1850499999999754,0.0,746,702,1.1305556239944279,0.8694443760055722,61.0,61,5.0,29.0,0.03798763081431389,26.453800675161375,29.71769127502207,0.0,0.0,0.0,0.16319452999303471,1.0,0.12229888141155243,0.04391255974769592,0.04719269275665283,0.01764579176786319,0.01732295044080784,0.023650477329889934,0.022807010294248663,0.0,0.0,0.01484302282333374,False,False
2.92,-6.641030788421631,26.7396240234375,-3.0876381397247314,-2.5769829961832196,0.7483833981759624,0.8148500000000246,0.1851499999999754,0.0,636,594,1.1196759886615588,0.8803240113384412,21.0,21,5.0,30.0,0.037907786667346954,24.249317285564594,27.241217002103564,0.0,0.0,0.0,0.14959498582694852,1.0,0.12245237827301025,0.04387899860739708,0.0471920371055603,0.01758222362391304,0.017250224992787732,0.02377243091662725,0.022931833906720083,0.0,0.0,0.02319828510284424,False,False
2.9250000000000003,-6.7624077796936035,26.863155364990234,-3.103455066680908,3.128024879560272,0.49953331606298296,0.8147500000000246,0.18524999999997538,0.0,654,612,1.1097029896064288,0.8902970103935712,39.0,39,3.0,30.0,0.03794620558619499,30.56187417843421,33.30444891859493,0.0,0.0,0.0,0.137128737008036,1.0,0.12241020798683167,0.043919093906879425,0.04719138145446777,0.017430509507888565,0.017106881531769987,0.02357221596563856,0.02273301205908259,0.0,0.0,0.019049955606460573,False,False
2.93,-6.844021797180176,26.82768440246582,-3.0629470348358154,-3.111238104343636,0.6251307994318775,0.8146500000000246,0.18534999999997537,0.0,630,594,0.7672277404725598,1.2327722595274402,45.0,45,4.0,32.0,0.038054533302783966,36.34838466356469,30.529078175378682,0.0,0.0,0.0,-0.29096532440930023,1.0,0.12217885255813599,0.04401452839374542,0.047190845012664795,0.01745858579738185,0.01712874251475988,0.023777378567804895,0.022938884794712067,0.0,0.0,0.019122666120529173,False,False
2.935,-6.892143726348877,26.72002601623535,-3.0042948722839355,-2.8757271516628555,0.5487329204183912,0.8145500000000246,0.18544999999997536,0.0,614,585,0.7866254287665129,1.2133745712334871,37.0,37,3.0,23.0,0.03809407353401184,41.652685941600964,36.318321660763786,0.0,0.0,0.0,-0.2667182140418589,1.0,0.12284190207719803,0.0440296046435833,0.04719012975692749,0.017560209433314954,0.017217773608009284,0.024202578545858465,0.023366998260219894,0.0,0.0,0.020246660709381102,False,False
2.94,-6.882570266723633,26.68379020690918,-2.973349094390869,3.1007287033873516,0.5902798355159594,0.8144500000000247,0.18554999999997535,0.0,626,586,0.80440664303597,1.19559335696403,22.0,22,4.0,26.0,0.03803948685526848,38.18162877980088,33.29179485570013,0.0,0.0,0.0,-0.24449169620503747,1.0,0.12323936074972153,0.043951403349637985,0.047189533710479736,0.017604897332377367,0.01725596756522974,0.024333965654174488,0.0235062410744528,0.0,0.0,0.02084221363067627,False,False
2.945,-6.920753479003906,26.667972564697266,-2.9367899894714355,-2.8634271896400656,0.5112733325897374,0.8143500000000247,0.18564999999997533,0.0,586,554,0.8207060894496392,1.1792939105503608,26.0,26,2.0,34.0,0.0379984974861145,34.99982638148414,30.51747861772512,0.0,0.0,0.0,-0.22411738818795096,1.0,0.1234327033162117,0.04388714209198952,0.04718881845474243,0.017622464979726766,0.017268516033072594,0.024450629328687988,0.02363326260820031,0.0,0.0,0.022677717208862306,False,False
2.95,-7.04163122177124,26.63107681274414,-2.894336700439453,-2.820510155991477,0.6179785698537591,0.8142500000000247,0.18574999999997532,0.0,599,565,0.8356472486621693,1.1643527513378307,28.0,28,2.0,39.0,0.037942156195640564,32.083174183027126,27.97435539958136,0.0,0.0,0.0,-0.2054409391722883,1.0,0.12342862784862518,0.04384135454893112,0.04718828201293945,0.01764250603826525,0.017283690741324128,0.02472663453469674,0.023915873219569526,0.0,0.0,0.026766340732574462,False,False
2.955,-7.083925247192383,26.642492294311523,-2.861013889312744,-2.805885764498663,0.49271158685851096,0.8141500000000247,0.1858499999999753,0.0,603,570,0.8493433112736553,1.1506566887263447,21.0,21,1.0,35.0,0.0378759540617466,29.40957633444153,25.643159116282913,0.0,0.0,0.0,-0.18832086090793093,1.0,0.12323365360498428,0.04377228766679764,0.04718750715255737,0.017644099871394786,0.017282049034838206,0.02478423062711954,0.023988349518428247,0.0,0.0,0.013475848436355593,False,False
2.96,-7.150426864624023,26.592180252075195,-2.852689504623413,-2.47725394183232,0.762994649026555,0.8140500000000247,0.1859499999999753,0.0,598,560,0.861898035334184,1.138101964665816,33.0,33,7.0,41.0,0.03782520443201065,26.958778306571404,23.506229189926003,0.0,0.0,0.0,-0.17262745583227002,1.0,0.12285415083169937,0.043757546693086624,0.047186970710754395,0.0176477736924228,0.017285011270238352,0.024924329482018948,0.024122648561994236,0.0,0.0,0.014266184568405152,False,False
2.965,-7.177150726318359,26.510873794555664,-2.832733631134033,-2.7115179851248477,0.9671076500832542,0.8139500000000247,0.1860499999999753,0.0,627,586,0.8734065323896687,1.1265934676103313,58.0,58,3.0,28.0,0.037795260548591614,24.712213447690452,21.54737675743217,0.0,0.0,0.0,-0.15824183451291418,1.0,0.12229632586240768,0.043932441622018814,0.04718625545501709,0.017699814025001852,0.017334053583171166,0.025138281440983217,0.024339316878467798,0.0,0.0,0.017425010204315187,False,False
2.97,-7.304500102996826,26.462745666503906,-2.823652744293213,-2.658481296314726,0.9077938378188902,0.8138500000000247,0.18614999999997528,0.0,555,521,0.883955988023863,1.116044011976137,21.0,21,2.0,26.0,0.037998881191015244,22.65286232704958,19.751762027646155,0.0,0.0,0.0,-0.1450550149701712,1.0,0.12156622111797333,0.04388425871729851,0.04718559980392456,0.01767363637546041,0.017308725086622512,0.02536021483441194,0.024554729461669922,0.0,0.0,0.014128868579864503,False,False
2.975,-7.453113555908203,26.44963836669922,-2.8737330436706543,-2.3223154985714154,0.8802206293611001,0.8137500000000247,0.18624999999997527,0.0,527,498,0.8936263223552078,1.1063736776447923,28.0,28,3.0,26.0,0.03794554993510246,20.765123799795447,18.10578185867564,0.0,0.0,0.0,-0.13296709705599027,1.0,0.12066974490880966,0.043834611773490906,0.04718494415283203,0.01755131303969113,0.017196725595315248,0.025425113271921873,0.024584421577552956,0.0,0.0,0.015228484869003297,False,False
2.98,-7.468003273010254,26.438329696655273,-2.920973300933838,-1.7353377387185427,0.6627792432582424,0.8136500000000247,0.18634999999997526,0.0,518,488,0.9024907954922737,1.0975092045077264,27.0,27,1.0,29.0,0.037881411612033844,19.03469681647916,16.596966703786002,0.0,0.0,0.0,-0.12188650563465782,1.0,0.12068991363048553,0.04377231001853943,0.0471842885017395,0.01750421548883084,0.017157854550168494,0.025385654686639707,0.024521319816509884,0.0,0.0,0.01670529842376709,False,False
2.985,-7.462718486785889,26.49064064025879,-2.9523353576660156,2.9884872166682954,0.9316298424149789,0.8135500000000248,0.18644999999997525,0.0,594,564,0.9106165625345843,1.0893834374654157,19.0,19,2.0,28.0,0.03785640001296997,25.781805415105893,23.547219478470502,0.0,0.0,0.0,-0.11172929683176953,1.0,0.1204661875963211,0.04368296265602112,0.04718369245529175,0.017454853041679232,0.017112196460249477,0.025251642024765413,0.024372731180240713,0.0,0.0,0.01622836709022522,False,False
2.99,-7.545182704925537,26.54914093017578,-2.968388795852661,-2.578917047069618,0.9868153850654515,0.8134500000000248,0.18654999999997524,0.0,618,581,0.918065182323369,1.081934817676631,33.0,33,5.0,13.0,0.037792108952999115,23.633321630513734,21.58495118859796,0.0,0.0,0.0,-0.10241852209578876,1.0,0.12005948275327682,0.04369458556175232,0.04718291759490967,0.0173669545638449,0.017028286577434857,0.025180612380305927,0.02429297814766566,0.0,0.0,0.026613645553588867,False,False
2.995,-7.58395528793335,26.53122329711914,-2.9870896339416504,-1.7932515086031118,0.38220743019828085,0.8133500000000248,0.18664999999997522,0.0,675,637,0.9248930837964217,1.0751069162035782,58.0,58,5.0,18.0,0.03789396211504936,21.663878161304254,19.786205256214796,0.0,0.0,0.0,-0.0938836452544729,1.0,0.11947596073150635,0.043864499777555466,0.047182321548461914,0.01734149537386802,0.017006795479372408,0.02519642934203148,0.024299202486872673,0.0,0.0,0.025291633605957032,False,False
3.0,-7.675590515136719,26.52515983581543,-2.9701573848724365,-2.7512917964289176,0.8962568624977081,0.8132500000000248,0.1867499999999752,0.0,575,547,0.9311519934800533,1.0688480065199466,43.0,43,3.0,24.0,0.037824034690856934,19.858554981195564,18.137354818196897,0.0,0.0,0.0,-0.08606000814993334,1.0,0.11979891359806061,0.04391457512974739,0.047181665897369385,0.01730853962316142,0.016973128167329935,0.02531134057790041,0.02441370626911521,0.0,0.0,0.017717901468276977,False,False
3.005,-7.831882953643799,26.62424087524414,-2.9412319660186768,-2.7373420111586064,0.6588112878464467,0.8131500000000248,0.1868499999999752,0.0,577,542,0.9368893273567156,1.0631106726432844,28.0,28,5.0,38.0,0.037800922989845276,18.203675399429265,16.625908583347154,0.0,0.0,0.0,-0.07888834080410553,1.0,0.11986804008483887,0.04389524087309837,0.047181010246276855,0.017201637043035227,0.016864996286652008,0.025297615987559162,0.024408476892858744,0.0,0.0,0.013514715433120727,False,False
3.0100000000000002,-7.934340000152588,26.669361114501953,-2.9420523643493652,-2.1729678542845097,0.6766595312523831,0.8130500000000248,0.1869499999999752,0.0,577,534,0.9421485500769893,1.0578514499230107,37.0,37,1.0,21.0,0.0377315916121006,16.686702449476826,15.240416201401558,0.0,0.0,0.0,-0.07231431240376338,1.0,0.11974450945854187,0.043948665261268616,0.047180354595184326,0.017130656337597982,0.01679771773777091,0.025241735856980085,0.024349947925657034,0.0,0.0,0.01675259828567505,False,False
3.015,-7.969425678253174,26.567237854003906,-2.9017746448516846,-2.806830351005463,0.8634565257862954,0.8129500000000248,0.18704999999997518,0.0,649,613,0.9469695042372401,1.0530304957627599,23.0,23,0.0,36.0,0.037951767444610596,23.629477245353755,22.30371485128476,0.0,0.0,0.0,-0.06628811970344976,1.0,0.11943472921848297,0.043878670781850815,0.04717963933944702,0.017221813914714952,0.01688155140262062,0.025616134516894817,0.0247245056865116,0.0,0.0,0.019943205118179323,False,False
3.02,-7.982814788818359,26.47218894958496,-2.8683228492736816,-2.46333259277968,0.5929249263698363,0.8128500000000248,0.18714999999997517,0.0,571,537,0.9513887122174702,1.0486112877825298,29.0,29,5.0,29.0,0.037907909601926804,21.660354141574274,20.44507194701103,0.0,0.0,0.0,-0.060764109728162194,1.0,0.11894494295120239,0.043828174471855164,0.04717910289764404,0.01730181526369379,0.01695487894932704,0.02597337899108728,0.02508357400074601,0.0,0.0,0.021240673065185546,False,False
3.025,-7.97984504699707,26.47833251953125,-2.8257226943969727,-2.854053708169732,0.74136185738247,0.8127500000000248,0.18724999999997516,0.0,560,527,0.9554396528660145,1.0445603471339855,18.0,18,3.0,36.0,0.037858784198760986,19.855324629776415,18.741315951426778,0.0,0.0,0.0,-0.0557004339174819,1.0,0.11828123778104782,0.04372609779238701,0.04717832803726196,0.017328890017000595,0.01697688100781877,0.026037155960996948,0.025169536626587313,0.0,0.0,0.0171864652633667,False,False
3.0300000000000002,-8.054230690002441,26.436161041259766,-2.783950090408325,-2.4289385793054437,0.6182870357583377,0.8126500000000249,0.18734999999997515,0.0,701,658,0.6258196817938467,1.3741803182061534,40.0,40,4.0,38.0,0.037839312106370926,26.534047577295045,17.179539622141213,0.0,0.0,0.0,-0.46772539775769156,1.0,0.11744954437017441,0.04378571733832359,0.04717761278152466,0.017358235797145974,0.01700226356333552,0.026270123198628426,0.02541495099042853,0.0,0.0,0.025760774612426755,False,False
3.035,-8.114779472351074,26.395112991333008,-2.7511749267578125,-2.5777358119122806,0.9598910015880368,0.8125500000000249,0.18744999999997514,0.0,711,678,0.6570013749776928,1.3429986250223072,44.0,44,3.0,39.0,0.0377923883497715,24.32287694585379,15.747911320296112,0.0,0.0,0.0,-0.4287482812778839,1.0,0.11645565927028656,0.043852340430021286,0.04717695713043213,0.017392413117456814,0.017033368091603072,0.02647943329066038,0.025634716730564833,0.0,0.0,0.0389249324798584,False,False
3.04,-8.171242713928223,26.35542106628418,-2.756269693374634,-2.265332465108927,0.8057587138117046,0.8124500000000249,0.18754999999997513,0.0,641,608,0.6855845937295519,1.314415406270448,64.0,64,8.0,40.0,0.037765201181173325,22.295970533699304,14.435585376938102,0.0,0.0,0.0,-0.39301925783806013,1.0,0.11638248711824417,0.04405679926276207,0.0471763014793396,0.017388502336068028,0.017030194749240408,0.026603622051576774,0.025747277153035007,0.0,0.0,0.018694534301757815,False,False
3.045,-8.264899253845215,26.240680694580078,-2.772869348526001,-2.687958202963303,0.6998203970575837,0.8123500000000249,0.18764999999997511,0.0,611,572,0.7117858775854227,1.2882141224145773,25.0,25,0.0,29.0,0.03776252269744873,20.43797298922436,13.232619928859926,0.0,0.0,0.0,-0.3602676530182217,1.0,0.11606937646865845,0.04401683434844017,0.04717564582824707,0.017393517849035194,0.017037696219747527,0.02693116820106904,0.026045002353688083,0.0,0.0,0.01572048902511597,False,False
3.0500000000000003,-8.315042495727539,26.152170181274414,-2.743511915206909,-2.4695524853656425,0.688574221607451,0.8122500000000249,0.1877499999999751,0.0,609,578,0.7358037211199706,1.2641962788800294,37.0,37,3.0,32.0,0.03774500638246536,18.734808573455663,12.12990160145493,0.0,0.0,0.0,-0.3302453486000366,1.0,0.11557713896036148,0.04405871033668518,0.047175049781799316,0.017453226189012277,0.017094497853656875,0.027226099433998268,0.026349612356474005,0.0,0.0,0.013369215726852419,False,False
3.055,-8.439386367797852,26.149520874023438,-2.757408857345581,-2.6041881702437757,0.8653785481262827,0.8121500000000249,0.1878499999999751,0.0,597,558,0.7578200776933065,1.2421799223066934,45.0,45,3.0,22.0,0.03768157213926315,17.17357452566769,11.119076468000353,0.0,0.0,0.0,-0.30272490288336684,1.0,0.11491183936595917,0.044095419347286224,0.047174274921417236,0.01737492738155767,0.01702023496870692,0.027294384005169075,0.0264026690274477,0.0,0.0,0.01553194284439087,False,False
3.06,-8.557929992675781,26.17466926574707,-2.799957036972046,-2.567562559412054,0.8812127075519212,0.8120500000000249,0.18794999999997508,0.0,587,552,0.7780017378855311,1.221998262114469,47.0,47,4.0,26.0,0.037606414407491684,15.74244331519538,10.192486762333656,0.0,0.0,0.0,-0.2774978276430862,1.0,0.11407938599586487,0.04421260207891464,0.04717367887496948,0.017251517061842248,0.01690512593288405,0.027272713681062065,0.026345134247094393,0.0,0.0,0.020505633354187015,False,False
3.065,-8.55315113067627,26.17585563659668,-2.840082883834839,-1.7457942055450286,0.5934129161877784,0.8119500000000249,0.18804999999997507,0.0,580,544,0.7965015930617367,1.2034984069382633,21.0,21,3.0,30.0,0.037522073835134506,14.430573038929099,9.343112865472518,0.0,0.0,0.0,-0.254373008672829,1.0,0.11416281014680862,0.04412659630179405,0.04717302322387695,0.01722143800052157,0.01687986266558644,0.02722135124107202,0.02626767847687006,0.0,0.0,0.014133664369583129,False,False
3.0700000000000003,-8.598928451538086,26.19155502319336,-2.869936943054199,-2.808247786005583,0.9246268146946058,0.8118500000000249,0.18814999999997506,0.0,525,499,0.8134597936399254,1.1865402063600747,23.0,23,1.0,23.0,0.03757563605904579,13.228025285685007,8.564520126683142,0.0,0.0,0.0,-0.23317525795009325,1.0,0.1140015721321106,0.044046372175216675,0.04717224836349487,0.017177610502927206,0.016838946826212377,0.027185962535440922,0.02621266059577465,0.0,0.0,0.017427964210510256,False,False
3.075,-8.691354751586914,26.198009490966797,-2.887007236480713,2.683656328714653,0.3501525242880857,0.811750000000025,0.18824999999997505,0.0,631,591,1.1623381441699316,0.8376618558300684,30.0,30,2.0,26.0,0.037779953330755234,12.125689845211255,16.184143449459548,0.0,0.0,0.0,0.2029226802124146,1.0,0.11365661025047302,0.044009994715452194,0.04717165231704712,0.017115694341249404,0.016780730313155447,0.027210662762324016,0.026222678522268932,0.0,0.0,0.02706349849700928,False,False
3.08,-8.707951545715332,26.189424514770508,-2.899594306945801,-2.0586792536827874,0.8087037214766322,0.811650000000025,0.18834999999997504,0.0,654,620,0.8154766321557708,1.1845233678442293,46.0,46,8.0,29.0,0.03773361071944237,19.44854902477698,14.83546482867125,0.0,0.0,0.0,-0.23065420980528648,1.0,0.11313409358263016,0.04407188296318054,0.04717099666595459,0.017094445904755298,0.016762625142000265,0.027211311583717666,0.026215931866317987,0.0,0.0,0.02928272008895874,False,False
3.085,-8.854315757751465,26.187517166137695,-2.8524863719940186,-2.9487880592613007,0.5984542343012368,0.811550000000025,0.18844999999997503,0.0,691,643,0.49752024614279,1.5,26.0,26,2.0,33.0,0.037710752338171005,26.161169939378897,13.599176092948646,0.0,0.0,0.0,-0.6280996923215125,1.0,0.11244003474712372,0.04401642084121704,0.04717022180557251,0.017068279736286912,0.016731515290719725,0.02744693774729967,0.026460138615220785,0.0,0.0,0.02434778451919556,False,False
3.09,-9.001667022705078,26.30577278137207,-2.8518476486206055,-2.5057716837001696,0.8580740564406862,0.811450000000025,0.18854999999997502,0.0,733,680,0.5393935589642241,1.4606064410357757,29.0,29,3.0,26.0,0.03769854083657265,23.981072444430655,12.465911418536258,0.0,0.0,0.0,-0.5757580512947198,1.0,0.1126575693488121,0.04397949203848839,0.047169625759124756,0.016932575149344858,0.01659925965685363,0.027259131893515587,0.026276411954313517,0.0,0.0,0.01751671075820923,False,False
3.095,-9.090855598449707,26.299177169799805,-2.832550525665283,-2.682567220536572,0.6574650088702828,0.811350000000025,0.188649999999975,0.0,677,645,0.24444409571720538,1.5,49.0,49,5.0,18.0,0.03771723434329033,30.315983074061432,11.427085466991569,0.0,0.0,0.0,-0.9444448803534933,1.0,0.11262628436088562,0.04410059005022049,0.04716897010803223,0.01692264656578931,0.016589158204577823,0.027359703866144024,0.026377118192613125,0.0,0.0,0.02097930192947388,False,False
3.1,-9.111891746520996,26.171443939208984,-2.7811431884765625,-2.5769107246665,0.9894130308006898,0.811250000000025,0.188749999999975,0.0,566,540,0.30740708774077175,1.5,32.0,32,4.0,20.0,0.037654731422662735,27.789651151222976,10.47482834474227,0.0,0.0,0.0,-0.8657411403240353,1.0,0.1134844720363617,0.044111814349889755,0.04716825485229492,0.017035382733796366,0.01669363195584897,0.027884004327158134,0.026907692663371563,0.0,0.0,0.019801652431488036,False,False
3.105,-9.066864967346191,26.101505279541016,-2.7359282970428467,-2.854610266658205,0.19135694923454633,0.811150000000025,0.18884999999997498,0.0,535,496,0.3651231637623741,1.5,31.0,31,2.0,21.0,0.03757341206073761,25.47384688862106,9.601925982680415,0.0,0.0,0.0,-0.7935960452970323,1.0,0.11407225579023361,0.04407867416739464,0.04716759920120239,0.017132222006329904,0.016784223288413714,0.02816820206741492,0.02721110514054696,0.0,0.0,0.022274413108825684,False,False
3.11,-9.063908576965332,26.07898712158203,-2.6951475143432617,-2.1129828528599433,0.5034301864507561,0.811050000000025,0.18894999999997497,0.0,586,558,0.4180295667821762,1.5,26.0,26,1.0,21.0,0.037494465708732605,23.351026314569307,8.801765484123713,0.0,0.0,0.0,-0.7274630415222797,1.0,0.11445121467113495,0.04402746260166168,0.04716694355010986,0.01717116508566894,0.016820373699650747,0.02830003077785174,0.027364923929174743,0.0,0.0,0.028806767463684085,False,False
3.115,-9.122384071350098,26.005474090576172,-2.638422966003418,-2.450817711360875,0.651095944023377,0.810950000000025,0.18904999999997496,0.0,594,548,0.4665271028836615,1.5,30.0,30,4.0,34.0,0.03741339221596718,21.405107455021863,8.068285027113403,0.0,0.0,0.0,-0.6668411213954231,1.0,0.1146281510591507,0.043981023132801056,0.04716622829437256,0.01724861054126292,0.016892951687797548,0.028669657185673714,0.02776220440864563,0.0,0.0,0.028419604301452638,False,False
3.12,-9.180214881896973,25.9149112701416,-2.579129695892334,-2.9526890903164493,0.7355813185099545,0.810850000000025,0.18914999999997495,0.0,606,574,0.5109831776433564,1.4890168223566436,55.0,55,4.0,34.0,0.03734549507498741,19.621348500436707,7.395927941520618,0.0,0.0,0.0,-0.6112710279458045,1.0,0.11460968852043152,0.044115014374256134,0.047165632247924805,0.01734781790350062,0.016987520552007127,0.029068997440238796,0.02819708393265804,0.0,0.0,0.015508718490600587,False,False
3.125,-9.234793663024902,25.854930877685547,-2.6134893894195557,-2.530897610634948,0.9809148262313655,0.8107500000000251,0.18924999999997494,0.0,729,691,0.21840124617307677,1.5,36.0,36,2.0,26.0,0.037308670580387115,26.319569458733646,6.779600613060566,0.0,0.0,0.0,-0.976998442283654,1.0,0.11440230160951614,0.044145435094833374,0.0471649169921875,0.017341679539880347,0.016982482441894663,0.029250732623040676,0.028336746618151665,0.0,0.0,0.020882740020751956,False,False
3.13,-9.288920402526855,25.753318786621094,-2.5817272663116455,-2.222911058888792,0.9657875470930459,0.8106500000000251,0.18934999999997493,0.0,698,662,0.616867808991987,1.383132191008013,29.0,29,9.0,16.0,0.03740173578262329,24.126272003839176,14.54796722863885,0.0,0.0,0.0,-0.4789152387600163,1.0,0.11401229351758957,0.04411734640598297,0.04716426134109497,0.017387447341267275,0.017027765008193706,0.029620113782584667,0.028718900866806507,0.0,0.0,0.0183174467086792,False,False
3.1350000000000002,-9.399717330932617,25.6366024017334,-2.5548691749572754,-2.0001043410236212,0.8040422894642187,0.8105500000000251,0.18944999999997492,0.0,547,515,0.6487954915759881,1.3512045084240119,27.0,27,2.0,11.0,0.03755583614110947,22.115749336852577,13.33563662625228,0.0,0.0,0.0,-0.43900563553001487,1.0,0.11452308297157288,0.04405532032251358,0.047163546085357666,0.017435509006725254,0.01707481891172902,0.03011078884204229,0.02921396245559057,0.0,0.0,0.009137185215950012,False,False
3.14,-9.546553611755371,25.568513870239258,-2.587913990020752,-2.566778017310227,0.9796709186911193,0.8104500000000251,0.1895499999999749,0.0,564,529,0.3447292006113224,1.5,57.0,57,0.0,25.0,0.037645045667886734,28.606103558781527,12.22433357406459,0.0,0.0,0.0,-0.8190884992358469,1.0,0.11477452516555786,0.04419931396842003,0.04716289043426514,0.01736600622705458,0.017010186727507613,0.030339000125726066,0.029403078369796276,0.0,0.0,0.018765724897384643,False,False
3.145,-9.593644142150879,25.575958251953125,-2.6135668754577637,-1.8792267987013758,0.31495104314505634,0.8103500000000251,0.1896499999999749,0.0,538,508,0.3993351005603789,1.5,26.0,26,3.0,22.0,0.03760881349444389,26.222261595549732,11.205639109559206,0.0,0.0,0.0,-0.7508311242995263,1.0,0.11482790857553482,0.044144440442323685,0.04716223478317261,0.0173137694326769,0.016960642571599484,0.030361758545041084,0.029390848552187286,0.0,0.0,0.019147965908050537,False,False
3.15,-9.591601371765137,25.628637313842773,-2.6404471397399902,-2.383087794582205,0.4284764951205334,0.8102500000000251,0.18974999999997488,0.0,571,532,0.44939050884701415,1.5,23.0,23,2.0,35.0,0.037677232176065445,24.03707312925392,10.271835850429271,0.0,0.0,0.0,-0.6882618639412323,1.0,0.11468978226184845,0.044059354811906815,0.04716157913208008,0.017271314176497618,0.016918420767294818,0.03021560919781526,0.029216865077614784,0.0,0.0,0.018883775472640994,False,False
3.1550000000000002,-9.669426918029785,25.644542694091797,-2.6597931385040283,-2.4095229582706037,0.8819660960288603,0.8101500000000251,0.18984999999997487,0.0,550,522,0.49527463310976294,1.5,18.0,18,1.0,18.0,0.037598781287670135,22.03398370181609,9.415849529560164,0.0,0.0,0.0,-0.6309067086127963,1.0,0.11436650902032852,0.04396353289484978,0.04716086387634277,0.01721594840035893,0.016864583048542294,0.030192647439738117,0.029172597763439022,0.0,0.0,0.023150932788848878,False,False
3.16,-9.72611141204834,25.615232467651367,-2.6665518283843994,-2.494029571396249,0.6976662908202957,0.8100500000000251,0.18994999999997486,0.0,580,542,0.537335080350616,1.462664919649384,51.0,51,4.0,31.0,0.037547141313552856,20.197818393331417,8.631195402096816,0.0,0.0,0.0,-0.57833114956173,1.0,0.11386429518461227,0.044066421687603,0.047160208225250244,0.01720132378352925,0.016851059195856832,0.030323395815988384,0.02928794206430515,0.0,0.0,0.0308207106590271,False,False
3.165,-9.759754180908203,25.60991859436035,-2.6570990085601807,-2.417445265757399,0.7613980087212757,0.8099500000000251,0.19004999999997485,0.0,498,473,0.5758904903213979,1.424109509678602,25.0,25,1.0,39.0,0.03746303915977478,18.5146668605538,7.9119291185887475,0.0,0.0,0.0,-0.5301368870982526,1.0,0.1131892055273056,0.04400720074772835,0.04715961217880249,0.017192803721176098,0.01684274057648109,0.030396669171750546,0.02936304236451785,0.0,0.0,0.015489078760147096,False,False
3.17,-9.906038284301758,25.633634567260742,-2.5824170112609863,-2.3698648762367194,0.813219232492479,0.8098500000000252,0.19014999999997484,0.0,536,502,0.9445662827946147,1.0554337172053851,18.0,18,1.0,39.0,0.03738017380237579,16.971777955507648,15.585935025373017,0.0,0.0,0.0,-0.06929214650673154,1.0,0.11234714835882187,0.04390181601047516,0.04715883731842041,0.017178225012689778,0.016825569458693533,0.030625367847581707,0.029640168262024723,0.0,0.0,0.015839388370513918,False,False
3.1750000000000003,-10.017584800720215,25.686176300048828,-2.6019227504730225,-2.4691195967809385,0.596349067321755,0.8097500000000252,0.19024999999997483,0.0,700,655,0.9491857592283969,1.0508142407716032,21.0,21,2.0,33.0,0.03733482211828232,15.557463125882009,14.28710710659193,0.0,0.0,0.0,-0.06351780096450392,1.0,0.1113438755273819,0.04381122440099716,0.04715818166732788,0.017083503463382783,0.016734770693738278,0.03045964830865463,0.02945412416011095,0.0,0.0,0.02133808135986328,False,False
3.18,-10.044751167297363,25.6116943359375,-2.57890248298645,-2.277062176518811,0.7961714844361084,0.8096500000000252,0.19034999999997482,0.0,756,716,0.6200869459593638,1.3799130540406361,31.0,31,6.0,38.0,0.03727201372385025,22.594341198725175,13.096514847709269,0.0,0.0,0.0,-0.4748913175507953,1.0,0.11018499732017517,0.04377735033631325,0.047157466411590576,0.017139179951045302,0.016788259986787683,0.030751759186387062,0.02975070383399725,0.0,0.0,0.021912035942077638,False,False
3.185,-10.031941413879395,25.502840042114258,-2.5168814659118652,-2.1249616004407823,0.8118730231734795,0.8095500000000252,0.1904499999999748,0.0,647,620,0.6517463671294168,1.3482536328705832,49.0,49,6.0,38.0,0.03749731928110123,20.711479432164744,12.005138610400163,0.0,0.0,0.0,-0.43531704108822905,1.0,0.10995326191186905,0.04390377551317215,0.04715681076049805,0.01727055612994166,0.016915086367011955,0.031345075306793056,0.030384302760163944,0.0,0.0,0.021549756526947024,False,False
3.19,-10.018044471740723,25.482067108154297,-2.476741313934326,-2.1219118722195676,0.8430548931089101,0.8094500000000252,0.1905499999999748,0.0,649,613,0.34743416986863207,1.5,52.0,52,1.0,34.0,0.037697676569223404,27.318856146151013,11.004710392866816,0.0,0.0,0.0,-0.8157072876642099,1.0,0.10948784649372101,0.04405348375439644,0.04715609550476074,0.017320115045760393,0.016963567705358954,0.03151444563021263,0.030590794049203396,0.0,0.0,0.024458980560302733,False,False
3.1950000000000003,-10.035126686096191,25.43698501586914,-2.4285483360290527,-2.104220228266227,0.5699354216633548,0.8093500000000252,0.19064999999997478,0.0,651,615,0.40181465571291286,1.5,17.0,17,3.0,29.0,0.03776836395263672,25.042284800638427,10.087651193461248,0.0,0.0,0.0,-0.747731680358859,1.0,0.10884939134120941,0.043967217206954956,0.04715538024902344,0.01737786858121362,0.01702091522689407,0.031782725515464946,0.030899480916559696,0.0,0.0,0.030215272903442385,False,False
3.2,-10.052912712097168,25.340139389038086,-2.368349552154541,-2.6001694587508224,0.8952226252078679,0.8092500000000252,0.19074999999997477,0.0,667,620,0.4516634344035034,1.5,37.0,37,5.0,38.0,0.037712179124355316,22.955427733918558,9.247013594006143,0.0,0.0,0.0,-0.6854207069956207,1.0,0.10804381221532822,0.04396894574165344,0.047154784202575684,0.01749510815953023,0.017137146237073103,0.032234981966515384,0.03141057056685289,0.0,0.0,0.04687098979949951,False,False
3.205,-10.081573486328125,25.3209171295166,-2.356813669204712,-2.5864863108705185,0.784184783915463,0.8091500000000252,0.19084999999997476,0.0,659,632,0.19999999999999996,1.5,54.0,54,2.0,21.0,0.037652451545000076,29.37580875609201,8.476429127838964,0.0,0.0,0.0,-1.0,1.0,0.10707685351371765,0.04414055496454239,0.04715406894683838,0.017508189398794994,0.01715055597965414,0.03232779291768869,0.03151509755601486,0.0,0.0,0.02114208698272705,False,False
3.21,-10.181382179260254,25.149702072143555,-2.356710433959961,-2.293426423126693,0.8304097473968816,0.8090500000000252,0.19094999999997475,0.0,562,529,0.2336894136307217,1.5,23.0,23,2.0,24.0,0.03776436299085617,26.92782469308434,7.770060033852383,0.0,0.0,0.0,-0.9578882329615979,1.0,0.1059541180729866,0.044068094342947006,0.047153353691101074,0.01756620545242876,0.01720722960482781,0.03299904831995567,0.032154416354993984,0.0,0.0,0.019358248710632325,False,False
3.215,-10.213577270507812,24.918912887573242,-2.3268818855285645,-1.9462952788997256,0.8755412346831017,0.8089500000000253,0.19104999999997474,0.0,562,528,0.6308819624948282,1.3691180375051717,48.0,48,1.0,26.0,0.037695545703172684,24.683839301993977,15.455888364364682,0.0,0.0,0.0,-0.4613975468814647,1.0,0.10575835406780243,0.04417278617620468,0.047152578830718994,0.017718076913617174,0.01735930569341835,0.03392039487759273,0.033094764997561775,0.0,0.0,0.011831603050231934,False,False
3.22,-10.324309349060059,24.77008056640625,-2.341899871826172,-2.2257840674167095,0.8431661824515488,0.8088500000000253,0.19114999999997473,0.0,597,562,0.6616417989535925,1.3383582010464075,25.0,25,2.0,34.0,0.03761322796344757,22.626852693494477,14.167897667334291,0.0,0.0,0.0,-0.4229477513080093,1.0,0.10532873868942261,0.04411846771836281,0.04715186357498169,0.017736271820108344,0.017379807298808614,0.03450896280507247,0.03365736144284408,0.0,0.0,0.01587515711784363,False,False
3.225,-10.474898338317871,24.733013153076172,-2.36083984375,-2.268761726427242,0.8097199798417877,0.8087500000000253,0.19124999999997472,0.0,589,555,0.6898383157074599,1.31016168429254,22.0,22,4.0,31.0,0.03754115849733353,20.74128163570327,12.987239528389766,0.0,0.0,0.0,-0.3877021053656752,1.0,0.1047259122133255,0.04404110834002495,0.04715120792388916,0.01766324163100179,0.017308530453010094,0.03481648862361908,0.033909350944062076,0.0,0.0,0.02016528844833374,False,False
3.23,-10.486413955688477,24.76129150390625,-2.3604469299316406,-2.21259740932657,0.7336715340773589,0.8086500000000253,0.1913499999999747,0.0,577,548,0.7156851227318382,1.2843148772681618,28.0,28,4.0,23.0,0.03746294602751732,19.012841499394664,11.90496956769062,0.0,0.0,0.0,-0.35539359658520225,1.0,0.10395577549934387,0.04398687183856964,0.047150492668151855,0.01765048486704435,0.017294043696407486,0.03483250581969818,0.03390225116163492,0.0,0.0,0.017957015037536623,False,False
3.235,-10.466187477111816,24.819169998168945,-2.4095284938812256,-2.324064055106547,0.79093349620369,0.8085500000000253,0.1914499999999747,0.0,620,586,0.7393780291708517,1.2606219708291482,48.0,48,1.0,30.0,0.037546247243881226,17.428438041111775,10.912888770383068,0.0,0.0,0.0,-0.32577746353643533,1.0,0.10302408039569855,0.044077321887016296,0.047149717807769775,0.017594632447153577,0.017235957086357542,0.034514254269500576,0.033527558359007045,0.0,0.0,0.01108227252960205,False,False
3.24,-10.5217866897583,24.894372940063477,-2.4702532291412354,-2.9581645968110006,0.743306690672553,0.8084500000000253,0.19154999999997468,0.0,565,531,0.7610965267399474,1.2389034732600526,35.0,35,5.0,20.0,0.037466663867235184,15.97606820435246,10.003481372851146,0.0,0.0,0.0,-0.2986293415750657,1.0,0.10193642228841782,0.044095512479543686,0.04714912176132202,0.017480185014195373,0.017121486944262507,0.034167394042015076,0.03310655398915212,0.0,0.0,0.017379285097122193,False,False
3.245,-10.578720092773438,24.896833419799805,-2.454115629196167,-2.2894512360525745,0.9696460321628138,0.8083500000000253,0.19164999999997467,0.0,567,537,0.7810051495116184,1.2189948504883816,17.0,17,3.0,18.0,0.03742440417408943,22.978062520656422,17.503191258446883,0.0,0.0,0.0,-0.273743563110477,1.0,0.10069827735424042,0.04398268461227417,0.047148287296295166,0.01746270464954395,0.017104757899612133,0.034268906650443874,0.03321580744038026,0.0,0.0,0.022483015060424806,False,False
3.25,-10.643827438354492,24.85555076599121,-2.3963382244110107,-2.681809205536771,0.5907281015087569,0.8082500000000253,0.19174999999997466,0.0,581,548,1.1325880537189834,0.8674119462810165,36.0,36,0.0,27.0,0.03756285458803177,21.063223977268386,24.377925320242973,0.0,0.0,0.0,0.16573506714872935,1.0,0.09943954646587372,0.04398888722062111,0.047147512435913086,0.017513423586845957,0.017155277550375346,0.0346338717887799,0.03363461544116338,0.0,0.0,0.020387480258941652,False,False
3.255,-10.805413246154785,24.87305450439453,-2.378615617752075,-2.396525385262171,0.6998010367706236,0.8081500000000253,0.19184999999997465,0.0,614,583,0.7882057159090683,1.2117942840909317,39.0,39,4.0,34.0,0.03775133192539215,27.641288645829352,22.346431543556058,0.0,0.0,0.0,-0.2647428551136647,1.0,0.09899196028709412,0.04405071958899498,0.04714679718017578,0.017444799148360828,0.017089823279529445,0.03475317110617956,0.033760994362334415,0.0,0.0,0.014469516277313233,False,False
3.2600000000000002,-10.906999588012695,24.866899490356445,-2.4021921157836914,-2.0864448357589795,0.7214918122204859,0.8080500000000254,0.19194999999997464,0.0,686,648,0.8058552395833126,1.1941447604166875,61.0,61,3.0,43.0,0.03771662712097168,25.33784792534357,20.484228914926387,0.0,0.0,0.0,-0.2426809505208592,1.0,0.09832058101892471,0.044254228472709656,0.04714608192443848,0.017377593917538976,0.017023805559107985,0.03473975230008364,0.033700003599127136,0.0,0.0,0.02121670722961426,False,False
3.265,-10.88343334197998,24.750328063964844,-2.3458635807037354,-1.9787011416576945,0.8351978634834624,0.8079500000000254,0.19204999999997463,0.0,598,554,0.8220339696180367,1.1779660303819635,19.0,19,5.0,20.0,0.037633299827575684,23.226360598231604,18.77720983868252,0.0,0.0,0.0,-0.2224575379774542,1.0,0.09748581051826477,0.044142529368400574,0.047145307064056396,0.017516172112741445,0.01716057977658505,0.03537674589703481,0.034393349972863994,0.0,0.0,0.018025567531585695,False,False
3.27,-10.835515022277832,24.663318634033203,-2.292531728744507,-2.2996306990197533,0.9798632037230984,0.8078500000000254,0.19214999999997462,0.0,553,524,0.8368644721498668,1.1631355278501332,23.0,23,1.0,27.0,0.03755681589245796,21.29083054837897,17.21244235212564,0.0,0.0,0.0,-0.20391940981266643,1.0,0.09649327397346497,0.04406939074397087,0.047144532203674316,0.01764939540380109,0.017293331011896586,0.03591677018751701,0.0350002928947409,0.0,0.0,0.022416815757751465,False,False
3.275,-10.835078239440918,24.648191452026367,-2.253068208694458,-2.21595332035925,0.8227268339156654,0.8077500000000254,0.1922499999999746,0.0,602,568,0.8504590994707113,1.1495409005292887,50.0,50,2.0,35.0,0.03748508170247078,19.516594669347388,15.77807215611517,0.0,0.0,0.0,-0.18692612566161088,1.0,0.09534847736358643,0.044178035110235214,0.047143757343292236,0.017689075048585665,0.017335010741759343,0.03608054326226314,0.03521835741897424,0.0,0.0,0.024952535629272462,False,False
3.2800000000000002,-10.874279022216797,24.586181640625,-2.2173163890838623,-1.999597908879856,0.7749668416712719,0.8076500000000254,0.1923499999999746,0.0,614,576,0.8629208411814853,1.1370791588185147,54.0,54,5.0,29.0,0.03754711523652077,17.890211780235106,14.463232809772238,0.0,0.0,0.0,-0.17134894852314336,1.0,0.09415662288665771,0.04431197792291641,0.04714304208755493,0.017737169373624895,0.017385041646193346,0.0364285691951712,0.035608120573063694,0.0,0.0,0.02542133808135986,False,False
3.285,-10.893696784973145,24.516206741333008,-2.17682147026062,-1.3395451296206096,0.8734528307737671,0.8075500000000254,0.19244999999997459,0.0,526,495,0.8743441044163616,1.1256558955836384,16.0,16,0.0,22.0,0.03746762499213219,16.399360798548845,13.257963408957885,0.0,0.0,0.0,-0.15706986947954799,1.0,0.09379924833774567,0.04419528692960739,0.04714226722717285,0.017817397196893202,0.01746730817109309,0.03677516865233581,0.03601513492564361,0.0,0.0,0.03308232069015503,False,False
3.29,-10.925740242004395,24.506277084350586,-2.191318988800049,-2.008384687386552,0.8341570837557328,0.8074500000000254,0.19254999999997457,0.0,569,541,1.2181487623816647,0.7818512376183352,15.0,15,0.0,33.0,0.037391677498817444,15.032747398669773,20.486466458211392,0.0,0.0,0.0,0.272685952977081,1.0,0.0932164192199707,0.04407794773578644,0.04714155197143555,0.017806540276971268,0.017455731494507073,0.03683951372901599,0.03605369944125414,0.0,0.0,0.018326460123062136,False,False
3.295,-10.959568977355957,24.359628677368164,-2.163116931915283,-1.7316302465440034,0.7456673897559422,0.8073500000000254,0.19264999999997456,0.0,659,619,1.1999696988498594,0.8000303011501406,23.0,23,5.0,38.0,0.03772366791963577,13.780018448780625,18.77926092002711,0.0,0.0,0.0,0.24996212356232422,1.0,0.09246854484081268,0.04400340095162392,0.04714071750640869,0.01789344243833291,0.017542718078203436,0.03754410737504562,0.036776543905337654,0.0,0.0,0.02317631721496582,False,False
3.3000000000000003,-10.95931339263916,24.145437240600586,-2.1393229961395264,-2.416591181995736,0.9305613902742711,0.8072500000000254,0.19274999999997455,0.0,699,657,1.1833055572790379,0.8166944427209621,39.0,39,4.0,26.0,0.03764897584915161,12.631683578048905,17.21432251002485,0.0,0.0,0.0,0.22913194659879724,1.0,0.09156129509210587,0.044008560478687286,0.04714000225067139,0.018049784918315326,0.017699336602585016,0.038502258248627186,0.03776704737295707,0.0,0.0,0.012886555194854737,False,False
3.305,-11.033726692199707,24.017053604125977,-2.1985559463500977,-2.0786194924735044,0.7914941283083928,0.8071500000000255,0.19284999999997454,0.0,617,571,1.1680300941724513,0.8319699058275486,17.0,17,3.0,35.0,0.03757968172430992,11.579043279878162,15.779795634189446,0.0,0.0,0.0,0.2100376177155642,1.0,0.09050020575523376,0.04391104727983475,0.04713928699493408,0.018037516577168913,0.01768418680857053,0.03903437561045091,0.038191843777894974,0.0,0.0,0.014655985832214355,False,False
3.31,-11.134344100952148,23.979339599609375,-2.2763938903808594,-2.451334038967528,0.49538138407695415,0.8070500000000255,0.19294999999997453,0.0,570,545,1.1540275863247471,0.8459724136752529,53.0,53,3.0,20.0,0.03751564025878906,10.614123006554982,14.464812664673659,0.0,0.0,0.0,0.19253448290593383,1.0,0.09036792814731598,0.04405156150460243,0.04713845252990723,0.017946222829670885,0.017589391787536067,0.039240693052609764,0.038239111502965294,0.0,0.0,0.01840709686279297,False,False
3.315,-11.136096000671387,23.99540138244629,-2.3005268573760986,-2.373577505922982,0.8305774772535159,0.8069500000000255,0.19304999999997452,0.0,543,511,1.141191954131018,0.8588080458689819,49.0,49,2.0,29.0,0.037437234073877335,9.729612756008732,13.259411609284186,0.0,0.0,0.0,0.17648994266377266,1.0,0.09000357240438461,0.044161874800920486,0.04713761806488037,0.017940679734223138,0.017578925655106638,0.039313104934990406,0.03823705328007539,0.0,0.0,0.009277883172035217,False,False
3.3200000000000003,-11.180130004882812,24.02240562438965,-2.327744245529175,-1.9616170755745979,0.7036415621111339,0.8068500000000255,0.1931499999999745,0.0,516,479,1.1294259579534334,0.8705740420465666,17.0,17,3.0,28.0,0.037389807403087616,8.918811693008005,12.154460641843837,0.0,0.0,0.0,0.16178244744179163,1.0,0.08946770429611206,0.0440608412027359,0.04713684320449829,0.017891564032062508,0.017527998141866428,0.03925253326694171,0.038118117178479835,0.0,0.0,0.015800976753234865,False,False
3.325,-11.27800464630127,23.991243362426758,-2.3539977073669434,-2.253401230858536,0.8889357687449438,0.8067500000000255,0.1932499999999745,0.0,657,621,1.1186404614573138,0.8813595385426862,46.0,46,3.0,33.0,0.03754075616598129,16.50891071859067,19.474922255023515,0.0,0.0,0.0,0.14830057682164224,1.0,0.08876615762710571,0.0441502220928669,0.04713606834411621,0.01784123233197374,0.01747773319878578,0.03947043946633737,0.038269502110779285,0.0,0.0,0.029967770576477055,False,False
3.33,-11.310181617736816,23.944137573242188,-2.360586404800415,-1.8805792535041046,0.7784356920140537,0.8066500000000255,0.1933499999999745,0.0,677,645,1.4420870896692042,0.5579129103307958,54.0,54,4.0,33.0,0.03760329633951187,15.133168158708113,26.18534540043822,0.0,0.0,0.0,0.5526088620865053,1.0,0.08790460973978043,0.04429295286536217,0.04713529348373413,0.017836093172081367,0.017474092537886093,0.03964386725177368,0.038427968199054405,0.0,0.0,0.014435011148452758,False,False
3.335,-11.401253700256348,23.88995361328125,-2.305690288543701,-2.15395730848147,0.8207880273070359,0.8065500000000255,0.19344999999997448,0.0,655,624,1.4052464988634372,0.5947535011365628,26.0,26,5.0,37.0,0.03764549270272255,13.872070812149103,24.00323328373503,0.0,0.0,0.0,0.5065581235792964,1.0,0.08688859641551971,0.04424586147069931,0.047134459018707275,0.01788596411452901,0.017524062805575873,0.04022986628115177,0.03906640845040481,0.0,0.0,0.019268442392349244,False,False
3.34,-11.588491439819336,23.892505645751953,-2.34165096282959,-2.165258603116785,0.7950364907193891,0.8064500000000255,0.19354999999997446,0.0,576,538,1.0381426239581508,0.9618573760418492,20.0,20,2.0,28.0,0.037627656012773514,21.04939824447001,22.002963843423778,0.0,0.0,0.0,0.04767827994768847,1.0,0.08680078387260437,0.04415641352534294,0.04713362455368042,0.017774221850597544,0.01741315902742365,0.04033854852120082,0.039082992201050125,0.0,0.0,0.013741328716278076,False,False
3.345,-11.726354598999023,23.7999210357666,-2.3371057510375977,-2.436747490268212,0.6644561411916404,0.8063500000000255,0.19364999999997445,0.0,489,450,1.0349640719616382,0.9650359280383617,19.0,19,0.0,18.0,0.03769857436418533,19.295281724097507,20.169383523138464,0.0,0.0,0.0,0.043705089952047874,1.0,0.0864802822470665,0.04405127838253975,0.047132909297943115,0.01777119259198624,0.017410627515636944,0.04088858452936014,0.039590445036689445,0.0,0.0,0.014089517593383791,False,False
3.35,-11.754653930664062,23.663366317749023,-2.2697336673736572,-2.0483627217985916,0.7255727893966842,0.8062500000000256,0.19374999999997444,0.0,568,540,1.0320503992981684,0.9679496007018317,77.0,77,1.0,31.0,0.03771565482020378,17.687341580422714,18.488601562876923,0.0,0.0,0.0,0.04006299912271043,1.0,0.08598767220973969,0.044330645352602005,0.04713207483291626,0.01792195793023916,0.017561969432707814,0.04194172254453103,0.040718456730246544,0.0,0.0,0.019856790304183962,False,False
3.355,-11.701333999633789,23.64335060119629,-2.2293851375579834,-2.536797752698033,0.765466895468265,0.8061500000000256,0.19384999999997443,0.0,531,497,1.0293795326899875,0.9706204673100125,44.0,44,0.0,27.0,0.037626054137945175,16.21339644872082,16.94788476597051,0.0,0.0,0.0,0.03672441586248443,1.0,0.08532880246639252,0.04440801218152046,0.047131240367889404,0.018000949484606198,0.01764204259476742,0.04219720760981242,0.04106092732399702,0.0,0.0,0.015188870429992677,False,False
3.36,-11.646834373474121,23.634897232055664,-2.213693141937256,-1.6860210960523552,0.8451969224890835,0.8060500000000256,0.19394999999997442,0.0,563,528,1.0269312382991551,0.9730687617008448,22.0,22,3.0,37.0,0.03757888823747635,14.862280077994086,15.535561035472966,0.0,0.0,0.0,0.03366404787394402,1.0,0.08450935035943985,0.04432577267289162,0.0471305251121521,0.01803175120800695,0.017672519609913784,0.04221041376392047,0.04110818107922872,0.0,0.0,0.015926709175109865,False,False
3.365,-11.678384780883789,23.535242080688477,-2.2001078128814697,-2.016809293911937,0.8690937381155721,0.8059500000000256,0.1940499999999744,0.0,556,526,1.0246869684408924,0.9753130315591076,15.0,15,4.0,28.0,0.03750099614262581,13.623756738161244,14.240930949183552,0.0,0.0,0.0,0.030858710551115377,1.0,0.0835348591208458,0.04420807585120201,0.047129809856414795,0.018090390938760633,0.01773094855819325,0.042795417830348015,0.041696702440579735,0.0,0.0,0.0224940824508667,False,False
3.37,-11.735594749450684,23.496109008789062,-2.1664159297943115,-2.761713671348214,0.8922515757091257,0.8058500000000256,0.1941499999999744,0.0,592,555,1.022629721070818,0.977370278929182,20.0,20,1.0,29.0,0.037424299865961075,12.488443676647806,13.054186703418255,0.0,0.0,0.0,0.028287151338522422,1.0,0.08249067515134811,0.04411393031477928,0.04712885618209839,0.0181262219878453,0.017769348908836264,0.043160162555674716,0.04211390856653452,0.0,0.0,0.02804423809051514,False,False
3.375,-11.788641929626465,23.434389114379883,-2.192124843597412,-1.8040052271408233,0.5906591942460327,0.8057500000000256,0.1942499999999744,0.0,618,589,1.020743910981583,0.9792560890184169,29.0,29,2.0,28.0,0.03735309839248657,11.447740036927156,11.966337811466733,0.0,0.0,0.0,0.025929888726978857,1.0,0.08229845762252808,0.04407329112291336,0.04712802171707153,0.018121890182955732,0.017762429296969987,0.04357945639640093,0.04245343152433634,0.0,0.0,0.021533915996551516,False,False
3.38,-11.752657890319824,23.23253631591797,-2.201961040496826,-2.6275675041095417,0.9866313428650832,0.8056500000000256,0.19434999999997438,0.0,684,645,1.352348585066451,0.6476514149335489,30.0,30,7.0,27.0,0.03732582926750183,10.49376170051656,19.302476327177835,0.0,0.0,0.0,0.4404357313330638,1.0,0.08187814801931381,0.044039398431777954,0.04712730646133423,0.01824818348376197,0.017886178851670514,0.044658592281242214,0.0434831902384758,0.0,0.0,0.0189501428604126,False,False
3.3850000000000002,-11.760350227355957,23.060239791870117,-2.208691120147705,-2.079511848915457,0.9293879599894022,0.8055500000000256,0.19444999999997437,0.0,586,552,1.32298620297758,0.6770137970224199,41.0,41,4.0,28.0,0.03733310475945473,9.619281558806845,17.69393663324635,0.0,0.0,0.0,0.40373275372197515,1.0,0.08236747980117798,0.04409549757838249,0.04712647199630737,0.01835186649921,0.017988928717599485,0.04552914295345545,0.0443461894368132,0.0,0.0,0.015098135471343995,False,False
3.39,-11.887425422668457,22.97295379638672,-2.2883260250091553,-1.7635035333880995,0.6269044086848686,0.8054500000000256,0.19454999999997435,0.0,580,536,1.2960706860627818,0.7039293139372182,59.0,59,2.0,23.0,0.03750436007976532,8.817674762239609,16.219441913809153,0.0,0.0,0.0,0.3700883575784772,1.0,0.08260601758956909,0.044294849038124084,0.04712557792663574,0.018272638710098883,0.01790716945356651,0.04600696886579196,0.04462525714188814,0.0,0.0,0.014508298635482789,False,False
3.395,-11.976134300231934,22.9290771484375,-2.3613176345825195,-2.618174845621729,0.8569818359787043,0.8053500000000257,0.19464999999997434,0.0,636,607,1.2713981288908833,0.7286018711091167,42.0,42,3.0,34.0,0.03761153668165207,8.082868532052974,14.867821754325055,0.0,0.0,0.0,0.33924766111360405,1.0,0.08265478909015656,0.04435428977012634,0.04712480306625366,0.01819139024176751,0.017825689208809833,0.04632492860158285,0.04474684751282136,0.0,0.0,0.014416000843048097,False,False
3.4,-11.960233688354492,22.911479949951172,-2.375013828277588,-2.0851751850773788,0.7819008454002278,0.8052500000000257,0.19474999999997433,0.0,587,554,1.2487816181499762,0.7512183818500238,31.0,31,3.0,35.0,0.03765077143907547,7.4092961543818925,13.6288366081313,0.0,0.0,0.0,0.31097702268747035,1.0,0.08252006024122238,0.04432760551571846,0.04712390899658203,0.018224282991567548,0.017854224240096524,0.046630959647397205,0.044972874845067665,0.0,0.0,0.011479294300079346,False,False
3.4050000000000002,-12.04781723022461,22.889060974121094,-2.4040470123291016,-2.3594767744577014,0.6055338692454241,0.8051500000000257,0.19484999999997432,0.0,632,590,1.2280498166374783,0.7719501833625217,17.0,17,5.0,39.0,0.03757753595709801,15.125188141516734,20.82643355745369,0.0,0.0,0.0,0.2850622707968478,1.0,0.08220794796943665,0.04423060268163681,0.047123074531555176,0.018179706637747196,0.017808494012569627,0.04686030404021343,0.04510742456962665,0.0,0.0,0.014492409229278566,False,False
3.41,-12.163736343383789,22.865585327148438,-2.4381375312805176,-1.9127129036882171,0.5332575993488913,0.8050500000000257,0.1949499999999743,0.0,684,642,1.209045665251022,0.7909543347489781,34.0,34,1.0,24.0,0.037503596395254135,22.19808912972367,27.424230760999215,0.0,0.0,0.0,0.2613070815637773,1.0,0.08172441273927689,0.04422328248620033,0.04712235927581787,0.0181004795349432,0.017731088636093392,0.04692930883417527,0.04509531892836094,0.0,0.0,0.027937519550323486,False,False
3.415,-12.226770401000977,22.837949752807617,-2.429245948791504,-2.6102145067201787,0.7459503451939921,0.8049500000000257,0.1950499999999743,0.0,631,594,0.8582918598134367,1.1417081401865632,29.0,29,5.0,23.0,0.03743334487080574,28.681581702246696,25.138878197582613,0.0,0.0,0.0,-0.17713517523320413,1.0,0.08215253055095673,0.04418732598423958,0.047121524810791016,0.018086113556171377,0.01771779998896295,0.04713788473357757,0.04530453744033973,0.0,0.0,0.020252695083618166,False,False
3.42,-12.362558364868164,22.809402465820312,-2.4053168296813965,-1.804782063797516,0.7964861170295278,0.8048500000000257,0.1951499999999743,0.0,611,576,0.8701008714956502,1.1298991285043498,42.0,42,6.0,17.0,0.037373702973127365,26.29144989372614,23.043971681117394,0.0,0.0,0.0,-0.1623739106304372,1.0,0.0823318287730217,0.04423626512289047,0.04712057113647461,0.018069002358475313,0.01769991969398651,0.04768212791532278,0.04582904900113742,0.0,0.0,0.012401512861251832,False,False
3.4250000000000003,-12.484030723571777,22.8161563873291,-2.4228110313415527,-2.0396902813682307,0.74859598915084,0.8047500000000257,0.19524999999997428,0.0,580,545,0.8809257988710129,1.1190742011289871,36.0,36,4.0,34.0,0.03730416297912598,24.100495735915626,21.123640707690946,0.0,0.0,0.0,-0.148842751411234,1.0,0.08232328295707703,0.04424986615777016,0.047119855880737305,0.017986781786583597,0.017619591994094283,0.047619094451268516,0.045712984477480255,0.0,0.0,0.014052647352218627,False,False
3.43,-12.554465293884277,22.726360321044922,-2.4171810150146484,-2.1809260540181024,0.9577905887235426,0.8046500000000257,0.19534999999997427,0.0,640,595,0.890848648965095,1.109151351034905,29.0,29,2.0,27.0,0.03724825754761696,22.09212109125599,19.363337315383365,0.0,0.0,0.0,-0.13643918879363123,1.0,0.08321038633584976,0.04420234635472298,0.047118961811065674,0.0180217688647095,0.0176537747003988,0.048373318277299404,0.046417078313728176,0.0,0.0,0.01620477080345154,False,False
3.435,-12.556827545166016,22.623044967651367,-2.357416868209839,-2.579197815010185,0.8223253705522755,0.8045500000000257,0.19544999999997426,0.0,655,614,0.8999445948846705,1.1000554051153295,44.0,44,1.0,31.0,0.037189383059740067,20.25111100031799,17.74972587243475,0.0,0.0,0.0,-0.12506925639416194,1.0,0.08383306115865707,0.04428616538643837,0.047118186950683594,0.01815492107649295,0.017784788358606946,0.04952179888884227,0.047623468562960625,0.0,0.0,0.016933680772781373,False,False
3.44,-12.533273696899414,22.617557525634766,-2.3122005462646484,-2.0783439709165314,0.8942294030044273,0.8044500000000258,0.19554999999997424,0.0,551,523,0.9082825453109479,1.0917174546890522,23.0,23,1.0,32.0,0.03712576627731323,18.563518416958157,16.270582049731853,0.0,0.0,0.0,-0.11464681836131518,1.0,0.08425267040729523,0.04423933103680611,0.04711729288101196,0.01821133450034501,0.01784162636361202,0.049768999839822456,0.04796650726348162,0.0,0.0,0.011819590330123902,False,False
3.4450000000000003,-12.54438591003418,22.574499130249023,-2.2829110622406006,-2.2883293663052386,0.7898513015613898,0.8043500000000258,0.19564999999997423,0.0,558,524,0.5825923332017021,1.4174076667982978,23.0,23,3.0,32.0,0.03733518347144127,25.349891882211644,14.914700212254198,0.0,0.0,0.0,-0.5217595834978723,1.0,0.08447583019733429,0.044144343584775925,0.04711657762527466,0.018251403418408002,0.017882246129214376,0.05015125032514334,0.048395758494734764,0.0,0.0,0.01766876220703125,False,False
3.45,-12.57618522644043,22.48895263671875,-2.2407772541046143,-1.8047780757223655,0.6789431011885324,0.8042500000000258,0.19574999999997422,0.0,718,686,0.6173763054348937,1.3826236945651063,20.0,20,4.0,20.0,0.03774191066622734,23.23740089202734,13.671808527899682,0.0,0.0,0.0,-0.4782796182063828,1.0,0.0845089852809906,0.04405199736356735,0.04711562395095825,0.01833091372833548,0.017962497613043138,0.05096568570782741,0.04926878182838361,0.0,0.0,0.037491390705108645,False,False
3.455,-12.581995964050293,22.484622955322266,-2.229259967803955,-1.8850799851446194,0.7758675722394565,0.8041500000000258,0.1958499999999742,0.0,609,572,0.9825949466486528,1.0174050533513472,25.0,25,3.0,36.0,0.037697553634643555,21.300950817691724,20.865824483908042,0.0,0.0,0.0,-0.021756316689184096,1.0,0.08435840904712677,0.04400304704904556,0.047114789485931396,0.01835051363605656,0.01798267363551189,0.051106312312185764,0.04943533334881067,0.0,0.0,0.03201807975769043,False,False
3.46,-12.652226448059082,22.370054244995117,-2.2657852172851562,-2.4890752669391714,0.838854182956279,0.8040500000000258,0.1959499999999742,0.0,563,537,1.3173787010945983,0.6826212989054017,39.0,39,1.0,34.0,0.03762023150920868,19.52587158288408,27.460339110249038,0.0,0.0,0.0,0.39672337636824795,1.0,0.08403022587299347,0.04404759034514427,0.04711395502090454,0.018353591713937537,0.017982876319243807,0.05189979448914528,0.05007610966761907,0.0,0.0,0.019754981994628905,False,False
3.465,-12.604231834411621,22.244525909423828,-2.2477505207061768,-2.2446920260270193,0.9463927343020743,0.8039500000000258,0.1960499999999742,0.0,545,511,1.290930476003382,0.7090695239966182,50.0,50,1.0,23.0,0.03753459453582764,26.23204895097707,33.505310851061616,0.0,0.0,0.0,0.3636630950042273,1.0,0.08460768312215805,0.04415449872612953,0.04711306095123291,0.01846952552208637,0.018097951191244258,0.052837737215061985,0.05103187169879675,0.0,0.0,0.017071545124053955,False,False
3.47,-12.670064926147461,22.15803337097168,-2.246990442276001,-1.9098177687464937,0.9086635812469196,0.8038500000000258,0.19614999999997418,0.0,543,511,1.2666862696697665,0.7333137303302334,30.0,30,0.0,32.0,0.03746003285050392,24.04604487172898,30.713201613473146,0.0,0.0,0.0,0.33335783708720823,1.0,0.08493045717477798,0.044161975383758545,0.047112345695495605,0.01848658289185996,0.018115575289120507,0.05346250720322132,0.051635430815319225,0.0,0.0,0.016600502729415895,False,False
3.475,-12.806487083435059,22.138437271118164,-2.3148036003112793,-2.4061763307995636,0.9567516855091579,0.8037500000000258,0.19624999999997417,0.0,648,605,1.2444624138639528,0.7555375861360473,24.0,24,1.0,38.0,0.03739949315786362,22.0422077990849,28.153768145683717,0.0,0.0,0.0,0.3055780173299409,1.0,0.08505967259407043,0.044090330600738525,0.04711151123046875,0.018362170235486305,0.01799097193979309,0.05359608680009842,0.051545247746010624,0.0,0.0,0.01873993992805481,False,False
3.48,-12.836970329284668,22.17287826538086,-2.3580825328826904,-2.5106959068376598,0.8509826847205798,0.8036500000000258,0.19634999999997416,0.0,640,601,1.2240905460419569,0.7759094539580432,31.0,31,9.0,33.0,0.03734835982322693,20.205357149161156,25.807620800210074,0.0,0.0,0.0,0.28011318255244594,1.0,0.08500171452760696,0.044073909521102905,0.047110676765441895,0.01829208112612793,0.01792044515314008,0.05334978923201561,0.051174963203569256,0.0,0.0,0.017819638252258303,False,False
3.485,-12.843734741210938,22.201339721679688,-2.388230323791504,-2.347605797730474,0.8496879228590292,0.8035500000000259,0.19644999999997415,0.0,702,668,1.2054163338717936,0.7945836661282064,22.0,22,2.0,25.0,0.0374787338078022,18.52157738673106,23.6569857335259,0.0,0.0,0.0,0.256770417339742,1.0,0.08476278185844421,0.0439867340028286,0.04710972309112549,0.018264893912127777,0.017891980839077927,0.053203298399845764,0.05095472404112419,0.0,0.0,0.01892696976661682,False,False
3.49,-12.937959671020508,22.174854278564453,-2.417546272277832,-2.311844740213658,0.8075519732909914,0.8034500000000259,0.19654999999997413,0.0,615,580,1.188298306049144,0.8117016939508559,57.0,57,2.0,26.0,0.03764570504426956,16.978112604503472,21.685570255732074,0.0,0.0,0.0,0.23537288256143007,1.0,0.0854262113571167,0.0441490113735199,0.04710894823074341,0.018208660951659936,0.01783692755961442,0.053364718332886696,0.05102233961224556,0.0,0.0,0.024017598628997806,False,False
3.495,-12.983582496643066,22.140117645263672,-2.4549734592437744,-2.573701511718055,0.45369037016215685,0.8033500000000259,0.19664999999997412,0.0,674,631,1.1726067805450486,0.8273932194549514,30.0,30,6.0,24.0,0.037961963564157486,15.563269887461516,19.878439401087732,0.0,0.0,0.0,0.21575847568131082,1.0,0.08583176136016846,0.04411841556429863,0.04710811376571655,0.018157620605430174,0.017788122037541668,0.05331248976290226,0.050887170558174454,0.0,0.0,0.030716035366058353,False,False
3.5,-13.047313690185547,22.054773330688477,-2.415768623352051,-2.6186653862594778,0.9809284617681507,0.8032500000000259,0.1967499999999741,0.0,625,595,1.1582228821662945,0.8417771178337055,23.0,23,3.0,24.0,0.03790021315217018,14.266330730173056,18.22190278433042,0.0,0.0,0.0,0.19777860270786823,1.0,0.08604064583778381,0.04405238851904869,0.047107160091400146,0.018212795982098125,0.017842184572014575,0.05423008153835933,0.05182325063894193,0.0,0.0,0.023629305362701417,False,False
3.505,-13.218175888061523,22.05763816833496,-2.4179887771606445,-2.7025642797108036,0.5822191666285745,0.8031500000000259,0.1968499999999741,0.0,617,582,0.8117043086524369,1.188295691347563,36.0,36,1.0,29.0,0.037828776985406876,21.4108031693253,16.70341088563622,0.0,0.0,0.0,-0.2353696141844539,1.0,0.08713659644126892,0.04405210167169571,0.04710632562637329,0.018129328097759665,0.017760480159000728,0.054371925070881844,0.051914192736148834,0.0,0.0,0.012687907218933106,False,False
3.5100000000000002,-13.328757286071777,22.043338775634766,-2.4280855655670166,-2.1109655018600053,0.7512003824609303,0.8030500000000259,0.1969499999999741,0.0,557,528,0.8273956162647338,1.1726043837352662,26.0,26,5.0,25.0,0.03775665536522865,19.62656957188152,15.311459978499867,0.0,0.0,0.0,-0.21575547966908273,1.0,0.08795975148677826,0.044001299887895584,0.047105491161346436,0.018074818639084306,0.01770785801229029,0.05442663406332334,0.05191558040678501,0.0,0.0,0.015511984825134278,False,False
3.515,-13.358293533325195,21.907014846801758,-2.3961305618286133,-2.0989671208224765,0.7494403127411668,0.8029500000000259,0.19704999999997408,0.0,535,497,0.5084459815760061,1.491554018423994,29.0,29,1.0,25.0,0.03766615688800812,26.32435544089139,14.035504980291543,0.0,0.0,0.0,-0.6144425230299924,1.0,0.0885717049241066,0.04398178681731224,0.047104716300964355,0.018183270191152495,0.01781372706316528,0.05586886157592138,0.05332511384040117,0.0,0.0,0.017163889408111574,False,False
3.52,-13.316651344299316,21.82675552368164,-2.345184803009033,-2.594697074019082,0.8099821781871933,0.8028500000000259,0.19714999999997407,0.0,572,534,0.5494088164446723,1.4505911835553276,34.0,34,4.0,22.0,0.03761407732963562,24.13065915415044,12.865879565267248,0.0,0.0,0.0,-0.5632389794441596,1.0,0.08897928148508072,0.04397137463092804,0.0471038818359375,0.01831067609332928,0.01793883617994492,0.0570222083479166,0.05454361749192079,0.0,0.0,0.020621266365051273,False,False
3.525,-13.267341613769531,21.852508544921875,-2.306297779083252,-2.1225042649166728,0.9443682719841494,0.8027500000000259,0.19724999999997406,0.0,531,502,0.5869580817409497,1.4130419182590503,28.0,28,4.0,30.0,0.03753054141998291,22.11977089130457,11.79372293482831,0.0,0.0,0.0,-0.5163023978238129,1.0,0.08918912708759308,0.0439629852771759,0.047102928161621094,0.018344166221795206,0.01797282762580978,0.05698399307827155,0.05461796186864376,0.0,0.0,0.015576292276382447,False,False
3.5300000000000002,-13.275574684143066,21.7728328704834,-2.269864082336426,-2.5827406656841974,0.7047953134896578,0.802650000000026,0.19734999999997405,0.0,568,531,0.6213782415958705,1.3786217584041296,30.0,30,1.0,28.0,0.03744049370288849,28.60978998369585,19.144246023592615,0.0,0.0,0.0,-0.4732771980051618,1.0,0.0892077311873436,0.04393848404288292,0.04710209369659424,0.018417136395970583,0.018045965627727954,0.0578465157498916,0.05552337194482486,0.0,0.0,0.023473112583160403,False,False
3.535,-13.30560302734375,21.69672966003418,-2.22731351852417,-2.2735724956098644,0.8904136757952933,0.802550000000026,0.19744999999997404,0.0,616,582,0.6529300547962147,1.3470699452037853,32.0,32,3.0,19.0,0.0373651348054409,34.558974151721195,25.882225521626562,0.0,0.0,0.0,-0.43383743150473164,1.0,0.08904141932725906,0.04392988607287407,0.04710125923156738,0.01849887776421343,0.018128310682639707,0.058800665040810905,0.05655026063323021,0.0,0.0,0.0339800763130188,False,False
3.54,-13.349404335021973,21.68082618713379,-2.261216640472412,-2.583508878118046,0.962460664662056,0.802450000000026,0.19754999999997402,0.0,629,590,0.6818525502298636,1.3181474497701364,38.0,38,1.0,31.0,0.03731783851981163,31.67905963907776,23.72537339482435,0.0,0.0,0.0,-0.3976843122126706,1.0,0.08977362513542175,0.04398363456130028,0.0471004843711853,0.018460313212475342,0.018088500529992935,0.058762667079766594,0.05640636819104354,0.0,0.0,0.018350355625152588,False,False
3.545,-13.414621353149414,21.532167434692383,-2.304753541946411,-2.275487465009104,0.5763440861477963,0.802350000000026,0.197649999999974,0.0,662,629,0.7083648377107084,1.2916351622892916,28.0,28,6.0,33.0,0.03750079125165939,29.039138002487945,21.748258945255653,0.0,0.0,0.0,-0.3645439528616146,1.0,0.09024422615766525,0.04396471753716469,0.04709964990615845,0.01847259988550367,0.01809873559112466,0.05982966162264347,0.057270318890611335,0.0,0.0,0.011168465614318848,False,False
3.5500000000000003,-13.44461727142334,21.382991790771484,-2.271881580352783,-2.540892391673617,0.8336573246902376,0.802250000000026,0.197749999999974,0.0,710,678,1.066001101234816,0.933998898765184,31.0,31,3.0,24.0,0.03809516504406929,26.619209835613947,28.269237366484347,0.0,0.0,0.0,0.08250137654352,1.0,0.09051454067230225,0.04393991455435753,0.04709869623184204,0.018562213352764555,0.018190689920059323,0.06122891170283159,0.05871800395349662,0.0,0.0,0.0175070858001709,False,False
3.555,-13.548768043518066,21.328964233398438,-2.290586471557617,-2.220371416339645,0.8284746317193457,0.802150000000026,0.197849999999974,0.0,641,598,1.0605010094652478,0.939498990534752,25.0,25,2.0,36.0,0.03820325434207916,24.400942349312785,25.913467585943984,0.0,0.0,0.0,0.07562626183155992,1.0,0.09059111028909683,0.04387728124856949,0.047097861766815186,0.018519089659093477,0.01814841365499848,0.061688097193837166,0.05907605091730754,0.0,0.0,0.012415691614151002,False,False
3.56,-13.6552152633667,21.325063705444336,-2.325958251953125,-1.8409027302655896,0.755708028602124,0.802050000000026,0.19794999999997398,0.0,536,508,0.722125925343144,1.277874074656856,35.0,35,1.0,30.0,0.03811812773346901,30.700863820203384,23.754011953781983,0.0,0.0,0.0,-0.34734259332107004,1.0,0.09048034250736237,0.04390888288617134,0.04709702730178833,0.018432202483138913,0.01806184415158311,0.061732036992907524,0.05895684162775676,0.0,0.0,0.01853758692741394,False,False
3.565,-13.644349098205566,21.35259246826172,-2.3639144897460938,-2.2767943094482477,0.8081055383682487,0.801950000000026,0.19804999999997397,0.0,537,502,0.7452820982312153,1.2547179017687848,25.0,25,1.0,27.0,0.03802434727549553,28.142458501853103,21.774510957633485,0.0,0.0,0.0,-0.3183973772109809,1.0,0.09018846601247787,0.0438695065677166,0.0470961332321167,0.018397173055059186,0.01802578806240693,0.061443851639827095,0.0585541067024072,0.0,0.0,0.012993416786193849,False,False
3.5700000000000003,-13.700594902038574,21.348953247070312,-2.390815019607544,-2.6820945495930677,0.8462214052572439,0.801850000000026,0.19814999999997396,0.0,581,544,1.099841923378614,0.9001580766213859,27.0,27,6.0,28.0,0.037952542304992676,25.797253626698676,28.293301711164027,0.0,0.0,0.0,0.12480240422326752,1.0,0.08972154557704926,0.043800607323646545,0.047095298767089844,0.01835926162206994,0.017986988343647294,0.06145831507941087,0.058466894552111626,0.0,0.0,0.017664275169372558,False,False
3.575,-13.792825698852539,21.287736892700195,-2.3956356048583984,-2.6768535223474315,0.6746574129134804,0.801750000000026,0.19824999999997395,0.0,660,624,1.424855096430396,0.5751449035696038,36.0,36,2.0,26.0,0.037869829684495926,23.64748249114045,34.268859901900356,0.0,0.0,0.0,0.5310688705379952,1.0,0.08908551186323166,0.043822843581438065,0.04709446430206299,0.018345550416657922,0.017973586403531562,0.0620832604666551,0.05900895843903224,0.0,0.0,0.018355250358581543,False,False
3.58,-13.808037757873535,21.248605728149414,-2.417579412460327,-1.5413532585683063,0.4591859836161191,0.8016500000000261,0.19834999999997394,0.0,598,569,1.3894505050611965,0.6105494949388034,31.0,31,2.0,28.0,0.03781721740961075,21.67685895021208,31.413121576741993,0.0,0.0,0.0,0.48681313132649573,1.0,0.0882861465215683,0.043812863528728485,0.04709357023239136,0.018333892817996668,0.017963353154287907,0.062230757127205535,0.0590967790534099,0.0,0.0,0.017560758590698243,False,False
3.585,-13.90375804901123,21.20663070678711,-2.379976749420166,-2.4559998782938233,0.7512012824709424,0.8015500000000261,0.19844999999997393,0.0,667,626,1.0236629629727636,0.9763370370272364,34.0,34,5.0,34.0,0.037780892103910446,28.203787371027737,28.795361445346828,0.0,0.0,0.0,0.029578703715954547,1.0,0.08732906728982925,0.0438205860555172,0.0470927357673645,0.018350862501072297,0.017979188884142395,0.06302705655495326,0.05990017205476761,0.0,0.0,0.022569684982299807,False,False
3.59,-14.084980010986328,21.21722984313965,-2.4002301692962646,-2.220707106743975,0.873442546289751,0.8014500000000261,0.19854999999997391,0.0,701,663,1.0216910493917,0.9783089506083,34.0,34,7.0,32.0,0.03772851452231407,25.853471756775424,26.395747991567923,0.0,0.0,0.0,0.02711381173962497,1.0,0.08729703724384308,0.043811991810798645,0.04709184169769287,0.018245399395391573,0.017876146558322557,0.0628929864615202,0.05966547876596451,0.0,0.0,0.015414513349533083,False,False
3.595,-14.196582794189453,21.145109176635742,-2.3837878704071045,-2.423524608675373,0.9511194449364526,0.8013500000000261,0.1986499999999739,0.0,653,617,1.0198834619423915,0.9801165380576085,36.0,36,0.0,27.0,0.03790253400802612,23.69901577704414,24.196102325603928,0.0,0.0,0.0,0.024854327427989452,1.0,0.08702925592660904,0.043820999562740326,0.047091007232666016,0.018248238971068437,0.017879661342827213,0.06362047667304675,0.06034037098288536,0.0,0.0,0.017651009559631347,False,False
3.6,-14.20396900177002,21.019485473632812,-2.3323404788970947,-2.0709949624439794,0.6633231350406059,0.8012500000000261,0.1987499999999739,0.0,628,592,1.0182265067805256,0.9817734932194743,51.0,51,1.0,41.0,0.03817438706755638,21.72409779562379,22.179760465136933,0.0,0.0,0.0,0.0227831334756571,1.0,0.08658639341592789,0.0439794659614563,0.04709005355834961,0.018378638982423184,0.018007831432506984,0.06555920156339805,0.062280138954520226,0.0,0.0,0.018583096265792846,False,False
3.605,-14.168127059936523,20.980195999145508,-2.3039863109588623,-2.287497327258081,0.8724525819481107,0.8011500000000261,0.19884999999997388,0.0,499,471,1.016707631215482,0.9832923687845181,16.0,16,2.0,32.0,0.03811502829194069,19.913756312655142,20.33144709304219,0.0,0.0,0.0,0.02088453901935239,1.0,0.08597437292337418,0.04388082027435303,0.04708915948867798,0.018448897395864656,0.01807700296048967,0.06640761159360409,0.06317042124768099,0.0,0.0,0.01992385029792786,False,False
3.61,-14.148886680603027,20.958202362060547,-2.261408805847168,-2.010982441532499,0.7841920650545242,0.8010500000000261,0.19894999999997387,0.0,544,513,1.0153153286141918,0.9846846713858082,28.0,28,1.0,32.0,0.038053300231695175,18.25427661993388,18.637159835288674,0.0,0.0,0.0,0.019144160767739747,1.0,0.08519896119832993,0.04384153336286545,0.04708832502365112,0.018501634251442335,0.018130277285313152,0.06690660181144874,0.0637768084804217,0.0,0.0,0.02000816822052002,False,False
3.615,-14.197100639343262,20.876466751098633,-2.2446484565734863,-2.1676443192574233,0.909511428072815,0.8009500000000261,0.19904999999997386,0.0,666,634,1.3473723845630092,0.6526276154369908,29.0,29,5.0,37.0,0.03799542784690857,16.733086901606054,25.417396515681283,0.0,0.0,0.0,0.4342154807037614,1.0,0.08426578342914581,0.04379278048872948,0.04708743095397949,0.018541466062771683,0.018170137673033934,0.06788068761428198,0.06472739080588023,0.0,0.0,0.03056206226348877,False,False
3.62,-14.230774879455566,20.838882446289062,-2.2060317993164062,-2.2546762550446164,0.4576553877006668,0.8008500000000262,0.19914999999997385,0.0,631,594,1.318424685849425,0.6815753141505749,18.0,18,4.0,28.0,0.03796883299946785,15.338662993138882,23.29928013937451,0.0,0.0,0.0,0.39803085731178134,1.0,0.0832124575972557,0.043694574385881424,0.047086477279663086,0.018586310809904617,0.01821668699057733,0.06851497106254101,0.06544942346711954,0.0,0.0,0.029517855644226078,False,False
3.625,-14.298017501831055,20.7608585357666,-2.2411270141601562,-2.2650150174480235,0.8499569087981297,0.8007500000000262,0.19924999999997384,0.0,670,629,0.9585559620286397,1.0414440379713603,36.0,36,3.0,25.0,0.03804713860154152,22.393774410377308,21.3576734610933,0.0,0.0,0.0,-0.05180504746420045,1.0,0.08305693417787552,0.0437144972383976,0.04708564281463623,0.0185762043436209,0.018204420341217182,0.06936750685175261,0.06608700069288413,0.0,0.0,0.020077333450317383,False,False
3.63,-14.281099319458008,20.567798614501953,-2.249666213989258,-2.258994514654306,0.946902724625244,0.8006500000000262,0.19934999999997383,0.0,678,640,0.628676298526253,1.371323701473747,45.0,45,4.0,29.0,0.03800300881266594,28.860959876179198,19.577867339335523,0.0,0.0,0.0,-0.4641546268421838,1.0,0.08267081528902054,0.043833356350660324,0.0470847487449646,0.01869224198511761,0.018317343435482657,0.0715821950385968,0.0681235237667958,0.0,0.0,0.01678092956542969,False,False
3.6350000000000002,-14.292701721191406,20.414701461791992,-2.2504513263702393,-2.1139763678338976,0.5779009650356995,0.8005500000000262,0.19944999999997381,0.0,601,566,0.9929532736490652,1.0070467263509348,47.0,47,5.0,35.0,0.037928156554698944,26.4558798864976,26.279711727724226,0.0,0.0,0.0,-0.008808407938668595,1.0,0.08211462944746017,0.04389340430498123,0.04708379507064819,0.018771677543137126,0.01839741047491124,0.07309832610189915,0.06960287069280943,0.0,0.0,0.018251402378082277,False,False
3.64,-14.421329498291016,20.373594284057617,-2.2941954135894775,-2.4724931397522787,0.5936693415729515,0.8004500000000262,0.1995499999999738,0.0,531,503,0.9935405008449762,1.0064594991550238,24.0,24,2.0,21.0,0.03784126415848732,24.251223229289465,24.089735750413872,0.0,0.0,0.0,-0.008074373943779634,1.0,0.08139415830373764,0.043841637670993805,0.04708296060562134,0.018681100777388767,0.018307679407104142,0.07329838971296947,0.06957902883489928,0.0,0.0,0.015478751659393311,False,False
3.645,-14.519216537475586,20.39523696899414,-2.3352701663970947,-2.0425726847282775,0.7758605878542943,0.8003500000000262,0.1996499999999738,0.0,555,523,1.5,0.33925454089210494,12.0,12,3.0,16.0,0.03788924962282181,22.230287960182007,38.74892443787938,0.0,0.0,0.0,0.8259318238848687,1.0,0.08159232139587402,0.043738119304180145,0.04708206653594971,0.018577539258170468,0.018204543863073522,0.072927117968599,0.06900517269968987,0.0,0.0,0.019221140146255495,False,False
3.65,-14.495997428894043,20.437847137451172,-2.3654255867004395,-2.3386908049913298,0.5803727381571735,0.8002500000000262,0.19974999999997378,0.0,531,503,1.5,0.3943166624844294,21.0,21,1.0,26.0,0.03782495856285095,20.377763963500172,35.519847401389434,0.0,0.0,0.0,0.7571041718944631,1.0,0.08154846727848053,0.043641116470098495,0.047081172466278076,0.0185589102312608,0.018183679012930557,0.07256184704601765,0.06852710309127967,0.0,0.0,0.013829960823059081,False,False
3.6550000000000002,-14.549020767211914,20.439006805419922,-2.3959872722625732,-2.456007561190887,0.9919496489751479,0.8001500000000262,0.19984999999997377,0.0,703,656,1.5,0.44479027394406045,69.0,69,2.0,19.0,0.03775838762521744,18.679616966541822,32.55986011794031,0.0,0.0,0.0,0.6940121575699244,1.0,0.08132341504096985,0.04388803243637085,0.04708021879196167,0.018516804089691707,0.01814148479412891,0.07240287338693938,0.06826185310880344,0.0,0.0,0.02192347288131714,False,False
3.66,-14.627731323242188,20.37162208557129,-2.412571668624878,-1.6501725891745886,0.5431385958635392,0.8000500000000262,0.19994999999997376,0.0,663,632,1.5,0.49105775111538874,65.0,65,6.0,17.0,0.03782212734222412,17.12298221933,29.846538441445283,0.0,0.0,0.0,0.6361778111057641,1.0,0.08092322200536728,0.044120676815509796,0.04707932472229004,0.0184901905975999,0.018116253589861634,0.07285439409315586,0.06861055580278239,0.0,0.0,0.01654655933380127,False,False
3.665,-14.671746253967285,20.32518768310547,-2.417487144470215,-2.236076410229325,0.7799392823440952,0.7999500000000263,0.20004999999997375,0.0,641,609,1.1331970614775604,0.8668029385224396,32.0,32,6.0,28.0,0.03784839063882828,24.029400367719166,27.359326904658175,0.0,0.0,0.0,0.16649632684695045,1.0,0.0814310759305954,0.044132012873888016,0.047078490257263184,0.018485141875493556,0.01811189917249876,0.07314012696345648,0.06886307460566363,0.0,0.0,0.023249444961547853,False,False
3.67,-14.77584171295166,20.28832244873047,-2.4114677906036377,-1.877103016230476,0.6961112387866694,0.7998500000000263,0.20014999999997374,0.0,574,534,1.1220973063544302,0.8779026936455697,9.0,9,3.0,26.0,0.03779929503798485,22.026950337075903,25.07938299593666,0.0,0.0,0.0,0.1526216329430378,1.0,0.0816865861415863,0.04398240149021149,0.04707753658294678,0.01847350546737006,0.018099659803633497,0.07384359526137511,0.06946597869197528,0.0,0.0,0.018605321645736694,False,False
3.6750000000000003,-14.892021179199219,20.27324104309082,-2.43168306350708,-2.1579216823465,0.9125224744255471,0.7997500000000263,0.20024999999997373,0.0,618,587,1.1119225308248943,0.8880774691751055,37.0,37,1.0,26.0,0.037793390452861786,20.191371142319575,22.989434412941936,0.0,0.0,0.0,0.13990316353111804,1.0,0.08175083249807358,0.04398391768336296,0.047076642513275146,0.018399712870828405,0.018028085479745246,0.07359137137730917,0.06913997853795688,0.0,0.0,0.0112074875831604,False,False
3.68,-14.951888084411621,20.188241958618164,-2.4157586097717285,-2.2297516742128973,0.7974983064608338,0.7996500000000263,0.20034999999997372,0.0,677,636,0.7692623199228199,1.23073768007718,42.0,42,4.0,26.0,0.03779657930135727,26.842090213792943,21.07364821186344,0.0,0.0,0.0,-0.2884221000964752,1.0,0.08270740509033203,0.044034939259290695,0.047075748443603516,0.01844419542447779,0.018071542208587046,0.07487649408479533,0.0703245960175991,0.0,0.0,0.01730762720108032,False,False
3.685,-14.963839530944824,20.07252311706543,-2.3721442222595215,-2.5905430038354664,0.8860144841925599,0.7995500000000263,0.2004499999999737,0.0,616,571,0.7884904599292516,1.2115095400707485,26.0,26,3.0,27.0,0.03773443400859833,24.60524936264353,19.31751086087482,0.0,0.0,0.0,-0.26438692508843553,1.0,0.0833963006734848,0.04399364814162254,0.04707479476928711,0.01856422158823463,0.01818887669131275,0.07728015693525474,0.07263797645767531,0.0,0.0,0.01921397686004639,False,False
3.69,-14.93042278289795,20.084514617919922,-2.3286657333374023,-2.3001307274257767,0.8933899161353973,0.7994500000000263,0.2005499999999737,0.0,598,564,0.8061162549351474,1.1938837450648527,56.0,56,2.0,29.0,0.03765122964978218,22.554811915756567,17.70771828913525,0.0,0.0,0.0,-0.2423546813310658,1.0,0.08387899398803711,0.04410940781235695,0.04707390069961548,0.018611746159963836,0.018235995461348978,0.07767956393460433,0.07316765685876211,0.0,0.0,0.01230552077293396,False,False
3.6950000000000003,-14.920378684997559,20.038856506347656,-2.2945303916931152,-2.033326847038263,0.6860233227986042,0.7993500000000263,0.20064999999997368,0.0,616,580,0.8222732336905517,1.1777267663094484,32.0,32,2.0,35.0,0.037565525621175766,20.675244256110187,16.23207509837398,0.0,0.0,0.0,-0.22215845788681038,1.0,0.08416217565536499,0.044129565358161926,0.04707294702529907,0.018665659943672728,0.01828952108420547,0.07854802223543327,0.07408798672258854,0.0,0.0,0.016617144346237185,False,False
3.7,-14.954605102539062,19.92847442626953,-2.2599828243255615,-2.4725440319703007,0.9117640399269306,0.7992500000000263,0.20074999999997367,0.0,659,629,1.1704171308830058,0.8295828691169943,24.0,24,4.0,36.0,0.03769005462527275,18.95230723476767,23.21273550684281,0.0,0.0,0.0,0.2130214136037571,1.0,0.08425237238407135,0.04405810311436653,0.04707211256027222,0.018755266767150003,0.018378436843592583,0.08050663707156977,0.07600277972718081,0.0,0.0,0.04541493892669678,False,False
3.705,-14.96517562866211,19.937156677246094,-2.246816635131836,-2.34099702730604,0.9468100982729414,0.7991500000000263,0.20084999999997366,0.0,584,545,0.8228823699760887,1.1771176300239115,27.0,27,0.0,26.0,0.037717610597610474,25.70628163187036,21.278340881272577,0.0,0.0,0.0,-0.2213970375298892,1.0,0.08415594696998596,0.043994270265102386,0.04707133769989014,0.01876232989306986,0.018386243928689105,0.08055704645812511,0.07610277272760868,0.0,0.0,0.02191195487976074,False,False
3.71,-15.024572372436523,19.806428909301758,-2.287327289581299,-2.056726766059098,0.7177455688499241,0.7990500000000264,0.20094999999997365,0.0,677,635,0.8376421724780811,1.1623578275219189,23.0,23,4.0,33.0,0.03779304027557373,31.897424829214497,27.838479141166527,0.0,0.0,0.0,-0.2029472844023985,1.0,0.08387910574674606,0.04394254833459854,0.047070324420928955,0.018776259848575942,0.01839754792465788,0.0819882998863856,0.07721196239193281,0.0,0.0,0.021889255046844483,False,False
3.715,-15.01900863647461,19.594871520996094,-2.2765824794769287,-2.0029407802386805,0.8267679782441306,0.7989500000000264,0.20104999999997364,0.0,633,597,0.8511719914382411,1.1488280085617588,29.0,29,3.0,31.0,0.03799837455153465,29.239306093446622,25.51860587940265,0.0,0.0,0.0,-0.18603501070219863,1.0,0.08450517058372498,0.04390861093997955,0.04706937074661255,0.01890937715582508,0.01852986101728513,0.08514863128463428,0.08019581437110901,0.0,0.0,0.017684932947158817,False,False
3.72,-15.081933975219727,19.474096298217773,-2.2924723625183105,-2.041917835826662,0.9477445342388138,0.7988500000000264,0.20114999999997363,0.0,643,607,0.8635743254850543,1.1364256745149457,66.0,66,2.0,23.0,0.03797415643930435,26.80269725232607,23.392055389452427,0.0,0.0,0.0,-0.17053209314368215,1.0,0.08487389236688614,0.044142838567495346,0.04706847667694092,0.018930341082508264,0.01855155210255139,0.0865144810328881,0.08141934871673584,0.0,0.0,0.01775703191757202,False,False
3.725,-15.217158317565918,19.47512435913086,-2.3368139266967773,-2.1279758152410406,0.6743609061385724,0.7987500000000264,0.20124999999997362,0.0,582,547,0.8749431316946331,1.125056868305367,35.0,35,7.0,25.0,0.03791923448443413,24.56913914796556,21.44271744033139,0.0,0.0,0.0,-0.1563210853817086,1.0,0.08504648506641388,0.04413864016532898,0.04706764221191406,0.018805464118990322,0.018428551845174498,0.0857753430803617,0.08048428222537041,0.0,0.0,0.017388386726379396,False,False
3.73,-15.261882781982422,19.505285263061523,-2.3692755699157715,-2.6180042826880516,0.4541955726325432,0.7986500000000264,0.2013499999999736,0.0,557,526,0.8853645373867469,1.114635462613253,22.0,22,2.0,24.0,0.03786425292491913,22.5217108856351,19.655824320303772,0.0,0.0,0.0,-0.14329432826656632,1.0,0.08502938598394394,0.04407462850213051,0.047066688537597656,0.018736599688417798,0.018359991660690463,0.0851920060813427,0.07974632705251376,0.0,0.0,0.016583198308944704,False,False
3.735,-15.257309913635254,19.52831268310547,-2.4065558910369873,-2.4415249572714472,0.9347362824419795,0.7985500000000264,0.2014499999999736,0.0,601,566,0.894917492604518,1.105082507395482,60.0,60,0.0,19.0,0.03777914494276047,20.644901645165508,18.017838960278457,0.0,0.0,0.0,-0.13135313424435252,1.0,0.08482887595891953,0.04427746310830116,0.047065794467926025,0.018707766971899714,0.018330239043919897,0.08469707953433196,0.07913301698863506,0.0,0.0,0.015253939628601077,False,False
3.74,-15.363168716430664,19.47701644897461,-2.4283785820007324,-1.9895418881108995,0.6187182110776006,0.7984500000000264,0.20154999999997358,0.0,625,587,0.9036743682208082,1.0963256317791918,36.0,36,2.0,27.0,0.03770538046956062,18.924493174735048,16.516352380255253,0.0,0.0,0.0,-0.12040703972398976,1.0,0.0844510942697525,0.04427905008196831,0.047064900398254395,0.018665537378595113,0.018288767808698647,0.08494095876812935,0.0792428789039453,0.0,0.0,0.023797903060913086,False,False
3.745,-15.418804168701172,19.40778923034668,-2.4578800201416016,-2.790962248796435,0.8178730767545669,0.7983500000000264,0.20164999999997357,0.0,602,564,0.5783681708690742,1.4216318291309258,22.0,22,5.0,28.0,0.037632785737514496,25.68078541017379,15.139989681900648,0.0,0.0,0.0,-0.5270397864136571,1.0,0.08390200883150101,0.04420408979058266,0.04706394672393799,0.018645638212910442,0.018270740568055367,0.0853222484389941,0.07950062863528728,0.0,0.0,0.021369750499725344,False,False
3.75,-15.48169994354248,19.37623405456543,-2.4230427742004395,-2.4375803290792866,0.6163108775683971,0.7982500000000264,0.20174999999997356,0.0,622,580,0.6135041566299848,1.3864958433700152,20.0,20,2.0,27.0,0.03757169097661972,23.540719959325973,13.878323875075594,0.0,0.0,0.0,-0.48311980421251893,1.0,0.08318744599819183,0.044108327478170395,0.04706305265426636,0.01866351896012161,0.01828720986144577,0.08619866644342741,0.08035596770544848,0.0,0.0,0.02175309181213379,False,False
3.755,-15.651023864746094,19.38254165649414,-2.4229533672332764,-2.633733812559455,0.7445011806050784,0.7981500000000264,0.20184999999997355,0.0,678,644,0.6457121435774862,1.3542878564225138,61.0,61,3.0,18.0,0.03764639422297478,21.578993296048807,12.721796885485961,0.0,0.0,0.0,-0.4428598205281423,1.0,0.08339035511016846,0.044268254190683365,0.04706209897994995,0.018575276412884294,0.018200574718260115,0.08585518846909206,0.07995507369438808,0.0,0.0,0.01917696237564087,False,False
3.7600000000000002,-15.81859302520752,19.36615753173828,-2.442582130432129,-2.4805104972724137,0.9875556595593897,0.7980500000000265,0.20194999999997354,0.0,645,610,0.6752361316126956,1.3247638683873044,44.0,44,5.0,13.0,0.03779872879385948,19.780743854711407,11.661647145028798,0.0,0.0,0.0,-0.4059548354841304,1.0,0.08335012942552567,0.04432184621691704,0.04706120491027832,0.018472547175478717,0.01810135225365675,0.08502773319681486,0.07909028170009455,0.0,0.0,0.01708949089050293,False,False
3.765,-15.852883338928223,19.258625030517578,-2.370516300201416,-2.2915174392400743,0.6851217610164326,0.7979500000000265,0.20204999999997353,0.0,609,575,0.7022997873116377,1.2977002126883623,18.0,18,4.0,24.0,0.03775700554251671,18.132348533485455,10.689843216276397,0.0,0.0,0.0,-0.3721252658604529,1.0,0.08312761038541794,0.04421733319759369,0.047060251235961914,0.018592884577461107,0.018218632650444815,0.08776850067079067,0.0817437656223774,0.0,0.0,0.021736979484558105,False,False
3.77,-15.774771690368652,19.179718017578125,-2.3091342449188232,-2.1594288343311856,0.6556807148991157,0.7978500000000265,0.20214999999997352,0.0,626,591,0.7271081383690012,1.2728918616309988,49.0,49,3.0,31.0,0.03769174590706825,16.621319489028334,9.799022948253365,0.0,0.0,0.0,-0.34111482703874846,1.0,0.08272890001535416,0.04430398717522621,0.047059476375579834,0.018750182326572228,0.018372768404505125,0.09069524705410004,0.08463414696355662,0.0,0.0,0.01909121632575989,False,False
3.775,-15.710719108581543,19.17088508605957,-2.2918787002563477,-2.243510569947231,0.9436016352199372,0.7977500000000265,0.2022499999999735,0.0,632,590,0.41651579350491785,1.5,57.0,57,3.0,29.0,0.037828367203474045,23.569542864942637,8.982437702565583,0.0,0.0,0.0,-0.7293552581188527,1.0,0.08215994387865067,0.044474780559539795,0.04705846309661865,0.018794266049672124,0.01841606127525018,0.09132067672908306,0.08528908404211204,0.0,0.0,0.01954813003540039,False,False
3.7800000000000002,-15.751401901245117,19.08597755432129,-2.251561164855957,-1.7870890592739799,0.7991590091686843,0.7976500000000265,0.2023499999999735,0.0,579,549,0.4651394773795081,1.5,22.0,22,7.0,17.0,0.037765320390462875,21.605414292864083,8.233901227351785,0.0,0.0,0.0,-0.6685756532756149,1.0,0.08250381052494049,0.04438452422618866,0.0470576286315918,0.018858438354217966,0.01848056321672589,0.09315867287417254,0.08710319176316261,0.0,0.0,0.0233658766746521,False,False
3.785,-15.825196266174316,19.017688751220703,-2.1985225677490234,-2.370800570645017,0.8784913015638933,0.7975500000000265,0.20244999999997348,0.0,583,555,0.19999999999999996,1.5,28.0,28,2.0,33.0,0.037713419646024704,28.138296435125408,7.547742791739136,0.0,0.0,0.0,-1.0,1.0,0.08259999752044678,0.04432646185159683,0.04705667495727539,0.018921282942095975,0.018545182945400376,0.09494981728494167,0.0889360811561346,0.0,0.0,0.03767350912094116,False,False
3.79,-15.873639106750488,18.986120223999023,-2.201556444168091,-2.252051077941092,0.8524201429289517,0.7974500000000265,0.20254999999997347,0.0,527,493,0.5783463664091699,1.42165363359083,43.0,43,0.0,28.0,0.0376332551240921,25.793438398864957,15.252097559094207,0.0,0.0,0.0,-0.5270670419885375,1.0,0.08250948041677475,0.04436591640114784,0.04705578088760376,0.018917204095942795,0.01854130425839644,0.09530065270761649,0.08921270879606406,0.0,0.0,0.018151410818099976,False,False
3.795,-15.89972972869873,18.809314727783203,-2.191814422607422,-1.754686221125986,0.5807349879108841,0.7973500000000265,0.20264999999997346,0.0,513,477,0.2801508358750725,1.5,26.0,26,0.0,20.0,0.0375911220908165,31.977318532292877,13.981089429169689,0.0,0.0,0.0,-0.8998114551561593,1.0,0.08223845064640045,0.04431116208434105,0.047054827213287354,0.0190067811287004,0.01862898809323046,0.0983601404974858,0.0920136303951343,0.0,0.0,0.02061647415161133,False,False
3.8000000000000003,-15.897433280944824,18.587535858154297,-2.1714444160461426,-2.234334188619238,0.9236648862081667,0.7972500000000265,0.20274999999997345,0.0,512,476,0.3401382662188164,1.5,32.0,32,1.0,17.0,0.037591151893138885,29.312541987935138,12.815998643405548,0.0,0.0,0.0,-0.8248271672264795,1.0,0.08179297298192978,0.044292714446783066,0.04705393314361572,0.019160597690147857,0.018782790039510364,0.10282895217339198,0.09624465368688107,0.0,0.0,0.014238989353179932,False,False
3.805,-16.007211685180664,18.45540428161621,-2.2031683921813965,-2.1311548838783554,0.7515662677194179,0.7971500000000266,0.20284999999997344,0.0,506,482,0.395126744033915,1.5,20.0,20,0.0,30.0,0.03750752657651901,26.869830155607207,11.747998756455084,0.0,0.0,0.0,-0.7560915699576062,1.0,0.0811789408326149,0.044211726635694504,0.04705303907394409,0.019134506424888544,0.018758561343613908,0.10402027517557144,0.09719886196156344,0.0,0.0,0.01510158658027649,False,False
3.81,-16.124982833862305,18.431591033935547,-2.223741292953491,-2.4242896239613447,0.8131825533835518,0.7970500000000266,0.20294999999997343,0.0,589,552,0.44553284869775545,1.5,22.0,22,3.0,30.0,0.03742973506450653,24.630677642639938,10.768998860083826,0.0,0.0,0.0,-0.6930839391278056,1.0,0.08040210604667664,0.04412616044282913,0.04705202579498291,0.019058034235727557,0.018682482655508967,0.10368145691851775,0.09667146330078444,0.0,0.0,0.019632301330566405,False,False
3.815,-16.123714447021484,18.474756240844727,-2.2326455116271973,-2.439668229661067,0.9917614508852947,0.7969500000000266,0.20304999999997342,0.0,658,617,0.49173844463960936,1.5,35.0,35,7.0,22.0,0.03735670819878578,22.57812117241994,9.871582288410174,0.0,0.0,0.0,-0.6353269442004883,1.0,0.07946807891130447,0.04411255940794945,0.047051072120666504,0.019044313005908593,0.018665476565792122,0.10338744148612022,0.09623034236331782,0.0,0.0,0.014372183084487917,False,False
3.8200000000000003,-16.16120147705078,18.488006591796875,-2.265071153640747,-1.844719822441291,0.6430221404222068,0.7968500000000266,0.2031499999999734,0.0,721,678,0.8674269075863086,1.1325730924136914,25.0,25,3.0,36.0,0.037349630147218704,20.696611074718277,17.38228376437599,0.0,0.0,0.0,-0.16571636551711427,1.0,0.07945959270000458,0.04404984414577484,0.04705017805099487,0.018996525430585772,0.01861588535516016,0.10243614825109641,0.09517836074034373,0.0,0.0,0.016409622430801393,False,False
3.825,-16.217323303222656,18.465496063232422,-2.267160415649414,-2.0265684697933644,0.723333096197914,0.7967500000000266,0.2032499999999734,0.0,685,655,0.5451413319541163,1.4548586680458837,41.0,41,7.0,33.0,0.037929028272628784,27.30522681849175,15.933760117344658,0.0,0.0,0.0,-0.5685733350573546,1.0,0.07921583950519562,0.044106367975473404,0.04704922437667847,0.01898004913655999,0.0185992700383063,0.10253757238388062,0.09521156239012878,0.0,0.0,0.015836321115493775,False,False
3.83,-16.220882415771484,18.480432510375977,-2.279819965362549,-2.2794564059109375,0.7286912158487088,0.7966500000000266,0.20334999999997339,0.0,568,536,0.5830462209579399,1.41695377904206,27.0,27,0.0,31.0,0.038118068128824234,25.029791250284102,14.605946774232603,0.0,0.0,0.0,-0.521192223802575,1.0,0.07879745215177536,0.044072385877370834,0.047048330307006836,0.01894880762090865,0.0185690894726815,0.10193144592146079,0.09462064442535242,0.0,0.0,0.018555101156234745,False,False
3.835,-16.304157257080078,18.422819137573242,-2.2045416831970215,,0.0,0.7965500000000266,0.20344999999997337,0.0,517,495,0.6177923692114451,1.382207630788555,19.0,19,1.0,18.0,0.038068223744630814,22.943975312760426,13.388784543046553,0.0,0.0,0.0,-0.47775953848569364,1.0,0.07821034640073776,0.044002655893564224,0.04704737663269043,0.019022131954396965,0.0186432498624777,0.1041965838521719,0.09690429084002972,0.0,0.0,0.026440446376800535,False,False
3.84,-16.460805892944336,18.433168411254883,-2.2370896339416504,-2.009681768762487,0.7661494633115326,0.7964500000000266,0.20354999999997336,0.0,516,480,0.6496430051104913,1.3503569948895087,19.0,19,1.0,35.0,0.03801288083195686,21.03197737003039,12.273052497792673,0.0,0.0,0.0,-0.43794624361188583,1.0,0.07746025919914246,0.043902862817049026,0.0470464825630188,0.018896634529809983,0.018519120084470663,0.10238650254905224,0.09502484773596129,0.0,0.0,0.019947019815444948,False,False
3.845,-16.509620666503906,18.378704071044922,-2.2248451709747314,-2.4428295711690917,0.9446257962520407,0.7963500000000266,0.20364999999997335,0.0,593,558,0.6788394213512838,1.3211605786487162,27.0,27,3.0,35.0,0.03792662173509598,19.27931258919452,11.250298122976616,0.0,0.0,0.0,-0.40145072331089526,1.0,0.07655280083417892,0.043853726238012314,0.04704558849334717,0.018906231265010204,0.018528869463634887,0.10288991344471773,0.09550157003104687,0.0,0.0,0.024184887409210206,False,False
3.85,-16.444589614868164,18.282129287719727,-2.149080514907837,-2.2750465478422766,0.6652163553201891,0.7962500000000267,0.20374999999997334,0.0,690,643,0.7056028029053435,1.2943971970946566,48.0,48,5.0,33.0,0.037841495126485825,26.006036540094975,18.646106612728563,0.0,0.0,0.0,-0.3679964963683206,1.0,0.07559589296579361,0.04395471513271332,0.047044575214385986,0.019085276706648262,0.018708949422463362,0.10736237590511641,0.09990635638435683,0.0,0.0,0.021565647125244142,False,False
3.855,-16.389936447143555,18.237075805664062,-2.1043951511383057,2.8627244883473297,1.0,0.7961500000000267,0.20384999999997333,0.0,627,588,1.0634692359965647,0.9365307640034353,36.0,36,7.0,19.0,0.037782564759254456,23.838866828420393,25.425597728334512,0.0,0.0,0.0,0.07933654499570597,1.0,0.07546593993902206,0.043995413929224014,0.04704362154006958,0.019192320408182726,0.018817660294007093,0.11010546237230301,0.10264093366762003,0.0,0.0,0.023145437240600586,False,False
3.86,-16.393327713012695,18.201431274414062,-2.0599703788757324,-1.499504271618781,0.6493845885322487,0.7960500000000267,0.20394999999997332,0.0,601,562,0.7248467996635177,1.2751532003364823,28.0,28,1.0,26.0,0.03770051151514053,30.185627926052025,23.30679791763997,0.0,0.0,0.0,-0.3439415004206028,1.0,0.07510573416948318,0.0439615398645401,0.0470426082611084,0.019247773118471926,0.01887669766178158,0.11165916919708252,0.10430323891341686,0.0,0.0,0.026969776153564457,False,False
3.865,-16.402929306030273,18.089370727539062,-2.010376214981079,-1.9498624048716815,0.7318061516797771,0.7959500000000267,0.2040499999999733,0.0,636,609,0.7477762330248912,1.2522237669751088,59.0,59,1.0,27.0,0.03766968846321106,27.670158932214356,21.364564757836636,0.0,0.0,0.0,-0.315279708718886,1.0,0.07457580417394638,0.04415261745452881,0.04704171419143677,0.019366248046396802,0.018998734488190352,0.11511538177728653,0.10776289428273837,0.0,0.0,0.04051932334899903,False,False
3.87,-16.40811538696289,18.0531005859375,-1.9771575927734375,3.1288118267497294,0.8103807535706783,0.7958500000000267,0.2041499999999733,0.0,607,575,0.768794880272817,1.231205119727183,38.0,38,1.0,26.0,0.0375995896756649,25.364312354529826,19.58418436135025,0.0,0.0,0.0,-0.2890063996589788,1.0,0.07388190925121307,0.044185418635606766,0.047040700912475586,0.019421511762192978,0.01905779338127426,0.11644775047898293,0.1092316024005413,0.0,0.0,0.027480363845825195,False,False
3.875,-16.453022003173828,17.937522888183594,-2.0097780227661133,-2.9229296798125217,0.7212542872615213,0.7957500000000267,0.2042499999999733,0.0,541,505,0.7880619735834155,1.2119380264165844,23.0,23,0.0,16.0,0.03777766227722168,23.250619658319007,17.952168997904394,0.0,0.0,0.0,-0.26492253302073066,1.0,0.07302968204021454,0.04412335902452469,0.04703986644744873,0.019441071749004724,0.01907181215775157,0.11819341530402502,0.11050871262947719,0.0,0.0,0.014686732292175295,False,False
3.88,-16.480880737304688,17.687509536743164,-1.9935498237609863,-2.1148811145450375,0.841518988418071,0.7956500000000267,0.20434999999997328,0.0,501,469,0.8057234757847975,1.1942765242152025,22.0,22,1.0,31.0,0.03769214451313019,21.313068020125755,16.456154914745692,0.0,0.0,0.0,-0.24284565526900312,1.0,0.07211681455373764,0.044043902307748795,0.04703885316848755,0.019589767562962327,0.019221094155994132,0.12422070528070132,0.11611180379986763,0.0,0.0,0.014580445289611818,False,False
3.8850000000000002,-16.482240676879883,17.515636444091797,-2.001861095428467,-2.2836597709614797,0.7745355643028037,0.7955500000000267,0.20444999999997326,0.0,628,597,0.8219131861360643,1.1780868138639358,17.0,17,1.0,37.0,0.03761594370007515,19.53697901844861,15.084808671850217,0.0,0.0,0.0,-0.22260851732991957,1.0,0.07121535390615463,0.04393546283245087,0.04703783988952637,0.019678490434307166,0.01931181564368265,0.1280766601363818,0.11972333615024885,0.0,0.0,0.014463753700256349,False,False
3.89,-16.57343864440918,17.438032150268555,-2.0270583629608154,-1.640670841873942,0.5995000976848155,0.7954500000000267,0.20454999999997325,0.0,670,627,0.836753753958059,1.163246246041941,18.0,18,6.0,31.0,0.03789106383919716,17.90889743357789,13.827741282529365,0.0,0.0,0.0,-0.20405780755242633,1.0,0.07099342346191406,0.043839212507009506,0.047036945819854736,0.01964558627332207,0.01927789297835704,0.12859683483839035,0.11994605883955956,0.0,0.0,0.02239623785018921,False,False
3.895,-16.661741256713867,17.39765739440918,-2.030851364135742,-2.2018811331223804,0.8138517190243052,0.7953500000000268,0.20464999999997324,0.0,632,596,0.8503576077948873,1.1496423922051127,36.0,36,1.0,23.0,0.03782932832837105,24.749822647446397,21.008762842318582,0.0,0.0,0.0,-0.18705299025639074,1.0,0.07054544240236282,0.0438387468457222,0.047035932540893555,0.019634651051600956,0.019262725060727643,0.12979346637924513,0.12066864098111789,0.0,0.0,0.01994570851325989,False,False
3.9,-16.6544189453125,17.415903091430664,-2.049323558807373,-2.0561817486358205,0.887141331312382,0.7952500000000268,0.20474999999997323,0.0,537,508,0.8628278071453134,1.1371721928546865,25.0,25,3.0,25.0,0.037749797105789185,22.687337426825863,19.2580326054587,0.0,0.0,0.0,-0.17146524106835823,1.0,0.06993181258440018,0.043787579983472824,0.04703491926193237,0.019632580633274777,0.019255640581016937,0.12973830103874207,0.12034913524985313,0.0,0.0,0.015836797952651978,False,False
3.9050000000000002,-16.703964233398438,17.39162254333496,-2.0890607833862305,-2.270220287227546,0.9800753541761194,0.7951500000000268,0.20484999999997322,0.0,626,589,0.5409254898832041,1.459074510116796,49.0,49,1.0,21.0,0.03768964111804962,29.130059307923705,17.653196555003806,0.0,0.0,0.0,-0.5738431376459949,1.0,0.06915818899869919,0.043900247663259506,0.04703396558761597,0.019594747374066645,0.019212942969558024,0.1292429988582929,0.11951267719268799,0.0,0.0,0.018787102699279787,False,False
3.91,-16.7647762298584,17.348970413208008,-2.095097541809082,-1.8752922303457928,0.9413163950699555,0.7950500000000268,0.2049499999999732,0.0,600,574,0.24584836572627033,1.5,36.0,36,5.0,21.0,0.03772198036313057,35.03588769893006,16.18209684208682,0.0,0.0,0.0,-0.942689542842162,1.0,0.06829371303319931,0.043947506695985794,0.047033071517944336,0.019578517416569283,0.019196437262851945,0.1293784814576308,0.11953893428047499,0.0,0.0,0.02236527681350708,False,False
3.915,-16.80675506591797,17.3070068359375,-2.0696845054626465,-0.7987847751898288,0.965029009703368,0.7949500000000268,0.2050499999999732,0.0,628,585,0.6420276685824147,1.3579723314175853,20.0,20,3.0,19.0,0.03766905516386032,32.116230390685885,23.16692210524625,0.0,0.0,0.0,-0.4474654142719817,1.0,0.06744004040956497,0.04386325180530548,0.047032058238983154,0.01961081391014115,0.01922987099993,0.13081271201372147,0.12090085695187251,0.0,0.0,0.016196967363357545,False,False
3.92,-16.93731689453125,17.258586883544922,-2.0169403553009033,-2.1195296664572467,0.6828429514566433,0.7948500000000268,0.2051499999999732,0.0,700,659,0.33852536286721335,1.5,35.0,35,2.0,36.0,0.03769833967089653,37.77321119146206,21.236345263142397,0.0,0.0,0.0,-0.8268432964159832,1.0,0.06659703701734543,0.043877847492694855,0.04703104496002197,0.019627827095449468,0.019252550999245492,0.13256235048174858,0.12262213975191116,0.0,0.0,0.020731134414672853,False,False
3.9250000000000003,-17.108482360839844,17.1993408203125,-2.0712671279907227,-1.9267444410884143,0.6913991616568067,0.7947500000000268,0.20524999999997318,0.0,640,609,0.3936482492949457,1.5,19.0,19,4.0,41.0,0.037767354398965836,34.62544359217355,19.466649824547197,0.0,0.0,0.0,-0.7579396883813179,1.0,0.06630618870258331,0.043786097317934036,0.047030091285705566,0.01951149900967677,0.019131779869435858,0.130374679962794,0.12006991853316626,0.0,0.0,0.02067119359970093,False,False
3.93,-17.147693634033203,17.100614547729492,-2.022378444671631,-2.2279050902481368,0.8939656036807421,0.7946500000000268,0.20534999999997317,0.0,583,547,0.4441775618537003,1.5,29.0,29,2.0,40.0,0.03787853196263313,31.739989959492423,17.84442900583493,0.0,0.0,0.0,-0.6947780476828747,1.0,0.06579279154539108,0.04375271499156952,0.047029197216033936,0.019592520138830446,0.019216364221646957,0.13358617201447487,0.12317733218272528,0.0,0.0,0.02111834764480591,False,False
3.935,-17.089136123657227,17.0217227935791,-1.9306650161743164,-1.7366714982349536,0.6923090083562686,0.7945500000000268,0.20544999999997315,0.0,656,627,0.4904960983658918,1.5,61.0,61,3.0,31.0,0.03795917332172394,29.094990796201387,16.357393255348683,0.0,0.0,0.0,-0.6368798770426352,1.0,0.06511715054512024,0.043942660093307495,0.047028183937072754,0.019779326699790104,0.019413578535235676,0.14015213896830878,0.12980998183290166,0.0,0.0,0.02063654184341431,False,False
3.94,-17.02313804626465,17.012981414794922,-1.8945881128311157,-2.0101474853173427,0.8194730761998221,0.7944500000000269,0.20554999999997314,0.0,611,568,0.19999999999999996,1.5,34.0,34,6.0,28.0,0.03792620077729225,35.003741563184605,14.994277150736291,0.0,0.0,0.0,-1.0,1.0,0.0643031895160675,0.043950967490673065,0.04702717065811157,0.019857389188798015,0.019496073265132686,0.1427659144004186,0.13256798187891644,0.0,0.0,0.02233226776123047,False,False
3.9450000000000003,-16.983999252319336,16.96084976196289,-1.8362408876419067,-2.0889518891769967,0.7400346757409568,0.7943500000000269,0.20564999999997313,0.0,607,572,0.19999999999999996,1.5,8.0,8,3.0,25.0,0.03787434101104736,40.42009643291922,13.7447540548416,0.0,0.0,0.0,-1.0,1.0,0.06349939852952957,0.04379655793309212,0.047026097774505615,0.019969839401193446,0.01961710878449914,0.1466964309414228,0.13672020907203358,0.0,0.0,0.019275913238525393,False,False
3.95,-16.966218948364258,16.827932357788086,-1.7729532718658447,-1.6654965585672454,0.8556405196160883,0.7942500000000269,0.20574999999997312,0.0,557,523,0.19999999999999996,1.5,30.0,30,0.0,22.0,0.037810131907463074,37.05175506350928,12.5993578836048,0.0,0.0,0.0,-1.0,1.0,0.06270565837621689,0.04376876354217529,0.04702514410018921,0.020125556398764736,0.019783403703981264,0.15229467302560806,0.14253096034129462,0.0,0.0,0.030017068386077882,False,False
3.955,-16.9736270904541,16.731258392333984,-1.7368555068969727,-2.3562574440744477,0.7096115251423192,0.7941500000000269,0.2058499999999731,0.0,598,562,0.19999999999999996,1.5,77.0,77,0.0,25.0,0.03775172308087349,33.96410880821684,11.5494113933044,0.0,0.0,0.0,-1.0,1.0,0.06250590085983276,0.04409446194767952,0.04702413082122803,0.020218237326479996,0.019882573996243245,0.15601898233095807,0.14630341281493506,0.0,0.0,0.022804615497589113,False,False
3.96,-16.94536781311035,16.550479888916016,-1.7325199842453003,-1.7583334735012448,0.8011896809973048,0.7940500000000269,0.2059499999999731,0.0,572,533,0.5114610947865439,1.488538905213456,39.0,39,1.0,31.0,0.037730589509010315,31.133766407532104,18.9202937771957,0.0,0.0,0.0,-0.6106736315168202,1.0,0.06208155304193497,0.0441245436668396,0.047023117542266846,0.020361052545369154,0.020022904736804334,0.16354105745752653,0.1531603125234445,0.0,0.0,0.014921765327453615,False,False
3.9650000000000003,-16.871435165405273,16.340816497802734,-1.7338440418243408,-1.9765399886818023,0.7540128642485592,0.7939500000000269,0.2060499999999731,0.0,550,515,0.8855060035543318,1.1144939964456682,12.0,12,4.0,22.0,0.03766917809844017,28.539285873571092,25.67693596242939,0.0,0.0,0.0,-0.14311749555708514,1.0,0.06149297207593918,0.0439869686961174,0.047022223472595215,0.02055186466938615,0.020212138901270164,0.1733958162367344,0.16225647181272507,0.0,0.0,0.010832890272140504,False,False
3.97,-16.8476619720459,16.183998107910156,-1.744629144668579,-2.2438843153075254,0.9826007459166007,0.7938500000000269,0.20614999999997308,0.0,583,551,0.5617138365914708,1.438286163408529,20.0,20,4.0,20.0,0.03760721534490585,34.494345384106836,23.537191298893607,0.0,0.0,0.0,-0.5478577042606615,1.0,0.060745760798454285,0.04388017579913139,0.04702121019363403,0.02066026650175096,0.020320642669335486,0.1795795001089573,0.16794958462317786,0.0,0.0,0.018617174625396728,False,False
3.975,-16.931833267211914,16.117033004760742,-1.7445061206817627,-1.7966682699763474,0.8759950304849328,0.7937500000000269,0.20624999999997307,0.0,635,602,0.9315710168755149,1.068428983124485,19.0,19,3.0,16.0,0.037560392171144485,31.61981660209793,29.909092023985803,0.0,0.0,0.0,-0.08553622890560639,1.0,0.05998643860220909,0.043794408440589905,0.04702019691467285,0.020658397116115786,0.020317486075101896,0.18095524981617928,0.16887144496043524,0.0,0.0,0.02171635150909424,False,False
3.98,-16.982271194458008,16.1552677154541,-1.7344833612442017,-2.2801564713271523,0.9306331151908851,0.793650000000027,0.20634999999997305,0.0,727,684,0.6039400988025552,1.3960599011974448,53.0,53,6.0,13.0,0.03750740736722946,37.31816521858977,27.41666768865365,0.0,0.0,0.0,-0.4950748764968059,1.0,0.05923660844564438,0.04392532631754875,0.04701918363571167,0.0206370818826443,0.020293939761661786,0.18055349588394165,0.1681731330851714,0.0,0.0,0.01629228472709656,False,False
3.985,-17.008365631103516,16.18096923828125,-1.7862211465835571,-2.096833697330929,0.911528815524852,0.793550000000027,0.20644999999997304,0.0,670,622,0.6369450905690089,1.363054909430991,41.0,41,3.0,24.0,0.037513867020606995,34.20831811704062,25.131945381265844,0.0,0.0,0.0,-0.4538186367887388,1.0,0.059117525815963745,0.043963801115751266,0.04701817035675049,0.020571434163332767,0.020216435002434238,0.1777178669969241,0.16473873828848204,0.0,0.0,0.017728519439697266,False,False
3.99,-17.055721282958984,16.106388092041016,-1.8063229322433472,-1.7808881803839247,0.7055474433253718,0.793450000000027,0.20654999999997303,0.0,732,692,0.6671996663549249,1.332800333645075,26.0,26,4.0,31.0,0.03767687454819679,31.357624940620568,23.03761659949369,0.0,0.0,0.0,-0.41600041705634394,1.0,0.058772046118974686,0.04393917694687843,0.04701715707778931,0.020583469001110185,0.0202230359249511,0.17907120908300084,0.16548107688625655,0.0,0.0,0.019841370582580568,False,False
3.995,-17.06935691833496,16.080984115600586,-1.8108432292938232,-2.139820020856626,0.819634514139201,0.793350000000027,0.20664999999997302,0.0,629,596,0.361599694158681,1.5,23.0,23,4.0,46.0,0.03782106935977936,37.07782286223552,21.117815216202548,0.0,0.0,0.0,-0.7980003823016487,1.0,0.058260563760995865,0.04386068135499954,0.047016143798828125,0.020588563973277657,0.020227255446952315,0.1796368695795536,0.16589423020680746,0.0,0.0,0.01929893493652344,False,False
4.0,-17.108369827270508,16.024948120117188,-1.7481462955474854,-1.7081682052909692,0.6253901255704604,0.793250000000027,0.206749999999973,0.0,668,623,0.4147997196454575,1.5,42.0,42,2.0,20.0,0.03806782886385918,33.98800429038256,19.357997281519,0.0,0.0,0.0,-0.7315003504431781,1.0,0.057588718831539154,0.04391281679272652,0.04701513051986694,0.02067252173216502,0.02032274883337429,0.18417585641145706,0.17057683318853378,0.0,0.0,0.014156501293182374,False,False
