t_s,x,y,heading,bump,bump_strength,energy,hunger,arousal,spikes,active,drive_l,drive_r,kc,kc_active,mbon,cx,modulation,dn_left,dn_right,dn_stop,dn_back,mn9,turn,gate,da_max,elig_mean,depressed,in_odor_good_l,in_odor_good_r,in_odor_bad_l,in_odor_bad_r,in_sugar,in_bitter,in_touch,on_food,on_hazard
0.005,0.01634914241731167,0.0073094856925308704,0.0,0.03249419912204319,0.8567225186222773,0.9374000000000091,0.06259999999999089,0.0,24,23,1.0,1.0,0.0,0,0.0,6.0,1.4935862964193802e-06,0.0,0.0,0.0,0.0,0.0,0.0,1.0,0.024777820333838463,0.0,0.030203819274902344,0.07864821605229062,0.07851961340444717,0.03389257937669754,0.03381420547763507,0.0,0.0,0.0,False,False
0.01,0.01577470265328884,0.0069918157532811165,-0.0013030660338699818,-0.4390204439827727,0.6937084743660463,0.9373000000000091,0.06269999999999087,0.0,25,25,1.0,1.0,0.0,0,0.0,9.0,6.044402198313037e-06,0.0,0.0,0.0,0.0,0.0,0.0,1.0,0.0484958253800869,0.0,0.030203819274902344,0.07867340506799451,0.07853856558538906,0.033873229598005615,0.03379701791952054,0.0,0.0,0.0,False,False
0.015,0.024792665615677834,0.00037806088221259415,-0.005692912265658379,-0.3434531440462666,0.7850786759185182,0.9372000000000091,0.06279999999999086,0.0,146,142,1.0,1.0,0.0,0,0.0,15.0,0.00018240213103126734,0.0,0.0,0.0,0.0,0.0,0.0,1.0,0.07118252664804459,0.0,0.030203819274902344,0.07855465306372626,0.07841642595827512,0.033829452780385814,0.03375731408596039,0.0,0.0,0.047409191131591796,False,False
0.02,0.026384178549051285,-0.06114291772246361,-0.010462919250130653,-0.5085122750763231,0.9137098088588667,0.9371000000000091,0.06289999999999085,0.0,101,99,1.0,1.0,0.0,0,0.0,19.0,0.00044717753189615905,0.0,0.0,0.0,0.0,0.0,0.0,1.0,0.09286575764417648,0.0,0.030203819274902344,0.07853832921261522,0.07838892734671567,0.03380779176950455,0.03374133414278428,0.0,0.0,0.015610278844833375,False,False
0.025,0.041494183242321014,-0.04956218600273132,-0.015626100823283195,-0.3080573812868786,0.8759722414911076,0.9370000000000092,0.06299999999999084,0.0,74,72,1.0,1.0,0.0,0,0.0,13.0,0.0004837311280425638,0.0,0.0,0.0,0.0,0.0,0.0,1.0,0.11357271671295166,0.0,0.030203819274902344,0.07857590440381251,0.07841698211431437,0.03379473462700844,0.03373260299364726,0.0,0.0,0.014868221282958985,False,False
0.03,0.0798354372382164,-0.056111376732587814,-0.024182772263884544,0.20794075051329006,0.8858827272666756,0.9369000000000092,0.06309999999999083,0.0,56,53,1.0,1.0,0.0,0,0.0,17.0,0.0004997313371859491,0.0,0.0,0.0,0.0,0.0,0.0,1.0,0.13332995772361755,0.0,0.030203819274902344,0.07880017210108471,0.07860478981087538,0.03372345585376024,0.03367132352044185,0.0,0.0,0.013366804122924805,False,False
0.035,0.1021033227443695,-0.030337922275066376,0.0015011284267529845,-0.019042809728712026,0.9097653881284872,0.9368000000000092,0.06319999999999082,0.0,78,78,1.0,1.0,0.0,0,0.0,18.0,0.0005202644970268011,0.0,0.0,0.0,0.0,0.0,0.0,1.0,0.15216343104839325,0.0,0.030203819274902344,0.07890034984083158,0.07874602466386986,0.033700536005198956,0.033633094280958176,0.0,0.0,0.015597963333129882,False,False
0.04,0.1354011595249176,-0.04271065443754196,0.0027228877879679203,-0.44975019465839755,0.9999999999999999,0.9367000000000092,0.06329999999999081,0.0,73,73,1.0,1.0,0.0,0,0.0,15.0,0.000604900938924402,0.0,0.0,0.0,0.0,0.0,0.0,1.0,0.1700984686613083,0.0,0.030203819274902344,0.0790931336656206,0.07892831784486704,0.03363649205615123,0.03357337787747383,0.0,0.0,0.014239575862884522,False,False
0.045,0.1748640537261963,-0.07109584659337997,0.0016053031431511045,-0.2309825979641743,0.7643279197369065,0.9366000000000092,0.0633999999999908,0.0,87,86,1.0,1.0,0.0,0,0.0,20.0,0.0007603441481478512,0.0,0.0,0.0,0.0,0.0,0.0,1.0,0.18715983629226685,0.0,0.030203819274902344,0.07933547272564155,0.07914704974461279,0.03355960361659527,0.03350338743378719,0.0,0.0,0.018196372985839846,False,False
0.05,0.21133312582969666,-0.06159891560673714,0.01044126134365797,-1.1169938207823422,0.3462768778300156,0.9365000000000092,0.06349999999999079,0.0,119,119,1.0,1.0,0.0,0,0.0,29.0,0.0009489618823863566,0.0,0.0,0.0,0.0,0.0,0.0,1.0,0.20337167382240295,0.0,0.030203819274902344,0.07953204482669564,0.07934581264667144,0.03350385775168737,0.033445969844857856,0.0,0.0,0.027307393550872805,False,False
0.055,0.26300671696662903,-0.07437242567539215,0.015311126597225666,-1.0877319496792428,0.1297823225754287,0.9364000000000092,0.06359999999999078,0.0,132,132,1.0,1.0,0.0,0,0.0,7.0,0.0011618988355621696,0.0,0.0,0.0,0.0,0.0,0.0,1.0,0.21875758469104767,0.0,0.030203819274902344,0.0798203395213925,0.07962106856051765,0.03342189981291692,0.03336643955359857,0.0,0.0,0.0175835657119751,False,False
0.06,0.3327692151069641,-0.09355872124433517,0.007600321900099516,-0.6648473530333495,0.3828330603930063,0.9363000000000092,0.06369999999999076,0.0,128,128,1.0,1.0,0.0,0,0.0,6.0,0.001621456816792488,0.0,0.0,0.0,0.0,0.0,0.0,1.0,0.233652725815773,0.0,0.030203819274902344,0.08016769436870944,0.07992870654041499,0.033313948661088943,0.03327247221022844,0.0,0.0,0.013127149343490602,False,False
0.065,0.4171038269996643,-0.0556020587682724,0.010676970705389977,-0.46904752322308635,0.81671694704352,0.9362000000000092,0.06379999999999075,0.0,135,132,1.0,1.0,0.0,0,0.0,13.0,0.001703424844890833,0.0,0.0,0.0,0.0,0.0,0.0,1.0,0.24778775870800018,0.0,0.030203819274902344,0.08059962858942578,0.0803298487700515,0.03318896051496267,0.033150751454134784,0.0,0.0,0.00876008152961731,False,False
0.07,0.5383225083351135,-0.03472978621721268,0.031570691615343094,-0.14792096610683428,0.8072048587570599,0.9361000000000093,0.06389999999999074,0.0,143,143,1.0,1.0,0.0,0,0.0,10.0,0.00191462691873312,0.0,0.0,0.0,0.0,0.0,0.0,1.0,0.2614630162715912,0.0,0.030203819274902344,0.08105530810542334,0.08076569801196386,0.033014023986955486,0.032967374039193,0.0,0.0,0.024215495586395262,False,False
0.075,0.6208437085151672,-0.037252027541399,0.020403623580932617,-0.6901196260589713,0.9503088231361106,0.9360000000000093,0.06399999999999073,0.0,212,211,1.3333333333333333,0.6666666666666667,0.0,0,0.0,5.0,0.0021349212620407343,0.0,8.333333333333332,0.0,0.0,0.0,0.41666666666666663,1.0,0.27441075444221497,0.0,0.030203819274902344,0.08144277697615254,0.08107443440426071,0.032857287054260574,0.03282471870382627,0.0,0.0,0.03678342580795289,False,False
0.08,0.595326840877533,-0.05152875930070877,0.011352438479661942,-0.35764734903742945,0.8308450818848888,0.9359000000000093,0.06409999999999072,0.0,209,204,1.3055555555555556,0.6944444444444444,0.0,0,2.0,4.0,0.0024021153803914785,0.0,7.6388888888888875,0.0,0.0,0.0,0.38194444444444436,1.0,0.287288635969162,0.0,0.030203819274902344,0.08154029267529576,0.08115665189921785,0.03286218425879876,0.03283333809425434,0.0,0.0,0.02149482727050781,False,False
0.085,0.5488713383674622,-0.04803742095828056,-0.02721455879509449,0.020965953946002133,0.8148159630572385,0.9358000000000093,0.06419999999999071,0.0,162,161,1.5,0.3865740740740742,0.0,0,1.0,9.0,0.0026299713645130396,0.0,15.335648148148145,0.0,0.0,0.0,0.7667824074074072,1.0,0.29944050312042236,0.0,0.030203819274902344,0.08142112545203348,0.08097707235626807,0.03292241754631202,0.032914408172170326,0.0,0.0,0.021780426502227786,False,False
0.09,0.5731289982795715,0.010024928487837315,-0.04847119003534317,-0.35537411604100483,1.0,0.9357000000000093,0.0642999999999907,0.0,194,192,1.2289737654320987,0.7710262345679013,0.0,0,2.0,9.0,0.003000833559781313,8.333333333333332,14.057677469135799,0.0,0.0,0.0,0.2862172067901233,1.0,0.3112296462059021,0.0,0.030203819274902344,0.08170465022884238,0.08120035186596145,0.032880958169698715,0.03288724925369024,0.0,0.0,0.01715893864631653,False,False
0.095,0.630329966545105,0.017984287813305855,-0.0955272763967514,-0.2676977430934297,0.7674899482906429,0.9356000000000093,0.06439999999999069,0.0,199,196,1.2098926183127572,0.7901073816872428,0.0,0,1.0,11.0,0.003231762908399105,7.6388888888888875,12.886204346707816,0.0,0.0,0.0,0.2623657728909464,1.0,0.32267501950263977,0.0,0.030203819274902344,0.08210614079081692,0.0814773886979861,0.03278031013906002,0.03282281414916118,0.0,0.0,0.019491748809814455,False,False
0.1,0.7284535765647888,0.0326046347618103,-0.09816189855337143,-0.07254005083303038,0.7842119765180707,0.9355000000000093,0.06449999999999068,0.0,180,177,0.5257349001200273,1.4742650998799727,0.0,0,0.0,7.0,0.003437201725319028,23.668981481481477,11.812353984482163,0.0,0.0,0.0,-0.5928313748499657,1.0,0.33344578742980957,0.0,0.030203819274902344,0.08270785538479614,0.08202892079576779,0.03264481822649638,0.032701597859462105,0.0,0.0,0.013877018690109252,False,False
0.105,0.8360618352890015,0.04510829597711563,-0.08496064692735672,-0.23125681262382305,0.7495614606416572,0.9354000000000093,0.06459999999999066,0.0,151,147,0.5652569917766919,1.4347430082233081,0.0,0,0.0,21.0,0.0035920951049774885,21.696566358024686,10.827991152441983,0.0,0.0,0.0,-0.5434287602791351,1.0,0.3435317277908325,0.0,0.030203819274902344,0.08330148607647594,0.08260450713957278,0.03251910364876191,0.032574914706250034,0.0,0.0,0.015405815839767457,False,False
0.11,0.9112343192100525,0.06311497092247009,-0.10489045083522797,-0.44975019465839755,0.9999999999999999,0.9353000000000093,0.06469999999999065,0.0,185,181,0.601485575795301,1.398514424204699,0.0,0,0.0,10.0,0.003667461220175028,19.888519161522627,9.925658556405152,0.0,0.0,0.0,-0.49814303025587375,1.0,0.3530581295490265,0.0,0.030203819274902344,0.08380720601727493,0.08302382300359436,0.03240707330405712,0.032480585699280105,0.0,0.0,0.020820987224578858,False,False
0.115,0.9806073307991028,0.05509680137038231,-0.10010591894388199,-0.29768749373316516,0.9191567043928932,0.9352000000000094,0.06479999999999064,0.0,176,175,0.6346951111456927,1.3653048888543073,0.0,0,0.0,26.0,0.003823445877060294,18.231142564729073,9.098520343371389,0.0,0.0,0.0,-0.4566311110678842,1.0,0.3625277578830719,0.0,0.030203819274902344,0.08432472343370244,0.08350110126938598,0.03228104362885158,0.03235862900813421,0.0,0.0,0.02148021459579468,False,False
0.12,1.031406283378601,0.004937127232551575,-0.07383439689874649,0.0322198778516947,0.5003223889896881,0.9351000000000094,0.06489999999999063,0.0,177,176,0.6651371852168849,1.334862814783115,0.0,0,0.0,23.0,0.00401135953143239,16.711880684334982,8.340310314757106,0.0,0.0,0.0,-0.4185785184788938,1.0,0.3715417683124542,0.0,0.030203819274902344,0.08469000250101015,0.08389232115447448,0.03219892891744773,0.032268292270600796,0.0,0.0,0.016658905744552612,False,False
0.125,1.0964453220367432,-0.034616827964782715,-0.0574166364967823,0.04654941054383994,0.8923124645109249,0.9350000000000094,0.06499999999999062,0.0,282,279,0.6930424197821445,1.3069575802178555,0.0,0,3.0,33.0,0.004599907901138067,15.3192239606404,7.645284455194013,0.0,0.0,0.0,-0.38369697527231933,1.0,0.3801127076148987,0.0,0.030203819274902344,0.0851227854325739,0.08432128691083368,0.032109408639371395,0.03217505601545175,0.0,0.0,0.016476061344146732,False,False
0.13,1.164797306060791,-0.09076360613107681,-0.05713534355163574,-1.0743968044289536,0.2891886075687011,0.9349000000000094,0.06509999999999061,0.0,284,277,0.7186222181336325,1.2813777818663676,0.0,0,2.0,7.0,0.005136439111083746,14.042621963920366,7.008177417261178,0.0,0.0,0.0,-0.3517222273329594,1.0,0.38825276494026184,0.0,0.030203819274902344,0.08546706526540146,0.08462807196192369,0.032011970567206546,0.032084343644479915,0.0,0.0,0.02091380596160889,False,False
0.135,1.2076234817504883,-0.08888440579175949,-0.0651162639260292,-0.7359204051513021,0.8679492080027921,0.9348000000000094,0.0651999999999906,0.0,312,306,0.7420703666224964,1.2579296333775036,0.0,0,4.0,8.0,0.005490354727953672,12.872403466927002,6.424162632489414,0.0,0.0,0.0,-0.3224120417218794,1.0,0.3959738314151764,0.0,0.030203819274902344,0.08572806116441811,0.08484842156525627,0.03194533909360568,0.032027666456997395,0.0,0.0,0.025387792587280272,False,False
0.14,1.2990385293960571,-0.054373785853385925,0.0017356466269120574,-0.3353216872455307,0.9244291938837345,0.9347000000000094,0.06529999999999059,0.0,295,288,0.430231169403955,1.5,1.0,1,1.0,24.0,0.006306050810962915,20.13303651134975,5.888815746448629,0.0,0.0,0.0,-0.7122110382450562,1.0,0.4032875597476959,9.617860996513627e-06,0.030203819274902344,0.08644828573117579,0.08564008997504835,0.03183114187171062,0.031871998993059,0.0,0.0,0.011156786680221558,False,False
0.145,1.487693190574646,-0.05128873512148857,0.02797791175544262,0.07758101016251892,0.8085083143757048,0.9346000000000094,0.06539999999999058,0.0,309,293,0.8110452386202922,1.1889547613797078,4.0,4,6.0,26.0,0.006724529433995485,18.45528346873727,13.731414434244575,0.0,0.0,0.0,-0.23619345172463477,1.0,0.41020533442497253,4.804923082701862e-05,0.030203819274902344,0.08759017035365028,0.08672844563983305,0.03157601847002904,0.031617276060084507,0.0,0.0,0.009288674592971802,False,False
0.15,1.685821533203125,-0.02700285241007805,0.04022525995969772,-0.16290376255331976,0.8941676381357043,0.9345000000000094,0.06549999999999057,0.0,340,335,0.8267914687352678,1.1732085312647322,24.0,24,0.0,19.0,0.0070741381496191025,16.917343179675832,12.587129898057526,0.0,0.0,0.0,-0.2165106640809153,1.0,0.41673824191093445,0.00027867770404554904,0.030203819274902344,0.08873514530062597,0.08776047671958727,0.03128563519567251,0.031334804370999336,0.0,0.0,0.028227949142456056,False,False
0.155,1.7137370109558105,0.024435658007860184,0.01819726824760437,-0.5420838947642377,0.6968596659275708,0.9344000000000094,0.06559999999999055,0.0,389,376,0.5078921796739955,1.4921078203260045,45.0,45,1.0,23.0,0.008295431733131409,23.840897914702843,11.538202406552731,0.0,0.0,0.0,-0.6151347754075056,1.0,0.4228971302509308,0.0007103203097358346,0.030203819274902344,0.08915583443362186,0.08817050280825468,0.03118264333655437,0.03124778469403585,0.0,0.0,0.025787866115570067,False,False
0.16,1.767480492591858,0.06722229719161987,0.02490186132490635,-0.7221863797062275,0.7278800117835378,0.9343000000000095,0.06569999999999054,0.0,338,324,0.2155678313678293,1.5,17.0,17,1.0,28.0,0.008926794864237309,30.18748975514427,10.576685539340003,0.0,0.0,0.0,-0.9805402107902133,1.0,0.4286925494670868,0.000870864256285131,0.030203819274902344,0.08995322996377866,0.08895818603038709,0.03107626922428608,0.03114434890449047,0.0,0.0,0.017349717617034913,False,False
0.165,1.7847493886947632,0.08270818740129471,0.02761078253388405,-0.20331802651689102,0.6135396170045034,0.9342000000000095,0.06579999999999053,0.0,358,349,0.2809371787538435,1.5,3.0,3,2.0,33.0,0.009761624038219452,27.671865608882246,9.695295077728336,0.0,0.0,0.0,-0.8988285265576955,1.0,0.4341348707675934,0.0008960891864262521,0.030203819274902344,0.09031290443334648,0.08927331588572433,0.031050024554133415,0.03110970680912336,0.0,0.0,0.02127687215805054,False,False
0.17,1.7623851299285889,0.10732775926589966,0.05244699865579605,-0.39779829592183164,0.9079323674168858,0.9341000000000095,0.06589999999999052,0.0,390,377,0.19999999999999996,1.5,9.0,9,0.0,21.0,0.010932238772511482,33.69921014147539,8.887353821250974,0.0,0.0,0.0,-1.0,1.0,0.4392341673374176,0.0009789164178073406,0.030203819274902344,0.09050612894756019,0.08954464347039581,0.031066408070425194,0.03110331017524004,0.0,0.0,0.025480282306671143,False,False
0.17500000000000002,1.812192440032959,0.06754954904317856,0.05036409944295883,-0.07377942786714198,0.6111236522905774,0.9340000000000095,0.06599999999999051,0.0,453,438,0.423565268258438,1.5,9.0,9,1.0,25.0,0.011605305597186089,30.890942629685775,16.480074336146725,0.0,0.0,0.0,-0.7205434146769525,1.0,0.4440002739429474,0.0010613981867209077,0.030203819274902344,0.0908093425296239,0.08980686442553919,0.0309926380092899,0.03103027120232582,0.0,0.0,0.05910428524017334,False,False
0.18,1.830938458442688,0.06941258162260056,0.037546586245298386,-0.5329558973979394,0.22043128131191833,0.9339000000000095,0.0660999999999905,0.0,517,493,0.47160149590356826,1.5,6.0,6,2.0,20.0,0.012263134121894836,28.31669741054529,15.106734808134497,0.0,0.0,0.0,-0.6604981301205397,1.0,0.44849729537963867,0.0011146828765049577,0.030203819274902344,0.0910211688466362,0.08997585047036329,0.030964273028075695,0.031020344855884712,0.0,0.0,0.08819860458374024,False,False
0.185,1.915062427520752,0.06559979915618896,-0.0027821650728583336,-0.5147499556846588,0.8772325539350564,0.9338000000000095,0.06619999999999049,0.0,673,643,0.19999999999999996,1.5,13.0,13,3.0,27.0,0.013320793397724628,34.29030595966651,13.847840240789955,0.0,0.0,0.0,-1.0,1.0,0.4529338777065277,0.0012350705219432712,0.030203819274902344,0.09151012378465302,0.09029726425030499,0.030869410062829655,0.030960667257507644,0.0,0.0,0.08977622985839843,False,False
0.19,1.9451041221618652,0.07985904812812805,-0.016411950811743736,-0.660978214456546,0.5112054672195554,0.9337000000000095,0.06629999999999048,0.0,700,668,0.2504429236411929,1.5,29.0,29,5.0,34.0,0.013847331516444683,31.432780463027633,12.693853554057458,0.0,0.0,0.0,-0.9369463454485087,1.0,0.4572751224040985,0.0015088423388078809,0.030203819274902344,0.09186895657889463,0.0905960704088203,0.03082494561870893,0.030929724064966045,0.0,0.0,0.07570047378540039,False,False
0.195,2.011996030807495,0.0943111777305603,0.0006939935265108943,-0.26246338583375695,0.6271001644832489,0.9336000000000095,0.06639999999999047,0.0,742,703,0.31290601333776014,1.5,40.0,40,4.0,31.0,0.014923404902219772,28.813382091108664,11.63603242455267,0.0,0.0,0.0,-0.8588674833277997,1.0,0.461498886346817,0.001887270133011043,0.030203819274902344,0.09276100416791853,0.09147207971227585,0.03071667936940988,0.03081423385689656,0.0,0.0,0.0797896671295166,False,False
0.2,2.0856316089630127,0.05150118097662926,0.014065636321902275,-0.17404979759219458,0.9314951744061523,0.9335000000000095,0.06649999999999046,0.0,698,670,0.19999999999999996,1.5,13.0,13,4.0,27.0,0.01582266390323639,34.74560025018294,10.666363055839948,0.0,0.0,0.0,-1.0,1.0,0.4653427004814148,0.0020044385455548763,0.030203819274902344,0.0931465225567412,0.09185489169011432,0.03064009671409925,0.030734986066818237,0.0,0.0,0.06885490894317628,False,False
0.20500000000000002,2.1369667053222656,0.003964988514780998,0.05428796261548996,-0.21615440420871446,0.7187175024361537,0.9334000000000096,0.06659999999999044,0.0,640,612,0.19999999999999996,1.5,35.0,35,0.0,29.0,0.017143554985523224,31.850133562667693,9.777499467853286,0.0,0.0,0.0,-1.0,1.0,0.4690459370613098,0.002332711825147271,0.030203819274902344,0.09332217050716199,0.09213444548193284,0.0306100615610679,0.030690749796728294,0.0,0.0,0.03086101531982422,False,False
0.21,2.146862745285034,0.02191826142370701,0.06484194099903107,-0.09073879339664412,0.8770993368345017,0.9333000000000096,0.06669999999999043,0.0,657,614,0.19999999999999996,1.5,28.0,28,1.0,24.0,0.018107647076249123,29.195955765778717,8.962707845532178,0.0,0.0,0.0,-1.0,1.0,0.4726015627384186,0.002592292381450534,0.030203819274902344,0.09320976540322022,0.09206409335074243,0.030620292139550052,0.030693731581171356,0.0,0.0,0.04283012390136719,False,False
0.215,2.2093913555145264,-0.018232334405183792,0.09786895662546158,-0.5326085672926762,0.6078005235162475,0.9332000000000096,0.06679999999999042,0.0,578,539,0.2581142429242935,1.5,23.0,23,3.0,29.0,0.018484080210328102,26.762959451963823,8.215815525071163,0.0,0.0,0.0,-0.927357196344633,1.0,0.4757728576660156,0.002802701899781823,0.030203819274902344,0.09374194884424325,0.09264388438748734,0.030529236731429897,0.030589117668569088,0.0,0.0,0.03410588741302491,False,False
0.22,2.2328238487243652,0.007805661763995886,0.1728108674287796,0.12102882456747772,0.45920459227558547,0.9331000000000096,0.06689999999999041,0.0,577,545,0.31993805601393577,1.5,35.0,35,3.0,22.0,0.019215848296880722,24.532712830966837,7.531164231315232,0.0,0.0,0.0,-0.8500774299825803,1.0,0.47913599014282227,0.003127648960798979,0.030203819274902344,0.09456220652535473,0.0936911877058438,0.030482616275548935,0.03049368349214395,0.0,0.0,0.025736982822418215,False,False
0.225,2.238093376159668,0.11041848361492157,0.2023373544216156,-0.5335424666717219,1.0000000000000002,0.9330000000000096,0.0669999999999904,0.0,638,600,0.7099432180127745,1.2900567819872255,34.0,34,4.0,22.0,0.02008461207151413,22.488320095052934,15.236900545372295,0.0,0.0,0.0,-0.36257097748403194,1.0,0.48234429955482483,0.0034416248090565205,0.030203819274902344,0.09525264647633995,0.09449044101964597,0.030446674985190235,0.030441153794527054,0.0,0.0,0.030922954082489018,False,False
0.23,2.263523578643799,0.15726244449615479,0.21757562458515167,-0.26807374670843875,0.9367779811341171,0.9329000000000096,0.06709999999999039,0.0,691,654,0.4007812831783767,1.5,27.0,27,3.0,26.0,0.020867077633738518,28.94762675379852,13.967158833257937,0.0,0.0,0.0,-0.7490233960270292,1.0,0.4854172170162201,0.003686966374516487,0.030203819274902344,0.09570489997975443,0.0949819810657443,0.03039898661275705,0.03038750185320775,0.0,0.0,0.03933531045913696,False,False
0.23500000000000001,2.318941116333008,0.18398982286453247,0.27306076884269714,0.43953817729011363,0.4247115280288527,0.9328000000000096,0.06719999999999038,0.0,722,683,0.45071617624684523,1.5,24.0,24,4.0,35.0,0.02171960473060608,26.53532452431531,12.803228930486442,0.0,0.0,0.0,-0.6866047796914434,1.0,0.4881637990474701,0.003902433207258582,0.030203819274902344,0.09636890909261915,0.09583831162750635,0.030331156837443512,0.030285005147258442,0.0,0.0,0.03427895784378052,False,False
0.24,2.405855894088745,0.2810478210449219,0.34509313106536865,-0.31595182219508894,0.33809194182656355,0.9327000000000096,0.06729999999999037,0.0,569,543,0.19999999999999996,1.5,32.0,32,3.0,25.0,0.022350043058395386,32.6573808139557,11.736293186279239,0.0,0.0,0.0,-1.0,1.0,0.4907519221305847,0.0041939448565244675,0.030203819274902344,0.09723342265685313,0.09697392998635682,0.030234307050704956,0.03013831408073505,0.0,0.0,0.031082413196563723,False,False
0.245,2.5476996898651123,0.43853315711021423,0.3406699299812317,0.4986940438134161,0.7574352214054778,0.9326000000000096,0.06739999999999036,0.0,560,527,0.19999999999999996,1.5,14.0,14,2.0,32.0,0.022938759997487068,38.26926574612605,10.758268754089302,0.0,0.0,0.0,-1.0,1.0,0.4929126501083374,0.004311119671911001,0.030203819274902344,0.09910522787552238,0.09877187321303946,0.03000981795291106,0.02991877030581236,0.0,0.0,0.02576147079467774,False,False
0.25,2.6459968090057373,0.6210172772407532,0.361857533454895,0.3537361678981902,0.8881388103930496,0.9325000000000097,0.06749999999999035,0.0,585,549,0.19999999999999996,1.5,37.0,37,2.0,19.0,0.023629698902368546,35.08016026728221,9.861746357915193,0.0,0.0,0.0,-1.0,1.0,0.49498462677001953,0.004649017471820116,0.030203819274902344,0.10101959467492906,0.10082949744723647,0.029831904297073684,0.02973192216207584,0.0,0.0,0.010801793336868287,False,False
0.255,2.7411038875579834,0.6751058101654053,0.3583790957927704,0.7823797868085816,0.5774805069926418,0.9324000000000097,0.06759999999999033,0.0,637,605,0.19999999999999996,1.5,27.0,27,3.0,27.0,0.024656273424625397,32.156813578342025,9.03993416142226,0.0,0.0,0.0,-1.0,1.0,0.4969547986984253,0.004889329429715872,0.030203819274902344,0.10230359303920128,0.1021006132243192,0.02968304635336002,0.029591040996213756,0.0,0.0,0.013083306550979616,False,False
0.26,2.8397579193115234,0.633658766746521,0.3689744174480438,0.634755392379375,0.9999947209981802,0.9323000000000097,0.06769999999999032,0.0,650,612,0.19999999999999996,1.5,20.0,20,5.0,16.0,0.024910584092140198,37.810412446813515,8.286606314637071,0.0,0.0,0.0,-1.0,1.0,0.4989434778690338,0.005061313975602388,0.030203819274902344,0.10340348074088401,0.1031581620412559,0.029545100405812263,0.029454866113762062,0.0,0.0,0.025153441429138185,False,False
0.265,2.8513801097869873,0.5828936100006104,0.35600975155830383,0.1842060180086631,0.8981974737942297,0.9322000000000097,0.06779999999999031,0.0,635,601,0.19999999999999996,1.5,56.0,56,6.0,14.0,0.02527155540883541,34.65954474291239,7.596055788417314,0.0,0.0,0.0,-1.0,1.0,0.500467836856842,0.0055788252502679825,0.030203819274902344,0.10356709530018177,0.1032104169791555,0.029507318201164406,0.02943242123971383,0.0,0.0,0.025011873245239256,False,False
0.27,2.8597371578216553,0.597506046295166,0.31561562418937683,0.45130433726008407,0.7665192425331766,0.9321000000000097,0.0678999999999903,0.0,708,671,0.19999999999999996,1.5,68.0,68,3.0,23.0,0.02563231624662876,31.771249347669688,6.963051139382538,0.0,0.0,0.0,-1.0,1.0,0.5019241571426392,0.006209594663232565,0.030203819274902344,0.10378252055061267,0.1032214360653103,0.02947075292468071,0.029421985770265262,0.0,0.0,0.027041215896606446,False,False
0.275,2.92759108543396,0.5988599061965942,0.2983822524547577,-0.19017677661406693,0.8156748807944045,0.9320000000000097,0.06799999999999029,0.0,682,644,0.19999999999999996,1.5,34.0,34,1.0,21.0,0.025755980983376503,37.45697856869721,6.382796877767326,0.0,0.0,0.0,-1.0,1.0,0.503608763217926,0.006510728970170021,0.030203819274902344,0.10442418949399049,0.10374207426017677,0.029383872946103416,0.02934570113817851,0.0,0.0,0.03410164594650269,False,False
0.28,2.959308385848999,0.5661291480064392,0.3079739212989807,-0.33217934270440014,0.5603920130459885,0.9319000000000097,0.06809999999999028,0.0,639,604,0.19999999999999996,1.5,23.0,23,3.0,24.0,0.025854839012026787,51.0022303546391,14.184230471286714,0.0,0.0,0.0,-1.0,1.0,0.5048739314079285,0.006704811938107014,0.030203819274902344,0.10457708518952037,0.10390795592218544,0.029349330191810928,0.02930857085933288,0.0,0.0,0.037994070053100584,False,False
0.28500000000000003,2.994260787963867,0.554200291633606,0.3522309958934784,0.6670138833266541,0.5262233545552144,0.9318000000000097,0.06819999999999027,0.0,562,531,0.19999999999999996,1.5,38.0,38,2.0,23.0,0.026345057412981987,46.75204449175251,13.002211265346155,0.0,0.0,0.0,-1.0,1.0,0.5060297846794128,0.007042353507131338,0.030203819274902344,0.10533991939729605,0.10485507705559238,0.029299192441006504,0.029237897445758186,0.0,0.0,0.01844694972038269,False,False
0.29,3.0815999507904053,0.5331405401229858,0.3992437422275543,0.4191989363629558,0.47668056783906626,0.9317000000000097,0.06829999999999026,0.0,722,676,0.19999999999999996,1.5,48.0,48,2.0,27.0,0.026624880731105804,42.85604078410646,11.918693659900642,0.0,0.0,0.0,-1.0,1.0,0.5072302222251892,0.007474668323993683,0.030203819274902344,0.10596665144090756,0.10567585011881991,0.029234623846908413,0.029143854044377804,0.0,0.0,0.038759357929229736,False,False
0.295,3.1583337783813477,0.4848018288612366,0.38875293731689453,-0.05641673233759678,0.8950137981701504,0.9316000000000098,0.06839999999999025,0.0,644,609,0.19999999999999996,1.5,31.0,31,2.0,23.0,0.026805061846971512,39.28470405209759,10.925469188242255,0.0,0.0,0.0,-1.0,1.0,0.50803542137146,0.007741676643490791,0.030203819274902344,0.10579242292418979,0.10535831423476243,0.029188357293605804,0.029112685782214008,0.0,0.0,0.03435680627822876,False,False
0.3,3.16601300239563,0.528573215007782,0.4377222955226898,-0.7158649686577148,0.4017344607335822,0.9315000000000098,0.06849999999999024,0.0,609,577,0.29349472165863766,1.5,26.0,26,3.0,22.0,0.026846669614315033,36.01097871442279,18.348346755888734,0.0,0.0,0.0,-0.8831315979267028,1.0,0.5084791779518127,0.007959485054016113,0.030227720737457275,0.10642143369590147,0.10626461443304919,0.029169339686632156,0.02906247042119503,0.0,0.0,0.03945975780487061,False,False
0.305,3.1147263050079346,0.6286014318466187,0.5163670182228088,0.25465396778072813,0.917110674332502,0.9314000000000098,0.06859999999999022,0.0,582,557,0.3523701615204179,1.5,19.0,19,6.0,19.0,0.02689104713499546,33.010063821554226,16.819317859564674,0.0,0.0,0.0,-0.8095372980994776,1.0,0.5088854432106018,0.008109059184789658,0.03025197982788086,0.10701694195313903,0.10740835510038983,0.029220332702000938,0.02905602256457011,0.0,0.0,0.03032176733016968,False,False
0.31,3.113325595855713,0.6764244437217712,0.5562077164649963,0.226993857128064,0.7843619509439086,0.9313000000000098,0.06869999999999021,0.0,645,607,0.40633931472704976,1.5,48.0,48,1.0,19.0,0.026955274865031242,30.25922516975804,15.417708037934283,0.0,0.0,0.0,-0.7420758565911878,1.0,0.509239912033081,0.008536928333342075,0.03027743101119995,0.1075184692181637,0.10817881513945661,0.02921369237204393,0.02902621092895667,0.0,0.0,0.03624301910400391,False,False
0.315,3.1476075649261475,0.7038247585296631,0.6000145673751831,0.4301398740585241,0.6777499796740718,0.9312000000000098,0.0687999999999902,0.0,703,662,0.45581103849979565,1.5,56.0,56,2.0,26.0,0.027021002024412155,27.7376230722782,14.132899034773091,0.0,0.0,0.0,-0.6802362018752555,1.0,0.5096157193183899,0.00903995893895626,0.030304312705993652,0.10800074307434163,0.10893020812142541,0.02918704723318418,0.028973881465693317,0.0,0.0,0.0405589246749878,False,False
0.32,3.152364492416382,0.7530010342597961,0.6272104382514954,0.5699805647459137,0.8723885069428879,0.9311000000000098,0.06889999999999019,0.0,626,592,0.834493451958146,1.165506548041854,16.0,16,7.0,25.0,0.027071965858340263,25.42615448292168,21.288490781875332,0.0,0.0,0.0,-0.20688318505231748,1.0,0.5096706748008728,0.009156178683042526,0.03033125400543213,0.10823829722404381,0.10936052171389163,0.029187899393339954,0.028955660139520965,0.0,0.0,0.04164763927459717,False,False
0.325,3.1917130947113037,0.783912718296051,0.608554482460022,0.6510599997122279,0.43779496505928756,0.9310000000000098,0.06899999999999018,0.0,676,636,0.8482856642949672,1.1517143357050328,48.0,48,3.0,24.0,0.027388837188482285,31.640641609344872,27.84778321671905,0.0,0.0,0.0,-0.18964291963129104,1.0,0.5096518993377686,0.009579683654010296,0.030359387397766113,0.10893956363852968,0.1099677595263337,0.029125570630033813,0.02889965039988359,0.0,0.0,0.015616881847381591,False,False
0.33,3.2928154468536377,0.9135408997535706,0.650597095489502,0.594918632129896,0.6008890182672709,0.9309000000000098,0.06909999999999017,0.0,680,643,0.8609285256037199,1.13907147439628,38.0,38,1.0,33.0,0.02757679671049118,29.003921475232797,25.527134615325796,0.0,0.0,0.0,-0.17383934299535006,1.0,0.5095969438552856,0.009905247017741203,0.030388236045837402,0.11049541919492084,0.11181996051842866,0.0289999321103096,0.028753532096743584,0.0,0.0,0.01723833680152893,False,False
0.335,3.329712152481079,1.0582332611083984,0.6777828335762024,-1.14027415684738,0.0775293554875996,0.9308000000000098,0.06919999999999016,0.0,609,568,0.8725178151367433,1.1274821848632568,37.0,37,4.0,24.0,0.027841849252581596,26.586928018963395,23.399873397381977,0.0,0.0,0.0,-0.15935273107907086,1.0,0.5095047354698181,0.010219836607575417,0.030417978763580322,0.1118334376591558,0.11347199668828294,0.02892166996995608,0.028658644296228886,0.0,0.0,0.009870532155036926,False,False
0.34,3.4335877895355225,1.1525629758834839,0.6673180460929871,-0.018799246867092848,0.7994293039394067,0.9307000000000099,0.06929999999999015,0.0,642,609,0.8831413305420148,1.1168586694579852,29.0,29,2.0,32.0,0.028084587305784225,24.371350684049776,21.449883947600146,0.0,0.0,0.0,-0.14607333682248153,1.0,0.5091358423233032,0.010456172749400139,0.03044801950454712,0.11404670759662881,0.11572384002059592,0.028726747259497643,0.02847529792537292,0.0,0.0,0.013568017482757568,False,False
0.34500000000000003,3.544203758239746,1.1661767959594727,0.649369478225708,0.13290045007031587,0.8744719537807095,0.9306000000000099,0.06939999999999014,0.0,554,521,0.8928795529968468,1.1071204470031533,46.0,46,4.0,19.0,0.02830100990831852,22.340404793712295,19.662393618633466,0.0,0.0,0.0,-0.13390055875394147,1.0,0.5083966851234436,0.010855026543140411,0.0304793119430542,0.11628160478857551,0.11782734385815652,0.028531888189415138,0.028300282234946888,0.0,0.0,0.018843953609466554,False,False
0.35000000000000003,3.544729471206665,1.1270681619644165,0.6288937330245972,0.32451476800660733,0.917243639244722,0.9305000000000099,0.06949999999999013,0.0,575,538,0.9018062569137762,1.0981937430862236,39.0,39,1.0,15.0,0.028325708582997322,20.47870439423627,18.023860817080678,0.0,0.0,0.0,-0.12274217885777965,1.0,0.5077105164527893,0.011184893548488617,0.03051126003265381,0.11653109720721734,0.11786692035694808,0.028514666482806206,0.028297336151202522,0.0,0.0,0.015382305383682252,False,False
0.355,3.5668625831604004,1.107185959815979,0.5888568758964539,0.6219769094206864,0.4874302453630256,0.9304000000000099,0.06959999999999011,0.0,602,561,1.2433224021709615,0.7566775978290384,21.0,21,3.0,24.0,0.028415124863386154,18.77214569471658,24.85520574899062,0.0,0.0,0.0,0.30415300271370194,1.0,0.507009744644165,0.011340265162289143,0.03054344654083252,0.11701744169928026,0.11803875764831792,0.02846502078076204,0.02827028278261423,0.0,0.0,0.016514610052108768,False,False
0.36,3.6352293491363525,1.1184858083724976,0.5679640173912048,1.0041058004982115,0.9670402830471779,0.9303000000000099,0.0696999999999901,0.0,625,582,1.2230455353233816,0.7769544646766186,32.0,32,2.0,28.0,0.028451573103666306,17.207800220156866,22.783938603241403,0.0,0.0,0.0,0.27880691915422684,1.0,0.5059391260147095,0.01160078588873148,0.03057616949081421,0.11826936422288309,0.11912453938523819,0.028351630705098312,0.028171930462121964,0.0,0.0,0.022505609989166262,False,False
0.365,3.6576755046844482,1.1287115812301636,0.5489497780799866,0.4992285833167309,0.8198763069012104,0.9302000000000099,0.06979999999999009,0.0,635,602,1.2044584073797664,0.7955415926202336,34.0,34,4.0,24.0,0.028467774391174316,24.10715020181046,29.21861038630462,0.0,0.0,0.0,0.255573009224708,1.0,0.5048866868019104,0.011879456229507923,0.030609309673309326,0.11883469393600911,0.11954504988094061,0.02830134394268195,0.02813483433177074,0.0,0.0,0.025550050735473635,False,False
0.37,3.751417636871338,1.1621828079223633,0.6136812567710876,0.6393506151492738,1.0,0.9301000000000099,0.06989999999999008,0.0,609,585,1.5,0.47924645990188064,59.0,59,3.0,19.0,0.02845722809433937,22.098221018326253,35.117059520779236,0.0,0.0,0.0,0.6509419251226491,1.0,0.5035224556922913,0.012397412210702896,0.030643701553344727,0.12043239707499631,0.12163558376952893,0.028205597773194313,0.028002803834776085,0.0,0.0,0.02113591432571411,False,False
0.375,3.9169695377349854,1.1198917627334595,0.6236733794212341,0.21873348456923633,0.14286679400752164,0.9300000000000099,0.06999999999999007,0.0,510,477,1.144024078423276,0.855975921576724,21.0,21,2.0,21.0,0.028464213013648987,28.59003593346573,32.19063789404763,0.0,0.0,0.0,0.18003009802909506,1.0,0.5021843910217285,0.012547732330858707,0.03067845106124878,0.12272036593717721,0.12390766920521741,0.028018223432203136,0.027817143127322197,0.0,0.0,0.01799009084701538,False,False
0.38,4.011875629425049,1.1438804864883423,0.605194091796875,0.49329518555287727,0.8119485675280917,0.9299000000000099,0.07009999999999006,0.0,647,604,1.132022071888003,0.867977928111997,30.0,30,2.0,33.0,0.02848924696445465,26.207532939010253,29.50808473621033,0.0,0.0,0.0,0.16502758986000376,1.0,0.5009742975234985,0.012783985584974289,0.030713379383087158,0.12422767188399915,0.12516706679016235,0.027900738641619682,0.02771517727524042,0.0,0.0,0.018457232713699343,False,False
0.385,4.033225059509277,1.2647111415863037,0.6420477032661438,0.3529149347008265,1.0000000000000002,0.92980000000001,0.07019999999999005,0.0,622,593,1.1210202325640028,0.8789797674359972,23.0,23,4.0,22.0,0.028888141736388206,24.023571860759397,27.04907767485947,0.0,0.0,0.0,0.1512752907050036,1.0,0.4994525611400604,0.012951929122209549,0.030748426914215088,0.12601715140230837,0.12742703985795262,0.027836781616012257,0.027625258080661297,0.0,0.0,0.01634118676185608,False,False
0.39,4.023837566375732,1.3288134336471558,0.681959331035614,,0.0,0.92970000000001,0.07029999999999004,0.0,624,595,1.1109352131836692,0.8890647868163307,34.0,34,5.0,9.0,0.028953712433576584,22.021607539029446,24.794987868621178,0.0,0.0,0.0,0.13866901647958657,1.0,0.49801012873649597,0.013224969618022442,0.030784010887145996,0.1267424329283325,0.1286223779221364,0.027838613217075668,0.027598862846692405,0.0,0.0,0.018829587697982788,False,False
0.395,4.0260090827941895,1.3401668071746826,0.727775514125824,0.39682052433859155,0.7927159108524702,0.92960000000001,0.07039999999999003,0.0,592,565,1.4350239454183635,0.5649760545816365,47.0,47,5.0,17.0,0.029218588024377823,20.186473577443657,31.062072212902745,0.0,0.0,0.0,0.5437799317729544,1.0,0.49658286571502686,0.01362190768122673,0.030820071697235107,0.1267015985324967,0.1290084137103198,0.02785863510022561,0.027593583799898624,0.0,0.0,0.01738835096359253,False,False
0.4,4.067752838134766,1.4114384651184082,0.7519398331642151,0.3878190514118998,0.43163499878316325,0.92950000000001,0.07049999999999002,0.0,500,465,1.3987719499668332,0.6012280500331667,29.0,29,0.0,19.0,0.02948985993862152,18.504267445990017,28.47356619516085,0.0,0.0,0.0,0.4984649374585416,1.0,0.49481460452079773,0.013844066299498081,0.030856072902679443,0.12785307183861613,0.13044640868902085,0.027796441378692787,0.027518363979955517,0.0,0.0,0.018894892930984498,False,False
0.405,4.082423686981201,1.448962688446045,0.7651267051696777,0.6252555357248712,0.9880594447937096,0.92940000000001,0.07059999999999,0.0,521,488,1.0322076208029305,0.9677923791970694,22.0,22,2.0,24.0,0.029567822813987732,25.295578492157514,26.100769012230778,0.0,0.0,0.0,0.040259526003663205,1.0,0.4927346110343933,0.013991537503898144,0.03089195489883423,0.12826183456306536,0.1310112218527732,0.027776660087207954,0.027489098720252514,0.0,0.0,0.03228053092956543,False,False
0.41000000000000003,4.121923446655273,1.5108203887939453,0.7588047385215759,0.31210538187403863,0.8145345135521431,0.92930000000001,0.07069999999999,0.0,604,565,1.0295236524026863,0.9704763475973137,25.0,25,2.0,23.0,0.02957402914762497,23.187613617811053,23.92570492787821,0.0,0.0,0.0,0.036904565503357925,1.0,0.49071183800697327,0.014173686504364014,0.030927836894989014,0.12965193842723843,0.13243167424077668,0.027691208136578403,0.02740745898336172,0.0,0.0,0.02059365272521973,False,False
0.41500000000000004,4.160938739776611,1.6320977210998535,0.7544856667518616,0.2592505354248665,0.24865615405745053,0.92920000000001,0.07079999999998998,0.0,589,565,1.0270633480357958,0.9729366519642042,33.0,33,1.0,30.0,0.029554475098848343,21.255312482993464,21.93189618388836,0.0,0.0,0.0,0.03382918504474475,1.0,0.4887275695800781,0.014424007385969162,0.030963659286499023,0.1317740142960089,0.13468574217148,0.0275847672795256,0.02730472634236018,0.0,0.0,0.01681248188018799,False,False
0.42,4.191326141357422,1.7407914400100708,0.7720740437507629,0.6857303056566699,0.9354325867879484,0.92910000000001,0.07089999999998997,0.0,610,570,1.024808069032813,0.975191930967187,20.0,20,2.0,24.0,0.029673438519239426,27.81736977607734,28.43757150189766,0.0,0.0,0.0,0.031010086291016137,1.0,0.4864968955516815,0.014556262642145157,0.03099900484085083,0.13302163444707668,0.1362706616818892,0.027531998542447887,0.027241346736749016,0.0,0.0,0.014419453144073488,False,False
0.425,4.2869086265563965,1.7945340871810913,0.7368772029876709,0.14242588951722818,0.5962163071769789,0.92900000000001,0.07099999999998996,0.0,662,622,1.3560740632800785,0.6439259367199215,33.0,33,4.0,36.0,0.029808511957526207,25.49925562807089,34.40110721007285,0.0,0.0,0.0,0.44509257910009803,1.0,0.4843751788139343,0.014804990962147713,0.03103393316268921,0.1360161169935005,0.1390630447609958,0.027352183436354004,0.02708504597345988,0.0,0.0,0.017889084815979006,False,False
0.43,4.3832621574401855,1.7788602113723755,0.6845905780792236,0.7026556743890521,0.9714233909493206,0.92890000000001,0.07109999999998995,0.0,742,703,0.9930678913400719,1.006932108659928,43.0,43,6.0,30.0,0.029900705441832542,31.707650992398314,31.53434827590011,0.0,0.0,0.0,-0.00866513582491013,1.0,0.4822968542575836,0.01515687070786953,0.03106856346130371,0.1394882417656468,0.14197782162576783,0.02715749510874351,0.026928670704364777,0.0,0.0,0.021532790660858156,False,False
0.435,4.374587059020996,1.728354811668396,0.6487929224967957,0.3684923689446091,0.6518729147643217,0.9288000000000101,0.07119999999998994,0.0,668,632,0.9936455670617326,1.0063544329382674,64.0,64,8.0,24.0,0.029900753870606422,29.065346743031785,28.9064859195751,0.0,0.0,0.0,-0.007943041172834241,1.0,0.4799511730670929,0.01570124924182892,0.031103789806365967,0.13969266047763199,0.14172217476429907,0.02714890210578839,0.02694002042214076,0.0,0.0,0.015910484790802003,False,False
0.44,4.437994956970215,1.721535325050354,0.6184308528900146,0.14741676261534536,0.8649311766532788,0.9287000000000101,0.07129999999998993,0.0,549,520,0.9941751031399215,1.0058248968600785,21.0,21,0.0,16.0,0.029875677078962326,26.6432345144458,26.49761209294384,0.0,0.0,0.0,-0.007281121075098085,1.0,0.4776749014854431,0.01583780348300934,0.031138718128204346,0.14150618347525465,0.1432098475595302,0.027047235829134784,0.02685493479172389,0.0,0.0,0.024330823421478274,False,False
0.445,4.5167951583862305,1.7576237916946411,0.5875217914581299,-0.4399978950927543,0.20513839808821233,0.9286000000000101,0.07139999999998992,0.0,550,519,0.9946605112115947,1.0053394887884053,24.0,24,0.0,17.0,0.02991558238863945,24.42296497157532,24.289477751865185,0.0,0.0,0.0,-0.0066743609855066666,1.0,0.4754049479961395,0.01600264012813568,0.031173408031463623,0.14398123557120426,0.1453337727207677,0.026907284433643024,0.02673833630979061,0.0,0.0,0.03517202138900757,False,False
0.45,4.564393997192383,1.8006138801574707,0.578374981880188,-0.04299002766563378,0.8908379275783876,0.9285000000000101,0.0714999999999899,0.0,607,572,0.9951054686106283,1.0048945313893716,38.0,38,1.0,24.0,0.030389565974473953,22.38771789061071,22.265354605876418,0.0,0.0,0.0,-0.006118164236714563,1.0,0.4731898903846741,0.01629422791302204,0.0312078595161438,0.14537052149573826,0.14665293178707223,0.026829276854793232,0.026668095961213112,0.0,0.0,0.01760556697845459,False,False
0.455,4.732539653778076,1.8285638093948364,0.6072639226913452,0.38023145486876403,0.9150505867328399,0.9284000000000101,0.0715999999999899,0.0,624,590,1.3288466795597424,0.6711533204402576,43.0,43,2.0,23.0,0.030642613768577576,20.522074733059817,28.74324172205338,0.0,0.0,0.0,0.4110583494496781,1.0,0.4707857072353363,0.016637349501252174,0.031241536140441895,0.1501093833738303,0.15172124432399725,0.026620888772110145,0.026446158687273662,0.0,0.0,0.015735924243927002,False,False
0.46,4.923203945159912,1.809335708618164,0.5976884365081787,0.6204302699163619,0.6645157807248411,0.9283000000000101,0.07169999999998988,0.0,605,568,1.3014427895964307,0.6985572104035693,20.0,20,4.0,28.0,0.030869824811816216,18.811901838638164,26.34797157854893,0.0,0.0,0.0,0.37680348699553823,1.0,0.46845149993896484,0.016749657690525055,0.03127390146255493,0.15504944021254632,0.156361817143856,0.026392950676381588,0.02623253113900622,0.0,0.0,0.014923150539398194,False,False
0.465,5.007430553436279,1.867480993270874,0.6129031181335449,0.5849778528601257,0.9959125210837673,0.9282000000000101,0.07179999999998987,0.0,621,586,1.2763225571300616,0.7236774428699385,16.0,16,3.0,16.0,0.031176775693893433,17.244243352084982,24.15230728033652,0.0,0.0,0.0,0.34540319641257683,1.0,0.46586158871650696,0.016833754256367683,0.031305015087127686,0.15745017614898435,0.1588745823421811,0.026293323220064245,0.026128221458444994,0.0,0.0,0.018220010995864868,False,False
0.47000000000000003,4.990508079528809,1.9991645812988281,0.6532261371612549,0.18297031762820506,0.5969199806528172,0.9281000000000101,0.07189999999998986,0.0,703,658,1.253295677369223,0.746704322630777,34.0,34,0.0,24.0,0.03129509836435318,15.807223072744566,22.13961500697514,0.0,0.0,0.0,0.31661959671152873,1.0,0.4633524715900421,0.017075395211577415,0.03133559226989746,0.1593504848604386,0.16168504191438204,0.026268108437458675,0.02607131066421668,0.0,0.0,0.01957502841949463,False,False
0.47500000000000003,4.967653274536133,2.038576126098633,0.6689538359642029,0.8835804203291728,0.7841772165681455,0.9280000000000102,0.07199999999998985,0.0,625,595,1.5,0.4344789624115456,41.0,41,3.0,30.0,0.03132826089859009,14.489954483349186,28.627980423060546,0.0,0.0,0.0,0.706901296985568,1.0,0.4609068036079407,0.017391366884112358,0.03136557340621948,0.16008602077513784,0.16287306518666295,0.026266630738973618,0.026058052511264883,0.0,0.0,0.017217679023742678,False,False
0.48,4.98300313949585,2.0460045337677,0.70441734790802,0.4558181510396555,0.870690586978938,0.9279000000000102,0.07209999999998984,0.0,543,509,1.5,0.48160571554391685,49.0,49,1.0,25.0,0.03129555657505989,13.28245827640342,26.242315387805498,0.0,0.0,0.0,0.6479928555701039,1.0,0.45816484093666077,0.017774155363440514,0.0313950777053833,0.16015092770258435,0.1634325689077362,0.026265906635671854,0.026041027934600912,0.0,0.0,0.015034427642822267,False,False
0.485,5.080144882202148,2.1470136642456055,0.7194089293479919,0.5553581530793597,0.9191617640726432,0.9278000000000102,0.07219999999998983,0.0,649,609,1.4751947607514095,0.5248052392485905,30.0,30,8.0,30.0,0.031264808028936386,12.175586753369801,24.05545577215504,0.0,0.0,0.0,0.5939934509392619,1.0,0.4552723467350006,0.01798062212765217,0.03142362833023071,0.16417724409450934,0.1678615286132926,0.02611584650973479,0.025885491631925106,0.0,0.0,0.02460610628128052,False,False
0.49,5.112656116485596,2.1680517196655273,0.739800214767456,0.7840624755820549,0.908486775006157,0.9277000000000102,0.07229999999998982,0.0,625,587,1.4355951973554586,0.5644048026445414,39.0,39,3.0,24.0,0.031224988400936127,11.160954523922317,22.050834457808783,0.0,0.0,0.0,0.5444939966943233,1.0,0.45251578092575073,0.018280798569321632,0.03145194053649902,0.16513278565928186,0.16915703212469654,0.026087358904381595,0.025844089686870575,0.0,0.0,0.026396582126617434,False,False
0.495,5.163903713226318,2.2428269386291504,0.7019961476325989,-2.59736223843935,0.19765937839207567,0.9276000000000102,0.0723999999999898,0.0,646,611,1.3992955975758372,0.6007044024241628,24.0,24,2.0,37.0,0.03126206994056702,10.230874980262124,20.21326491965805,0.0,0.0,0.0,0.4991194969697964,1.0,0.44983118772506714,0.018421031534671783,0.031478941440582275,0.16903940812684434,0.17272321484796538,0.025938238638142746,0.025720078653345507,0.0,0.0,0.026622471809387212,False,False
0.5,5.171423435211182,2.442758321762085,0.7175484299659729,0.5542831788984947,0.6636010339820404,0.9275000000000102,0.0724999999999898,0.0,632,593,1.3660209644445174,0.6339790355554826,26.0,26,2.0,26.0,0.03136210888624191,9.37830206524028,18.528826176353213,0.0,0.0,0.0,0.45752620555564666,1.0,0.4472190737724304,0.018584510311484337,0.03150534629821777,0.17239964093516108,0.17684317436565788,0.025855867036928736,0.025627662738164268,0.0,0.0,0.017269567251205445,False,False
0.505,5.223577976226807,2.570014238357544,0.7097179889678955,0.9372363212622578,0.9372945711958968,0.9274000000000102,0.07259999999998978,0.0,670,637,1.3355192174074741,0.6644807825925259,63.0,63,1.0,34.0,0.03173926845192909,8.596776893136923,16.984757328323777,0.0,0.0,0.0,0.41939902175934274,1.0,0.4446776807308197,0.0190968569368124,0.03153175115585327,0.17523758294991984,0.17998867509886451,0.025764584230879944,0.025536963560928903,0.0,0.0,0.019586353302001955,False,False
0.51,5.337988376617432,2.561882257461548,0.636496365070343,0.5303199572440176,0.9947884648449377,0.9273000000000102,0.07269999999998977,0.0,582,549,0.9742259492901847,1.0257740507098152,40.0,40,6.0,11.0,0.03182012587785721,16.213712152042177,15.569360884296795,0.0,0.0,0.0,-0.03221756338726909,1.0,0.4418470859527588,0.019394787028431892,0.03155785799026489,0.18164236137891637,0.18517932281394625,0.025555117366214596,0.025374501322706543,0.0,0.0,0.018810189962387085,False,False
0.515,5.4182353019714355,2.5079147815704346,0.5821419358253479,1.1940842535396063,0.9995536190666666,0.9272000000000102,0.07279999999998976,0.0,629,579,0.9763737868493361,1.023626213150664,24.0,24,3.0,9.0,0.0320163331925869,14.862569472705328,14.271914143938728,0.0,0.0,0.0,-0.029532766438329982,1.0,0.4391133189201355,0.019522367045283318,0.03158295154571533,0.18643407880266333,0.18872280262286287,0.025407714614023767,0.02526577717314164,0.0,0.0,0.02107911825180054,False,False
0.52,5.416449069976807,2.4789540767669678,0.5531312823295593,-0.44975019465839755,0.9999999999999999,0.9271000000000102,0.07289999999998975,0.0,569,544,0.9783426379452247,1.0216573620547753,22.0,22,3.0,10.0,0.03196841850876808,13.62402201664655,13.082587965277167,0.0,0.0,0.0,-0.027071702568469202,1.0,0.43657395243644714,0.01962682232260704,0.03160732984542847,0.18703721112012686,0.18869739362597288,0.025395293875286978,0.025267875753343105,0.0,0.0,0.017773362398147585,False,False
0.525,5.500178813934326,2.500429153442383,0.527733564376831,-0.03381986851712083,0.8564644688073489,0.9270000000000103,0.07299999999998974,0.0,597,558,0.9801474181164559,1.019852581883544,22.0,22,0.0,23.0,0.031940266489982605,12.488686848592671,11.99237230150407,0.0,0.0,0.0,-0.024815727354430096,1.0,0.4337415099143982,0.01974693313241005,0.031631410121917725,0.1910981996040773,0.19226343200045146,0.025275004251549642,0.025162465559939545,0.0,0.0,0.023627188205718998,False,False
0.53,5.578425884246826,2.5659565925598145,0.505786657333374,-1.041562738557104,0.5702662153828536,0.9269000000000103,0.07309999999998973,0.0,612,574,0.9818017999400847,1.0181982000599155,56.0,56,5.0,19.0,0.031905680894851685,11.447962944543281,10.993007943045397,0.0,0.0,0.0,-0.022747750074894223,1.0,0.43100789189338684,0.02018882893025875,0.03165543079376221,0.19557928526773863,0.19636239719266507,0.02514447784051299,0.025048042492320143,0.0,0.0,0.032105479240417484,False,False
0.535,5.645978927612305,2.6148414611816406,0.4854627251625061,0.6533463244815101,0.6201434417221507,0.9268000000000103,0.07319999999998972,0.0,697,651,0.9833183166117442,1.0166816833882557,50.0,50,4.0,21.0,0.03188849985599518,18.82729936583134,18.410257281124945,0.0,0.0,0.0,-0.020852104235319757,1.0,0.428352952003479,0.020556747913360596,0.03167957067489624,0.1988451768308859,0.19928970429114806,0.02504527180766066,0.02495928512265285,0.0,0.0,0.021292784214019776,False,False
0.54,5.812075138092041,2.5973002910614014,0.4774927496910095,-0.05373596278625203,0.42049152097103476,0.9267000000000103,0.0732999999999897,0.0,660,616,1.3180417902274322,0.6819582097725678,20.0,20,1.0,44.0,0.03198104351758957,17.25835775201206,25.209402507697863,0.0,0.0,0.0,0.39755223778429016,1.0,0.4257746934890747,0.020649025216698647,0.031703412532806396,0.2067850075984975,0.20667443009217384,0.024845196555058163,0.024767638339350622,0.0,0.0,0.014257687330245971,False,False
0.545,6.004870414733887,2.570498466491699,0.46845704317092896,0.2218117679479496,0.7902010273234371,0.9266000000000103,0.0733999999999897,0.0,649,607,1.5,0.3751283589581873,26.0,26,6.0,39.0,0.03207789361476898,24.15349460601105,39.77528563205637,0.0,0.0,0.0,0.7810895513022658,1.0,0.42298638820648193,0.02079862356185913,0.031726837158203125,0.21513056815725856,0.21415037165519887,0.024637820509572826,0.024573564684639376,0.0,0.0,0.010786399841308594,False,False
0.55,6.149378299713135,2.65160870552063,0.5081104040145874,-0.35537411604100483,1.0,0.9265000000000103,0.07349999999998968,0.0,623,596,1.2394656709549952,0.760534329045005,35.0,35,2.0,14.0,0.03208107873797417,30.474036722176795,36.46067849605167,0.0,0.0,0.0,0.2993320886937438,1.0,0.4203019440174103,0.02102614939212799,0.031749725341796875,0.22347340160980608,0.2230299628227928,0.024465312405178945,0.02438582635174195,0.0,0.0,0.018014940023422243,False,False
0.555,6.199100494384766,2.7428271770477295,0.5501080751419067,0.3366052078666281,0.8704813309348346,0.9264000000000103,0.07359999999998967,0.0,617,579,1.219510198375412,0.780489801624588,52.0,52,2.0,19.0,0.032101113349199295,27.934533661995395,33.422288621380694,0.0,0.0,0.0,0.27438774796926496,1.0,0.4177109897136688,0.021406758576631546,0.03177237510681152,0.2301367644748318,0.2311817757350681,0.024364947651823364,0.024259182003637157,0.0,0.0,0.018039063215255738,False,False
0.56,6.142890930175781,2.752624988555908,0.5566564202308655,0.8089366690693973,0.2521395280147207,0.9263000000000103,0.07369999999998966,0.0,585,556,1.2012176818441276,0.7987823181558724,49.0,49,3.0,27.0,0.03246128559112549,25.60665585682911,30.6370979029323,0.0,0.0,0.0,0.2515221023051595,1.0,0.41490378975868225,0.021765602752566338,0.03179526329040527,0.22881382671991765,0.2305300866663434,0.024404166421542566,0.0242911116220057,0.0,0.0,0.013508926630020143,False,False
0.5650000000000001,6.1206159591674805,2.820199728012085,0.5811105370521545,0.20075679625993031,0.47836506184869343,0.9262000000000103,0.07379999999998965,0.0,568,542,1.1844495416904504,0.8155504583095496,13.0,13,2.0,22.0,0.032419804483652115,23.472767868760016,28.084006411021274,0.0,0.0,0.0,0.23056192711306292,1.0,0.4119088053703308,0.021792730316519737,0.03181767463684082,0.22910021582431872,0.23184981538541394,0.02440640004351735,0.024279626086354256,0.0,0.0,0.015821731090545653,False,False
0.5700000000000001,6.148146629333496,2.8670566082000732,0.5897965431213379,0.6359042011041366,0.9999940611209932,0.9261000000000104,0.07389999999998964,0.0,573,542,1.1690787465495793,0.8309212534504207,22.0,22,0.0,29.0,0.03265675902366638,21.51670387969668,25.743672543436166,0.0,0.0,0.0,0.21134843318697422,1.0,0.40904825925827026,0.021883871406316757,0.031839847564697266,0.23168694559608674,0.2348477701755839,0.02435236160332958,0.024220570921897888,0.0,0.0,0.016035736799240113,False,False
0.5750000000000001,6.17762565612793,2.8877265453338623,0.5994725227355957,0.39097538602095955,0.4861750589959034,0.9260000000000104,0.07399999999998963,0.0,662,615,1.1549888510037811,0.8450111489962189,50.0,50,1.0,30.0,0.03295324742794037,19.72364522305529,23.59836649814982,0.0,0.0,0.0,0.19373606375472646,1.0,0.40594708919525146,0.02222459390759468,0.03186202049255371,0.23423514077067148,0.23778004290349553,0.02430635892475645,0.024169015232473612,0.0,0.0,0.01588040113449097,False,False
0.58,6.230569839477539,2.9795045852661133,0.5539748072624207,-0.5335424666717219,1.0000000000000002,0.9259000000000104,0.07409999999998962,0.0,716,674,1.475406446753466,0.524593553246534,41.0,41,5.0,28.0,0.03298711031675339,18.080008121134014,29.965169289970664,0.0,0.0,0.0,0.5942580584418324,1.0,0.4027506411075592,0.022512994706630707,0.031884074211120605,0.24185141801833873,0.24445216320454838,0.024160766818871103,0.024052079922209185,0.0,0.0,0.024065022468566896,False,False
0.585,6.2572503089904785,3.126473903656006,0.5883607268333435,-1.9376210078473783,0.12449896521844565,0.9258000000000104,0.07419999999998961,0.0,641,594,1.4357892428573438,0.5642107571426561,20.0,20,5.0,35.0,0.03303223475813866,16.57334077770618,27.468071849139776,0.0,0.0,0.0,0.5447365535716798,1.0,0.3996985852718353,0.022573882713913918,0.03190571069717407,0.24646238686516642,0.25087385794147604,0.0240925676189363,0.023965020664036274,0.0,0.0,0.020803463459014893,False,False
0.59,6.330471992492676,3.1709461212158203,0.5557160377502441,0.0807737941470666,0.8050519489745124,0.9257000000000104,0.0742999999999896,0.0,677,647,1.399473472619232,0.6005265273807681,41.0,41,5.0,21.0,0.03302723914384842,15.192229046230663,25.17906586171146,0.0,0.0,0.0,0.49934184077403987,1.0,0.39682114124298096,0.022851837798953056,0.03192692995071411,0.25222447404513515,0.2559174625401671,0.02399135536203782,0.023880869460602604,0.0,0.0,0.01898348331451416,False,False
0.595,6.433884620666504,3.1132454872131348,0.48080065846443176,0.22416113338348384,0.8255727436798376,0.9256000000000104,0.07439999999998959,0.0,660,621,1.032850683234296,0.967149316765704,26.0,26,1.0,17.0,0.033219143748283386,22.259543292378105,23.080810373235504,0.0,0.0,0.0,0.04106335404286998,1.0,0.39406493306159973,0.022971412166953087,0.03194791078567505,0.26228215441480024,0.26288893634825694,0.02383387958010038,0.02376999550809463,0.0,0.0,0.024248037338256836,False,False
0.6,6.461141109466553,3.0654101371765137,0.4409749209880829,0.29211827967935483,0.8731999607463142,0.9255000000000104,0.07449999999998957,0.0,689,644,1.0301131262981047,0.9698868737018954,49.0,49,2.0,16.0,0.033332664519548416,28.73791468467993,29.490742842132544,0.0,0.0,0.0,0.037641407872630775,1.0,0.3914288580417633,0.023287883028388023,0.03196847438812256,0.266317452381052,0.26504440584778527,0.023780678554127615,0.023740976272771757,0.0,0.0,0.020873031616210937,False,False
0.605,6.495024681091309,3.0546131134033203,0.40179914236068726,0.16837237060349042,0.8149609922947432,0.9254000000000104,0.07459999999998956,0.0,663,627,1.027603699106596,0.9723963008934041,48.0,48,3.0,18.0,0.03338517248630524,26.3430884609566,27.0331809386215,0.0,0.0,0.0,0.03450462388324489,1.0,0.3889811933040619,0.023639671504497528,0.031989455223083496,0.26983433064693946,0.2670246814688021,0.023729779447118442,0.023708751735587917,0.0,0.0,0.023938167095184325,False,False
0.61,6.590213775634766,3.062250852584839,0.38271045684814453,-0.17344705905509672,0.30164404994537647,0.9253000000000104,0.07469999999998955,0.0,710,673,1.025303390847713,0.9746966091522872,43.0,43,5.0,19.0,0.033476267009973526,24.147831089210218,24.78041586040304,0.0,0.0,0.0,0.03162923855964106,1.0,0.38699930906295776,0.02388821914792061,0.03201013803482056,0.27739448735117644,0.2735000172257397,0.02361510880291462,0.023605747458835445,0.0,0.0,0.03436776161193848,False,False
0.615,6.623409271240234,3.076052665710449,0.36817190051078796,0.6410130740764111,1.0000000000000002,0.9252000000000105,0.07479999999998954,0.0,635,597,1.0231947749437367,0.9768052250562633,35.0,35,7.0,17.0,0.033518292009830475,22.135511831776032,22.71538120536945,0.0,0.0,0.0,0.028993468679670897,1.0,0.38473784923553467,0.02408924512565136,0.03203064203262329,0.2793402662215107,0.2748069310784313,0.02357477244610588,0.02357533279185494,0.0,0.0,0.016730942726135255,False,False
0.62,6.767513751983643,3.1017725467681885,0.39534151554107666,-0.04925342235989665,0.7908477180878926,0.9251000000000105,0.07489999999998953,0.0,663,620,0.6879285436984255,1.3120714563015745,35.0,35,3.0,22.0,0.033502668142318726,28.624219179128026,20.822432771588662,0.0,0.0,0.0,-0.3900893203769682,1.0,0.38233381509780884,0.024295227602124214,0.032050490379333496,0.29105353846152343,0.28694127647081735,0.023417897367229067,0.02340653135130803,0.0,0.0,0.019298174381256104,False,False
0.625,6.981496810913086,3.063356876373291,0.3892994523048401,-0.39511037687688033,0.5478767927895251,0.9250000000000105,0.07499999999998952,0.0,629,580,0.7139344983902234,1.2860655016097766,34.0,34,1.0,36.0,0.03352264314889908,26.238867580867357,19.08723004062294,0.0,0.0,0.0,-0.3575818770122208,1.0,0.3800540566444397,0.024468915536999702,0.03206992149353027,0.30970492544024886,0.30365427269041245,0.02319573968028029,0.02319244124616186,0.0,0.0,0.01164864182472229,False,False
0.63,7.153730869293213,3.0491700172424316,0.3963167071342468,0.7135661225535633,0.27843195787666547,0.9249000000000105,0.07509999999998951,0.0,678,644,1.0711066235243714,0.9288933764756285,32.0,32,3.0,24.0,0.03355558589100838,24.052295282461742,25.82996087057103,0.0,0.0,0.0,0.08888327940546432,1.0,0.37756988406181335,0.024630455300211906,0.03208911418914795,0.32318138362218624,0.315646364664035,0.023031439632177353,0.023032769871254764,0.0,0.0,0.018405522108078005,False,False
0.635,7.2352190017700195,3.1479170322418213,0.44172266125679016,-0.2827116336551031,0.181656059736652,0.9248000000000105,0.0751999999999895,0.0,632,591,1.065181071564007,0.9348189284359928,22.0,22,2.0,42.0,0.03388075903058052,22.047937342256596,23.677464131356775,0.0,0.0,0.0,0.08147633945500896,1.0,0.3749755918979645,0.02470255270600319,0.032107770442962646,0.33788777430727746,0.3322071045724022,0.022901631891727448,0.022879517637193203,0.0,0.0,0.02080727577209473,False,False
0.64,7.245652675628662,3.2352449893951416,0.47065842151641846,0.026982729945225808,0.8873905170932,0.9247000000000105,0.07529999999998949,0.0,684,640,1.3930826489336732,0.6069173510663268,49.0,49,3.0,24.0,0.03392798826098442,20.21060923040188,30.03767545374371,0.0,0.0,0.0,0.4913533111670915,1.0,0.37251245975494385,0.02502921223640442,0.03212624788284302,0.34809310722350734,0.3449800186157193,0.022836508384595316,0.022794287651777267,0.0,0.0,0.01917159199714661,False,False
0.645,7.200608730316162,3.2395143508911133,0.4791490137577057,0.5480835196169775,0.3988763140755863,0.9246000000000105,0.07539999999998948,0.0,595,561,1.5,0.3063409051441327,39.0,39,1.0,12.0,0.033889587968587875,18.526391794535055,35.86786916593174,0.0,0.0,0.0,0.867073868569834,1.0,0.3701189160346985,0.02525639720261097,0.03214466571807861,0.3448230031256841,0.3427823661168383,0.022871721691141527,0.022825714355955522,0.0,0.0,0.018348723649978638,False,False
0.65,7.229860782623291,3.3105952739715576,0.5094383358955383,0.4813765231227446,0.8476436658751724,0.9245000000000105,0.07549999999998946,0.0,698,659,1.5,0.36414582971545517,44.0,44,2.0,19.0,0.03384639695286751,16.982525811657133,32.878880068770755,0.0,0.0,0.0,0.794817712855681,1.0,0.36788755655288696,0.025528647005558014,0.03216308355331421,0.3509029961253172,0.3509192745586202,0.022817732145388923,0.022757087523738544,0.0,0.0,0.01316726088523865,False,False
0.655,7.242688179016113,3.335815906524658,0.5298216342926025,0.3998775332118035,0.3742804559863829,0.9244000000000105,0.07559999999998945,0.0,695,658,1.5,0.41713367723916717,42.0,42,9.0,27.0,0.03395611792802811,23.900648660685704,38.472306729706524,0.0,0.0,0.0,0.728582903451041,1.0,0.36583462357521057,0.025784529745578766,0.03218108415603638,0.35270944587885994,0.35403003137558353,0.022796224802732468,0.022724526934325695,0.0,0.0,0.01775688648223877,False,False
0.66,7.2827372550964355,3.3774170875549316,0.5051371455192566,0.14029095384403317,0.8993413198794347,0.9243000000000106,0.07569999999998944,0.0,731,685,1.5,0.46570587080256987,25.0,25,1.0,33.0,0.03420758992433548,21.908927938961895,35.26628116889765,0.0,0.0,0.0,0.6678676614967877,1.0,0.36388176679611206,0.02589094638824463,0.03219890594482422,0.3597239555517797,0.3598512020458743,0.022717610312004886,0.02266139335309466,0.0,0.0,0.021965250968933106,False,False
0.665,7.333127975463867,3.5097432136535645,0.49634572863578796,0.7699805890879279,0.33908760737809235,0.9242000000000106,0.07579999999998943,0.0,759,704,1.4897696184309774,0.5102303815690225,54.0,54,6.0,16.0,0.03422069922089577,20.083183944048404,32.32742440482284,0.0,0.0,0.0,0.6122120230387219,1.0,0.3617175221443176,0.026227843016386032,0.032216668128967285,0.3769078598258359,0.3775716682051582,0.02258666247750322,0.022537488645563524,0.0,0.0,0.020589568614959718,False,False
0.67,7.374955654144287,3.6419389247894287,0.5247326493263245,0.3560943223152372,0.897901944075689,0.9241000000000106,0.07589999999998942,0.0,677,632,1.115622150228396,0.8843778497716039,57.0,57,3.0,9.0,0.03451259434223175,26.7429186153777,29.633472371087603,0.0,0.0,0.0,0.14452768778549513,1.0,0.359630823135376,0.02660343423485756,0.032234787940979004,0.3864338425546847,0.3905421958193145,0.02251651448508104,0.02245035022497177,0.0,0.0,0.01866547226905823,False,False
0.675,7.456514358520508,3.633230686187744,0.4659828245639801,0.6317273653574362,0.8433080910807188,0.9240000000000106,0.07599999999998941,0.0,670,623,0.7726536377093631,1.2273463622906369,31.0,31,2.0,23.0,0.03453421965241432,32.847675397429555,27.164016340163634,0.0,0.0,0.0,-0.28418295286329603,1.0,0.35765257477760315,0.026767464354634285,0.03225278854370117,0.3984522391197543,0.3982908620759806,0.022418020913998287,0.022382411795357864,0.0,0.0,0.02191183567047119,False,False
0.68,7.543304443359375,3.5487632751464844,0.4057892858982086,-0.14439047962877335,0.9108990105101047,0.9239000000000106,0.0760999999999894,0.0,765,710,0.45826583456691616,1.5,44.0,44,4.0,32.0,0.03448791429400444,38.44370244764376,24.900348311816664,0.0,0.0,0.0,-0.6771677067913547,1.0,0.35582342743873596,0.02702220343053341,0.032270610332489014,0.4154482381542483,0.40868098254004714,0.022309329360723495,0.022309827618300915,0.0,0.0,0.02119081735610962,False,False
0.685,7.561223030090332,3.5256168842315674,0.38831809163093567,-0.4995434166933299,0.9673172141014847,0.9238000000000106,0.07619999999998939,0.0,674,638,0.5034103483530065,1.4965896516469934,49.0,49,3.0,26.0,0.0344361886382103,35.24006057700678,22.82531928583194,0.0,0.0,0.0,-0.6207370645587419,1.0,0.3538500964641571,0.02732151374220848,0.03228849172592163,0.4211483084969181,0.41233805495500164,0.022281163061658543,0.022289796421925228,0.0,0.0,0.016349595785140992,False,False
0.6900000000000001,7.635404586791992,3.550041675567627,0.3607938289642334,0.2838561391901403,0.5367105906819643,0.9237000000000106,0.07629999999998938,0.0,617,580,0.5447928193235894,1.4552071806764106,35.0,35,5.0,15.0,0.03440248221158981,32.30338886225621,20.923209345345946,0.0,0.0,0.0,-0.5690089758455134,1.0,0.3516802191734314,0.027495387941598892,0.03230631351470947,0.4351402215982434,0.4235534225602903,0.022186347438643377,0.02220852766185999,0.0,0.0,0.0196102774143219,False,False
0.6950000000000001,7.756529808044434,3.5901424884796143,0.3330205976963043,0.21892829833756883,0.9142818494718441,0.9236000000000106,0.07639999999998937,0.0,763,704,0.9160600843799568,1.083939915620043,45.0,45,2.0,24.0,0.034372564405202866,29.611439790401526,27.512941899900447,0.0,0.0,0.0,-0.10492489452505396,1.0,0.3495904207229614,0.027727648615837097,0.03232389688491821,0.45599368353684294,0.4409894477712568,0.022042937731991213,0.02208213477085034,0.0,0.0,0.03251224994659424,False,False
0.7000000000000001,7.792150497436523,3.607630491256714,0.3177517056465149,0.1438219097479941,0.9011048247425759,0.9235000000000106,0.07649999999998935,0.0,713,672,0.9230550773482937,1.0769449226517063,39.0,39,3.0,25.0,0.034814707934856415,27.143819807868066,25.22019674157541,0.0,0.0,0.0,-0.0961811533146328,1.0,0.3472994565963745,0.027933888137340546,0.03234124183654785,0.46444266383349436,0.4476667556315616,0.021991868658612173,0.022041794533530872,0.0,0.0,0.027342159748077393,False,False
0.705,7.920923233032227,3.6269683837890625,0.33459118008613586,-0.5803607407231085,0.5261950351981305,0.9234000000000107,0.07659999999998934,0.0,749,701,1.262800487569269,0.7371995124307309,29.0,29,4.0,32.0,0.034999579191207886,24.88183482387906,31.45184701311079,0.0,0.0,0.0,0.32850060946158643,1.0,0.3451397120952606,0.028049267828464508,0.03235846757888794,0.4907602645580919,0.473061276742563,0.021846683230251074,0.021886304020881653,0.0,0.0,0.025062870979309083,False,False
0.71,8.090967178344727,3.528930902481079,0.31443268060684204,-1.2793516823156612,0.47752943812413523,0.9233000000000107,0.07669999999998933,0.0,619,577,1.2409004469384968,0.7590995530615033,33.0,33,2.0,34.0,0.034924425184726715,22.808348588555805,28.83085976201822,0.0,0.0,0.0,0.3011255586731208,1.0,0.34304603934288025,0.02818644605576992,0.032375454902648926,0.5120925520211408,0.48739855397492166,0.021722212744255863,0.02177360545222958,0.0,0.0,0.01008516311645508,False,False
0.715,8.236681938171387,3.544675827026367,0.34210503101348877,-0.3169951377317592,0.5717910461477587,0.9232000000000107,0.07679999999998932,0.0,727,681,1.2208254096936217,0.7791745903063781,72.0,72,5.0,31.0,0.034878216683864594,20.90765287284282,26.428288115183367,0.0,0.0,0.0,0.2760317621170273,1.0,0.3407989740371704,0.028706427663564682,0.03239274024963379,0.5399711954817122,0.5136465766578862,0.021590515195081632,0.021634227596223354,0.0,0.0,0.01612959146499634,False,False
0.72,8.300657272338867,3.672853946685791,0.390504390001297,0.06723108633907374,0.8003046991015579,0.9231000000000107,0.07689999999998931,0.0,739,695,1.2024232922191533,0.7975767077808465,50.0,50,4.0,30.0,0.03483567014336586,19.165348466772585,24.22593077225142,0.0,0.0,0.0,0.2530291152739418,1.0,0.3387525975704193,0.02898048795759678,0.03241002559661865,0.579696372151369,0.5575738896528826,0.021458789706230164,0.021476860468586288,0.0,0.0,0.02098291873931885,False,False
0.725,8.26596736907959,3.7095882892608643,0.40902554988861084,0.2105272063594827,0.9121338205186741,0.9230000000000107,0.0769999999999893,0.0,703,648,1.5,0.4811119821324428,26.0,26,3.0,33.0,0.034825798124074936,17.568236094541536,30.540436541230466,0.0,0.0,0.0,0.6486100223344465,1.0,0.3368126153945923,0.02906166762113571,0.03242695331573486,0.5877255428259514,0.5698023402591491,0.02145454132308563,0.021460781184335552,0.0,0.0,0.015317075252532961,False,False
0.73,8.24028205871582,3.740938425064087,0.4304395020008087,0.057203756178153514,0.7707249728433049,0.9229000000000107,0.07709999999998929,0.0,771,714,1.4756473497119273,0.5243526502880727,29.0,29,4.0,36.0,0.03482113778591156,16.10421641999641,27.995400162794592,0.0,0.0,0.0,0.5945591871399092,1.0,0.3346673250198364,0.02916695922613144,0.03244376182556152,0.5856465172022522,0.571631157472724,0.021466386194030445,0.021464897630115352,0.0,0.0,0.017118029594421387,False,False
0.735,8.331315994262695,3.805429220199585,0.4345701336860657,0.7289865150169934,0.32546743381572635,0.9228000000000107,0.07719999999998928,0.0,731,682,1.1026767372359334,0.8973232627640665,67.0,67,0.0,17.0,0.03496021404862404,23.095531718330037,25.662450149228373,0.0,0.0,0.0,0.12834592154491684,1.0,0.332339346408844,0.0295840073376894,0.03246086835861206,0.6148451739748259,0.6005177841236135,0.02134935542320212,0.021346595603972673,0.0,0.0,0.01634729862213135,False,False
0.74,8.364144325256348,3.8003244400024414,0.4557730555534363,-0.16316821076125143,0.8779699485531385,0.9227000000000107,0.07729999999998927,0.0,650,598,1.0941203424662722,0.9058796575337277,20.0,20,5.0,23.0,0.03498557209968567,21.170904075135866,23.523912636792673,0.0,0.0,0.0,0.11765042808284036,1.0,0.3301474452018738,0.029614003375172615,0.03247779607772827,0.6258229163686373,0.6132419940233169,0.021313483205934368,0.02129918895661831,0.0,0.0,0.025646879673004153,False,False
0.745,8.431756973266602,3.845672130584717,0.42114368081092834,0.39571171684748174,0.8599699833387944,0.9226000000000107,0.07739999999998926,0.0,772,709,1.0862769805940828,0.9137230194059172,38.0,38,3.0,33.0,0.0351475365459919,19.406662068874542,21.563586583726615,0.0,0.0,0.0,0.10784622574260361,1.0,0.327760249376297,0.029808983206748962,0.03249460458755493,0.6512950058653887,0.633072686679655,0.0212093450439473,0.0212151052740713,0.0,0.0,0.02609129905700684,False,False
0.75,8.474804878234863,4.009790897369385,0.4399530291557312,-0.5768422940825486,0.21582620110692924,0.9225000000000108,0.07749999999998924,0.0,749,682,1.0790872322112426,0.9209127677887574,58.0,58,3.0,31.0,0.03508058562874794,17.789440229801663,19.76662103508273,0.0,0.0,0.0,0.09885904026405327,1.0,0.32551223039627075,0.030159499496221542,0.03251153230667114,0.6896313162743977,0.6781290885756346,0.021097601857036352,0.021097115240991116,0.0,0.0,0.01796227335929871,False,False
0.755,8.556361198425293,4.091502666473389,0.4312407672405243,0.031533467120292986,0.7581618903698291,0.9224000000000108,0.07759999999998923,0.0,723,668,0.739163296193639,1.260836703806361,34.0,34,6.0,35.0,0.03501662611961365,24.640320210651524,18.1194026154925,0.0,0.0,0.0,-0.3260458797579512,1.0,0.32309749722480774,0.030275341123342514,0.03252828121185303,0.7200517643243003,0.7094702440624365,0.021006007834027212,0.021006686923404537,0.0,0.0,0.018867517709732058,False,False
0.76,8.681173324584961,4.055275917053223,0.37664759159088135,1.2152100164632835,1.0,0.9223000000000108,0.07769999999998922,0.0,760,691,1.0942330215108358,0.9057669784891642,38.0,38,0.0,21.0,0.035444051027297974,22.58696019309723,24.942785730868124,0.0,0.0,0.0,0.1177912768885447,1.0,0.3204645812511444,0.030481776222586632,0.03254503011703491,0.773812486290924,0.7465466787218974,0.020875718910247087,0.02090527287994822,0.0,0.0,0.01826223969459534,False,False
0.765,8.724696159362793,4.003965377807617,0.3449050188064575,0.09293828782701181,0.6400177935212187,0.9222000000000108,0.07779999999998921,0.0,859,797,1.0863802697182663,0.9136197302817338,70.0,70,2.0,25.0,0.03565561771392822,20.704713510339126,22.86422025329578,0.0,0.0,0.0,0.10797533714783274,1.0,0.31802913546562195,0.030916081741452217,0.03256183862686157,0.8005365569169244,0.7602679651205663,0.020824142266064882,0.02087178872898221,0.0,0.0,0.02113715171813965,False,False
0.77,8.726666450500488,3.975090742111206,0.3022400736808777,-0.28722451618035016,0.4682673989473435,0.9221000000000108,0.0778999999999892,0.0,823,750,1.0791819139084107,0.9208180860915892,65.0,65,9.0,25.0,0.035685401409864426,27.312654051144197,29.292201898854465,0.0,0.0,0.0,0.09897739238551342,1.0,0.315719336271286,0.031365878880023956,0.032579004764556885,0.8053254170517047,0.7543722059676969,0.020819639321416616,0.020885370516528688,0.0,0.0,0.020929205417633056,False,False
0.775,8.814163208007812,3.965043783187866,0.26355841755867004,0.08894016404949924,0.6437942611008434,0.9220000000000108,0.07799999999998919,0.0,799,726,1.0725834210827099,0.9274165789172902,44.0,44,4.0,18.0,0.035633284598588943,25.03659954688218,26.851185073949924,0.0,0.0,0.0,0.09072927635338726,1.0,0.31317567825317383,0.03158710151910782,0.03259629011154175,0.832218633174888,0.7689189241677447,0.02074166045834621,0.020825224928557873,0.0,0.0,0.029238214492797853,False,False
0.78,8.885880470275879,3.9521050453186035,0.2115044891834259,0.5582081946740991,0.7274276960556163,0.9219000000000108,0.07809999999998918,0.0,799,735,0.7332014693258173,1.2667985306741827,47.0,47,3.0,19.0,0.035555996000766754,31.283549584641996,24.61358631778743,0.0,0.0,0.0,-0.3334981633427283,1.0,0.3107822835445404,0.03181173652410507,0.032613396644592285,0.8421792540947513,0.7668038894236011,0.02068492816761136,0.020794212662925325,0.0,0.0,0.047438130378723145,False,False
0.785,8.951196670532227,3.9878787994384766,0.23005732893943787,0.487471327728682,0.592230194583029,0.9218000000000108,0.07819999999998917,0.0,751,663,0.7554346802153326,1.2445653197846673,37.0,37,1.0,30.0,0.035484280437231064,28.676587119255164,22.562454124638478,0.0,0.0,0.0,-0.3057066497308343,1.0,0.3085172176361084,0.031977277249097824,0.03263050317764282,0.8863497533202083,0.8082275742118477,0.020602209648738306,0.020704517761866253,0.0,0.0,0.02154721260070801,False,False
0.79,9.129189491271973,3.9182474613189697,0.2250172197818756,0.2353173037725801,0.8127127499939216,0.9217000000000108,0.07829999999998916,0.0,891,796,0.7758151235307216,1.2241848764692784,108.0,108,5.0,33.0,0.03543389216065407,26.286871525983898,20.682249614251937,0.0,0.0,0.0,-0.28023109558659803,1.0,0.30609023571014404,0.03278135880827904,0.032648563385009766,0.9450424184203053,0.8478165122866546,0.020464363042265177,0.020567586179822683,0.0,0.0,0.01790872097015381,False,False
0.795,9.27584171295166,3.83581805229187,0.23394370079040527,2.4412449258663655,0.9999999999999999,0.9216000000000109,0.07839999999998915,0.0,860,773,0.7944971965698282,1.2055028034301718,70.0,70,6.0,25.0,0.03556209057569504,24.09629889881857,18.958728813064276,0.0,0.0,0.0,-0.25687850428771475,1.0,0.30380791425704956,0.03322567045688629,0.032666683197021484,0.9719346564436855,0.8617567270398053,0.020382384148736797,0.020484821870923042,0.0,0.0,0.014569654464721679,False,False
0.8,9.381162643432617,3.9042885303497314,0.27634379267692566,-0.10749895870044134,0.8679980877690499,0.9215000000000109,0.07849999999998913,0.0,911,816,0.8116224301890093,1.1883775698109909,69.0,69,1.0,22.0,0.03565811738371849,22.088273990583687,17.378834745308918,0.0,0.0,0.0,-0.23547196226373845,1.0,0.3013398349285126,0.03366905078291893,0.03268533945083618,1.0,0.9470462032953804,0.02025126557176312,0.02033604153742393,0.0,0.0,0.018192394971847537,False,False
0.805,9.411190032958984,4.012001991271973,0.31641384959220886,-0.4766023457246356,0.521961822074793,0.9214000000000109,0.07859999999998912,0.0,863,784,0.8273205610065918,1.1726794389934083,71.0,71,7.0,39.0,0.0356048084795475,20.24758449136838,15.930598516533173,0.0,0.0,0.0,-0.21584929874176026,1.0,0.2986620366573334,0.03414184972643852,0.03270447254180908,1.0,1.0,0.020150669539968174,0.02021415624767542,0.0,0.0,0.018196280002593997,False,False
0.81,9.353343963623047,4.026880741119385,0.3429848849773407,0.5998146441991805,0.6658075205808475,0.9213000000000109,0.07869999999998911,0.0,702,615,0.8417105142560426,1.1582894857439574,44.0,44,5.0,21.0,0.0358077697455883,18.560285783754345,14.603048640155409,0.0,0.0,0.0,-0.1978618571799468,1.0,0.29578521847724915,0.03433937951922417,0.03272348642349243,1.0,1.0,0.020185770311703287,0.02023788013805946,0.0,0.0,0.01469674825668335,False,False
0.8150000000000001,9.375741004943848,4.075260639190674,0.37264034152030945,0.2790276144709918,0.7726775393460622,0.9212000000000109,0.0787999999999891,0.0,759,678,0.5215679714013723,1.4784320285986277,55.0,55,3.0,18.0,0.03573879972100258,25.34692863510815,13.386127920142458,0.0,0.0,0.0,-0.5980400357482846,1.0,0.2930799722671509,0.034661054611206055,0.032742857933044434,1.0,1.0,0.020141286465028923,0.02018330618739128,0.0,0.0,0.01767146468162537,False,False
0.8200000000000001,9.452719688415527,4.143368721008301,0.4107188582420349,0.6169234753222629,0.31296868044140574,0.9211000000000109,0.07889999999998909,0.0,786,707,0.5614373071179246,1.4385626928820754,69.0,69,3.0,35.0,0.03565439581871033,23.23468458218247,12.270617260130587,0.0,0.0,0.0,-0.5482033661025942,1.0,0.2901655435562134,0.03509035333991051,0.03276240825653076,1.0,1.0,0.02004490544398626,0.020069131472458444,0.0,0.0,0.03359605073928833,False,False
0.8250000000000001,9.494357109069824,4.144593715667725,0.4369524121284485,0.0030994767074810745,0.699031887703444,0.9210000000000109,0.07899999999998908,0.0,744,678,0.597984198191431,1.4020158018085689,47.0,47,1.0,23.0,0.03559805452823639,21.298460867000596,11.248065821786371,0.0,0.0,0.0,-0.5025197522607112,1.0,0.2871132791042328,0.03531355783343315,0.03278195858001709,1.0,1.0,0.020013560230533283,0.020025287133951984,0.0,0.0,0.01703580379486084,False,False
0.8300000000000001,9.604363441467285,4.259244918823242,0.41242772340774536,0.6960482048634304,0.9969672861387429,0.9209000000000109,0.07909999999998907,0.0,847,760,0.2981521816754783,1.5,59.0,59,2.0,20.0,0.03558667376637459,27.856922461417213,10.310727003304173,0.0,0.0,0.0,-0.877309772905652,1.0,0.2839278280735016,0.03566567599773407,0.03280156850814819,1.0,1.0,0.019852268354346357,0.019878550277402006,0.0,0.0,0.02245934009552002,False,False
0.835,9.641572952270508,4.404534339904785,0.4259716868400574,0.5291113068826312,0.9861672725084891,0.9208000000000109,0.07919999999998906,0.0,829,754,0.3566394998691885,1.5,71.0,71,5.0,19.0,0.03588205575942993,25.53551225629911,9.451499753028825,0.0,0.0,0.0,-0.8042006251635143,1.0,0.28079602122306824,0.03608517721295357,0.0328214168548584,1.0,1.0,0.019760283175855875,0.019780359386156004,0.0,0.0,0.01579261898994446,False,False
0.84,9.768589973449707,4.44362735748291,0.432699054479599,0.399603422567965,0.5487677159884488,0.920700000000011,0.07929999999998905,0.0,752,663,0.41025287488008955,1.5,35.0,35,5.0,21.0,0.03595751151442528,23.407552901607517,8.663874773609756,0.0,0.0,0.0,-0.7371839063998881,1.0,0.2776685655117035,0.036228083074092865,0.03284120559692383,1.0,1.0,0.01963971648365259,0.01965627151851853,0.0,0.0,0.015631089210510256,False,False
0.845,9.932390213012695,4.404928684234619,0.3906630873680115,0.17399775003844883,0.8426822898309514,0.920600000000011,0.07939999999998903,0.0,771,693,0.45939846864008216,1.5,38.0,38,3.0,28.0,0.035888493061065674,21.456923493140224,7.941885209142276,0.0,0.0,0.0,-0.6757519141998973,1.0,0.27454838156700134,0.03639280050992966,0.03286093473434448,1.0,1.0,0.01948700829719504,0.019525903432319563,0.0,0.0,0.018534679412841797,False,False
0.85,9.939547538757324,4.396961212158203,0.36331555247306824,-0.32224414707029486,0.9986841580239135,0.920500000000011,0.07949999999998902,0.0,843,753,0.19999999999999996,1.5,75.0,75,5.0,26.0,0.03583862632513046,28.00217986871187,7.280061441713753,0.0,0.0,0.0,-1.0,1.0,0.2715074121952057,0.03684203699231148,0.03288102149963379,1.0,1.0,0.0194665192005535,0.019518986033896606,0.0,0.0,0.013333206176757813,False,False
0.855,9.943679809570312,4.380007266998291,0.3319038152694702,0.5418557346427394,0.9911177673375664,0.920400000000011,0.07959999999998901,0.0,864,775,0.24018899101006896,1.5,85.0,85,2.0,24.0,0.03578009828925133,25.668664879652546,6.673389654904273,0.0,0.0,0.0,-0.9497637612374137,1.0,0.26845628023147583,0.03741524741053581,0.03290152549743652,1.0,1.0,0.01946610553810994,0.0195300478177766,0.0,0.0,0.01380321741104126,False,False
0.86,10.069037437438965,4.361415386199951,0.32233303785324097,-1.2703631138924052,0.31526385316630856,0.920300000000011,0.079699999999989,0.0,875,800,0.6368399084258967,1.3631600915741033,66.0,66,7.0,28.0,0.03588079661130905,23.529609473014833,14.45060718366225,0.0,0.0,0.0,-0.4539501144676292,1.0,0.2654018700122833,0.03780834376811981,0.03292202949523926,1.0,1.0,0.01936491345986724,0.01943285887440046,0.0,0.0,0.04399339199066162,False,False
0.865,10.084444046020508,4.374168395996094,0.312921941280365,0.03559415175868194,0.8687834710053173,0.920200000000011,0.07979999999998899,0.0,862,782,0.6671032493904052,1.3328967506095948,56.0,56,3.0,27.0,0.035827089101076126,29.902142016930263,21.579723251690396,0.0,0.0,0.0,-0.41612093826199337,1.0,0.26240137219429016,0.03812438249588013,0.03294253349304199,1.0,1.0,0.019342544643829267,0.019415421411395073,0.0,0.0,0.024690675735473632,False,False
0.87,10.172966003417969,4.37524938583374,0.355886846780777,0.25744041643286447,0.6355075590224476,0.920100000000011,0.07989999999998898,0.0,877,801,0.694844645274538,1.305155354725462,48.0,48,3.0,44.0,0.035802993923425674,27.41029684885274,19.781412980716194,0.0,0.0,0.0,-0.3814441934068274,1.0,0.259451687335968,0.03835258632898331,0.03296303749084473,1.0,1.0,0.019254335202276707,0.019308526534587145,0.0,0.0,0.024928786754608155,False,False
0.875,10.35840129852295,4.287851333618164,0.36600056290626526,-0.1643097919194227,0.8940648727239915,0.920000000000011,0.07999999999998897,0.0,878,786,0.3869409248349931,1.5,77.0,77,7.0,30.0,0.03574758395552635,33.459438778115015,18.132961898989844,0.0,0.0,0.0,-0.7663238439562585,1.0,0.2565518915653229,0.03881382942199707,0.03298377990722656,1.0,1.0,0.019130330377568804,0.01918019416431586,0.0,0.0,0.019051072597503663,False,False
0.88,10.480602264404297,4.256888389587402,0.3698737323284149,-0.318261730082965,0.5603417720867698,0.919900000000011,0.08009999999998896,0.0,844,745,0.4380291810987439,1.5,47.0,47,3.0,31.0,0.03573111817240715,30.671152213272094,16.62188174074069,0.0,0.0,0.0,-0.7024635236265702,1.0,0.2537011206150055,0.03902152180671692,0.03300440311431885,1.0,1.0,0.019068097850928705,0.01912139200915893,0.0,0.0,0.02145677089691162,False,False
0.885,10.49992847442627,4.357041835784912,0.4424509108066559,-0.7258470930823606,0.6628088757322,0.919800000000011,0.08019999999998895,0.0,830,751,0.4848600826738485,1.5,85.0,85,5.0,26.0,0.035664550960063934,28.115222862166085,15.236724929012299,0.0,0.0,0.0,-0.6439248966576894,1.0,0.2508743107318878,0.039604127407073975,0.03302532434463501,1.0,1.0,0.01900321338325739,0.019025263997415703,0.0,0.0,0.021698555946350097,False,False
0.89,10.46523666381836,4.466452121734619,0.5028008818626404,0.885497780561467,0.9621071615414614,0.9197000000000111,0.08029999999998894,0.0,914,814,0.5277884091176945,1.4722115908823055,87.0,87,6.0,36.0,0.03560047596693039,25.772287623652243,13.966997851594607,0.0,0.0,0.0,-0.5902644886028818,1.0,0.24808388948440552,0.04016619548201561,0.0330466628074646,1.0,1.0,0.01896716809521119,0.018961112946271896,0.0,0.0,0.021158130168914796,False,False
0.895,10.433632850646973,4.480553150177002,0.5293502807617188,-0.38780865530322095,0.37936144705250946,0.9196000000000111,0.08039999999998892,0.0,883,806,0.5671393750245532,1.4328606249754468,62.0,62,10.0,37.0,0.03579754754900932,23.62459698834789,12.803081363961724,0.0,0.0,0.0,-0.5410757812193083,1.0,0.2453336864709854,0.040493424981832504,0.033068180084228516,1.0,1.0,0.018978376562396686,0.018963591816524666,0.0,0.0,0.021128931045532227,False,False
0.9,10.499796867370605,4.562686920166016,0.5923361778259277,-0.11954107498951756,0.5141369943268725,0.9195000000000111,0.08049999999998891,0.0,869,767,0.6032110937725073,1.3967889062274927,48.0,48,5.0,29.0,0.035992253571748734,21.65588057265223,11.736157916964913,0.0,0.0,0.0,-0.4959861327843658,1.0,0.24258439242839813,0.04070533439517021,0.033089637756347656,1.0,1.0,0.018899162920812767,0.01885725340495507,0.0,0.0,0.014165583848953247,False,False
0.905,10.606590270996094,4.661333084106445,0.6579091548919678,0.5257340347627432,0.8729572882700367,0.9194000000000111,0.0805999999999889,0.0,1140,1009,0.6362768359581317,1.3637231640418683,68.0,68,2.0,19.0,0.03616512566804886,19.851223858264543,10.758144757217837,0.0,0.0,0.0,-0.4546539550523353,1.0,0.24032092094421387,0.04108118265867233,0.033111393451690674,1.0,1.0,0.018806334119290113,0.018737012675652902,1.0,0.0,0.03481422901153565,True,False
0.91,10.63196849822998,4.734208583831787,0.6840033531188965,0.6954932162586605,0.9969364972682355,0.9193000000000111,0.08069999999998889,0.0,1085,942,0.3332537662949542,1.5,52.0,52,3.0,20.0,0.03667270019650459,26.530288536742496,9.86163269411635,0.0,0.0,0.0,-0.8334327921313072,1.0,0.2385246455669403,0.04130014404654503,0.03313332796096802,1.0,1.0,0.018759163406987987,0.018679528341939054,1.0,0.0,0.020206398963928222,True,False
0.915,10.662074089050293,4.871908664703369,0.6994132995605469,0.6363198151688079,0.9999923696418256,0.9192000000000111,0.08079999999998888,0.0,998,851,0.38881595243704126,1.5,42.0,42,5.0,17.0,0.036663152277469635,24.319431158680622,9.039829969606654,0.0,0.0,0.0,-0.7639800594536984,1.0,0.23762933909893036,0.041476570069789886,0.033155739307403564,1.0,1.0,0.01866845957313975,0.018584919162094593,1.0,0.0,0.01914694428443909,True,False
0.92,10.74927806854248,5.0306782722473145,0.7173267006874084,0.334969110511828,0.650314614385177,0.9191000000000111,0.08089999999998887,0.0,1101,942,0.43974795640062114,1.5,76.0,76,6.0,25.0,0.03664182499051094,22.292811895457238,8.286510805472766,0.0,0.0,0.0,-0.7003150544992236,1.0,0.23765967786312103,0.04189932346343994,0.03317892551422119,1.0,1.0,0.01854055793955922,0.018450100906193256,1.0,0.0,0.00989082992076874,True,False
0.925,10.881083488464355,5.133032321929932,0.6914925575256348,0.1227113165640393,0.8238473090522241,0.9190000000000111,0.08099999999998886,0.0,1116,961,0.8197689600339026,1.1802310399660974,83.0,83,7.0,21.0,0.036648113280534744,20.4350775708358,15.929301571683368,0.0,0.0,0.0,-0.2252887999576217,1.0,0.23856545984745026,0.04240702465176582,0.033203184604644775,1.0,1.0,0.01837758425002297,0.018297488180299602,1.0,0.0,0.01383703351020813,True,False
0.93,10.946338653564453,5.134063243865967,0.6676215529441833,0.688026919774244,0.8768472410463942,0.9189000000000112,0.08109999999998885,0.0,1105,937,0.8347882133644109,1.165211786635589,90.0,90,6.0,32.0,0.036658912897109985,27.06548777326615,22.93519310737642,0.0,0.0,0.0,-0.2065147332944864,1.0,0.24028755724430084,0.04300473630428314,0.033229291439056396,1.0,1.0,0.01829078110555808,0.018223498482257128,1.0,0.0,0.01779896855354309,True,False
0.935,10.931061744689941,5.077545166015625,0.6467774510383606,0.5424121836538112,0.9910635208272648,0.9188000000000112,0.08119999999998884,0.0,1095,957,0.8485558622507099,1.15144413774929,69.0,69,3.0,21.0,0.036649517714977264,33.143363792160635,29.357260348428383,0.0,0.0,0.0,-0.18930517218661258,1.0,0.24295148253440857,0.04339344799518585,0.0332568883895874,1.0,1.0,0.018308385430524748,0.018250242962191503,1.0,0.0,0.01795837163925171,True,False
0.9400000000000001,10.993935585021973,5.058926105499268,0.6182613968849182,-0.007468445962013533,0.3180308944091414,0.9187000000000112,0.08129999999998883,0.0,1088,962,0.8611762070631508,1.1388237929368492,64.0,64,9.0,24.0,0.036650996655225754,30.38141680948058,26.91082198605935,0.0,0.0,0.0,-0.1735297411710615,1.0,0.24650302529335022,0.04373835027217865,0.03328639268875122,1.0,1.0,0.018259373803933464,0.018211330752819777,1.0,0.0,0.02120448112487793,True,False
0.9450000000000001,11.057882308959961,5.0912394523620605,0.6069080233573914,0.13466452541000498,0.5705330001544799,0.9186000000000112,0.08139999999998881,0.0,1196,1039,0.8727448564745549,1.127255143525445,78.0,78,2.0,30.0,0.03668412193655968,27.849632075357196,24.66825348722107,0.0,0.0,0.0,-0.15906892940680634,1.0,0.25118762254714966,0.04415665939450264,0.0333179235458374,1.0,1.0,0.018188590183854103,0.018145414845397077,1.0,0.0,0.027576646804809573,True,False
0.9500000000000001,11.076790809631348,5.108738422393799,0.6026077270507812,0.39914006208523284,0.8237622943279495,0.9185000000000112,0.0814999999999888,0.0,1170,1052,0.8833494517683421,1.116650548231658,69.0,69,8.0,26.0,0.03672021999955177,25.52882940241076,22.612565696619313,0.0,0.0,0.0,-0.14581318528957238,1.0,0.256436824798584,0.04450930655002594,0.03335195779800415,1.0,1.0,0.01815968736385306,0.018119657567391794,1.0,0.0,0.01636106491088867,True,False
0.9550000000000001,11.21007251739502,5.118694305419922,0.6806037425994873,-0.4200118183673159,0.5515155473154518,0.9201500000000112,0.07984999999998876,0.0,1097,960,0.8930703307876469,1.1069296692123531,28.0,28,9.0,27.0,0.03675125539302826,23.401426952209864,20.728185221901036,0.0,0.0,200.0,-0.13366208651544137,1.0,0.2624664008617401,0.044546615332365036,0.03338801860809326,1.0,1.0,0.01806379839157065,0.017992640690257154,1.0,0.0,0.01900282144546509,True,False
0.96,11.35485553741455,5.08208703994751,0.6666038036346436,-1.318874573473852,0.9516647328000353,0.9200500000000112,0.07994999999998875,0.0,1075,949,0.901981136555343,1.098018863444657,89.0,89,1.0,17.0,0.036879900842905045,21.451308039525706,19.00083645340928,0.0,0.0,0.0,-0.12252357930582125,1.0,0.26950010657310486,0.04506894573569298,0.03342700004577637,1.0,1.0,0.017974014238764845,0.017909768503159285,1.0,0.0,0.01905610799789429,True,False
0.965,11.402078628540039,5.143500328063965,0.6683989763259888,0.6386365847383534,0.4261992787448906,0.9199500000000113,0.08004999999998874,0.0,1122,981,0.910149375175731,1.089850624824269,87.0,87,5.0,29.0,0.03721983730792999,19.663699036231897,17.417433415625172,0.0,0.0,0.0,-0.11231328103033622,1.0,0.2772791087627411,0.04554520174860954,0.03346884250640869,1.0,1.0,0.017924713126073282,0.01786184497177601,1.0,0.0,0.020206308364868163,True,False
0.97,11.391777992248535,5.2540411949157715,0.7222444415092468,0.31173894427455506,0.9058626430174362,0.9198500000000113,0.08014999999998873,0.0,1141,1002,1.2509702605777533,0.7490297394222466,43.0,43,7.0,27.0,0.03730945289134979,18.025057449879238,24.299313964323073,0.0,0.0,0.0,0.3137128257221917,1.0,0.28558817505836487,0.04569193720817566,0.033513665199279785,1.0,1.0,0.017875973911335073,0.01779044435049097,1.0,0.0,0.019821438789367676,True,False
0.975,11.376340866088867,5.2886505126953125,0.7655789852142334,0.5565411462072086,0.6223675496631803,0.9197500000000113,0.08024999999998872,0.0,1133,991,1.5,0.43661059447039274,57.0,57,2.0,34.0,0.03739996999502182,16.522969329055968,30.60770446729615,0.0,0.0,0.0,0.704236756912009,1.0,0.2944275438785553,0.04594463109970093,0.033561527729034424,1.0,1.0,0.017874325470378004,0.01777166888738672,1.0,0.0,0.017528566122055056,True,False
0.98,11.398225784301758,5.326669692993164,0.7950791716575623,-0.03586687103299106,0.8607513186196537,0.9196500000000113,0.08034999999998871,0.0,1141,983,1.5,0.48355971159786004,53.0,53,4.0,37.0,0.03736897557973862,15.146055218301303,28.0570624283548,0.0,0.0,0.0,0.6455503605026749,1.0,0.3038596212863922,0.04610247537493706,0.03361254930496216,1.0,1.0,0.017843473857889574,0.017731129191815853,1.0,0.0,0.02195978879928589,True,False
0.985,11.446184158325195,5.413137435913086,0.8174161911010742,2.1445363369666364,0.06556354221680974,0.9195500000000113,0.0804499999999887,0.0,1129,1003,1.1400702643686282,0.8599297356313717,74.0,74,6.0,22.0,0.037425536662340164,22.21721728344286,25.718973892658568,0.0,0.0,0.0,0.17508783046078538,1.0,0.31356120109558105,0.046510715037584305,0.033667683601379395,1.0,1.0,0.017779395760347448,0.017658832172552746,1.0,0.0,0.03007314443588257,True,False
0.99,11.46505355834961,5.436500549316406,0.8431590795516968,1.574665592843563,0.8318173438111356,0.9194500000000113,0.08054999999998869,0.0,1113,954,0.7950644090045759,1.204935590995424,78.0,78,4.0,20.0,0.03741605952382088,28.699115843155955,23.575726068270352,0.0,0.0,0.0,-0.25616948874428014,1.0,0.3242258131504059,0.04693550989031792,0.033727288246154785,1.0,1.0,0.01777138017738859,0.01764038189624747,1.0,0.0,0.029528260231018066,True,False
0.995,11.533672332763672,5.51757287979126,0.8269981741905212,0.1842060180086631,0.8981974737942297,0.9193500000000113,0.08064999999998868,0.0,1133,978,0.8121423749208613,1.1878576250791388,62.0,62,6.0,9.0,0.03737300634384155,26.307522856226292,21.611082229247824,0.0,0.0,0.0,-0.2348220313489234,1.0,0.3357692062854767,0.04718649014830589,0.0337909460067749,1.0,1.0,0.017669746497025095,0.017545841013391815,1.0,0.0,0.02167062520980835,True,False
1.0,11.5157470703125,5.587372779846191,0.8054575324058533,0.9898643337691704,0.49172934056728296,0.9192500000000113,0.08074999999998866,0.0,1105,957,0.8277971770107895,1.1722028229892105,43.0,43,7.0,9.0,0.03733629360795021,24.1152292848741,19.81015871014384,0.0,0.0,0.0,-0.2152535287365131,1.0,0.34821072220802307,0.04729253798723221,0.03385847806930542,1.0,1.0,0.017648804932832718,0.01753412652760744,1.0,0.0,0.014246450662612917,True,False
1.0050000000000001,11.540504455566406,5.607937335968018,0.8287078738212585,0.49613277492505026,0.9897618429510118,0.9209000000000114,0.07909999999998862,0.0,1118,976,0.5088140789265572,1.4911859210734428,91.0,91,1.0,17.0,0.03731036186218262,30.438960177801256,18.159312150965185,0.0,0.0,200.0,-0.6139824013418036,1.0,0.3606497645378113,0.047827206552028656,0.03393125534057617,1.0,1.0,0.01763272564858198,0.017509594714889925,1.0,0.0,0.021803674697875978,True,False
1.01,11.634298324584961,5.62698221206665,0.832206666469574,1.2152100164632835,1.0,0.9208000000000114,0.07919999999998861,0.0,1132,978,0.5497462390160106,1.4502537609839894,84.0,84,5.0,11.0,0.037257928401231766,27.902380162984485,16.64603613838475,0.0,0.0,0.0,-0.5628172012299867,1.0,0.37375959753990173,0.04826954007148743,0.03400754928588867,1.0,1.0,0.017547568616767727,0.01742410861576597,1.0,0.0,0.03138773679733277,True,False
1.0150000000000001,11.650073051452637,5.634487152099609,0.7959517240524292,0.4303173274798725,0.3690198913306952,0.9224500000000114,0.07754999999998857,0.0,1153,1015,0.9206007190980098,1.07939928090199,41.0,41,2.0,24.0,0.03720363974571228,25.57718181606911,23.592199793519356,0.0,0.0,200.0,-0.09924910112748772,1.0,0.3910631835460663,0.048383839428424835,0.03408628702163696,1.0,1.0,0.01750156283378601,0.017392674926668406,1.0,0.0,0.02883015632629395,True,False
1.02,11.641204833984375,5.6273674964904785,0.7863196134567261,0.14059578846587076,0.603556290084845,0.9223500000000114,0.07764999999998856,0.0,1230,1080,0.9272173258398424,1.0727826741601576,46.0,46,10.0,37.0,0.037706151604652405,23.44574999806335,21.626183144059407,0.0,0.0,0.0,-0.09097834270019707,1.0,0.41259264945983887,0.04849788174033165,0.03416883945465088,1.0,1.0,0.01749697607010603,0.017391617875546217,1.0,0.0,0.0338921594619751,True,False
1.025,11.652397155761719,5.618035316467285,0.7983606457710266,0.6324577870589996,1.0,0.9222500000000114,0.07774999999998855,0.0,1172,1036,0.933282548686522,1.0667174513134778,84.0,84,3.0,22.0,0.03791775554418564,21.491937498224736,19.82400121538779,0.0,0.0,0.0,-0.08339681414184738,1.0,0.43476563692092896,0.048932768404483795,0.034256160259246826,1.0,1.0,0.017500082030892372,0.017387503758072853,1.0,0.0,0.04673289775848389,True,False
1.03,11.681020736694336,5.62695837020874,0.8143747448921204,0.7583015720763874,0.9455179735780617,0.9221500000000115,0.07784999999998854,0.0,1216,1055,0.9388423362959786,1.0611576637040214,61.0,61,4.0,20.0,0.03809669613838196,19.70094270670601,18.172001114105473,0.0,0.0,0.0,-0.07644707963002677,1.0,0.45744138956069946,0.049169499427080154,0.03434741497039795,1.0,1.0,0.01748337410390377,0.01736433245241642,1.0,0.0,0.04337037563323975,True,False
1.035,11.709136962890625,5.6761579513549805,0.7831950783729553,1.742017383403375,0.16537584040639414,0.9220500000000115,0.07794999999998853,0.0,1130,999,0.6106054749379803,1.3893945250620197,67.0,67,6.0,15.0,0.038038112223148346,26.392530814480505,16.657667687930015,0.0,0.0,0.0,-0.4867431563275245,1.0,0.480320543050766,0.04947887361049652,0.034443199634552,1.0,1.0,0.01742617770408591,0.017321864919116102,1.0,0.0,0.03216221570968628,True,False
1.04,11.827407836914062,5.7367262840271,0.8014415502548218,0.5036665614432728,0.8777804204887444,0.9219500000000115,0.07804999999998852,0.0,1191,1043,0.3097216853598155,1.5,98.0,98,8.0,33.0,0.03798247128725052,32.52648657994046,15.269528713935847,0.0,0.0,0.0,-0.8628478933002306,1.0,0.5041694045066833,0.050058506429195404,0.034544169902801514,1.0,1.0,0.01732685525591175,0.01721679698675871,1.0,0.0,0.035566477775573736,True,False
1.045,11.936193466186523,5.743561267852783,0.8077821135520935,0.33778521706803855,0.2012003730591006,0.9218500000000115,0.0781499999999885,0.0,1175,1036,0.36724487824649754,1.5,57.0,57,3.0,36.0,0.03797220066189766,29.815946031612086,13.997067987774525,0.0,0.0,0.0,-0.790943902191878,1.0,0.528266429901123,0.05026979744434357,0.03464841842651367,1.0,1.0,0.01726107749467095,0.017150258645415306,1.0,0.0,0.046346940994262696,True,False
1.05,11.98574161529541,5.79142951965332,0.8214043378829956,1.0543809979743843,0.6054766643829375,0.9217500000000115,0.0782499999999885,0.0,1119,980,0.41997447172595603,1.5,39.0,39,2.0,33.0,0.03793526813387871,27.33128386231108,12.83064565545998,0.0,0.0,0.0,-0.7250319103425549,1.0,0.5531520247459412,0.05033433809876442,0.03475630283355713,1.0,1.0,0.017209347182263933,0.017094661792119346,1.0,0.0,0.036618337631225586,True,False
1.055,11.998464584350586,5.859488010406494,0.8625100255012512,0.27356791913069034,0.8663714920290688,0.9216500000000115,0.07834999999998848,0.0,1152,1009,0.4683099324154597,1.5,37.0,37,2.0,13.0,0.03793583810329437,25.053676873785154,11.761425184171648,0.0,0.0,0.0,-0.6646125844806753,1.0,0.5781223177909851,0.05038006976246834,0.03486800193786621,1.0,1.0,0.01717623400812348,0.017046532593667507,1.0,0.0,0.04232667446136475,True,False
1.06,11.982873916625977,5.883739471435547,0.8989700078964233,0.2833107601911458,0.7084395843998267,0.9233000000000116,0.07669999999998844,0.0,1223,1082,0.5126174380475048,1.4873825619524952,86.0,86,6.0,13.0,0.03788556158542633,22.96587046763639,10.78130641882401,0.0,0.0,200.0,-0.6092282024406189,1.0,0.6035616397857666,0.05076189711689949,0.03498440980911255,1.0,1.0,0.017173951491713524,0.017031815368682146,1.0,0.0,0.04681280136108399,True,False
1.065,11.947237014770508,5.949951171875,0.9614611268043518,0.8264235038446145,0.9475794767947581,0.9249500000000116,0.0750499999999884,0.0,1195,1040,0.8865659848768794,1.1134340151231206,90.0,90,5.0,20.0,0.038000501692295074,21.05204792866669,18.216197550588674,0.0,0.0,200.0,-0.1417925189039007,1.0,0.6300742030143738,0.05128560587763786,0.03510570526123047,1.0,1.0,0.017191856168210506,0.017028116465856634,1.0,0.0,0.043402242660522464,True,False
1.07,11.963091850280762,5.983704566955566,0.9870931506156921,0.7833007030713148,0.9362882056481594,0.9248500000000116,0.07514999999998839,0.0,1108,953,0.8960188194704729,1.1039811805295272,29.0,29,8.0,24.0,0.037926238030195236,19.297710601277796,16.698181088039618,0.0,0.0,0.0,-0.1299764756619089,1.0,0.6583912968635559,0.051268719136714935,0.03522920608520508,1.0,1.0,0.017185440907875698,0.017011693368355434,1.0,0.0,0.05210509300231934,True,False
1.075,11.985417366027832,6.0638041496276855,1.0018864870071411,-1.14027415684738,0.0775293554875996,0.9247500000000116,0.07524999999998838,0.0,1129,996,0.9046839178479333,1.0953160821520667,61.0,61,3.0,18.0,0.03785886988043785,26.022901384504646,23.63999933070298,0.0,0.0,0.0,-0.11914510269008324,1.0,0.6868333220481873,0.05147240683436394,0.035356879234313965,1.0,1.0,0.017152723545829456,0.016973676004757486,1.0,0.0,0.011838864088058471,True,False
1.08,12.020904541015625,6.223482131958008,0.9748911261558533,-0.34610444106484517,0.44232917363881463,0.9246500000000116,0.07534999999998837,0.0,1124,984,0.5792935913606057,1.4207064086393943,61.0,61,8.0,29.0,0.03813989460468292,32.18765960246259,21.66999938647773,0.0,0.0,0.0,-0.5258830107992429,1.0,0.7154650092124939,0.051674459129571915,0.0354883074760437,1.0,1.0,0.0170433692013224,0.016875008586794138,1.0,0.0,0.011971455812454224,True,False
1.085,12.030170440673828,6.313554286956787,0.9898589849472046,-1.9166478998715133,0.34485057007775993,0.9245500000000116,0.07544999999998836,0.0,1209,1070,0.6143524587472218,1.3856475412527782,109.0,109,3.0,24.0,0.03831315040588379,29.505354635590706,19.864166104271252,0.0,0.0,0.0,-0.48205942656597267,1.0,0.7453036904335022,0.05233074352145195,0.035627126693725586,1.0,1.0,0.017006013852854572,0.016833532135933638,1.0,0.0,0.019049010276794433,True,False
1.09,12.088420867919922,6.418154716491699,1.0245769023895264,0.8921405394987328,0.9664714876793755,0.9262000000000117,0.07379999999998832,0.0,1026,883,0.64648975385162,1.35351024614838,36.0,36,4.0,25.0,0.038260702043771744,27.046575082624813,18.208818928915314,0.0,0.0,200.0,-0.441887807685475,1.0,0.7750558257102966,0.05230044946074486,0.035770416259765625,1.0,1.0,0.016927548373738926,0.01674546782548229,1.0,0.0,0.013772200345993043,True,False
1.095,12.197624206542969,6.525721073150635,0.9832127690315247,0.9381080264727004,0.975503595007973,0.9261000000000117,0.07389999999998831,0.0,1023,897,0.6759489410306516,1.3240510589693484,28.0,28,2.0,22.0,0.03819045051932335,24.79269382573941,16.691417351505702,0.0,0.0,0.0,-0.40506382371168537,1.0,0.8046118021011353,0.05227265506982803,0.03591787815093994,1.0,1.0,0.01676746023197969,0.01660123777886232,1.0,0.0,0.02167968273162842,True,False
1.1,12.194839477539062,6.522833824157715,0.9403797388076782,0.6359042011041366,0.9999940611209932,0.9260000000000117,0.0739999999999883,0.0,1083,945,0.36961986261143076,1.5,80.0,80,7.0,10.0,0.03815608471632004,31.059969340261123,15.300465905546893,0.0,0.0,0.0,-0.7879751717357115,1.0,0.8333730101585388,0.05264992639422417,0.036068856716156006,1.0,1.0,0.01674055432279905,0.016589281925310694,1.0,0.0,0.01189159631729126,True,False
1.105,12.239612579345703,6.498498916625977,0.910851776599884,0.46037018185709466,0.6309729730773993,0.9259000000000117,0.07409999999998829,0.0,1179,1035,0.4221515407271449,1.5,110.0,110,9.0,17.0,0.038201455026865005,28.47163856190603,14.025427080084652,0.0,0.0,0.0,-0.7223105740910689,1.0,0.8625158667564392,0.05329463630914688,0.03622215986251831,1.0,1.0,0.016703106618175905,0.016560351941734552,1.0,0.0,0.018371862173080445,True,False
1.11,12.315482139587402,6.526564598083496,0.8949576020240784,-1.4448589137172914,0.24718219344408224,0.9258000000000117,0.07419999999998828,0.0,1100,991,0.4703055789998829,1.5,52.0,52,3.0,31.0,0.03819233924150467,26.099002015080526,12.856641490077598,0.0,0.0,0.0,-0.6621180262501464,1.0,0.8908354043960571,0.053437117487192154,0.03637516498565674,1.0,1.0,0.01662976574152708,0.01649243524298072,1.0,0.0,0.02781842708587647,True,False
1.115,12.33741283416748,6.55289363861084,0.8859773874282837,0.34940209120337984,0.6355733000085814,0.9257000000000117,0.07429999999998826,0.0,1109,946,0.19999999999999996,1.5,45.0,45,6.0,37.0,0.038226932287216187,32.25741851382381,11.785254699237797,0.0,0.0,0.0,-1.0,1.0,0.9197766780853271,0.05347393453121185,0.03652799129486084,1.0,1.0,0.016597154705474775,0.016463674449672304,1.0,0.0,0.022340347766876222,True,False
1.12,12.418177604675293,6.607972145080566,0.9343984127044678,0.7917892391660643,0.6031481247586375,0.9256000000000117,0.07439999999998825,0.0,1161,1033,0.5826873267985129,1.4173126732014871,65.0,65,6.0,25.0,0.0384504571557045,29.56930030433849,19.13648347430131,0.0,0.0,0.0,-0.521640841501859,1.0,0.9492838978767395,0.053681403398513794,0.03668355941772461,1.0,1.0,0.01653897576034069,0.016389540396630764,1.0,0.0,0.02906126260757446,True,False
1.125,12.521196365356445,6.631367206573486,0.9130346775054932,0.6200726031288482,0.9476879391109622,0.9255000000000118,0.07449999999998824,0.0,1190,1053,0.9507967162319702,1.0492032837680298,84.0,84,3.0,19.0,0.03856191784143448,27.105191945643615,25.87510985144287,0.0,0.0,0.0,-0.06150410471003731,1.0,0.9792874455451965,0.05409713089466095,0.03684288263320923,1.0,1.0,0.016449207129577797,0.016307454401006304,1.0,0.0,0.02989833354949951,True,False
1.1300000000000001,12.567852973937988,6.656179428100586,0.8904188871383667,0.80628604996253,1.0,0.9271500000000118,0.0728499999999882,0.0,1069,909,0.9548969898793059,1.045103010120694,59.0,59,2.0,20.0,0.038476333022117615,24.846425950173312,23.71885069715596,0.0,0.0,200.0,-0.05637876265086757,1.0,1.0,0.05426996946334839,0.03700214624404907,1.0,1.0,0.01640432126199206,0.0162712709667782,1.0,0.0,0.026398208141326908,True,False
1.135,12.544947624206543,6.7431640625,0.9753535389900208,0.6410130740764111,1.0000000000000002,0.9270500000000118,0.07294999999998819,0.0,1083,941,0.9586555740560305,1.0413444259439695,60.0,60,4.0,15.0,0.03838970139622688,22.775890454325534,21.742279805726298,0.0,0.0,0.0,-0.051680532429961804,1.0,1.0,0.0544721744954586,0.037158191204071045,1.0,1.0,0.01641355377311508,0.016253084565202396,1.0,0.0,0.020564439296722414,True,False
1.1400000000000001,12.518321990966797,6.80440616607666,1.0384596586227417,1.7215840529788242,0.3460838063197241,0.9269500000000118,0.07304999999998818,0.0,1179,1037,0.6287676095513612,1.3712323904486388,84.0,84,9.0,17.0,0.03831646591424942,29.21123291646507,19.930423155249105,0.0,0.0,0.0,-0.46404048806079834,1.0,1.0,0.05483448877930641,0.037315428256988525,1.0,1.0,0.016427414181331795,0.016246375162154436,1.0,0.0,0.023601388931274413,True,False
1.145,12.514657974243164,6.823574542999268,1.0787409543991089,0.6970760510857926,0.33855072851713,0.9268500000000118,0.07314999999998817,0.0,1154,996,0.6597036420887479,1.3402963579112521,52.0,52,4.0,22.0,0.038246121257543564,26.77696350675965,18.269554558978346,0.0,0.0,0.0,-0.4253704473890652,1.0,1.0,0.05496259033679962,0.037475407123565674,1.0,1.0,0.016436935402452946,0.016244656095902126,1.0,0.0,0.026721465587615966,True,False
1.1500000000000001,12.521981239318848,6.890730857849121,1.1264513731002808,1.3499361820649354,0.5474224695024195,0.9267500000000118,0.07324999999998816,0.0,1134,985,0.6880616719146856,1.3119383280853145,69.0,69,4.0,31.0,0.03852570429444313,24.545549881196344,16.747091679063484,0.0,0.0,0.0,-0.389922910106643,1.0,1.0,0.05522211641073227,0.037637174129486084,1.0,1.0,0.01642983794833223,0.01622443630670508,1.0,0.0,0.034254090785980226,True,False
1.155,12.54068374633789,6.966280460357666,1.1787216663360596,0.3408337748957807,0.6414754951663194,0.9266500000000119,0.07334999999998815,0.0,1240,1097,0.7140565325884617,1.2859434674115384,109.0,109,7.0,29.0,0.03871738910675049,22.50008739109665,15.351500705808192,0.0,0.0,0.0,-0.35742933426442286,1.0,1.0,0.05577106401324272,0.03780221939086914,1.0,1.0,0.01643060240894556,0.01620919986938437,1.0,0.0,0.043473205566406256,True,False
1.16,12.595973014831543,7.059678554534912,1.149340033531189,0.1751584922002476,0.7478690053354243,0.9265500000000119,0.07344999999998814,0.0,1220,1060,0.40455182153942326,1.5,66.0,66,7.0,21.0,0.03867051377892494,28.958413441838594,14.072208980324175,0.0,0.0,0.0,-0.7443102230757209,1.0,1.0,0.05599585920572281,0.037966132164001465,1.0,1.0,0.0163405512770017,0.016127968362222116,1.0,0.0,0.0206711745262146,True,False
1.165,12.612750053405762,7.305897235870361,1.1659071445465088,2.019718952753237,0.3604405648393013,0.9264500000000119,0.07354999999998812,0.0,1034,900,0.45417250307780466,1.5,41.0,41,4.0,27.0,0.03864309564232826,26.545212321685376,12.899524898630494,0.0,0.0,0.0,-0.6822843711527441,1.0,1.0,0.0559980571269989,0.038129985332489014,1.0,1.0,0.016230866312980652,0.016016607793668907,1.0,0.0,0.008331691026687623,True,False
1.17,12.602015495300293,7.531958103179932,1.168590784072876,2.2220964474310154,0.44170909235748657,0.9263500000000119,0.07364999999998811,0.0,1143,994,0.4996581278213209,1.5,82.0,82,0.0,26.0,0.038576118648052216,24.33311129487826,11.824564490411285,0.0,0.0,0.0,-0.6254273402233488,1.0,1.0,0.05630309879779816,0.03829622268676758,1.0,1.0,0.01615351454044382,0.015938570722937584,1.0,0.0,0.016381906270980837,True,False
1.175,12.672186851501465,7.61772346496582,1.1377297639846802,0.9091401727622136,0.47349978257367037,0.9280000000000119,0.07199999999998807,0.0,1182,1022,0.5413532838362108,1.458646716163789,72.0,72,8.0,35.0,0.0385500006377697,22.305352020305072,10.839184116210344,0.0,0.0,200.0,-0.5733083952047364,1.0,1.0,0.05659928545355797,0.03846287727355957,1.0,1.0,0.016043062787503004,0.015838340235253177,1.0,0.0,0.01893115520477295,True,False
1.18,12.777719497680664,7.595123767852783,1.1379811763763428,0.8729652369672815,0.8078446505238441,0.9279000000000119,0.07209999999998806,0.0,1195,1056,0.5795738435165267,1.4204261564834733,59.0,59,9.0,39.0,0.03874997794628143,20.446572685279648,9.935918773192816,0.0,0.0,0.0,-0.5255326956043416,1.0,1.0,0.05675855651497841,0.03862541913986206,0.9844725537300001,0.9842537891864667,0.01596048086260756,0.01575887047996124,1.0,0.0,0.02051940441131592,True,False
1.185,12.793007850646973,7.551386833190918,1.1212599277496338,-0.35537411604100483,1.0,0.929550000000012,0.07044999999998802,0.0,1245,1107,0.6146093565568161,1.3853906434431837,81.0,81,5.0,15.0,0.038715705275535583,18.74269162817301,9.107925542093414,0.0,0.0,200.0,-0.4817383043039798,1.0,1.0,0.05702263489365578,0.038787782192230225,1.0,1.0,0.015955300380786262,0.015757957783838115,1.0,0.0,0.015014272928237916,True,False
1.19,12.834200859069824,7.587626934051514,1.0882899761199951,0.12011004421944979,0.40200001138942587,0.929450000000012,0.07054999999998801,0.0,1101,969,0.6467252435104147,1.3532747564895853,34.0,34,8.0,20.0,0.038670118898153305,17.180800659158592,8.348931746918963,0.0,0.0,0.0,-0.4415934456119815,1.0,1.0,0.05699463188648224,0.038947999477386475,0.9640242806685362,0.9651768164162728,0.01589844779421886,0.015709896106272936,1.0,0.0,0.01842085361480713,True,False
1.195,12.89050579071045,7.643848896026611,1.0835932493209839,0.3529149347008265,1.0000000000000002,0.929350000000012,0.070649999999988,0.0,1127,986,0.6761648065512136,1.3238351934487864,80.0,80,1.0,19.0,0.03864714503288269,15.749067270895376,7.653187434675715,0.0,0.0,0.0,-0.404793991810983,1.0,1.0,0.05729295313358307,0.039108335971832275,0.9108947450369493,0.910195709198703,0.015832410038759313,0.015645950722197693,1.0,0.0,0.024709463119506836,True,False
1.2,12.91522216796875,7.66919469833374,1.075203537940979,2.3508054168254437,0.5628462493061355,0.929250000000012,0.07074999999998799,0.0,1111,987,0.3698177393386124,1.5,78.0,78,7.0,25.0,0.038586076349020004,22.769978331654094,7.015421815119405,0.0,0.0,0.0,-0.7877278258267345,1.0,1.0,0.05760539695620537,0.039267659187316895,0.8896211379716695,0.8906293996460637,0.015795009676367044,0.015612258575856686,1.0,0.0,0.014089684486389161,True,False
1.205,13.017796516418457,7.735964298248291,1.148851990699768,0.2544987463883267,0.5443644051476155,0.929150000000012,0.07084999999998798,0.0,793,724,0.4223329277270613,1.5,35.0,35,5.0,19.0,0.038521043956279755,20.872480137349587,6.430803330526121,0.0,0.0,200.0,-0.7220838403411733,1.0,1.0,0.057529401034116745,0.03942608833312988,0.838135892078271,0.8190907069668081,0.015744644527633987,0.015540670913954576,0.0,0.0,0.022415881156921388,False,False
1.21,13.152009010314941,7.7553019523620605,1.1260535717010498,3.1234819122972843,0.40907266210308574,0.929050000000012,0.07094999999998797,0.0,793,725,0.4704718504164729,1.5,35.0,35,6.0,28.0,0.038484442979097366,19.133106792570455,5.8949030529822775,0.0,0.0,0.0,-0.6619101869794088,1.0,1.0,0.05748751387000084,0.039581120014190674,0.800828700233242,0.7771865457296285,0.01564299687743187,0.015447414480149746,0.0,0.0,0.021286411285400392,False,False
1.215,13.155077934265137,7.815896034240723,1.1428565979003906,2.5891438859878892,0.15760403720587565,0.928950000000012,0.07104999999998796,0.0,895,817,0.19999999999999996,1.5,62.0,62,3.0,21.0,0.03878839686512947,25.87201455985625,5.403661131900421,0.0,0.0,0.0,-1.0,1.0,1.0,0.05767420679330826,0.039734721183776855,0.7821407432630569,0.7601542458000197,0.01563670113682747,0.015438109015425047,0.0,0.0,0.023382437229156495,False,False
1.22,13.07415771484375,7.88843297958374,1.2195852994918823,0.8289561958697971,0.6412887622021555,0.928850000000012,0.07114999999998795,0.0,755,696,0.2494937076416197,1.5,49.0,49,2.0,23.0,0.039026495069265366,23.716013346534893,4.953356037575386,0.0,0.0,0.0,-0.9381328654479754,1.0,1.0,0.0577487088739872,0.03988391160964966,0.7769257325654143,0.7516381401196038,0.015691096584002178,0.015470395640780529,0.0,0.0,0.021896808147430422,False,False
1.225,13.025569915771484,7.900254726409912,1.2717124223709106,0.6410130740764111,1.0000000000000002,0.9287500000000121,0.07124999999998793,0.0,725,651,0.31203589867148473,1.5,30.0,30,2.0,17.0,0.039078209549188614,21.739678900990317,4.540576367777437,0.0,0.0,0.0,-0.859955126660644,1.0,1.0,0.05764727294445038,0.040028274059295654,0.7843381113111885,0.7556012714989397,0.01573625874395172,0.015502379586299261,0.0,0.0,0.02471742868423462,False,False
1.23,13.009903907775879,7.927814483642578,1.3191349506378174,1.623865866724695,0.6839887144600174,0.9286500000000121,0.07134999999998792,0.0,794,726,0.369366240448861,1.5,45.0,45,6.0,23.0,0.03921392187476158,19.928038992574457,4.162195003795984,0.0,0.0,0.0,-0.7882921994389237,1.0,1.0,0.05765989422798157,0.040168941020965576,0.7790964714251372,0.7469218458359357,0.015758975253750883,0.015514875606944164,0.0,0.0,0.03303183317184448,False,False
1.235,12.976995468139648,8.01698112487793,1.369406819343567,-1.6081872745655577,0.4598089082448735,0.9285500000000121,0.07144999999998791,0.0,783,721,0.42191905374478933,1.5,51.0,51,5.0,19.0,0.03914330154657364,18.267369076526585,3.815345420146318,0.0,0.0,0.0,-0.7226011828190133,1.0,1.0,0.05772450193762779,0.04030585289001465,0.7533002059260919,0.7197298727954345,0.015787123702466488,0.01553078026821216,0.0,0.0,0.03654719829559326,False,False
1.24,12.947272300720215,8.117903709411621,1.4405899047851562,1.4676529719025595,0.6773514704429348,0.9284500000000121,0.0715499999999879,0.0,744,680,0.4700924659327237,1.5,45.0,45,5.0,14.0,0.03904439136385918,16.745088320149367,3.497399968467458,0.0,0.0,0.0,-0.6623844175840954,1.0,1.0,0.057755470275878906,0.04043775796890259,0.7229395041614691,0.6845036648176535,0.015842924670626722,0.015569448005408049,0.0,0.0,0.026322586536407473,False,False
1.245,12.923497200012207,8.277457237243652,1.4281684160232544,1.4168389123098182,0.3365669104985969,0.9283500000000121,0.07164999999998789,0.0,784,705,0.5142514271049967,1.4857485728950033,54.0,54,2.0,20.0,0.038950126618146896,15.349664293470253,3.2059499710951695,0.0,0.0,0.0,-0.6071857161187542,1.0,1.0,0.05782522261142731,0.040565550327301025,0.6648587975564028,0.63649997802078,0.015786626220991216,0.015516445661584537,0.0,0.0,0.011294233798980712,False,False
1.25,12.85544204711914,8.489083290100098,1.4481489658355713,2.294292869728708,1.0000000000000002,0.9282500000000121,0.07174999999998788,0.0,709,655,0.5547304748462469,1.445269525153753,37.0,37,4.0,23.0,0.03898589313030243,14.07052560234773,2.9387874735039055,0.0,0.0,0.0,-0.5565869064421912,1.0,1.0,0.057822491973638535,0.040690064430236816,0.6050381063930622,0.5840829301774436,0.015758839435875416,0.015485653032859167,0.0,0.0,0.009583699703216552,False,False
1.2550000000000001,12.818453788757324,8.677101135253906,1.449171543121338,1.3077115392773442,0.13742059544552668,0.9281500000000121,0.07184999999998787,0.0,682,639,0.5918362686090597,1.4081637313909403,28.0,28,3.0,23.0,0.03890759125351906,21.231315135485417,11.027221850711912,0.0,0.0,0.0,-0.5102046642386753,1.0,1.0,0.057729341089725494,0.0408092737197876,0.5528537333942887,0.5371334824711024,0.015709712946166597,0.015437245989839237,0.0,0.0,0.016368012428283694,False,False
1.26,12.882684707641602,8.80459213256836,1.4449079036712646,1.1899151396283296,0.5340628504492726,0.9280500000000121,0.07194999999998786,0.0,645,595,0.2925165795583049,1.5,30.0,30,1.0,17.0,0.03881543502211571,27.795372207528295,10.10828669648592,0.0,0.0,0.0,-0.8843542755521188,1.0,1.0,0.05769063159823418,0.040924131870269775,0.5110045794124347,0.4969687660708968,0.015603572440644106,0.01533460570499301,0.0,0.0,0.022041497230529786,False,False
1.2650000000000001,12.937152862548828,8.820605278015137,1.4544272422790527,-3.1078993777593955,0.4702984643682141,0.9279500000000122,0.07204999999998785,0.0,652,613,0.3514735312617794,1.5,48.0,48,2.0,18.0,0.03871915489435196,25.47909119023427,9.265929471778758,0.0,0.0,0.0,-0.8106580859227757,1.0,1.0,0.05771771818399429,0.041035592555999756,0.5021102414925835,0.4866435615743145,0.015564872107158106,0.015294459493209919,0.0,0.0,0.022493665218353272,False,False
1.27,12.963476181030273,8.731735229492188,1.3978192806243896,-1.5970546823559248,0.2881754740733987,0.9278500000000122,0.07214999999998783,0.0,749,695,0.40551740365663114,1.5,38.0,38,4.0,36.0,0.0386531725525856,23.355833591048082,8.49376868246386,0.0,0.0,0.0,-0.743103245429211,1.0,1.0,0.0576932318508625,0.04114335775375366,0.5185445276237967,0.5053062192685845,0.0155448525523146,0.01528523163869977,0.0,0.0,0.019212174415588378,False,False
1.2750000000000001,13.045622825622559,8.694964408874512,1.3625108003616333,1.933022750938464,0.7341587094089569,0.9277500000000122,0.07224999999998782,0.0,770,711,0.4550576200185785,1.5,36.0,36,5.0,21.0,0.03857174888253212,21.40951412512741,7.785954625591872,0.0,0.0,0.0,-0.6811779749767768,1.0,1.0,0.05767606943845749,0.04124873876571655,0.5175278383543035,0.5042695762651604,0.015483946384241184,0.015231953002512455,0.0,0.0,0.022543299198150634,False,False
1.28,13.103046417236328,8.71918773651123,1.3816485404968262,2.520631797262373,0.5626308964070682,0.9276500000000122,0.07234999999998781,0.0,847,801,0.5004694850170304,1.4995305149829696,28.0,28,5.0,21.0,0.038549792021512985,19.625387948033456,7.137125073459216,0.0,0.0,0.0,-0.6244131437287119,1.0,1.0,0.057597026228904724,0.04135161638259888,0.5045053338507755,0.4889522795192842,0.015441272407770157,0.015186099335551262,0.0,0.0,0.04803191661834717,False,False
1.285,13.127012252807617,8.776203155517578,1.401964545249939,1.0106291083758707,0.504807527788827,0.9275500000000122,0.0724499999999878,0.0,874,824,0.20876369459894462,1.5,66.0,66,7.0,25.0,0.03923805430531502,26.323272285697332,6.542364650670947,0.0,0.0,0.0,-0.9890453817513192,1.0,1.0,0.057781051844358444,0.04145306348800659,0.49240015755593214,0.4756188183836585,0.01542017562314868,0.015161101861546438,0.0,0.0,0.018534303903579713,False,False
1.29,13.233692169189453,8.875327110290527,1.4687061309814453,1.1433393907775211,0.43857098259194105,0.9274500000000122,0.07254999999998779,0.0,714,656,0.2747000533823658,1.5,28.0,28,5.0,22.0,0.03939429670572281,24.12966626188922,5.997167596448368,0.0,0.0,0.0,-0.9066249332720426,1.0,1.0,0.05771072208881378,0.04155069589614868,0.47024653595995874,0.4476147971128374,0.015366843435913324,0.015095926355570555,0.0,0.0,0.025217072963714598,False,False
1.295,13.315885543823242,8.91024112701416,1.4504718780517578,-3.014187149145848,0.7193607735505355,0.9273500000000122,0.07264999999998778,0.0,669,631,0.3351417156005021,1.5,41.0,41,3.0,24.0,0.03931436315178871,22.118860740065116,5.49740363007767,0.0,0.0,0.0,-0.8310728554993723,1.0,1.0,0.05774693191051483,0.04164445400238037,0.4594201828675913,0.4373744269106487,0.01529812968025605,0.015033845944950979,0.0,0.0,0.025259428024291992,False,False
1.3,13.256415367126465,8.956838607788086,1.506554365158081,-4.686905549808171e-05,0.4777853609580368,0.9272500000000122,0.07274999999998777,0.0,672,622,0.19999999999999996,1.5,38.0,38,2.0,37.0,0.03922244533896446,28.60895567839302,5.039286660904531,0.0,0.0,0.0,-1.0,1.0,1.0,0.05770396068692207,0.04173773527145386,0.46012258589267213,0.43599443867243337,0.015361773936698835,0.015086048127462467,0.0,0.0,0.023593220710754394,False,False
1.305,13.18045425415039,9.021495819091797,1.572013258934021,1.4957981038201686,0.5923885260369236,0.9271500000000122,0.07284999999998776,0.0,695,654,0.469112136025422,1.5,25.0,25,2.0,31.0,0.03916122391819954,26.224876038526933,12.952679439162484,0.0,0.0,0.0,-0.6636098299682225,1.0,1.0,0.05761804059147835,0.04183042049407959,0.4558480601571448,0.42985950152699653,0.015422517123321693,0.01513317304973801,0.0,0.0,0.022092387676239014,False,False
1.31,13.171394348144531,9.03884506225586,1.613027811050415,0.9694710658059343,0.09866094327578546,0.9270500000000123,0.07294999999998775,0.0,785,728,1.1800194580233034,0.8199805419766965,33.0,33,3.0,23.0,0.0390726700425148,24.03946970198302,28.53995615256561,0.0,0.0,0.0,0.22502432252912943,1.0,1.0,0.057563573122024536,0.04192161560058594,0.4546066874687819,0.4267152859829318,0.015442870402087768,0.015147135903437933,0.0,0.0,0.024577860832214356,False,False
1.315,13.158549308776855,9.096282958984375,1.6544616222381592,2.7239785368206277,0.49060905613476413,0.9269500000000123,0.07304999999998774,0.0,725,678,0.49835116985469496,1.5,66.0,66,8.0,16.0,0.03900961950421333,38.70284722681777,26.16162647318514,0.0,0.0,0.0,-0.6270610376816312,1.0,1.0,0.057784900069236755,0.04201173782348633,0.44641475136391306,0.4174679537471336,0.01545890544851621,0.015157246962189674,0.0,0.0,0.023362092971801758,False,False
1.32,13.101290702819824,9.196534156799316,1.7005761861801147,2.6487063766995367,0.9881047843473632,0.9268500000000123,0.07314999999998772,0.0,771,723,0.5401552390334703,1.4598447609665297,41.0,41,3.0,19.0,0.03905482217669487,35.477609957916286,23.981490933753044,0.0,0.0,0.0,-0.5748059512081621,1.0,1.0,0.05778881534934044,0.042100369930267334,0.4336425790451418,0.40440442966110546,0.015509706766655048,0.015200750591854256,0.0,0.0,0.028025772571563724,False,False
1.325,13.016718864440918,9.29627513885498,1.7318063974380493,0.47593946869847764,0.7616837184465438,0.9267500000000123,0.07324999999998771,0.0,661,625,0.5784756357806811,1.421524364219319,20.0,20,7.0,13.0,0.03896437585353851,32.52114246142326,21.98303335594029,0.0,0.0,0.0,-0.5269054552741486,1.0,1.0,0.05766548961400986,0.04218769073486328,0.41953459379635266,0.391569242879123,0.01556791209926208,0.01525385615726312,0.0,0.0,0.020286343097686767,False,False
1.33,12.901298522949219,9.39586067199707,1.7394142150878906,3.0309390310007744,0.4086351303745059,0.9266500000000123,0.0733499999999877,0.0,581,538,0.6136026661322911,1.386397333867709,30.0,30,0.0,24.0,0.03890059515833855,29.811047256304654,20.151113909611933,0.0,0.0,0.0,-0.4829966673346361,1.0,1.0,0.057572703808546066,0.0422743558883667,0.40363143319263595,0.37957084578461514,0.015601464547216892,0.015285401605069637,0.0,0.0,0.01673318386077881,False,False
1.335,12.810654640197754,9.526854515075684,1.7545075416564941,2.367869276607784,0.9972944770320827,0.9265500000000123,0.07344999999998769,0.0,580,542,0.6458024439546002,1.3541975560453998,19.0,19,6.0,10.0,0.038805197924375534,27.326793318279265,18.47185441714427,0.0,0.0,0.0,-0.44274694505674966,1.0,1.0,0.0574423223733902,0.04235929250717163,0.3856578697965747,0.3641739391237455,0.015617417326817911,0.015300117277850708,0.0,0.0,0.0110415780544281,False,False
1.34,12.790112495422363,9.666305541992188,1.7497349977493286,2.032478535218185,0.3836853206165524,0.9264500000000123,0.07354999999998768,0.0,710,672,0.6753189069583836,1.3246810930416164,69.0,69,3.0,22.0,0.0387609638273716,25.04956054175599,16.93253321571558,0.0,0.0,0.0,-0.40585136630202057,1.0,1.0,0.057674579322338104,0.042443156242370605,0.36399863139477456,0.34502642910492526,0.015571541928996643,0.015255836769938469,0.0,0.0,0.010115246772766113,False,False
1.345,12.81689739227295,9.774358749389648,1.7459691762924194,-3.08677547048332,0.5066188574453259,0.9263500000000123,0.07364999999998767,0.0,695,656,1.035708998045185,0.964291001954815,80.0,80,1.0,22.0,0.03885595127940178,22.962097163276322,23.85482211440595,0.0,0.0,0.0,0.0446362475564813,1.0,1.0,0.057989493012428284,0.04252666234970093,0.34565451777912276,0.32840595978498077,0.015504184799889725,0.01519039273262024,0.0,0.0,0.017028212547302246,False,False
1.35,12.835758209228516,9.754254341125488,1.7267988920211792,2.054876712826835,0.47477689521374705,0.9262500000000123,0.07374999999998766,0.0,596,548,1.0327332482080862,0.9672667517919138,23.0,23,5.0,29.0,0.03887677565217018,21.04858906633663,21.866920271538785,0.0,0.0,0.0,0.040916560260107815,1.0,1.0,0.05790723115205765,0.04260683059692383,0.34576214866526034,0.32931688848075397,0.01548209460452199,0.015170768989870947,0.0,0.0,0.015008705854415893,False,False
1.355,12.874553680419922,9.759956359863281,1.686071753501892,1.7286014512457009,0.5256991845345909,0.9261500000000124,0.07384999999998765,0.0,675,632,1.030005477524079,0.9699945224759209,21.0,21,3.0,26.0,0.03904152661561966,19.294539977475242,20.04467691557722,0.0,0.0,0.0,0.03750684690509889,1.0,1.0,0.05777141824364662,0.042681872844696045,0.34247676776721675,0.327298612194132,0.01543166891982158,0.01512438679734866,0.0,0.0,0.017895268201828005,False,False
1.36,12.906899452209473,9.829553604125977,1.6663604974746704,2.117949104424671,0.7965822358537435,0.9260500000000124,0.07394999999998764,0.0,707,662,0.6941716877304058,1.3058283122695942,27.0,27,3.0,20.0,0.039197586476802826,26.019994979352305,18.37428717261245,0.0,0.0,0.0,-0.38228539033699266,1.0,1.0,0.05768359452486038,0.04275476932525635,0.3315699212271682,0.3175654037930036,0.015373679343611002,0.01506920127818982,0.0,0.0,0.021491820812225344,False,False
1.365,12.912158012390137,9.861629486083984,1.6565476655960083,2.5028171803791848,0.9999999999999999,0.9259500000000124,0.07404999999998763,0.0,659,622,0.7196573804195388,1.2803426195804612,32.0,32,3.0,17.0,0.03912559896707535,23.851662064406277,16.843096574894748,0.0,0.0,0.0,-0.35042827447557645,1.0,1.0,0.057602401822805405,0.04282581806182861,0.3264234610560002,0.31322099520451957,0.015347455628216267,0.015044979130228361,0.0,0.0,0.023646087646484376,False,False
1.37,12.920275688171387,9.934446334838867,1.7246536016464233,2.44144568348686,1.0,0.9258500000000124,0.07414999999998761,0.0,760,721,0.7430192653845773,1.2569807346154227,55.0,55,6.0,22.0,0.0390610434114933,21.864023559039087,15.439505193653519,0.0,0.0,0.0,-0.3212259182692784,1.0,1.0,0.05777472257614136,0.04289436340332031,0.3209202146219674,0.3052496382805174,0.01537614113961657,0.015064145748813948,0.0,0.0,0.019322081804275516,False,False
1.375,13.015996932983398,10.059014320373535,1.7471930980682373,-2.664220078104045,0.31565779190398713,0.9257500000000124,0.0742499999999876,0.0,761,710,0.7644343266025292,1.235565673397471,65.0,65,6.0,14.0,0.038985658437013626,20.04202159578583,14.152879760849059,0.0,0.0,0.0,-0.29445709174683854,1.0,1.0,0.05793672800064087,0.04296213388442993,0.3073200613371992,0.2908620473071899,0.015292237512767315,0.01497988123446703,0.0,0.0,0.0193333101272583,False,False
1.3800000000000001,13.053269386291504,10.145745277404785,1.7352327108383179,0.7269199505331624,0.3483139243360365,0.9256500000000124,0.07434999999998759,0.0,693,653,0.4507314660523184,1.5,23.0,23,2.0,24.0,0.0390237458050251,26.705186462803674,12.973473114111636,0.0,0.0,0.0,-0.6865856674346019,1.0,1.0,0.057816728949546814,0.043028950691223145,0.2988348977485017,0.2833599239494619,0.015236712836970886,0.014927893256147703,0.0,0.0,0.03684159994125367,False,False
1.385,12.961182594299316,10.186600685119629,1.7876774072647095,2.136220136703376,0.3791582888856073,0.9255500000000124,0.07444999999998758,0.0,742,687,0.19999999999999996,1.5,29.0,29,3.0,24.0,0.038939036428928375,32.813087590903365,11.892350354602332,0.0,0.0,0.0,-1.0,1.0,1.0,0.05779751017689705,0.04309481382369995,0.2978835214419877,0.2815112533072598,0.015321995597332716,0.015005136374384165,0.0,0.0,0.043229494094848636,False,False
1.3900000000000001,12.889288902282715,10.179444313049316,1.844058632850647,-2.828958640610484,0.8088284721168242,0.9254500000000124,0.07454999999998757,0.0,806,770,0.23290630133562873,1.5,56.0,56,7.0,28.0,0.03901488333940506,30.07866362499475,10.901321158385471,0.0,0.0,0.0,-0.958867123330464,1.0,1.0,0.05788053944706917,0.04315996170043945,0.30140205577946855,0.2833988030683217,0.015416210517287254,0.015092033427208662,0.0,0.0,0.02203641176223755,False,False
1.395,12.865886688232422,10.169042587280273,1.8891212940216064,2.2850188870850054,0.20684970208343362,0.9253500000000124,0.07464999999998756,0.0,675,628,0.6301641095576598,1.3698358904423402,29.0,29,4.0,29.0,0.03895166888833046,27.572108322911852,18.326211061853346,0.0,0.0,0.0,-0.4622948630529253,1.0,1.0,0.057803500443696976,0.043223798274993896,0.30384819285633313,0.28455484220261046,0.015461697864035766,0.01513397398715218,0.0,0.0,0.029177546501159668,False,False
1.4000000000000001,12.815807342529297,10.201929092407227,1.923304796218872,2.6763028351659894,0.629132031559981,0.9252500000000125,0.07474999999998755,0.0,638,599,0.9943171004278548,1.0056828995721452,20.0,20,6.0,17.0,0.0388663113117218,25.274432629335863,25.132360140032233,0.0,0.0,0.0,-0.007103624465181468,1.0,1.0,0.057683493942022324,0.04328697919845581,0.30179292218945575,0.28222146254405056,0.015507019124925137,0.015176717812816303,0.0,0.0,0.025834400653839112,False,False
1.405,12.780797004699707,10.239779472351074,1.9508661031723022,2.494298310196209,0.9986036250232054,0.9251500000000125,0.07484999999998754,0.0,650,603,0.9947906753922002,1.0052093246077998,37.0,37,4.0,20.0,0.03877582773566246,23.16822991022454,23.037996795029546,0.0,0.0,0.0,-0.00651165575974968,1.0,1.0,0.05765368789434433,0.04334902763366699,0.30042384114116083,0.28015795059501797,0.0155495658206443,0.015216773220648369,0.0,0.0,0.04636862277984619,False,False
1.41,12.7373046875,10.337661743164062,1.941072940826416,3.102513857503907,0.582220675648412,0.9250500000000125,0.07494999999998753,0.0,614,574,0.9952247857761836,1.0047752142238164,29.0,29,4.0,33.0,0.03867726773023605,21.237544084372495,21.118163728777084,0.0,0.0,0.0,-0.005969017779770524,1.0,1.0,0.057583894580602646,0.04341024160385132,0.29017198217225243,0.2714951395827004,0.015544772613793612,0.015211605156461399,0.0,0.0,0.023751440048217776,False,False
1.415,12.61256217956543,10.436064720153809,1.9451267719268799,2.3189032638281866,0.5598134893653174,0.9249500000000125,0.07504999999998752,0.0,708,664,0.9956227202948349,1.004377279705165,43.0,43,2.0,36.0,0.03883139416575432,19.46774874400812,19.358316751378993,0.0,0.0,0.0,-0.005471599631456314,1.0,1.0,0.057649433612823486,0.04347032308578491,0.2802335381551303,0.26354663646345033,0.015590015488366287,0.015255249260614317,0.0,0.0,0.0131070339679718,False,False
1.42,12.525748252868652,10.520516395568848,1.9601340293884277,1.5025950084632502,0.32923647268426526,0.9248500000000125,0.0751499999999875,0.0,689,647,0.6626541602702654,1.3373458397297346,50.0,50,5.0,20.0,0.03917621076107025,26.17876968200744,17.745123688764075,0.0,0.0,0.0,-0.42168229966216836,1.0,1.0,0.05774594843387604,0.04352980852127075,0.27279644604585757,0.2570194477848679,0.015623318031430244,0.015288045785079401,0.0,0.0,0.01267980456352234,False,False
1.425,12.520977973937988,10.647282600402832,1.9459017515182495,2.43289109465471,0.6645406719632774,0.9247500000000125,0.0752499999999875,0.0,650,615,1.02409964691441,0.9759003530855901,51.0,51,2.0,35.0,0.0391937717795372,23.997205541840152,24.5996967147004,0.0,0.0,0.0,0.03012455864301238,1.0,1.0,0.057840414345264435,0.043588995933532715,0.25987332867830687,0.24570992484936827,0.015564244240522385,0.015230738402654728,0.0,0.0,0.013762547969818115,False,False
1.43,12.549795150756836,10.73649787902832,1.9154788255691528,2.42397524419757,0.995739227828534,0.9246500000000125,0.07534999999998748,0.0,640,602,1.0220913430048757,0.9779086569951242,47.0,47,5.0,19.0,0.03912828490138054,21.99743841335347,22.549721988475365,0.0,0.0,0.0,0.02761417875609471,1.0,1.0,0.057881370186805725,0.04364806413650513,0.24971194635765961,0.23721158633318767,0.015482600623120865,0.01515208821122845,0.0,0.0,0.020169904232025148,False,False
1.435,12.571242332458496,10.70425796508789,1.8683102130889893,2.5028171803791848,0.9999999999999999,0.9245500000000125,0.07544999999998747,0.0,570,543,1.0202503977544695,0.9797496022455305,15.0,15,1.0,16.0,0.03905091434717178,20.164318545574016,20.67057848943575,0.0,0.0,0.0,0.025312997193086773,1.0,1.0,0.05772174894809723,0.04370558261871338,0.2504461131840915,0.23899534867144842,0.0154481230614086,0.01511995370189349,0.0,0.0,0.013697371482849122,False,False
1.44,12.602147102355957,10.745795249938965,1.8451684713363647,2.3632977171388663,0.6252689077684479,0.9244500000000125,0.07554999999998746,0.0,627,575,1.0185628646082636,0.9814371353917365,17.0,17,4.0,24.0,0.039240214973688126,18.483958666776182,18.94803028198277,0.0,0.0,0.0,0.023203580760329422,1.0,1.0,0.057563554495573044,0.04376232624053955,0.24666859261691285,0.23565540664332338,0.01540670869871974,0.015079103565464418,0.0,0.0,0.018218377828598024,False,False
1.445,12.607010841369629,10.832538604736328,1.8257943391799927,2.016096798945523,0.343608208124961,0.9243500000000126,0.07564999999998745,0.0,704,664,1.0170159592242414,0.9829840407757585,27.0,27,3.0,28.0,0.03915519639849663,25.2769621112115,25.702361091817536,0.0,0.0,0.0,0.021269949030301837,1.0,1.0,0.057449378073215485,0.04381823539733887,0.23877102660077035,0.22877842740217577,0.015356202299396198,0.015030690313627323,0.0,0.0,0.025057692527770997,False,False
1.45,12.584928512573242,10.87869930267334,1.8074489831924438,-2.904479836773823,0.2814507758808469,0.9242500000000126,0.07574999999998744,0.0,691,648,1.0155979626222214,0.9844020373777786,44.0,44,6.0,28.0,0.039091430604457855,23.170548601943874,23.56049766749941,0.0,0.0,0.0,0.0194974532777767,1.0,1.0,0.05747635290026665,0.043873488903045654,0.23462772367056187,0.22554966609179714,0.015335114828000467,0.01501183956861496,0.0,0.0,0.02504286766052246,False,False
1.455,12.599055290222168,11.027020454406738,1.859485387802124,-0.09063989103146815,0.2216389831466955,0.9241500000000126,0.07584999999998743,0.0,616,580,1.014298132403703,0.9857018675962971,39.0,39,2.0,17.0,0.039008185267448425,21.239669551781883,21.597122861874457,0.0,0.0,0.0,0.01787266550462867,1.0,1.0,0.05751395598053932,0.04392772912979126,0.22580512585118148,0.21583376496409123,0.01532628433778882,0.014997912415613731,0.0,0.0,0.01853780508041382,False,False
1.46,12.712307929992676,11.199345588684082,1.8583650588989258,3.054076486728003,0.27761042970810135,0.9240500000000126,0.07594999999998742,0.0,613,576,1.3464399547033943,0.6535600452966057,33.0,33,3.0,18.0,0.03902287408709526,19.469697089133394,28.13069595671825,0.0,0.0,0.0,0.43304994337924274,1.0,1.0,0.05749724060297012,0.04398125410079956,0.21509152141771962,0.20527960786937188,0.015198274049907923,0.014873393811285496,0.0,0.0,0.019259381294250488,False,False
1.465,12.690658569335938,11.304594993591309,1.8718498945236206,2.4840987101845946,0.7912731587215298,0.9239500000000126,0.0760499999999874,0.0,547,517,0.9842366251447782,1.015763374855222,17.0,17,4.0,27.0,0.038946688175201416,26.18055566503894,25.786471293658394,0.0,0.0,0.0,-0.019704218569027356,1.0,1.0,0.05732159689068794,0.044033706188201904,0.20995799086242667,0.200450525323858,0.015194211931278309,0.014869084116071463,0.0,0.0,0.018561477661132815,False,False
1.47,12.551544189453125,11.351561546325684,1.9211777448654175,1.535325927576843,0.3167475327009247,0.9238500000000126,0.0761499999999874,0.0,654,606,0.9855502397160465,1.0144497602839535,25.0,25,3.0,28.0,0.038864023983478546,23.998842692952362,23.637598685853526,0.0,0.0,0.0,-0.018062200354941816,1.0,0.9997039437294006,0.05722890794277191,0.04408526420593262,0.2079775612913048,0.19810036759668112,0.015321240449945133,0.014989014404515427,0.0,0.0,0.018517104387283326,False,False
1.475,12.512367248535156,11.318583488464355,1.9480359554290771,0.9846373568537314,0.05259222852979006,0.9237500000000126,0.07624999999998738,0.0,661,622,1.3200877197397092,0.6799122802602908,42.0,42,2.0,25.0,0.038768354803323746,21.99893913520633,30.001132128699062,0.0,0.0,0.0,0.4001096496746365,1.0,0.9990390539169312,0.05723750218749046,0.04413503408432007,0.20983140772642941,0.19943181583347186,0.015373810504873594,0.015038553004463514,0.0,0.0,0.017322554588317874,False,False
1.48,12.492602348327637,11.327428817749023,1.9756630659103394,2.531173067096681,1.0,0.9236500000000126,0.07634999999998737,0.0,563,540,1.5,0.37325292357193307,37.0,37,4.0,8.0,0.03868512064218521,20.16569420727247,35.83437111797414,0.0,0.0,0.0,0.7834338455350837,1.0,0.9980176091194153,0.057257283478975296,0.04418390989303589,0.20938390439841653,0.19868019297718773,0.015395030689736208,0.015058469337721666,0.0,0.0,0.016749455928802493,False,False
1.485,12.417794227600098,11.426175117492676,1.996970534324646,2.5042300955984533,0.6725468691850822,0.9235500000000126,0.07644999999998736,0.0,640,594,1.5,0.42548184660760524,69.0,69,2.0,13.0,0.03860321640968323,18.485219689999763,32.84817352480963,0.0,0.0,0.0,0.7181476917404934,1.0,0.9966513514518738,0.05751723423600197,0.04423236846923828,0.20404262272113072,0.19361812241406262,0.015433767500023048,0.015095061001678308,0.0,0.0,0.027881033420562744,False,False
1.49,12.40573501586914,11.511582374572754,2.015181541442871,2.9160877012738298,0.8611777146586832,0.9234500000000126,0.07654999999998735,0.0,666,627,1.5,0.4733583593903049,30.0,30,3.0,16.0,0.03876703977584839,16.944784715833116,30.110825731075494,0.0,0.0,0.0,0.6583020507621189,1.0,0.9949519634246826,0.05746416747570038,0.04427975416183472,0.20001072833003866,0.18954008586859733,0.015435904109229645,0.015096651234974464,0.0,0.0,0.02307893514633179,False,False
1.495,12.329161643981934,11.581781387329102,2.00113582611084,2.870219477387273,0.3061631105789906,0.9233500000000127,0.07664999999998734,0.0,600,566,1.4827548372255537,0.5172451627744462,17.0,17,2.0,23.0,0.03904359042644501,15.532719322847022,27.601590253485867,0.0,0.0,0.0,0.6034435465319422,1.0,0.9929307103157043,0.05730140209197998,0.04432404041290283,0.19455172065179566,0.1851326911542543,0.015442594109723966,0.015102461135635774,0.0,0.0,0.022263519763946533,False,False
1.5,12.162460327148438,11.623540878295898,2.0059006214141846,1.4922768716987598,0.40298172817360345,0.9232500000000127,0.07674999999998733,0.0,673,634,1.4425252674567575,0.5574747325432424,45.0,45,6.0,22.0,0.0391714870929718,14.238326045943102,25.301457732362042,0.0,0.0,0.0,0.5531565843209469,1.0,0.990598738193512,0.05736209452152252,0.04436635971069336,0.1911454494865589,0.18261981393520818,0.01553595531731844,0.015194385002056759,0.0,0.0,0.02020742654800415,False,False
1.5050000000000001,12.071683883666992,11.70977783203125,2.0014944076538086,2.7837567893937334,0.43669271204779575,0.9231500000000127,0.07684999999998732,0.0,672,641,1.4056481618353611,0.5943518381646389,32.0,32,4.0,31.0,0.03922713175415993,13.051798875447844,23.19300292133187,0.0,0.0,0.0,0.5070602022942013,1.0,0.9879666566848755,0.05729990452528,0.04440790414810181,0.18735324578669943,0.17922949000106292,0.015567865533133348,0.015225514459113281,0.0,0.0,0.017692376375198365,False,False
1.51,12.114398956298828,11.818337440490723,1.9363311529159546,2.4862089964815235,0.9989892864797307,0.9230500000000127,0.0769499999999873,0.0,602,568,1.5,0.29482251831758566,27.0,27,2.0,17.0,0.039178427308797836,11.964148969160522,29.59358601122088,0.0,0.0,0.0,0.8814718521030178,1.0,0.9850448369979858,0.05720903351902962,0.04444921016693115,0.1799947361452484,0.17330416475236216,0.015445128859331211,0.01510648832966884,0.0,0.0,0.019193371534347536,False,False
1.5150000000000001,12.201126098632812,11.8446683883667,1.8808887004852295,2.891498321571492,0.37680085597654234,0.9229500000000127,0.0770499999999873,0.0,614,576,1.5,0.35358730845778696,25.0,25,2.0,22.0,0.03909907117486,10.967136555063812,27.127453843619136,0.0,0.0,0.0,0.8080158644277663,1.0,0.9818435907363892,0.057112060487270355,0.04448974132537842,0.17676419099699495,0.17102336939889734,0.015329205586264532,0.014995219341168802,0.0,0.0,0.020314249992370605,False,False
1.52,12.243916511535645,11.820725440979004,1.8551740646362305,-3.137526684902349,0.46148839159121247,0.9228500000000127,0.07714999999998728,0.0,579,544,1.5,0.40745503275297146,27.0,27,0.0,16.0,0.03900015726685524,10.053208508808494,24.866832689984207,0.0,0.0,0.0,0.7406812090587857,1.0,0.9783728718757629,0.05701589211821556,0.04453003406524658,0.17747397410031202,0.17185599839966542,0.01530675683170557,0.014972782228142023,0.0,0.0,0.018579915761947632,False,False
1.5250000000000001,12.254042625427246,11.918046951293945,1.8183181285858154,2.988165493045015,0.26370961560631506,0.9227500000000127,0.07724999999998727,0.0,666,628,1.5,0.45683378002355723,23.0,23,9.0,29.0,0.03892481327056885,9.215441133074453,22.794596632485522,0.0,0.0,0.0,0.6789577749705534,1.0,0.9746423363685608,0.05691001936793327,0.04456990957260132,0.1722649915050695,0.16739281560852926,0.015238764074941477,0.014908243902027607,0.0,0.0,0.01968039631843567,False,False
1.53,12.249665260314941,12.057544708251953,1.7711057662963867,1.0346804713620528,0.020961957668746364,0.9226500000000127,0.07734999999998726,0.0,788,743,1.164569034978406,0.8354309650215941,49.0,49,3.0,24.0,0.03890962898731232,16.78082103865158,20.895046913111727,0.0,0.0,0.0,0.2057112937230073,1.0,0.970661461353302,0.05698234215378761,0.04460906982421875,0.16504752098272052,0.1612803059909474,0.015140554557243984,0.014816801995038986,0.0,0.0,0.037206926345825196,False,False
1.5350000000000001,12.208727836608887,12.138794898986816,1.7813817262649536,2.5271257097710116,0.7422483761466139,0.9225500000000127,0.07744999999998725,0.0,705,669,1.4841882820635386,0.5158117179364614,81.0,81,3.0,37.0,0.038833197206258774,15.382419285430615,27.48712633701908,0.0,0.0,0.0,0.6052353525794233,1.0,0.9664393663406372,0.057309288531541824,0.04464787244796753,0.16159261328819946,0.15793668915424308,0.015142359770834446,0.014817904060085615,0.0,0.0,0.021143198013305664,False,False
1.54,12.215968132019043,12.268499374389648,1.79049813747406,0.30914041263337205,0.6654626384773551,0.9224500000000128,0.07754999999998724,0.0,661,632,1.4438392585582438,0.5561607414417562,26.0,26,4.0,18.0,0.038913577795028687,22.43388434497806,33.529865808934154,0.0,0.0,0.0,0.5547990731978046,1.0,0.9619850516319275,0.057247959077358246,0.04468613862991333,0.15689317371975448,0.15316115619148882,0.015113276119033497,0.01478699113552769,0.0,0.0,0.019487574100494388,False,False
1.545,12.26251220703125,12.381913185119629,1.7698067426681519,0.3921714631253761,0.4651983368387022,0.9223500000000128,0.07764999999998723,0.0,612,580,1.40685265367839,0.5931473463216099,11.0,11,2.0,33.0,0.03932224586606026,20.564393982896554,30.735710324856306,0.0,0.0,0.0,0.5085658170979876,1.0,0.9573072791099548,0.05704537779092789,0.044723570346832275,0.15250257360500413,0.1490902340350034,0.015028036044289669,0.01470549963414669,0.0,0.0,0.012241967916488648,False,False
1.55,12.213058471679688,12.511003494262695,1.7720673084259033,2.1444286282647687,0.4943005677081871,0.9222500000000128,0.07774999999998722,0.0,620,586,1.3729482658718575,0.6270517341281425,45.0,45,7.0,17.0,0.03941268101334572,18.850694484321842,28.17440113111828,0.0,0.0,0.0,0.4661853323398219,1.0,0.9524145126342773,0.05710357055068016,0.044759511947631836,0.1475578894037736,0.14438754525376937,0.015029221928368013,0.014705711510032415,0.0,0.0,0.01853770971298218,False,False
1.555,12.124910354614258,12.594005584716797,1.8096319437026978,1.4448617630518836,0.7420229425791657,0.9221500000000128,0.07784999999998721,0.0,635,598,1.3418692437158695,0.6581307562841305,73.0,73,5.0,19.0,0.03931786119937897,17.27980327729502,25.826534370191755,0.0,0.0,0.0,0.4273365546448368,1.0,0.9473150372505188,0.05734754726290703,0.04479485750198364,0.14478701275773176,0.14137044647242708,0.015102892648428679,0.014773375199486813,0.0,0.0,0.018941434621810915,False,False
1.56,12.124626159667969,12.559807777404785,1.843953013420105,2.458000701185866,0.9998629688241978,0.9220500000000128,0.0779499999999872,0.0,543,504,1.3133801400728802,0.6866198599271198,24.0,24,2.0,21.0,0.03922029584646225,15.839819670853768,23.674323172675773,0.0,0.0,0.0,0.3917251750911003,1.0,0.9420168995857239,0.057249102741479874,0.04482930898666382,0.14626428630730587,0.1423747281006831,0.01513500154639284,0.014802102620402973,0.0,0.0,0.011404370069503785,False,False
1.565,12.072453498840332,12.584239959716797,1.8725168704986572,2.547150936905558,1.0000000000000002,0.9219500000000128,0.07804999999998719,0.0,593,558,0.9539317950668069,1.046068204933193,25.0,25,3.0,19.0,0.03917316719889641,22.85316803161595,21.701462908286125,0.0,0.0,0.0,-0.05758525616649131,1.0,0.9365280270576477,0.05714346095919609,0.04486340284347534,0.14548650029394603,0.14143308964154205,0.015176074424137672,0.014840099029242992,0.0,0.0,0.023334405422210693,False,False
1.57,12.008346557617188,12.642807960510254,1.8829519748687744,2.7364925502088613,0.6044983283125476,0.9218500000000128,0.07814999999998717,0.0,640,605,0.9577708121445732,1.0422291878554268,16.0,16,1.0,21.0,0.0391702763736248,20.94873736231462,19.89300766592895,0.0,0.0,0.0,-0.05278648481928361,1.0,0.9308559894561768,0.056977279484272,0.04489719867706299,0.1432339745871706,0.13930301207676365,0.015203316385547321,0.014865726698189974,0.0,0.0,0.0482068681716919,False,False
1.575,12.010704040527344,12.663490295410156,1.882966160774231,0.36511268809599295,0.11773356272949709,0.9217500000000128,0.07824999999998716,0.0,636,597,1.2946232444658587,0.7053767555341413,42.0,42,2.0,25.0,0.039097558706998825,19.2030092487884,26.568590360434868,0.0,0.0,0.0,0.3682790555823233,1.0,0.925008237361908,0.057015106081962585,0.0449296236038208,0.1426479974705709,0.13868312650825662,0.015205004407713812,0.014866786077618599,0.0,0.0,0.01839431166648865,False,False
1.58,11.90104866027832,12.78484058380127,1.8249541521072388,1.4164803155022738,0.5186176631653228,0.9216500000000128,0.07834999999998715,0.0,675,640,1.270071307427037,0.7299286925729629,69.0,69,3.0,21.0,0.03902291879057884,17.602758478056035,24.354541163731962,0.0,0.0,0.0,0.33758913428379633,1.0,0.9189921021461487,0.057259876281023026,0.044961631298065186,0.1371169743578244,0.13433862471176775,0.01517520286142826,0.014841588369260233,0.0,0.0,0.02516003131866455,False,False
1.585,11.732597351074219,12.863338470458984,1.8340699672698975,2.8739830874601466,0.5849625789291392,0.9215500000000129,0.07844999999998714,0.0,609,577,0.9142320318081174,1.0857679681918826,29.0,29,5.0,23.0,0.038940977305173874,24.469195271551364,22.3249960667543,0.0,0.0,0.0,-0.10720996023985326,1.0,0.9128146171569824,0.05717416852712631,0.04499316215515137,0.13465532378852207,0.13213400261290212,0.015269181846330564,0.014933502146353325,0.0,0.0,0.016518412828445437,False,False
1.59,11.725192070007324,12.94736099243164,1.8062846660614014,1.952852270961948,0.489627696371698,0.9214500000000129,0.07854999999998713,0.0,561,521,0.9213793624907742,1.0786206375092258,30.0,30,2.0,22.0,0.03886757045984268,22.43009566558875,20.464579727858105,0.0,0.0,0.0,-0.09827579688653217,1.0,0.9064825773239136,0.057147204875946045,0.04502451419830322,0.13243651648331278,0.13017433383346694,0.015222503958890837,0.01488973619416356,0.0,0.0,0.01812155604362488,False,False
1.595,11.816316604614258,13.043895721435547,1.749575138092041,2.7414368004479313,0.28048223934136624,0.9213500000000129,0.07864999999998712,0.0,665,630,0.9279310822832098,1.0720689177167904,47.0,47,4.0,28.0,0.03882062807679176,20.560921026789686,18.75919808386993,0.0,0.0,0.0,-0.09008614714598781,1.0,0.9000027775764465,0.057199276983737946,0.04505562782287598,0.12858671291141308,0.1269592376264418,0.015069205158700546,0.014745448715984821,0.0,0.0,0.01925045609474182,False,False
1.6,11.862945556640625,13.068842887878418,1.717059850692749,0.6793189333453116,0.3756821062008001,0.9212500000000129,0.07874999999998711,0.0,623,589,0.6006034920929423,1.3993965079070576,35.0,35,3.0,28.0,0.03879256546497345,27.18084427455721,17.195931576880767,0.0,0.0,0.0,-0.4992456348838221,1.0,0.8933817148208618,0.05717398226261139,0.045086801052093506,0.12721011023036985,0.1259265295593053,0.015001257415860891,0.014682150601098936,0.0,0.0,0.02189189910888672,False,False
1.605,11.859006881713867,13.10522747039795,1.6965197324752808,2.821274706032551,0.4424208238895531,0.9211500000000129,0.0788499999999871,0.0,542,517,0.6338865344185305,1.3661134655814695,14.0,14,2.0,27.0,0.03886505216360092,24.915773918344108,15.76293727880737,0.0,0.0,0.0,-0.45764183197683694,1.0,0.8866256475448608,0.057010844349861145,0.04511755704879761,0.12603030493482795,0.12492889154236612,0.014986821915954351,0.014668522247423729,0.0,0.0,0.02048060894012451,False,False
1.61,11.829296112060547,13.247037887573242,1.6850477457046509,1.7665091523155205,0.7267719784455046,0.9210500000000129,0.07894999999998709,0.0,581,546,0.6643959898836529,1.335604010116347,29.0,29,3.0,19.0,0.03880782052874565,22.839459425148764,14.449359172240088,0.0,0.0,0.0,-0.4195050126454338,1.0,0.879740834236145,0.05691469460725784,0.045147716999053955,0.12215488983069712,0.12121281593354898,0.014954852716376385,0.014637373387813568,0.0,0.0,0.025155923366546633,False,False
1.615,11.798775672912598,13.315129280090332,1.6337041854858398,1.8125634774318935,0.808493128222131,0.9209500000000129,0.07904999999998708,0.0,555,519,1.0256963240600152,0.9743036759399848,22.0,22,3.0,12.0,0.038952313363552094,20.9361711397197,21.57857924122008,0.0,0.0,0.0,0.03212040507501897,1.0,0.8727332353591919,0.05678936466574669,0.045177459716796875,0.11995274125970755,0.11962740416545277,0.014893096716453632,0.014585940322528284,0.0,0.0,0.024595437049865724,False,False
1.62,11.768552780151367,13.383163452148438,1.6160210371017456,0.6596477290734633,0.38579782998964685,0.9208500000000129,0.07914999999998706,0.0,627,591,1.0235549637216805,0.9764450362783194,33.0,33,3.0,20.0,0.039082419127225876,19.191490211409725,19.78036430445174,0.0,0.0,0.0,0.029443704652100777,1.0,0.8656086921691895,0.056757956743240356,0.04520660638809204,0.11828455781005183,0.11812784690130362,0.014886352388809126,0.014580240628371637,0.0,0.0,0.02081847906112671,False,False
1.625,11.866899490356445,13.494972229003906,1.5981353521347046,-0.019412599332375675,0.11300158573429206,0.920750000000013,0.07924999999998705,0.0,727,686,1.3549253834115407,0.6450746165884593,45.0,45,3.0,22.0,0.03901742398738861,17.592199360458913,26.465333945747428,0.0,0.0,0.0,0.44365672926442573,1.0,0.8583729267120361,0.05681171268224716,0.04523533582687378,0.11568607914338991,0.11552465683982259,0.014776890942205986,0.01447453551615278,0.0,0.0,0.016131869554519652,False,False
1.6300000000000001,11.961674690246582,13.661447525024414,1.6088515520095825,1.2089097831905196,0.7916389384249168,0.920650000000013,0.07934999999998704,0.0,697,668,1.3253482681272455,0.6746517318727545,55.0,55,4.0,24.0,0.03911473974585533,16.126182747087338,24.259889450268474,0.0,0.0,0.0,0.4066853351590568,1.0,0.8510313630104065,0.05697770416736603,0.045263707637786865,0.11219942300347478,0.1118670433014618,0.014674133465935787,0.01437394026045998,0.0,0.0,0.015533355474472047,False,False
1.635,11.949422836303711,13.839993476867676,1.6617069244384766,2.512447650212237,0.48143288668724765,0.920550000000013,0.07944999999998703,0.0,579,538,1.2982359124499752,0.701764087550025,20.0,20,2.0,21.0,0.03902791440486908,23.11566751816339,30.571565329412767,0.0,0.0,0.0,0.3727948905624688,1.0,0.8435894250869751,0.05685628205537796,0.04529118537902832,0.10845426899411896,0.10774933289550115,0.014669854038705429,0.014364222685496014,0.0,0.0,0.02315300464630127,False,False
1.6400000000000001,11.917030334472656,13.876849174499512,1.6903401613235474,2.8179127578095584,0.49437651189385057,0.920450000000013,0.07954999999998702,0.0,554,524,0.9400495864124772,1.0599504135875228,17.0,17,5.0,22.0,0.038945358246564865,29.522695224983106,28.023934885295034,0.0,0.0,0.0,-0.07493801698440361,1.0,0.8373933434486389,0.05669409781694412,0.045317769050598145,0.10743924313690385,0.1064930395735415,0.01469493533174197,0.014383871263513964,0.0,0.0,0.01588196396827698,False,False
1.645,11.85824966430664,13.837246894836426,1.7140523195266724,2.741877129032738,0.5218442390456824,0.920350000000013,0.07964999999998701,0.0,651,614,0.9450454542114373,1.0549545457885627,29.0,29,0.0,39.0,0.03885827958583832,27.06247062290118,25.688606978187114,0.0,0.0,0.0,-0.06869318223570335,1.0,0.8312147259712219,0.056600917130708694,0.04534357786178589,0.10807129327906165,0.10696475992770736,0.01475286902859807,0.014435728856672844,0.0,0.0,0.01389075756072998,False,False
1.6500000000000001,11.786391258239746,13.862507820129395,1.7420051097869873,-2.5372381814844287,0.25206199681074687,0.920250000000013,0.079749999999987,0.0,614,576,0.9496249996938175,1.0503750003061825,56.0,56,5.0,26.0,0.03878308832645416,24.807264737659416,23.547889730004854,0.0,0.0,0.0,-0.06296875038272809,1.0,0.8248298764228821,0.05675007030367851,0.04536879062652588,0.10752184250624722,0.1062854130516437,0.014808271856357655,0.014486117288470268,0.0,0.0,0.02012828826904297,False,False
1.655,11.7689208984375,13.908893585205078,1.772391676902771,1.6012716780495817,0.8040387027310101,0.920150000000013,0.07984999999998699,0.0,674,633,0.9538229163859994,1.0461770836140005,39.0,39,4.0,21.0,0.03886561840772629,22.739992676187796,21.58556558583778,0.0,0.0,0.0,-0.05772135451750078,1.0,0.8188852071762085,0.056792642921209335,0.04539376497268677,0.10670335497396559,0.10525320239132142,0.014829547920574745,0.014503650988141697,0.0,0.0,0.0366275691986084,False,False
1.6600000000000001,11.748705863952637,13.998662948608398,1.7641042470932007,2.518096989438547,0.998320012905832,0.920050000000013,0.07994999999998698,0.0,641,604,0.9576710066871662,1.0423289933128337,36.0,36,3.0,23.0,0.038912851363420486,20.844993286505478,19.786768453684633,0.0,0.0,0.0,-0.05291124164104222,1.0,0.812633752822876,0.05675427243113518,0.045418620109558105,0.10453735598735386,0.10321657498413574,0.01479687790075938,0.014472347684204578,0.0,0.0,0.02329638719558716,False,False
1.665,11.595918655395508,14.147478103637695,1.731421947479248,2.4852169861587625,0.9986938128631925,0.919950000000013,0.08004999999998696,0.0,597,559,0.6278650894632358,1.3721349105367642,36.0,36,4.0,21.0,0.0388878770172596,27.441243845963353,18.137871082544248,0.0,0.0,0.0,-0.4651686381709553,1.0,0.8063886761665344,0.05673123896121979,0.045442819595336914,0.10085512346820782,0.1000411911822533,0.014802153843144577,0.014481993081669014,0.0,0.0,0.010955708026885986,False,False
1.67,11.45849609375,14.241578102111816,1.733972430229187,2.0577041180059927,0.527175878912618,0.919850000000013,0.08014999999998695,0.0,597,567,0.6588763320079662,1.3411236679920338,21.0,21,2.0,20.0,0.038841307163238525,25.154473525466404,16.62638182566556,0.0,0.0,0.0,-0.42640458499004213,1.0,0.7998722195625305,0.056609876453876495,0.045466065406799316,0.09929300067325315,0.0985398115719036,0.014865056922038397,0.014543508489926657,0.0,0.0,0.01758310794830322,False,False
1.675,11.494356155395508,14.342476844787598,1.7135933637619019,2.3118632917117194,0.20562001758825657,0.9197500000000131,0.08024999999998694,0.0,567,527,0.6873033043406358,1.3126966956593642,14.0,14,4.0,20.0,0.03875336796045303,23.058267398344203,15.240850006860096,0.0,0.0,0.0,-0.3908708695742053,1.0,0.7937324047088623,0.056437086313962936,0.04548829793930054,0.09745787228736909,0.09680223929835366,0.014783856458961964,0.01446630262459318,0.0,0.0,0.016979727745056152,False,False
1.68,11.590188026428223,14.430583953857422,1.6804966926574707,3.062138888834436,0.8322828810411051,0.9196500000000131,0.08034999999998693,0.0,521,493,0.7133613623122494,1.2866386376877506,27.0,27,8.0,14.0,0.03866361826658249,21.13674511514885,13.970779172955089,0.0,0.0,0.0,-0.35829829710968814,1.0,0.7873807549476624,0.05635774880647659,0.0455094575881958,0.09534493072579191,0.09491719038768869,0.014644356754918894,0.014335464996596178,0.0,0.0,0.01935118794441223,False,False
1.685,11.60257625579834,14.400131225585938,1.6607420444488525,2.6082292617996075,0.5914254894815131,0.9195500000000131,0.08044999999998692,0.0,586,550,0.7372479154528953,1.2627520845471047,50.0,50,0.0,12.0,0.03880501538515091,19.37534968888645,12.80654757520883,0.0,0.0,0.0,-0.32844010568388093,1.0,0.780784547328949,0.05642130225896835,0.04553043842315674,0.09560276670164003,0.09531299760456392,0.014640168907741707,0.01433255538965265,0.0,0.0,0.014751658439636231,False,False
1.69,11.620993614196777,14.466815948486328,1.6330506801605225,1.3658395690804608,0.47306757159086915,0.9194500000000131,0.08054999999998691,0.0,660,630,0.425810589165154,1.5,42.0,42,0.0,21.0,0.0387568362057209,26.094070548145908,11.73933527727476,0.0,0.0,0.0,-0.7177367635435574,1.0,0.774317741394043,0.056454986333847046,0.04555082321166992,0.09437615199945754,0.09423397929360977,0.014587997769316038,0.014284256224830946,0.0,0.0,0.015520901679992677,False,False
1.695,11.617159843444824,14.598377227783203,1.6301389932632446,-0.5448238188995379,0.3556382877538792,0.9193500000000131,0.0806499999999869,0.0,606,579,0.4736597067347247,1.5,9.0,9,6.0,15.0,0.038831308484077454,32.25289800246708,19.094390670835196,0.0,0.0,0.0,-0.6579253665815941,1.0,0.7679189443588257,0.05625493824481964,0.04557090997695923,0.09210781987197585,0.0919774752819589,0.014538802982618412,0.014236387020597856,0.0,0.0,0.026786165237426756,False,False
1.7,11.594139099121094,14.626626968383789,1.6100592613220215,-0.35582072632990497,0.4447402833921889,0.9192500000000131,0.08074999999998689,0.0,685,639,0.5175213978401643,1.4824786021598357,52.0,52,3.0,28.0,0.038794610649347305,29.565156502261488,17.503191448265596,0.0,0.0,0.0,-0.6030982526997946,1.0,0.7612367272377014,0.05639519914984703,0.04559081792831421,0.0914378500172547,0.09148418622665619,0.014515422905484836,0.01421829607958595,0.0,0.0,0.015770992040634157,False,False
1.705,11.651721000671387,14.73729133605957,1.6473586559295654,2.4969965748698164,0.6722284404551757,0.9191500000000131,0.08084999999998688,0.0,736,698,0.5577279480201506,1.4422720519798493,69.0,69,4.0,21.0,0.03896583989262581,27.101393460406364,16.044592160910128,0.0,0.0,0.0,-0.5528400649748118,1.0,0.7547333240509033,0.05666361004114151,0.04561096429824829,0.08966852994868423,0.08939437886932756,0.014473774936050177,0.014170121867209673,0.0,0.0,0.02395377635955811,False,False
1.71,11.777647972106934,14.857601165771484,1.6408398151397705,2.489108482257233,0.6455343875270045,0.9190500000000131,0.08094999999998687,0.0,733,694,0.5945839523518048,1.4054160476481952,47.0,47,6.0,27.0,0.03923286870121956,24.842944005372498,14.707542814167617,0.0,0.0,0.0,-0.506770059560244,1.0,0.7483707666397095,0.05672334134578705,0.04563099145889282,0.08798257127699026,0.08764003862176606,0.014348001374552648,0.01404845155775547,0.0,0.0,0.021021623611450196,False,False
1.715,11.771169662475586,14.942924499511719,1.6741818189620972,0.9002879724678307,0.5129415351191031,0.9189500000000131,0.08104999999998685,0.0,638,598,0.6283686229891543,1.3716313770108457,24.0,24,3.0,24.0,0.03914465755224228,22.772698671591456,13.481914246320315,0.0,0.0,0.0,-0.46453922126355707,1.0,0.7420780062675476,0.05660619959235191,0.045650601387023926,0.08705691114455977,0.08655272907127211,0.014354176043222349,0.014050713895509642,0.0,0.0,0.01734121799468994,False,False
1.72,11.658801078796387,14.998818397521973,1.7317014932632446,2.826010778854005,0.4526749539756881,0.9188500000000132,0.08114999999998684,0.0,628,583,0.32600457107339165,1.5,34.0,34,3.0,35.0,0.03905647620558739,29.208307115625498,12.358421392460288,0.0,0.0,0.0,-0.8424942861582604,1.0,0.7359092831611633,0.05659495294094086,0.0456700325012207,0.08607858335925163,0.08531263535376535,0.014448876027017832,0.014134816204508146,0.0,0.0,0.021977035999298098,False,False
1.725,11.600492477416992,14.986114501953125,1.7835959196090698,1.8305151055725162,0.39214807249776185,0.9187500000000132,0.08124999999998683,0.0,589,557,0.3821708568172757,1.5,41.0,41,1.0,16.0,0.03896376118063927,26.774281522656704,11.328552943088598,0.0,0.0,0.0,-0.7722864289784053,1.0,0.7295775413513184,0.05659201741218567,0.04568856954574585,0.08614367061651518,0.08511921424573804,0.014527080735812586,0.014205100014805794,0.0,0.0,0.021352787017822266,False,False
1.73,11.572331428527832,14.984869003295898,1.8305662870407104,2.0344924188968596,0.6998989973736947,0.9186500000000132,0.08134999999998682,0.0,542,515,0.7669899520825028,1.2330100479174972,24.0,24,3.0,13.0,0.03887365013360977,24.543091395768645,18.717840197831215,0.0,0.0,0.0,-0.2912625598968715,1.0,0.7233492732048035,0.05649644136428833,0.04570639133453369,0.08626164561913556,0.08502249431330608,0.014573645312339067,0.014246945114185413,0.0,0.0,0.02508814096450806,False,False
1.735,11.52614974975586,15.048748970031738,1.859961748123169,-0.5025035518749916,1.0000000000000002,0.9185500000000132,0.08144999999998681,0.0,620,582,0.7864074560756275,1.2135925439243724,42.0,42,5.0,15.0,0.03882024064660072,22.49783377945459,17.15802018134528,0.0,0.0,0.0,-0.26699067990546566,1.0,0.71717369556427,0.056511398404836655,0.04572409391403198,0.085435608937404,0.08407983328727903,0.014605919520060223,0.01427576644346118,0.0,0.0,0.03325449705123902,False,False
1.74,11.49453067779541,15.098124504089355,1.874255895614624,2.008772093963697,0.8315612601737029,0.9184500000000132,0.0815499999999868,0.0,578,551,1.1375401680693251,0.8624598319306749,32.0,32,2.0,21.0,0.03877750784158707,20.623014297833375,24.061518499566503,0.0,0.0,0.0,0.1719252100866564,1.0,0.7111016511917114,0.05643920972943306,0.045741379261016846,0.08483678190053028,0.08342481122864309,0.014624465256929398,0.014292330791552862,0.0,0.0,0.016189208030700685,False,False
1.745,11.418569564819336,15.274371147155762,1.8379589319229126,2.5398433378383904,0.6516958507039651,0.9183500000000132,0.08164999999998679,0.0,526,492,1.1260784873968814,0.8739215126031186,11.0,11,2.0,24.0,0.03869934007525444,18.904429773013927,22.05639195793596,0.0,0.0,0.0,0.1575981092461017,1.0,0.7047752737998962,0.05624880641698837,0.045758187770843506,0.08220316007267582,0.08107747661151514,0.014573844770590465,0.014245832959810894,0.0,0.0,0.011408032178878785,False,False
1.75,11.307486534118652,15.512243270874023,1.8294298648834229,1.4910410391594455,0.08147530606159878,0.9182500000000132,0.08174999999998678,0.0,598,564,1.1155719467804746,0.8844280532195254,30.0,30,2.0,14.0,0.038863349705934525,17.329060625262766,20.21835929477463,0.0,0.0,0.0,0.14446493347559314,1.0,0.6985905170440674,0.056202273815870285,0.04577445983886719,0.07883412660378868,0.07785818797303269,0.014537523190180462,0.01421226498981317,0.0,0.0,0.018283178806304933,False,False
1.7550000000000001,11.200900077819824,15.611536026000977,1.8454792499542236,2.4591417409938376,0.2231085219512094,0.9181500000000132,0.08184999999998677,0.0,598,569,1.105940951215435,0.894059048784565,29.0,29,4.0,29.0,0.038785360753536224,15.8849722398242,18.533496020210077,0.0,0.0,0.0,0.1324261890192938,1.0,0.6926026344299316,0.05612950772047043,0.045790672302246094,0.07754071923127924,0.07653454722448469,0.014575414825230837,0.014249516340593498,0.0,0.0,0.016033778190612795,False,False
1.76,11.251901626586914,15.684002876281738,1.7635514736175537,0.9705066261065752,0.06669768308477461,0.9180500000000132,0.08194999999998676,0.0,630,600,0.7637792052808154,1.2362207947191846,64.0,64,3.0,23.0,0.038712434470653534,22.894557886505517,16.989038018525903,0.0,0.0,0.0,-0.2952759933989807,1.0,0.6867842078208923,0.056349288672208786,0.0458066463470459,0.0765145561052477,0.07585623214347197,0.014448869042098522,0.014133309790243706,0.0,0.0,0.017470118999481202,False,False
1.7650000000000001,11.347769737243652,15.678845405578613,1.7346181869506836,2.6111996693015116,0.9836533291921223,0.9179500000000133,0.08204999999998674,0.0,625,577,0.7834642715074142,1.2165357284925857,39.0,39,5.0,20.0,0.03876800462603569,20.986678062630055,15.57328485031541,0.0,0.0,0.0,-0.2706696606157323,1.0,0.6807765960693359,0.05636105686426163,0.0458226203918457,0.07630804835166688,0.07579451242927368,0.014374015542368095,0.014061401598155499,0.0,0.0,0.0109887433052063,False,False
1.77,11.416415214538574,15.650857925415039,1.7072850465774536,2.0619268035185914,0.37067611825277774,0.9178500000000133,0.08214999999998673,0.0,628,598,0.8015089155484629,1.198491084451537,50.0,50,2.0,28.0,0.038842473179101944,19.23778822407755,14.275511112789125,0.0,0.0,0.0,-0.24811385556442128,1.0,0.6748737692832947,0.056437358260154724,0.04583847522735596,0.07635916282407226,0.07595574531129781,0.014320187425861757,0.014011512976139784,0.0,0.0,0.01805820941925049,False,False
1.7750000000000001,11.44192886352539,15.734508514404297,1.6834102869033813,1.9131141097437339,0.5838405860460895,0.9177500000000133,0.08224999999998672,0.0,598,568,0.8180498392527578,1.1819501607472422,13.0,13,2.0,34.0,0.03888053447008133,17.634639205404422,13.085885186723365,0.0,0.0,0.0,-0.22743770093405286,1.0,0.6694214940071106,0.056259866803884506,0.04585391283035278,0.07524370793967106,0.07493984025747734,0.014254504349082708,0.013950158997128408,0.0,0.0,0.025495896339416506,False,False
1.78,11.41444206237793,15.808721542358398,1.6639620065689087,1.796276513076967,0.6314716045672264,0.9176500000000133,0.08234999999998671,0.0,656,617,0.8332123526483612,1.1667876473516388,16.0,16,5.0,25.0,0.03882305696606636,16.165085938287387,11.995394754496417,0.0,0.0,0.0,-0.2084845591895485,1.0,0.6637662053108215,0.05611332133412361,0.04586905241012573,0.07432247074786483,0.07412661434383974,0.014225922835369905,0.01392522438739737,0.0,0.0,0.03654398679733277,False,False
1.7850000000000001,11.411712646484375,15.875133514404297,1.6888223886489868,1.151823291938466,1.0,0.9175500000000133,0.0824499999999867,0.0,624,591,0.8471113232609978,1.1528886767390023,39.0,39,2.0,16.0,0.03876817971467972,14.817995443430103,10.995778524955048,0.0,0.0,0.0,-0.19111084592375277,1.0,0.6579035520553589,0.05608344450592995,0.04588407278060913,0.07355750626294473,0.0732571776813508,0.014215132687240839,0.01391187310218811,0.0,0.0,0.01771037817001343,False,False
1.79,11.5282621383667,16.04423713684082,1.7254735231399536,1.2152100164632835,1.0,0.9174500000000133,0.08254999999998669,0.0,542,515,0.8598520463225813,1.1401479536774186,36.0,36,3.0,8.0,0.038694243878126144,13.583162489810928,10.07946364787546,0.0,0.0,0.0,-0.17518494209677335,1.0,0.6519157886505127,0.056059639900922775,0.045898616313934326,0.07176244664968215,0.0712327654299628,0.01410852341602246,0.013802712007115286,0.0,0.0,0.019983427524566652,False,False
1.795,11.618858337402344,16.18549346923828,1.7106837034225464,2.1040499320954402,0.824206221754423,0.9173500000000133,0.08264999999998668,0.0,576,541,0.8715310424623661,1.1284689575376339,33.0,33,2.0,13.0,0.038601718842983246,12.451232282326684,9.239508343885838,0.0,0.0,0.0,-0.1605861969220423,1.0,0.6461376547813416,0.05600076913833618,0.04591292142868042,0.07048446402419271,0.07000998004851777,0.013992020394653082,0.013692507054656744,0.0,0.0,0.017059887647628787,False,False
1.8,11.556203842163086,16.271224975585938,1.7495417594909668,2.755031972761042,0.8801010396737687,0.9172500000000133,0.08274999999998667,0.0,550,523,0.5489034555905024,1.4510965444094976,11.0,11,3.0,18.0,0.0385122112929821,19.746962925466125,8.469549315228685,0.0,0.0,0.0,-0.5638706805118721,1.0,0.6405473351478577,0.05581848323345184,0.04592698812484741,0.06968273469076097,0.06909297877394821,0.014034707564860582,0.013729600080599388,0.0,0.0,0.01813649654388428,False,False
1.805,11.457648277282715,16.293498992919922,1.8069549798965454,2.3677688977975366,0.9973018508581729,0.9171500000000133,0.08284999999998666,0.0,587,554,0.5864948342912939,1.413505165708706,57.0,57,6.0,15.0,0.03845684975385666,18.10138268167728,7.7637535389596275,0.0,0.0,0.0,-0.5168814571358826,1.0,0.6350479125976562,0.055979471653699875,0.04594069719314575,0.06933291707032585,0.06853164739829093,0.014134839487572512,0.013819786254316568,0.0,0.0,0.018375837802886964,False,False
1.81,11.430425643920898,16.26286506652832,1.8420284986495972,-3.030980529521921,0.36500380426665757,0.9170500000000134,0.08294999999998665,0.0,639,600,0.9542869314336861,1.0457130685663139,59.0,59,2.0,25.0,0.03837486729025841,16.592934124870837,15.450107410712992,0.0,0.0,0.0,-0.05714133570789226,1.0,0.6296883821487427,0.05613738298416138,0.04595452547073364,0.06958269759779712,0.06864816361898474,0.014178513083606958,0.013858681389441093,0.0,0.0,0.014156126976013183,False,False
1.815,11.391685485839844,16.29266357421875,1.876503586769104,0.8632166684360704,0.3963793471213247,0.9169500000000134,0.08304999999998663,0.0,591,563,0.9580963538142123,1.0419036461857878,21.0,21,2.0,32.0,0.03830141946673393,23.543522947798266,22.495931793153574,0.0,0.0,0.0,-0.05237955773223461,1.0,0.6244631409645081,0.056005604565143585,0.04596799612045288,0.06929606834178084,0.06826107795986573,0.014211790791402262,0.013888492248952389,0.0,0.0,0.022022070884704592,False,False
1.82,11.347701072692871,16.356840133666992,1.9087001085281372,1.7803150755663193,0.45789443629248744,0.9168500000000134,0.08314999999998662,0.0,550,518,0.9615883243296947,1.0384116756703055,13.0,13,3.0,27.0,0.038588810712099075,21.58156270214841,20.621270810390776,0.0,0.0,0.0,-0.04801459458788173,1.0,0.6191285848617554,0.05581538379192352,0.04598146677017212,0.06875677055896487,0.06760609451029367,0.014255690233161053,0.013928260498990616,0.0,0.0,0.025047154426574708,False,False
1.825,11.349406242370605,16.39836311340332,1.9334657192230225,2.0986834186191983,0.6781724838158297,0.9167500000000134,0.08324999999998661,0.0,601,568,0.9647892973022201,1.03521070269778,55.0,55,0.0,18.0,0.038746967911720276,19.783099143636043,18.902831576191545,0.0,0.0,0.0,-0.04401337837222492,1.0,0.6139419078826904,0.055959176272153854,0.045994579792022705,0.06844870131835257,0.06720997851295314,0.014257583146293959,0.013928769621998072,0.0,0.0,0.013106083869934082,False,False
1.83,11.254087448120117,16.479963302612305,1.9234628677368164,2.7867466728796098,0.4208413013973601,0.9166500000000134,0.0833499999999866,0.0,629,596,0.967723522527035,1.032276477472965,49.0,49,6.0,32.0,0.03877780959010124,18.13450754833304,17.327595611508915,0.0,0.0,0.0,-0.04034559684120627,1.0,0.608575701713562,0.05603902041912079,0.04600781202316284,0.06742535623100815,0.06630826770560734,0.014268618542701006,0.013939790272464355,0.0,0.0,0.0241060471534729,False,False
1.835,11.115203857421875,16.555246353149414,1.9488834142684937,0.8898041289266718,0.6035916159824182,0.9165500000000134,0.08344999999998659,0.0,626,597,0.9704132289831154,1.0295867710168847,19.0,19,5.0,20.0,0.03869490697979927,16.623298585971952,15.883629310549837,0.0,0.0,0.0,-0.03698346377110573,1.0,0.6033646464347839,0.05592762678861618,0.04602104425430298,0.06662636248379242,0.06549780335028885,0.014341533339271944,0.014009927399456501,0.0,0.0,0.013002374172210692,False,False
1.84,11.07056713104248,16.683277130126953,1.9248437881469727,2.3677688977975366,0.9973018508581729,0.9164500000000134,0.08354999999998658,0.0,643,608,0.9728787932345224,1.0271212067654776,25.0,25,3.0,20.0,0.038655590265989304,15.238023703807622,14.559993534670683,0.0,0.0,0.0,-0.03390150845684694,1.0,0.5982896089553833,0.05579911917448044,0.04603409767150879,0.06536001035058792,0.06434063968621115,0.014296976538995903,0.013968206476420164,0.0,0.0,0.014870601892471313,False,False
1.845,11.111166000366211,16.80169105529785,1.8800151348114014,2.9210570133441434,0.8773206767275757,0.9163500000000134,0.08364999999998657,0.0,524,494,0.9751388937983123,1.0248611062016877,21.0,21,1.0,21.0,0.03855915740132332,13.968188395156986,13.346660740114793,0.0,0.0,0.0,-0.031076382752109666,1.0,0.5930608510971069,0.05567021667957306,0.04604697227478027,0.06395072159885039,0.06311881460109647,0.01417598764722546,0.013854429125785828,0.0,0.0,0.01923309087753296,False,False
1.85,11.151204109191895,16.787391662597656,1.8506736755371094,2.558602672220456,0.6601969951112864,0.9162500000000134,0.08374999999998656,0.0,572,537,0.9772106526484529,1.022789347351547,47.0,47,3.0,21.0,0.038474492728710175,12.80417269556057,12.234439011771892,0.0,0.0,0.0,-0.028486684189433918,1.0,0.5879853963851929,0.055733632296323776,0.04605966806411743,0.06387496694813714,0.0631498065631208,0.014133378863334656,0.013815011673917374,0.0,0.0,0.01532085180282593,False,False
1.855,11.185588836669922,16.797121047973633,1.818050503730774,-0.4875257343947953,0.4726433154170058,0.9161500000000135,0.08384999999998655,0.0,633,587,0.9791097649277485,1.0208902350722515,34.0,34,5.0,26.0,0.03840171918272972,11.737158304263856,11.214902427457567,0.0,0.0,0.0,-0.026112793840314463,1.0,0.5827792286872864,0.05571082606911659,0.04607236385345459,0.06374101997353057,0.06309663926949646,0.014096291270107031,0.013779934185246628,0.0,0.0,0.015322707891464235,False,False
1.86,11.187965393066406,16.90290069580078,1.7905606031417847,2.7278211023919203,0.32321388788867633,0.9160500000000135,0.08394999999998654,0.0,653,623,0.9808506178504359,1.019149382149564,37.0,37,4.0,20.0,0.03834403678774834,19.092395112241867,18.613660558502765,0.0,0.0,0.0,-0.023936727686955095,1.0,0.577727198600769,0.055676110088825226,0.04608476161956787,0.06272337255331921,0.06218332934860685,0.014028499523798626,0.013716814573854208,0.0,0.0,0.02484604835510254,False,False
1.865,11.165684700012207,16.942663192749023,1.7592471837997437,1.2586882355102362,0.19790452116502255,0.9159500000000135,0.08404999999998652,0.0,642,603,1.3157797330295662,0.6842202669704338,32.0,32,3.0,33.0,0.03837071731686592,17.501362186221712,25.395855511960868,0.0,0.0,0.0,0.3947246662869578,1.0,0.5728124380111694,0.055651307106018066,0.04609709978103638,0.06223879829700958,0.061829571036931597,0.01399326293418805,0.0136870665786167,0.0,0.0,0.027664878368377686,False,False
1.87,11.148543357849121,17.032072067260742,1.7944064140319824,2.4231981344334352,0.8509938756869392,0.9158500000000135,0.08414999999998651,0.0,684,642,1.2894647552771024,0.7105352447228976,22.0,22,5.0,35.0,0.038600414991378784,16.0429153373699,23.27953421929746,0.0,0.0,0.0,0.36183094409637795,1.0,0.5681031942367554,0.05555441975593567,0.046109139919281006,0.06150510556949227,0.060983027825596926,0.013998243181655805,0.013687449196974438,0.0,0.0,0.024020888805389405,False,False
1.875,11.247854232788086,17.184200286865234,1.7985198497772217,2.3630854898908584,0.24295622129333486,0.9157500000000135,0.0842499999999865,0.0,621,582,1.2653426923373439,0.7346573076626561,42.0,42,1.0,30.0,0.03901726007461548,14.70600572592241,21.339573034356004,0.0,0.0,0.0,0.3316783654216797,1.0,0.5635647773742676,0.055585529655218124,0.04612100124359131,0.060363972847349186,0.05978430115276252,0.013892517890781164,0.013583117009450993,0.0,0.0,0.015491957664489747,False,False
1.8800000000000001,11.276490211486816,17.318862915039062,1.7996598482131958,2.5385416257059283,0.9994687325973566,0.9156500000000135,0.08434999999998649,0.0,609,581,0.9098974679758984,1.0901025320241016,71.0,71,4.0,26.0,0.03892535716295242,21.813838582095542,19.561275281493003,0.0,0.0,0.0,-0.11262816503012693,1.0,0.5587896704673767,0.055839624255895615,0.04613286256790161,0.059446232323534055,0.058882074702996036,0.013824951214094957,0.013518206930408876,0.0,0.0,0.012925034761428833,False,False
1.885,11.16733455657959,17.3868465423584,1.8426544666290283,2.214601790525281,0.15278475600288338,0.9155500000000135,0.08444999999998648,0.0,601,558,0.9174060123112402,1.0825939876887598,30.0,30,3.0,20.0,0.03884506970643997,19.996018700254247,17.93116900803525,0.0,0.0,0.0,-0.10324248461094979,1.0,0.5541649460792542,0.055779218673706055,0.04614448547363281,0.05884553814493046,0.05818371016066448,0.013906334837277731,0.01359245041385293,0.0,0.0,0.01860374927520752,False,False
1.8900000000000001,11.08396053314209,17.356719970703125,1.882898211479187,-1.5679834001352893,0.4840843900257687,0.9154500000000135,0.08454999999998647,0.0,552,525,0.9242888446186367,1.0757111553813632,18.0,18,7.0,21.0,0.03878175839781761,18.329683808566394,16.436904924032312,0.0,0.0,0.0,-0.09463894422670407,1.0,0.5493571162223816,0.055634647607803345,0.04615586996078491,0.058966849223088987,0.05819386656659894,0.014000663068145514,0.013679756472508114,0.0,0.0,0.019810450077056885,False,False
1.895,11.069642066955566,17.333154678344727,1.9114060401916504,2.027367238750031,0.40355856033490656,0.9153500000000135,0.08464999999998646,0.0,664,624,1.263931440900417,0.736068559099583,39.0,39,1.0,25.0,0.038718562573194504,16.802210157852528,23.40049618036295,0.0,0.0,0.0,0.3299143011255211,1.0,0.5447008609771729,0.055645935237407684,0.046167075634002686,0.05912550024129376,0.05828356991242544,0.014027456442515056,0.013704239390790462,0.0,0.0,0.015404328107833865,False,False
1.9000000000000001,11.018072128295898,17.424301147460938,1.930573582649231,-2.6334632483955867,1.0,0.9152500000000136,0.08474999999998645,0.0,606,585,1.2419371541587154,0.7580628458412846,25.0,25,2.0,18.0,0.03864568844437599,15.402025978031483,21.45045483199937,0.0,0.0,0.0,0.3024214426983943,1.0,0.5402486324310303,0.055527590215206146,0.046178221702575684,0.05839075446035641,0.05752682773466151,0.014034409541636705,0.013709839743872484,0.0,0.0,0.02153174638748169,False,False
1.905,10.991761207580566,17.502626419067383,1.960891604423523,2.601961040572123,0.1905088967620857,0.9151500000000136,0.08484999999998644,0.0,637,599,0.8884423913121559,1.111557608687844,21.0,21,2.0,21.0,0.03860211372375488,22.45185714652886,19.662916929332756,0.0,0.0,0.0,-0.13944701085980515,1.0,0.5358736515045166,0.05539120361208916,0.04618912935256958,0.0579326779185787,0.056982443153003756,0.014055530385424694,0.013727722689509392,0.0,0.0,0.0394785475730896,False,False
1.9100000000000001,10.983192443847656,17.573638916015625,1.948485255241394,2.8651770476368164,0.8657119073139081,0.9150500000000136,0.08494999999998643,0.0,647,611,0.5644055253694762,1.4355944746305238,60.0,60,4.0,26.0,0.038531266152858734,28.91420238431812,18.024340518555025,0.0,0.0,0.0,-0.5444930932881548,1.0,0.5313601493835449,0.055540040135383606,0.04620009660720825,0.05732265092541083,0.05641719967887357,0.014026715264966091,0.013700095005333424,0.0,0.0,0.02416102886199951,False,False
1.915,10.824952125549316,17.676959991455078,1.9455922842025757,-0.10388958453043828,0.13682831559448663,0.9149500000000136,0.08504999999998641,0.0,575,536,0.6007050649220198,1.3992949350779802,35.0,35,2.0,33.0,0.038444891571998596,26.504685518958276,16.522312142008772,0.0,0.0,0.0,-0.4991186688474752,1.0,0.5269907116889954,0.05553894490003586,0.04621082544326782,0.05629997205175388,0.05549207769124699,0.014063587101797264,0.013737243910630545,0.0,0.0,0.02118072271347046,False,False
1.92,10.670144081115723,17.7686767578125,1.9566349983215332,2.752286897836363,0.8782960003900976,0.9148500000000136,0.0851499999999864,0.0,634,605,0.6339796428451849,1.366020357154815,23.0,23,7.0,32.0,0.038368090987205505,24.295961725711752,15.145452796841374,0.0,0.0,0.0,-0.4575254464435189,1.0,0.5227486491203308,0.05543641000986099,0.04622149467468262,0.055673127632897904,0.05486197395001781,0.014137231434384983,0.013808414805680513,0.0,0.0,0.017931333780288695,False,False
1.925,10.688485145568848,17.896265029907227,1.910792589187622,1.7415840566257308,0.17958461822245075,0.9147500000000136,0.08524999999998639,0.0,684,640,0.6644813392747527,1.3355186607252474,27.0,27,2.0,27.0,0.03831161931157112,22.271298248569106,13.883331730437925,0.0,0.0,0.0,-0.41939832590655907,1.0,0.5183903574943542,0.055365871638059616,0.04623192548751831,0.054654219510033034,0.05397074076843691,0.0140284087198476,0.013706217675159376,0.0,0.0,0.017783883810043335,False,False
1.93,10.771437644958496,17.96894645690918,1.8872889280319214,2.6240967103508956,0.4542322859682169,0.9146500000000136,0.08534999999998638,0.0,669,632,1.0257745610018567,0.9742254389981433,50.0,50,5.0,28.0,0.038646284490823746,20.415356727855013,21.05972075290143,0.0,0.0,0.0,0.03221820125232089,1.0,0.5141729712486267,0.05546717345714569,0.04624217748641968,0.05394950306042962,0.0533472230471664,0.01391678194825848,0.013599983261277279,0.0,0.0,0.021073229312896728,False,False
1.935,10.800997734069824,17.946313858032227,1.8715826272964478,2.531173067096681,1.0,0.9145500000000136,0.08544999999998637,0.0,670,628,1.356960014251702,0.643039985748298,48.0,48,4.0,21.0,0.038899220526218414,18.71407700053376,27.638077356826308,0.0,0.0,0.0,0.4462000178146274,1.0,0.5101271271705627,0.05553346872329712,0.046252429485321045,0.05401410195774641,0.05344783723656952,0.013905391873170933,0.013588597066700459,0.0,0.0,0.014790356159210205,False,False
1.94,10.810720443725586,18.00192642211914,1.8250956535339355,1.0240489196691478,0.01320455669879791,0.9144500000000136,0.08554999999998636,0.0,540,513,1.3272133463973936,0.6727866536026064,22.0,22,5.0,13.0,0.038809772580862045,17.15457058382261,25.33490424375745,0.0,0.0,0.0,0.40901668299674193,1.0,0.5061998963356018,0.055414021015167236,0.046262502670288086,0.05354372455070971,0.05309264398280776,0.013847481459379196,0.01353559937948982,0.0,0.0,0.015197631120681765,False,False
1.945,10.796353340148926,18.10550880432129,1.7904598712921143,-2.248401938325849,0.6531519770739054,0.9143500000000137,0.08564999999998635,0.0,602,576,0.9666122341976109,1.0333877658023891,57.0,57,4.0,12.0,0.03871810808777809,24.058356368504057,23.22366222344433,0.0,0.0,0.0,-0.041734707252986426,1.0,0.5023905634880066,0.05552779883146286,0.0462726354598999,0.052733987424754804,0.052389754666014844,0.013777508089939754,0.013472233743717274,0.0,0.0,0.025940961837768554,False,False
1.95,10.778488159179688,18.10674285888672,1.7687816619873047,2.088971371084691,0.12087924120230793,0.9142500000000137,0.08574999999998634,0.0,544,504,0.9693945480144767,1.0306054519855232,32.0,32,2.0,16.0,0.03866025432944298,22.053493337795384,21.2883570381573,0.0,0.0,0.0,-0.03825681498190416,1.0,0.498409628868103,0.05548940971493721,0.04628276824951172,0.05266405319903602,0.0523874913398946,0.013766872386137646,0.01346526046593984,0.0,0.0,0.020005707740783692,False,False
1.955,10.796670913696289,18.240406036376953,1.8066914081573486,-0.7692438740472374,0.2260710000575702,0.9141500000000137,0.08584999999998633,0.0,527,495,0.9719450023466036,1.0280549976533964,14.0,14,4.0,21.0,0.03856753930449486,20.215702226312434,19.514327284977526,0.0,0.0,0.0,-0.03506874706674541,1.0,0.4942062199115753,0.055333372205495834,0.04629248380661011,0.051886478991945546,0.05149666438771657,0.013735961789886158,0.013429388248672089,0.0,0.0,0.025570230484008787,False,False
1.96,10.899393081665039,18.400602340698242,1.7986273765563965,1.4027583969909454,0.6462772958897606,0.9140500000000137,0.08594999999998632,0.0,534,499,0.9742829188177201,1.0257170811822798,34.0,34,1.0,16.0,0.038469694554805756,18.53106037411973,17.888133344562732,0.0,0.0,0.0,-0.032146351477849854,1.0,0.49015042185783386,0.055273719131946564,0.04630225896835327,0.05096583356335695,0.050571012631756555,0.01361062206948797,0.013307826593518257,0.0,0.0,0.01641448736190796,False,False
1.965,10.883111000061035,18.51358985900879,1.822342038154602,2.0755310776629767,0.8115472314343654,0.9139500000000137,0.0860499999999863,0.0,541,516,0.9764260089162434,1.0235739910837567,25.0,25,1.0,33.0,0.03839479386806488,16.986805342943086,16.39745556584917,0.0,0.0,0.0,-0.029467488854695745,1.0,0.485862672328949,0.05516323819756508,0.046311914920806885,0.05040024613728683,0.049965753264646966,0.013603098535289368,0.013298616589357456,0.0,0.0,0.01588299632072449,False,False
1.97,10.764774322509766,18.571447372436523,1.8634148836135864,-1.041562738557104,0.5702662153828536,0.9138500000000137,0.0861499999999863,0.0,550,520,1.3117238415065564,0.6882761584934436,28.0,28,1.0,31.0,0.038359884172677994,15.571238231031161,23.36433426869507,0.0,0.0,0.0,0.38965480188319546,1.0,0.4817274510860443,0.05508014187216759,0.04632139205932617,0.04996237224666339,0.049453066970065865,0.01368500137080749,0.013373255108793577,0.0,0.0,0.019210726022720337,False,False
1.975,10.719035148620605,18.553070068359375,1.898698091506958,0.6401818446128423,0.9999996545288095,0.9137500000000137,0.08624999999998628,0.0,582,548,1.2857468547143434,0.7142531452856565,25.0,25,3.0,12.0,0.038273390382528305,14.273635045111897,21.417306412970483,0.0,0.0,0.0,0.3571835683929293,1.0,0.47776922583580017,0.05499141290783882,0.04633069038391113,0.049994781982385855,0.04940842173714128,0.013741633544365566,0.013424786739051342,0.0,0.0,0.016747741699218752,False,False
1.98,10.687981605529785,18.574214935302734,1.9367016553878784,2.729448949741616,0.8508099935713966,0.9136500000000137,0.08634999999998627,0.0,671,626,1.5,0.4047320498451853,20.0,20,6.0,21.0,0.03820329159498215,13.084165458019239,27.965864211889606,0.0,0.0,0.0,0.7440849376935184,1.0,0.4740064740180969,0.05487411469221115,0.04633992910385132,0.04991464581301684,0.04925490050809396,0.013774527857700985,0.013454185488323372,0.0,0.0,0.020076208114624024,False,False
1.985,10.64302921295166,18.65280532836914,1.9543331861495972,1.9514180645377128,0.43017648170846395,0.9135500000000137,0.08644999999998626,0.0,675,639,1.5,0.4543377123580866,48.0,48,7.0,18.0,0.03840012475848198,11.993818336517636,25.635375527565472,0.0,0.0,0.0,0.6820778595523918,1.0,0.47036072611808777,0.054925303906202316,0.046348750591278076,0.04948221886988356,0.0487963891312629,0.01378677086904645,0.013464604659626882,0.0,0.0,0.026560430526733396,False,False
1.99,10.625402450561523,18.685853958129883,1.9695056676864624,2.3855822992204128,0.8000034669146013,0.9134500000000138,0.08654999999998625,0.0,593,554,1.5,0.4998095696615793,59.0,59,1.0,22.0,0.03831034526228905,10.994333475141167,23.49909423360168,0.0,0.0,0.0,0.6252380379230258,1.0,0.46647438406944275,0.055121950805187225,0.046357691287994385,0.049311633497941626,0.04859644293342657,0.01379833168660601,0.013474711837867897,0.0,0.0,0.018208880424499512,False,False
1.995,10.544722557067871,18.782461166381836,1.9314918518066406,2.4605170220453747,0.7149802340294548,0.9133500000000138,0.08664999999998624,0.0,569,537,1.4585078944768854,0.5414921055231146,43.0,43,3.0,22.0,0.038215793669223785,10.078139018879403,21.54083638080154,0.0,0.0,0.0,0.5731348680961068,1.0,0.46273210644721985,0.05518835037946701,0.04636627435684204,0.048531175461907564,0.04793666069644132,0.013767166528850794,0.013447352685034275,0.0,0.0,0.02158514738082886,False,False
2.0,10.408536911010742,18.844228744506836,1.927262544631958,1.9570579094426104,0.8170461888439134,0.9132500000000138,0.08674999999998623,0.0,567,525,1.086965569937145,0.913034430062855,35.0,35,3.0,23.0,0.03839758411049843,17.571627433972786,19.74576668240141,0.0,0.0,0.0,0.10870696242143119,1.0,0.4591125249862671,0.05513279512524605,0.04637467861175537,0.04806089251224512,0.04751078620327888,0.013822310138493776,0.013501616194844246,0.0,0.0,0.017692737579345703,False,False
2.005,10.3550386428833,18.89087677001953,1.9396783113479614,2.4659124379981283,0.7134984390661786,0.9131500000000138,0.08684999999998622,0.0,538,511,1.0797184391090495,0.9202815608909505,23.0,23,1.0,19.0,0.03844910487532616,16.107325147808385,18.100286125534623,0.0,0.0,0.0,0.09964804888631189,1.0,0.4556131660938263,0.05502945929765701,0.04638296365737915,0.04789990712539232,0.04731875248951777,0.013848744177569946,0.013526151111970346,0.0,0.0,0.01911294937133789,False,False
2.0100000000000002,10.429605484008789,18.986995697021484,1.8928359746932983,0.5872274761960594,0.4216832346716734,0.9130500000000138,0.0869499999999862,0.0,686,645,1.073075235849962,0.926924764150038,46.0,46,4.0,24.0,0.03837072104215622,14.765048052157686,16.591928948406736,0.0,0.0,0.0,0.09134404481245247,1.0,0.45234718918800354,0.05508670583367348,0.04639136791229248,0.04720901562405381,0.04673138168927534,0.013719520065933466,0.013404215375582378,0.0,0.0,0.019257636070251466,False,False
2.015,10.49183177947998,19.047809600830078,1.8462073802947998,1.8811804766844207,0.7863175833236756,0.9129500000000138,0.0870499999999862,0.0,698,656,1.0669856328624652,0.9330143671375349,32.0,32,8.0,26.0,0.03833626210689545,13.534627381144546,15.209268202706173,0.0,0.0,0.0,0.08373204107808138,1.0,0.4491848647594452,0.055033691227436066,0.04639965295791626,0.04670610364759281,0.04633046402712293,0.013614347359786432,0.013306481608500084,0.0,0.0,0.020951566696166993,False,False
2.02,10.487464904785156,19.059724807739258,1.8049142360687256,1.306426062349574,0.6655936165503085,0.9128500000000138,0.08714999999998618,0.0,649,609,1.3947368301239262,0.6052631698760738,15.0,15,3.0,28.0,0.03832077607512474,12.406741766049166,22.275162519147322,0.0,0.0,0.0,0.49342103765490786,1.0,0.44608330726623535,0.05486665666103363,0.04640781879425049,0.04654694959055574,0.04625521807651908,0.01358759356662631,0.013284027421226105,0.0,0.0,0.02137232542037964,False,False
2.025,10.485978126525879,19.14118194580078,1.7626510858535767,0.36511268809599295,0.11773356272949709,0.9127500000000138,0.08724999999998617,0.0,609,578,1.3618420942802658,0.6381579057197342,62.0,62,3.0,18.0,0.03824635595083237,11.372846618878402,20.418898975885046,0.0,0.0,0.0,0.4523026178503322,1.0,0.4431355893611908,0.0550384484231472,0.04641568660736084,0.04605072698889552,0.04584605604868013,0.013523246937741836,0.01322626213853558,0.0,0.0,0.026139705181121825,False,False
2.0300000000000002,10.505725860595703,19.217466354370117,1.7075505256652832,2.44144568348686,1.0,0.9126500000000138,0.08734999999998616,0.0,581,550,1.331688586423577,0.668311413576423,39.0,39,3.0,13.0,0.03816169127821922,10.425109400638535,18.71732406122796,0.0,0.0,0.0,0.4146107330294712,1.0,0.4399285912513733,0.055052969604730606,0.04642343521118164,0.045588276376947186,0.04550343057179456,0.013425350189208984,0.013139787285278242,0.0,0.0,0.047471323013305665,False,False
2.035,10.495914459228516,19.314064025878906,1.7149726152420044,1.831859851634504,0.4222379825247943,0.9125500000000139,0.08744999999998615,0.0,568,531,1.304047870888279,0.695952129111721,33.0,33,1.0,18.0,0.03806375712156296,9.556350283918656,17.15754705612563,0.0,0.0,0.0,0.3800598386103487,1.0,0.4369673728942871,0.05499839410185814,0.04643118381500244,0.045108618982834164,0.045008435183436966,0.013394009632368883,0.013108520458141964,0.0,0.0,0.02089446544647217,False,False
2.04,10.576821327209473,19.50392723083496,1.7142988443374634,1.7231203919761946,0.11904793638917625,0.9124500000000139,0.08754999999998614,0.0,586,547,1.2787105483142558,0.7212894516857442,17.0,17,6.0,27.0,0.037979353219270706,17.0933210935921,24.061084801448494,0.0,0.0,0.0,0.3483881853928198,1.0,0.43410345911979675,0.054845016449689865,0.04643887281417847,0.044198115893483846,0.04407365698957139,0.013276288906733196,0.01299295574426651,0.0,0.0,0.01401357173919678,False,False
2.045,10.666470527648926,19.6595516204834,1.70586097240448,-0.03716071222297802,0.8936677759630718,0.9123500000000139,0.08764999999998613,0.0,668,630,1.255484669288068,0.7445153307119321,25.0,25,3.0,25.0,0.03793714940547943,15.66887766912609,22.055994401327787,0.0,0.0,0.0,0.3193558366100849,1.0,0.43134012818336487,0.0547572523355484,0.04644644260406494,0.04354617457309062,0.0434325333842226,0.013160653567562502,0.012883103918284178,0.0,0.0,0.014133663177490235,False,False
2.05,10.604901313781738,19.790136337280273,1.7347162961959839,2.5990769863757976,0.4940563146969085,0.9122500000000139,0.08774999999998612,0.0,738,695,1.2341942801807289,0.7658057198192711,72.0,72,6.0,23.0,0.03805720433592796,14.363137863365582,20.217994867883803,0.0,0.0,0.0,0.29274285022591107,1.0,0.42836257815361023,0.055018506944179535,0.04645395278930664,0.04293051645602045,0.042778288191183865,0.013172425872956714,0.012891667429357767,0.0,0.0,0.017910115718841553,False,False
2.055,10.50053596496582,19.853836059570312,1.7645149230957031,-2.6334632483955867,1.0,0.9121500000000139,0.0878499999999861,0.0,736,696,1.214678090165668,0.7853219098343319,69.0,69,2.0,21.0,0.0383698046207428,13.166209708085116,18.533161962226817,0.0,0.0,0.0,0.26834761270708507,1.0,0.42553168535232544,0.05524050071835518,0.04646188020706177,0.04253090648873034,0.04232719810757111,0.01323021094625195,0.012942994168649118,0.0,0.0,0.018285231590270998,False,False
2.06,10.491668701171875,19.808176040649414,1.786388874053955,-1.9770016427519894,0.12699330625756614,0.9120500000000139,0.0879499999999861,0.0,568,532,0.8634549159851956,1.1365450840148044,18.0,18,5.0,12.0,0.03864138573408127,20.402358899078024,16.988731798707914,0.0,0.0,0.0,-0.1706813550185055,1.0,0.4228931963443756,0.055102355778217316,0.04646956920623779,0.04271040364347034,0.04246155468917709,0.013258905770877998,0.012967243868236741,0.0,0.0,0.01613655209541321,False,False
2.065,10.437384605407715,19.830646514892578,1.831322431564331,1.7615268219810145,0.7291067040491362,0.9119500000000139,0.08804999999998608,0.0,563,535,0.8748336729864292,1.1251663270135708,24.0,24,7.0,12.0,0.038558244705200195,18.702162324154855,15.573004148815587,0.0,0.0,0.0,-0.15645790876696344,1.0,0.4202999770641327,0.05500388145446777,0.046477317810058594,0.04264532358106171,0.04232834564731402,0.013306527398526669,0.01300843704181413,0.0,0.0,0.012911837100982667,False,False
2.07,10.375995635986328,19.886568069458008,1.853785514831543,1.2680262800353501,0.47455863262174053,0.9118500000000139,0.08814999999998607,0.0,641,607,0.8852642002375601,1.1147357997624399,34.0,34,2.0,18.0,0.038471486419439316,17.14364879714195,14.275253803080954,0.0,0.0,0.0,-0.14341974970304977,1.0,0.4174918532371521,0.05498739331960678,0.04648488759994507,0.04237084737940017,0.04202373947552352,0.013336358436693748,0.013034878841911754,0.0,0.0,0.03136904001235962,False,False
2.075,10.371448516845703,19.8959903717041,1.8718143701553345,2.7659235699548828,0.8242882685539739,0.9117500000000139,0.08824999999998606,0.0,613,580,0.8948255168844301,1.1051744831155699,41.0,41,2.0,23.0,0.03839770704507828,15.71501139738012,13.085649319490875,0.0,0.0,0.0,-0.13146810389446228,1.0,0.41480177640914917,0.054998110979795456,0.04649239778518677,0.042340052259076465,0.04195880415934705,0.013349287522335848,0.013045532784114282,0.0,0.0,0.016538981199264526,False,False
2.08,10.272268295288086,20.023958206176758,1.832388162612915,2.3884014355429786,0.5280116335252037,0.911650000000014,0.08834999999998605,0.0,544,515,0.9035900571440609,1.096409942855939,34.0,34,1.0,30.0,0.0383077934384346,14.40542711426511,11.995178542866634,0.0,0.0,0.0,-0.12051242856992381,1.0,0.4118990898132324,0.05491916835308075,0.04649996757507324,0.041584253683685735,0.04130208186572366,0.01330992594982187,0.013012067259599766,0.0,0.0,0.022544262409210206,False,False
2.085,10.108826637268066,20.106508255004883,1.8337243795394897,2.6092587495144146,0.6463183444960452,0.911550000000014,0.08844999999998604,0.0,548,511,0.9116242190487225,1.0883757809512775,16.0,16,4.0,23.0,0.03822121024131775,13.204974854743018,10.995580330961081,0.0,0.0,0.0,-0.11046972618909683,1.0,0.40912967920303345,0.05477258563041687,0.046507298946380615,0.04117699727478074,0.040915294619431816,0.013366213534027338,0.013068078551441431,0.0,0.0,0.016339216232299805,False,False
2.09,10.078866958618164,20.21849822998047,1.8114111423492432,2.3303249969105013,0.5028554336074508,0.911450000000014,0.08854999999998603,0.0,558,524,1.2523222007946622,0.7476777992053377,21.0,21,2.0,14.0,0.038143500685691833,12.104560283514433,18.41261530338099,0.0,0.0,0.0,0.3154027509933278,1.0,0.4065249562263489,0.05465926229953766,0.04651457071304321,0.04072640575988477,0.040493995206507656,0.013320008292794228,0.013025524482751887,0.0,0.0,0.01750313758850098,False,False
2.095,10.15404987335205,20.334514617919922,1.763286828994751,1.7230580808335871,0.8412340018457182,0.911350000000014,0.08864999999998602,0.0,642,615,1.5,0.4353713159382264,44.0,44,2.0,15.0,0.03809935227036476,11.095846926554897,25.211564028099236,0.0,0.0,0.0,0.7057858550772169,1.0,0.4040614664554596,0.05468028411269188,0.04652184247970581,0.040097195367793964,0.03995138347078995,0.013174986621985834,0.012891861066843074,0.0,0.0,0.019280891418457034,False,False
2.1,10.210968017578125,20.335399627685547,1.7224234342575073,2.2489608930178018,0.24956801731884865,0.911250000000014,0.088749999999986,0.0,598,561,1.1842429603899591,0.8157570396100408,36.0,36,5.0,24.0,0.03818627446889877,18.504526349341987,23.110600359090967,0.0,0.0,0.0,0.230303700487449,1.0,0.4016442596912384,0.05469144880771637,0.04652899503707886,0.03999128308403255,0.03991675075779929,0.013111167354509234,0.012834999555100998,0.0,0.0,0.019839136600494387,False,False
2.105,10.243695259094238,20.340513229370117,1.673810362815857,2.4793299394233608,0.3210160777698603,0.911150000000014,0.088849999999986,0.0,584,551,1.1688893803574625,0.8311106196425375,29.0,29,3.0,27.0,0.03821522369980812,16.96248248689682,21.184716995833384,0.0,0.0,0.0,0.21111172544682813,1.0,0.3990108370780945,0.05464256927371025,0.04653596878051758,0.039927374961552624,0.03992301485850424,0.01306493068113923,0.012795494015639028,0.0,0.0,0.017995156049728393,False,False
2.11,10.273637771606445,20.463016510009766,1.6296885013580322,2.631594829109135,0.6464262371427587,0.911050000000014,0.08894999999998598,0.0,548,520,0.8214819319943407,1.1785180680056593,32.0,32,2.0,28.0,0.03815001994371414,23.88227561298875,19.41932391284727,0.0,0.0,0.0,-0.22314758500707405,1.0,0.3961446285247803,0.05456392094492912,0.04654306173324585,0.03943738759774664,0.039498733797808605,0.012960821622982621,0.012701658221582573,0.0,0.0,0.022276670932769777,False,False
2.115,10.281380653381348,20.55172348022461,1.6017764806747437,1.574665592843563,0.8318173438111356,0.910950000000014,0.08904999999998597,0.0,584,555,0.8363584376614791,1.1636415623385208,17.0,17,1.0,15.0,0.03848894685506821,21.892085978573018,17.801046920109997,0.0,0.0,0.0,-0.20455195292315106,1.0,0.3931065797805786,0.05441001057624817,0.046549975872039795,0.03907069778814861,0.03917453463065077,0.012894648825749755,0.012642566580325365,0.0,0.0,0.02344547748565674,False,False
2.12,10.307307243347168,20.632625579833984,1.6336336135864258,2.3985550250539465,0.9945696234446734,0.910850000000014,0.08914999999998596,0.0,557,526,0.8499952345230226,1.1500047654769774,26.0,26,3.0,11.0,0.038542959839105606,20.0677454803586,16.317626343434164,0.0,0.0,0.0,-0.1875059568462218,1.0,0.3901669979095459,0.054327141493558884,0.04655677080154419,0.038743690382300695,0.03879041212409065,0.01286399473125736,0.012607430495942634,0.0,0.0,0.015429670810699464,False,False
2.125,10.372624397277832,20.709186553955078,1.6135907173156738,-0.7987847751898288,0.965029009703368,0.910750000000014,0.08924999999998595,0.0,546,510,0.862495631646104,1.137504368353896,27.0,27,2.0,9.0,0.03845778852701187,18.395433356995383,14.957824148147983,0.0,0.0,0.0,-0.17188046044237,1.0,0.3874353766441345,0.054257165640592575,0.04656350612640381,0.03843806562246705,0.038500610442365954,0.01279047961967687,0.012538072187453508,0.0,0.0,0.0183082115650177,False,False
2.13,10.409841537475586,20.839338302612305,1.5948083400726318,2.4282675058034378,0.32271433712285397,0.9106500000000141,0.08934999999998594,0.0,588,551,0.8739543290089287,1.1260456709910713,23.0,23,5.0,19.0,0.03841300308704376,16.862480577245766,13.711338802468983,0.0,0.0,0.0,-0.1575570887388391,1.0,0.3847986161708832,0.05413630232214928,0.04657018184661865,0.0379839592248507,0.03807266551225087,0.012707740146045884,0.012461369236310324,0.0,0.0,0.012940535545349121,False,False
2.1350000000000002,10.369750022888184,20.966062545776367,1.652667760848999,1.5601315952453882,0.45600301610960103,0.9105500000000141,0.08944999999998593,0.0,638,598,0.551124801591518,1.448875198408482,50.0,50,5.0,31.0,0.03833479434251785,23.79060719580862,12.568727235596567,0.0,0.0,0.0,-0.5610939980106026,1.0,0.3823169767856598,0.054214876145124435,0.046576738357543945,0.037492601264190066,0.03749394890650438,0.012717834518601498,0.012462375840793054,0.0,0.0,0.016935245990753175,False,False
2.14,10.32870101928711,20.994688034057617,1.7052645683288574,2.1478828170302418,0.5910303071401591,0.9104500000000141,0.08954999999998592,0.0,695,665,0.588531068125558,1.411468931874442,68.0,68,4.0,36.0,0.03826715797185898,21.8080565961579,11.521333299296852,0.0,0.0,0.0,-0.5143361648430524,1.0,0.37994644045829773,0.054453156888484955,0.04658323526382446,0.03735949080088128,0.0372794652907173,0.012762714953472218,0.012497860006988049,0.0,0.0,0.020432925224304198,False,False
2.145,10.29748249053955,20.946706771850586,1.7439286708831787,1.4296094062608153,0.39480177771201025,0.9103500000000141,0.08964999999998591,0.0,595,562,0.6228201457817616,1.3771798542182383,32.0,32,3.0,23.0,0.038233622908592224,28.324051879811407,18.894555524355447,0.0,0.0,0.0,-0.471474817772798,1.0,0.3773704469203949,0.0544251911342144,0.046589791774749756,0.03752363344995877,0.03739194276245884,0.012812887240822118,0.012541221221908927,0.0,0.0,0.015809521675109864,False,False
2.15,10.217933654785156,20.984487533569336,1.768131971359253,-0.5025035518749916,1.0000000000000002,0.9102500000000141,0.0897499999999859,0.0,647,608,1.3209184669666147,0.6790815330333853,17.0,17,6.0,18.0,0.03816695138812065,25.963714223160455,33.986675897325824,0.0,0.0,0.0,0.4011480837082685,1.0,0.37491369247436523,0.054286327213048935,0.04659628868103027,0.03735065847278214,0.03719874564503893,0.012848560387889545,0.012573606024185818,0.0,0.0,0.02454899549484253,False,False
2.1550000000000002,10.192426681518555,21.0560359954834,1.794711709022522,0.4423342032244678,0.31479166281016874,0.9101500000000141,0.08984999999998589,0.0,608,581,1.2941752613860635,0.7058247386139365,16.0,16,3.0,20.0,0.03824695944786072,23.800071371230416,31.154452905882003,0.0,0.0,0.0,0.36771907673257936,1.0,0.3722074329853058,0.054114457219839096,0.04660266637802124,0.03711440199986052,0.03692235250375186,0.012856252336253723,0.012577267286057275,0.0,0.0,0.04161372661590577,False,False
2.16,10.202727317810059,21.13336181640625,1.7814812660217285,2.5157042079335405,0.5846756698301626,0.9100500000000141,0.08994999999998587,0.0,563,530,1.5,0.3970060103961084,33.0,33,1.0,18.0,0.03819745033979416,21.816732090294547,36.891581830391836,0.0,0.0,0.0,0.7537424870048645,1.0,0.36971521377563477,0.05405549705028534,0.04660898447036743,0.036823749877589594,0.03664740175443344,0.012813577583680551,0.012537148237849276,0.0,0.0,0.022159762382507324,False,False
2.165,10.060197830200195,21.252426147460938,1.7624784708023071,2.5574992341177833,0.47089219152869544,0.9099500000000141,0.09004999999998586,0.0,666,625,1.2194111571369006,0.7805888428630995,64.0,64,4.0,25.0,0.03822263702750206,28.332004416103334,33.81728334452585,0.0,0.0,0.0,0.27426394642112567,1.0,0.36739295721054077,0.05421252176165581,0.0466153621673584,0.03629593789282518,0.03617373398458538,0.012806286104023457,0.012535237862418096,0.0,0.0,0.017834194898605348,False,False
2.17,9.929142951965332,21.342632293701172,1.7673674821853638,2.459810457424884,0.3623350446020181,0.9098500000000141,0.09014999999998585,0.0,581,547,1.2011268940421587,0.7988731059578413,16.0,16,3.0,41.0,0.03813588246703148,25.971004048094724,30.99917639914869,0.0,0.0,0.0,0.2514086175526984,1.0,0.3651200234889984,0.054089050740003586,0.04662156105041504,0.03600753501499957,0.03587871609581589,0.012852986110374331,0.012579465983435512,0.0,0.0,0.019240474700927733,False,False
2.1750000000000003,9.973320007324219,21.43722915649414,1.7378777265548706,0.944078536017099,0.6217430033526861,0.9097500000000142,0.09024999999998584,0.0,583,549,1.1843663195386456,0.8156336804613545,41.0,41,6.0,23.0,0.03806941211223602,23.806753710753494,28.41591169921963,0.0,0.0,0.0,0.23045789942330686,1.0,0.36263507604599,0.054099611937999725,0.04662775993347168,0.035659732034119006,0.03556622124168355,0.012761936134969195,0.012495064875110984,0.0,0.0,0.019934016466140746,False,False
2.18,10.088141441345215,21.4858455657959,1.6895207166671753,1.2152100164632835,1.0,0.9096500000000142,0.09034999999998583,0.0,683,651,1.1690024595770916,0.8309975404229084,60.0,60,2.0,24.0,0.038003452122211456,21.822857568190702,26.047919057617992,0.0,0.0,0.0,0.2112530744713645,1.0,0.3602254390716553,0.05430077388882637,0.046633899211883545,0.035394108276037665,0.03536817392062661,0.012632707754770916,0.01237715594470501,0.0,0.0,0.02126232385635376,False,False
2.185,10.114418983459473,21.46428680419922,1.6672288179397583,-2.4747123772417856,0.9874255220949244,0.9095500000000142,0.09044999999998582,0.0,675,641,1.1549189212790005,0.8450810787209995,39.0,39,2.0,22.0,0.038227517157793045,20.00428610417481,23.877259136149824,0.0,0.0,0.0,0.19364865159875072,1.0,0.357616662979126,0.05429146811366081,0.04664015769958496,0.03541709200199647,0.03541859827889084,0.012618448430051407,0.012365515964726608,0.0,0.0,0.016481614112854003,False,False
2.19,10.119104385375977,21.519765853881836,1.633199691772461,1.623865866724695,0.6839887144600174,0.9094500000000142,0.09054999999998581,0.0,543,508,1.1420090111724173,0.8579909888275827,20.0,20,3.0,15.0,0.03841764107346535,18.33726226216024,21.887487541470673,0.0,0.0,0.0,0.17751126396552158,1.0,0.35484182834625244,0.054151501506567,0.046646296977996826,0.035202896839084896,0.03524334662182522,0.012576149310916662,0.012328792363405228,0.0,0.0,0.018729825019836426,False,False
2.195,10.137391090393066,21.644893646240234,1.5936936140060425,2.003305955770001,0.3496596853831745,0.9093500000000142,0.0906499999999858,0.0,563,535,1.1301749269080492,0.8698250730919508,23.0,23,1.0,15.0,0.038325633853673935,16.809157073646887,20.063530246348115,0.0,0.0,0.0,0.16271865863506144,1.0,0.3518610894680023,0.054050590842962265,0.046652376651763916,0.034770721102365766,0.03486439316269586,0.012477063961947959,0.01224024531741937,0.0,0.0,0.032732367515563965,False,False
2.2,10.121110916137695,21.674922943115234,1.5698589086532593,0.8797462704958701,0.7474075917290083,0.9092500000000142,0.09074999999998579,0.0,638,600,0.7859936829990452,1.214006317000955,20.0,20,4.0,22.0,0.038242388516664505,23.741727317509643,18.39156939248577,0.0,0.0,0.0,-0.2675078962511936,1.0,0.3493884801864624,0.0539177805185318,0.046658456325531006,0.03466601513232991,0.03479697877448008,0.012450466553370159,0.01221995761928459,0.0,0.0,0.019425746202468876,False,False
2.205,10.15956974029541,21.8315372467041,1.5984430313110352,1.3329255439319088,0.6832724911935479,0.9091500000000142,0.09084999999998578,0.0,612,574,0.8038275427491247,1.1961724572508752,37.0,37,2.0,23.0,0.03815726190805435,21.763250041050505,16.858938609778622,0.0,0.0,0.0,-0.2452155715635941,1.0,0.3470239043235779,0.05387471243739128,0.046664416790008545,0.034163557503294376,0.03424024496537899,0.012390030703196924,0.012154480597625177,0.0,0.0,0.016553397178649905,False,False
2.21,10.275809288024902,22.03629493713379,1.5879439115524292,1.5642252568611625,0.23868362172721047,0.9090500000000142,0.09094999999998576,0.0,663,613,1.1535085808533643,0.8464914191466357,69.0,69,3.0,31.0,0.03807554021477699,19.94964587096296,23.787360392297067,0.0,0.0,0.0,0.19188572606670534,1.0,0.34445029497146606,0.054125186055898666,0.046670496463775635,0.03357085663235393,0.033646201627173335,0.012244563937808078,0.012015084891269606,0.0,0.0,0.014314520359039306,False,False
2.215,10.308595657348633,22.179096221923828,1.6122452020645142,0.6926371639317331,0.9967730962937025,0.9089500000000142,0.09104999999998575,0.0,709,671,1.1407161991155839,0.8592838008844161,44.0,44,7.0,33.0,0.0381719246506691,18.287175381716047,21.805080359605643,0.0,0.0,0.0,0.17589524889447983,1.0,0.34201952815055847,0.05417923629283905,0.046676576137542725,0.03319422644865656,0.03324330560211049,0.012189500654737156,0.011959298280999064,0.0,0.0,0.014726332426071168,False,False
2.22,10.231245040893555,22.279163360595703,1.6997766494750977,-1.9770016427519894,0.12699330625756614,0.9088500000000143,0.09114999999998574,0.0,597,571,1.4623231825226184,0.5376768174773815,16.0,16,4.0,20.0,0.03823224455118179,16.763244099906377,28.32132366297184,0.0,0.0,0.0,0.5779039781532731,1.0,0.33971747756004333,0.05404204502701759,0.046682536602020264,0.03289957322312166,0.032845945823238736,0.012243405993406972,0.011998813909788927,0.0,0.0,0.015336117744445802,False,False
2.225,10.198365211486816,22.279157638549805,1.7360903024673462,3.045483492325183,0.8229349336767999,0.9087500000000143,0.09124999999998573,0.0,563,539,1.4237962506457336,0.5762037493542664,31.0,31,1.0,13.0,0.03843303397297859,15.366307091580845,25.961213357724183,0.0,0.0,0.0,0.5297453133071669,1.0,0.33753180503845215,0.05396385118365288,0.04668843746185303,0.03285801246094785,0.032754802519144685,0.01227264835809668,0.012020975506554048,0.0,0.0,0.009401974081993104,False,False
2.23,10.157328605651855,22.267837524414062,1.7571290731430054,1.5502894598456192,0.7357631972337116,0.9086500000000143,0.09134999999998572,0.0,701,660,1.3884798964252558,0.6115201035747442,74.0,74,2.0,20.0,0.03841065242886543,14.085781500615774,23.797778911247168,0.0,0.0,0.0,0.4855998705315697,1.0,0.3357658386230469,0.05424141511321068,0.04669433832168579,0.03285751583171034,0.03273252208018633,0.012299127411097288,0.012043634972845515,0.0,0.0,0.015928026437759403,False,False
2.235,10.089754104614258,22.35020637512207,1.76832115650177,2.3906378474055217,0.2151914977605578,0.9085500000000143,0.09144999999998571,0.0,618,583,1.356106571723151,0.6438934282768489,27.0,27,4.0,24.0,0.03833632916212082,12.91196637556446,21.814630668643236,0.0,0.0,0.0,0.44513321465393885,1.0,0.33378133177757263,0.054182641208171844,0.04670041799545288,0.032594626715639174,0.03246219502203124,0.012305043637752533,0.012048030039295554,0.0,0.0,0.02951167106628418,False,False
2.24,10.096330642700195,22.358675003051758,1.7796467542648315,2.3044580728153363,0.6406667506098103,0.9084500000000143,0.0915499999999857,0.0,532,496,1.3264310240795552,0.6735689759204448,20.0,20,5.0,33.0,0.03824827820062637,11.835969177600754,19.996744779589633,0.0,0.0,0.0,0.40803878009944394,1.0,0.33191171288490295,0.05404621362686157,0.046706199645996094,0.032570718664520305,0.03242158234305638,0.01231036304185788,0.01205150232029458,0.0,0.0,0.022728397846221927,False,False
2.245,10.069204330444336,22.437267303466797,1.7433747053146362,1.7620446621121335,0.23153675009958533,0.9083500000000143,0.09164999999998569,0.0,520,495,1.2992284387395923,0.7007715612604077,21.0,21,1.0,28.0,0.03816228732466698,10.84963841280069,18.330349381290496,0.0,0.0,0.0,0.37403554842449027,1.0,0.32983869314193726,0.0539032407104969,0.04671198129653931,0.03226574360975022,0.03216486786468843,0.012256506985674303,0.012004393696164092,0.0,0.0,0.024809947013854982,False,False
2.25,9.929915428161621,22.518115997314453,1.7509121894836426,1.0001568142520965,0.06808325260086374,0.9082500000000143,0.09174999999998568,0.0,561,525,0.9409594021779597,1.0590405978220403,46.0,46,2.0,14.0,0.0380689762532711,18.278835211733963,16.802820266182955,0.0,0.0,0.0,-0.07380074727755037,1.0,0.32789528369903564,0.05393664538860321,0.046717703342437744,0.03198498193415151,0.031891832174888085,0.012289094738662243,0.012036569338912766,0.0,0.0,0.01877471923828125,False,False
2.255,9.865677833557129,22.611173629760742,1.7453486919403076,2.474555718884872,1.0,0.9081500000000143,0.09184999999998567,0.0,639,607,0.6125461186631298,1.3874538813368702,50.0,50,3.0,14.0,0.0379810556769371,25.088932277422796,15.402585244001042,0.0,0.0,0.0,-0.4843173516710877,1.0,0.3260537385940552,0.0540536530315876,0.046723365783691406,0.03176788087080502,0.03167770171887199,0.012285077245905995,0.012033038462201755,0.0,0.0,0.018453543186187745,False,False
2.2600000000000002,9.931463241577148,22.722444534301758,1.688774585723877,2.428921930647567,0.7799239159511037,0.9080500000000143,0.09194999999998565,0.0,697,657,0.9781672754412024,1.0218327245587977,26.0,26,9.0,20.0,0.03837314993143082,22.998187920970896,22.452369807000956,0.0,0.0,0.0,-0.027290905698496994,1.0,0.32438042759895325,0.05395776778459549,0.04672890901565552,0.03139442538563121,0.0313658921662714,0.01215982212064167,0.011919807875528932,0.0,0.0,0.017966052293777467,False,False
2.265,9.990083694458008,22.75775146484375,1.6581782102584839,-0.5335424666717219,1.0000000000000002,0.9079500000000144,0.09204999999998564,0.0,657,617,0.9799866691544356,1.0200133308455646,22.0,22,3.0,19.0,0.0386648029088974,21.081672260889988,20.581338989750876,0.0,0.0,0.0,-0.025016663556955622,1.0,0.3227934241294861,0.05382480099797249,0.046734392642974854,0.03122109755462305,0.031227829814500074,0.01208554720506072,0.011852907482534647,0.0,0.0,0.020016911029815676,False,False
2.27,10.014626502990723,22.745176315307617,1.6177499294281006,1.7140929732464472,0.2292209533943482,0.9078500000000144,0.09214999999998563,0.0,661,621,1.3149877800582324,0.6850122199417676,46.0,46,4.0,25.0,0.03869593143463135,19.324866239149156,27.199560740604966,0.0,0.0,0.0,0.3937347250727905,1.0,0.3213604688644409,0.05390724167227745,0.046739935874938965,0.03122125140523187,0.03126860868146913,0.012057161657139659,0.011830854540069899,0.0,0.0,0.01748505473136902,False,False
2.275,10.046675682067871,22.827688217163086,1.5834214687347412,0.23875018727955444,0.16117771118399438,0.9077500000000144,0.09224999999998562,0.0,609,582,1.2887387983867131,0.711261201613287,59.0,59,4.0,37.0,0.03866621106863022,17.71446071922006,24.932930678887885,0.0,0.0,0.0,0.36092349798339124,1.0,0.31996092200279236,0.05402107536792755,0.0467454195022583,0.030989919749786668,0.03106977063557092,0.0119861273560673,0.011767236671100061,0.0,0.0,0.02790778160095215,False,False
2.2800000000000002,10.06195068359375,22.890600204467773,1.5341172218322754,2.8627244883473297,1.0,0.9076500000000144,0.09234999999998561,0.0,610,574,1.264677231854487,0.735322768145513,29.0,29,1.0,28.0,0.0385827012360096,16.238255659285056,22.855186455647228,0.0,0.0,0.0,0.33084653981810863,1.0,0.3198513090610504,0.053946178406476974,0.04675084352493286,0.030828432786510856,0.030962753857019885,0.011919159442186356,0.011711415136232972,0.0,0.0,0.03970686674118042,False,False
2.285,10.0643310546875,22.992563247680664,1.5460470914840698,0.8009249598394069,0.24224715731060176,0.9075500000000144,0.0924499999999856,0.0,512,483,0.9092874625332797,1.0907125374667204,19.0,19,4.0,26.0,0.03848960995674133,23.2184010210113,20.950587584343292,0.0,0.0,0.0,-0.11339067183340035,1.0,0.3207109570503235,0.05382056534290314,0.046756207942962646,0.030551257157542647,0.03067016440854988,0.011878788548832139,0.01167041715234518,0.0,0.0,0.019625420570373538,False,False
2.29,10.140826225280762,23.097105026245117,1.56753408908844,0.5302778039037319,0.605393226190705,0.9074500000000144,0.09254999999998559,0.0,587,557,0.9168468406555064,1.0831531593444936,26.0,26,3.0,28.0,0.03841262310743332,21.283534269260358,19.204705285648018,0.0,0.0,0.0,-0.10394144918061698,1.0,0.3213387429714203,0.053731776773929596,0.04676163196563721,0.030284777645254113,0.03036791130690796,0.011815419808651011,0.011603997942681115,0.0,0.0,0.01648298740386963,False,False
2.295,10.215326309204102,23.192893981933594,1.5375572443008423,1.773591509874636,0.6415120048591504,0.9073500000000144,0.09264999999998558,0.0,580,544,1.2571096039342142,0.7428903960657858,27.0,27,2.0,24.0,0.03833993896842003,19.50990641348866,25.937646511844015,0.0,0.0,0.0,0.3213870049177677,1.0,0.32174208760261536,0.05363711714744568,0.04676687717437744,0.0300682309405719,0.030178745101205603,0.011729483182231586,0.011526057108615836,0.0,0.0,0.014008055925369264,False,False
2.3000000000000003,10.171937942504883,23.318519592285156,1.5691393613815308,0.8271032373609231,0.9631595416963497,0.9072500000000144,0.09274999999998557,0.0,617,583,1.235683803606363,0.764316196393637,24.0,24,4.0,15.0,0.03829420357942581,17.884080879031274,23.776175969190348,0.0,0.0,0.0,0.2946047545079537,1.0,0.3219282627105713,0.05354956164956093,0.046772122383117676,0.029737369920514758,0.02981650941997417,0.011717968930800756,0.011510195521016916,0.0,0.0,0.013768304586410523,False,False
2.305,10.100170135498047,23.393468856811523,1.6068394184112549,2.363688626346519,0.9951744619262067,0.9071500000000144,0.09284999999998556,0.0,567,533,1.216043486639166,0.7839565133608339,31.0,31,4.0,12.0,0.03821222856640816,16.393740805778666,21.79482797175782,0.0,0.0,0.0,0.27005435829895763,1.0,0.32298165559768677,0.05351053550839424,0.04677724838256836,0.02949888238334058,0.029537132740951683,0.01173960588251551,0.011524721436823409,0.0,0.0,0.019259077310562134,False,False
2.31,10.08830451965332,23.358165740966797,1.6384367942810059,1.5852618411229773,0.5850040900820186,0.9070500000000145,0.09294999999998554,0.0,551,519,1.198039862752569,0.801960137247431,63.0,63,2.0,14.0,0.038119442760944366,15.027595738630444,19.978592307444668,0.0,0.0,0.0,0.24754982844071122,1.0,0.32374298572540283,0.05368432775139809,0.04678243398666382,0.029572464589572436,0.02957779614363448,0.011769435368478298,0.011548300196106236,0.0,0.0,0.01390872597694397,False,False
2.315,10.042411804199219,23.402238845825195,1.6672087907791138,2.10979530891351,0.2696494729439164,0.9069500000000145,0.09304999999998553,0.0,619,579,1.1815365408565217,0.8184634591434783,32.0,32,5.0,18.0,0.038414034992456436,13.775296093744572,18.313709615157613,0.0,0.0,0.0,0.22692067607065206,1.0,0.3242744505405426,0.05364031717181206,0.0467875599861145,0.029458177814803005,0.029441240141711116,0.01178103576724728,0.011555916086460154,0.0,0.0,0.01785144805908203,False,False
2.32,10.018473625183105,23.49139404296875,1.6857671737670898,2.4243571002966284,0.6059626853897757,0.9068500000000145,0.09314999999998552,0.0,625,590,1.1664084957851448,0.8335915042148552,17.0,17,4.0,22.0,0.03848157450556755,20.960688085932524,25.120900480561144,0.0,0.0,0.0,0.20801061973143095,1.0,0.3245834708213806,0.05350301414728165,0.04679250717163086,0.029239713092101355,0.02920433481945618,0.011767575439686578,0.011540170526131988,0.0,0.0,0.023719086647033694,False,False
2.325,10.032247543334961,23.533517837524414,1.6959110498428345,1.375813990672797,0.7983064082269046,0.9067500000000145,0.09324999999998551,0.0,536,502,1.485874454469716,0.514125545530284,21.0,21,0.0,22.0,0.03838847950100899,19.21396407877148,31.36082544051438,0.0,0.0,0.0,0.607343068087145,1.0,0.3246772587299347,0.053376588970422745,0.04679757356643677,0.029139431893825143,0.029089712491103373,0.011753215221688151,0.011524466099217534,0.0,0.0,0.01737954020500183,False,False
2.33,9.96127986907959,23.649965286254883,1.647828459739685,0.1711470931314732,0.2794822298166245,0.9066500000000145,0.0933499999999855,0.0,631,601,1.5,0.2212817500694273,50.0,50,2.0,21.0,0.03830229490995407,17.612800405540522,37.08075665380484,0.0,0.0,0.0,0.9733978124132159,1.0,0.32564011216163635,0.05344758555293083,0.04680246114730835,0.028794811320063902,0.02880151680748251,0.011699068903302154,0.011480130876104038,0.0,0.0,0.023312091827392578,False,False
2.335,9.819387435913086,23.731325149536133,1.6550534963607788,2.4412449258663655,0.9999999999999999,0.9065500000000145,0.09344999999998549,0.0,645,608,1.5,0.28617493756364154,47.0,47,4.0,23.0,0.038231443613767624,16.145067038412144,33.990693599321105,0.0,0.0,0.0,0.892281328045448,1.0,0.32631275057792664,0.053543876856565475,0.04680740833282471,0.028598568531800612,0.028607225451967297,0.011731486689920228,0.011512147805963954,0.0,0.0,0.019006898403167726,False,False
2.34,9.816853523254395,23.814390182495117,1.6276649236679077,2.5328673553034062,0.57127527280782,0.9064500000000145,0.09354999999998548,0.0,605,567,1.3210063072333287,0.6789936927666714,26.0,26,7.0,28.0,0.03827846422791481,23.132978118544465,31.15813579937768,0.0,0.0,0.0,0.4012578840416607,1.0,0.3267573416233063,0.05345100909471512,0.046812355518341064,0.02843329911252136,0.028461767217299216,0.011687747513254484,0.011473186702157061,0.0,0.0,0.021020724773406985,False,False
2.345,9.920690536499023,23.870323181152344,1.5741075277328491,0.5346671737443219,0.5394280996037722,0.9063500000000145,0.09364999999998547,0.0,648,612,0.9609224482972177,1.0390775517027822,38.0,38,5.0,32.0,0.038216330111026764,29.538563275332425,28.56162448276287,0.0,0.0,0.0,-0.04884693962847777,1.0,0.32698124647140503,0.05343417450785637,0.04681718349456787,0.028239961117854897,0.028316905697962514,0.011576771503314376,0.01137410756200552,0.0,0.0,0.02359107732772827,False,False
2.35,9.98780345916748,23.879009246826172,1.5343562364578247,0.5416027519591863,0.2665317096196649,0.9062500000000145,0.09374999999998546,0.0,614,584,0.9641789109391163,1.0358210890608837,37.0,37,3.0,28.0,0.03816759213805199,27.07701633572139,26.181489109199298,0.0,0.0,0.0,-0.04477636132610456,1.0,0.3269916772842407,0.05341267213225365,0.04682213068008423,0.028173584064235542,0.02828414753137585,0.011514048868169388,0.011319646146148443,0.0,0.0,0.021933815479278564,False,False
2.355,10.000724792480469,23.912193298339844,1.501212477684021,2.6766658819794378,0.3635379341450266,0.9061500000000146,0.09384999999998545,0.0,584,548,0.9671640016941899,1.0328359983058102,20.0,20,1.0,24.0,0.03833238407969475,24.820598307744607,23.999698350099354,0.0,0.0,0.0,-0.04104499788226264,1.0,0.3278728723526001,0.05328717455267906,0.04682689905166626,0.02807959026540592,0.028216013379278215,0.01147898651349048,0.011290671148647865,0.0,0.0,0.028208463191986083,False,False
2.36,10.032697677612305,24.005542755126953,1.4505475759506226,2.1871966533587783,0.7109986943220067,0.9060500000000146,0.09394999999998543,0.0,665,631,1.303233668219674,0.696766331780326,25.0,25,4.0,23.0,0.03827491030097008,22.752215115432556,30.333056820924405,0.0,0.0,0.0,0.3790420852745925,1.0,0.3284655511379242,0.05318491905927658,0.04683166742324829,0.0278780640374555,0.02806105630619725,0.011394426692277193,0.01121849558937053,0.0,0.0,0.03421454429626465,False,False
2.365,10.029847145080566,24.019651412963867,1.417604684829712,0.6069775140197633,0.8132063008924569,0.9059500000000146,0.09404999999998542,0.0,683,644,1.5,0.3887024707986323,19.0,19,3.0,25.0,0.038380857557058334,20.85619718914651,36.1386354191807,0.0,0.0,0.0,0.7641219115017096,1.0,0.32883182168006897,0.05306316539645195,0.04683637619018555,0.027853791361790708,0.028072335114818624,0.011364584400629004,0.01119748145962755,0.0,0.0,0.025198214054107666,False,False
2.37,10.049286842346191,24.128433227539062,1.4227362871170044,1.389558760343862,0.8081443600253033,0.9058500000000146,0.09414999999998541,0.0,639,604,1.2270227351012535,0.7729772648987465,30.0,30,2.0,9.0,0.03871772065758705,27.451514090050967,33.127082467582305,0.0,0.0,0.0,0.2837784188765669,1.0,0.3289790153503418,0.05298406258225441,0.0468410849571228,0.0276037149173592,0.027809225517324735,0.011315930169075727,0.011148161720484495,0.0,0.0,0.029902918338775637,False,False
2.375,10.186092376708984,24.269311904907227,1.3904666900634766,0.5736633454106529,0.30588634289764305,0.9057500000000146,0.0942499999999854,0.0,572,542,1.5,0.4585624928238511,39.0,39,5.0,19.0,0.03891356289386749,25.163887915880053,38.69982559528378,0.0,0.0,0.0,0.6767968839701861,1.0,0.3289142847061157,0.05297744274139404,0.04684567451477051,0.027305940146674035,0.02752439478051346,0.011190194248532256,0.011030208552256227,0.0,0.0,0.010584694147109986,False,False
2.38,10.278034210205078,24.44269371032715,1.4072957038879395,0.3510365486400343,0.6961421186897533,0.9056500000000146,0.09434999999998539,0.0,666,619,1.4963177149114697,0.5036822850885303,54.0,54,4.0,25.0,0.03883587196469307,23.06689725622338,35.474840129010126,0.0,0.0,0.0,0.6203971436393372,1.0,0.3297218680381775,0.05310983955860138,0.04685026407241821,0.026960989860817436,0.027159331295988163,0.011095968463147681,0.01093631338638564,0.0,0.0,0.015204111337661743,False,False
2.3850000000000002,10.249351501464844,24.57748794555664,1.4698446989059448,2.7551366858405943,0.5736564856320636,0.9055500000000146,0.09444999999998538,0.0,595,556,1.454957905335514,0.545042094664486,36.0,36,3.0,26.0,0.038762181997299194,21.144655818204765,32.51860345159261,0.0,0.0,0.0,0.5686973816693923,1.0,0.33024245500564575,0.05310364440083504,0.04685485363006592,0.026660860475229985,0.026804306774244595,0.011085439861441653,0.010915683427204689,0.0,0.0,0.0170419716835022,False,False
2.39,10.215620040893555,24.61370849609375,1.5077273845672607,-0.952597788588878,0.498094091186983,0.9054500000000146,0.09454999999998537,0.0,504,476,1.4170447465575544,0.5829552534424456,17.0,17,4.0,25.0,0.03867311030626297,19.3826011666877,29.808719830626558,0.0,0.0,0.0,0.521305933196943,1.0,0.3305380940437317,0.05296206846833229,0.0468592643737793,0.02655510204335795,0.026662369152918728,0.011096408513064187,0.010919055591026943,0.0,0.0,0.011576380729675293,False,False
2.395,10.175980567932129,24.57887840270996,1.530348777770996,1.8131895054116691,0.7891538459784945,0.9053500000000146,0.09464999999998536,0.0,642,612,1.3822910176777583,0.6177089823222418,57.0,57,0.0,16.0,0.03860434144735336,17.767384402797056,27.32465984474101,0.0,0.0,0.0,0.4778637720971977,1.0,0.3316934108734131,0.053106822073459625,0.046863853931427,0.02660714836337102,0.026696736497687747,0.011127397883683443,0.010944974686329564,0.0,0.0,0.011989364624023438,False,False
2.4,10.10339069366455,24.63826560974121,1.5537524223327637,2.3641984717752877,0.3308170113598296,0.9052500000000147,0.09474999999998535,0.0,694,660,1.3504334328712781,0.6495665671287217,34.0,34,5.0,30.0,0.03861737623810768,16.2867690358973,25.047604857679257,0.0,0.0,0.0,0.4380417910890978,1.0,0.3325493335723877,0.05306308716535568,0.04686844348907471,0.02646615903234695,0.026539934841294733,0.011139321140944958,0.01095334766432643,0.0,0.0,0.018575292825698853,False,False
2.4050000000000002,10.092219352722168,24.707557678222656,1.5572547912597656,2.242821738254565,0.5054793735596735,0.9051500000000147,0.09484999999998533,0.0,683,647,1.3212306467986719,0.6787693532013281,20.0,20,5.0,30.0,0.038581397384405136,14.929538282905858,22.960304452872652,0.0,0.0,0.0,0.4015383084983397,1.0,0.33316829800605774,0.052965156733989716,0.04687291383743286,0.026317550284244387,0.02638702686837218,0.011118177402143678,0.010932197328656912,0.0,0.0,0.027578456401824953,False,False
2.41,10.097555160522461,24.750852584838867,1.5337880849838257,1.1955086219482676,0.4782937391163256,0.9050500000000147,0.09494999999998532,0.0,571,537,0.9611280928987825,1.0388719071012174,32.0,32,2.0,27.0,0.039007991552352905,22.018743425997034,21.046945748466598,0.0,0.0,0.0,-0.048589883876521786,1.0,0.3346351683139801,0.05290414020419121,0.04687732458114624,0.026221306549035595,0.026307960528996425,0.011091766646131873,0.010910127699996035,0.0,0.0,0.014295793771743776,False,False
2.415,10.002700805664062,24.88263511657715,1.4863224029541016,2.395803026157519,0.7992367160578705,0.9049500000000147,0.09504999999998531,0.0,580,551,0.9643674184905506,1.0356325815094494,50.0,50,5.0,29.0,0.03892192989587784,20.18384814049728,19.293033602761046,0.0,0.0,0.0,-0.044540726886811655,1.0,0.3357912600040436,0.05296843498945236,0.046881794929504395,0.025907485027292707,0.026041058897156848,0.011036864792307218,0.010867490200325847,0.0,0.0,0.025162975788116455,False,False
2.42,9.880023002624512,25.039981842041016,1.5182656049728394,-0.32359001571717305,0.2638496887119485,0.9048500000000147,0.0951499999999853,0.0,542,507,0.6340034669496717,1.3659965330503283,32.0,32,3.0,16.0,0.03885217010974884,35.1685274621225,26.01861413586429,0.0,0.0,0.0,-0.4574956663129104,1.0,0.3366992473602295,0.052926789969205856,0.046886146068573,0.025621692271864012,0.02572509348477824,0.011048390685270231,0.010873144492506981,0.0,0.0,0.018407775163650514,False,False
2.4250000000000003,9.924524307250977,25.156789779663086,1.4660154581069946,2.807019939864771,0.16565359844571345,0.9047500000000147,0.09524999999998529,0.0,613,582,0.9978365113705325,1.0021634886294675,17.0,17,1.0,24.0,0.038804396986961365,32.23781684027895,32.183729624542266,0.0,0.0,0.0,-0.0027043607868343146,1.0,0.3373670279979706,0.05276615917682648,0.04689055681228638,0.025409148125326853,0.02554610283905606,0.01095942105166614,0.010794828413054347,0.0,0.0,0.018340898752212526,False,False
2.43,10.030549049377441,25.211071014404297,1.408630132675171,1.7230580808335871,0.8412340018457182,0.9046500000000147,0.09534999999998528,0.0,610,578,0.6646834687563213,1.3353165312436786,28.0,28,5.0,19.0,0.038779325783252716,37.884665436922376,29.50175215583041,0.0,0.0,0.0,-0.4191456640545983,1.0,0.33780232071876526,0.052694737911224365,0.04689478874206543,0.02526168351818308,0.025444445881487775,0.010849482302243512,0.01069961697794497,0.0,0.0,0.020757296085357667,False,False
2.435,10.062079429626465,25.198352813720703,1.3945353031158447,1.4962657402163078,0.06229882821612218,0.9045500000000147,0.09544999999998527,0.0,654,625,0.6926265130266278,1.3073734869733722,60.0,60,2.0,22.0,0.03895535320043564,34.72760998384551,27.04327280951121,0.0,0.0,0.0,-0.3842168587167151,1.0,0.3380126357078552,0.0528998076915741,0.04689908027648926,0.025245110046350987,0.02544025555187026,0.010831817829360565,0.010684730562691888,0.0,0.0,0.02016533374786377,False,False
2.44,10.089412689208984,25.240327835083008,1.3711938858032227,0.6600455764358771,0.3523504987262818,0.9044500000000147,0.09554999999998526,0.0,573,542,0.7182409702744088,1.2817590297255912,37.0,37,5.0,20.0,0.038921259343624115,31.833642485191717,24.78966674205194,0.0,0.0,0.0,-0.35219878715698894,1.0,0.3390825688838959,0.05286082997918129,0.04690343141555786,0.02516506030701533,0.0253735612693705,0.01079736277461052,0.010654528935750326,0.0,0.0,0.02230708122253418,False,False
2.445,10.121102333068848,25.30962562561035,1.3368104696273804,-2.821769002714796,0.42226122937002675,0.9043500000000148,0.09564999999998525,0.0,486,455,0.741720889418208,1.258279110581792,20.0,20,0.0,17.0,0.03884207457304001,29.180838944759074,22.723861180214275,0.0,0.0,0.0,-0.32284888822723995,1.0,0.3398531377315521,0.05273880809545517,0.046907663345336914,0.02505153700162157,0.02528444751856504,0.010737451569487652,0.010603367506215971,0.0,0.0,0.022128658294677736,False,False
2.45,10.113069534301758,25.32805633544922,1.3060866594314575,0.9327409729165903,0.46572607766488733,0.9042500000000148,0.09574999999998524,0.0,501,473,0.7632441486333574,1.2367558513666426,20.0,20,1.0,19.0,0.038769856095314026,26.74910236602915,20.830206081863086,0.0,0.0,0.0,-0.29594481420830315,1.0,0.3403867483139038,0.052617255598306656,0.04691189527511597,0.025012444598871572,0.025269246166222392,0.010719165050735077,0.01059190253727138,0.0,0.0,0.012637619972229005,False,False
2.455,10.167122840881348,25.411090850830078,1.305403232574463,0.44107410554446747,0.8195289180813072,0.9041500000000148,0.09584999999998522,0.0,573,543,0.7829738029139109,1.2170261970860892,27.0,27,1.0,25.0,0.03870609775185585,24.520010502193387,19.09435557504116,0.0,0.0,0.0,-0.27128274635761135,1.0,0.34069105982780457,0.05251756310462952,0.04691600799560547,0.024865446675102824,0.025113988649099726,0.010672767724220952,0.010544925850505631,0.0,0.0,0.02208665370941162,False,False
2.46,10.318235397338867,25.477964401245117,1.2733829021453857,-1.08917107415317,0.5858589588494393,0.9040500000000148,0.09594999999998521,0.0,586,552,0.8010593193377518,1.1989406806622482,18.0,18,1.0,25.0,0.03863883763551712,22.47667629367727,17.503159277121064,0.0,0.0,0.0,-0.24867585082781024,1.0,0.34077349305152893,0.05239354819059372,0.04692012071609497,0.024755161887965765,0.025018593986867593,0.010578725875044864,0.010458402490864199,0.0,0.0,0.015772422552108766,False,False
2.465,10.383820533752441,25.623493194580078,1.305871605873108,1.1246387936755229,0.7475115421209251,0.9039500000000148,0.0960499999999852,0.0,623,582,0.8176377093929392,1.1823622906070608,28.0,28,5.0,22.0,0.03862651810050011,20.603619935870828,16.044562670694308,0.0,0.0,0.0,-0.227952863258826,1.0,0.3406413197517395,0.05231387913227081,0.0469241738319397,0.024496375254781894,0.0247326812255969,0.010514860429490607,0.010390875007336339,0.0,0.0,0.016785435676574707,False,False
2.47,10.346463203430176,25.72173500061035,1.377880573272705,0.6393506151492738,1.0,0.9038500000000148,0.09614999999998519,0.0,655,615,1.166167900276861,0.8338320997231391,28.0,28,7.0,16.0,0.038603972643613815,18.886651607881593,23.040849114803116,0.0,0.0,0.0,0.20770987534607616,1.0,0.34030163288116455,0.052231986075639725,0.046928226947784424,0.024272961914306185,0.02445224762731199,0.010516662538672488,0.010379530334224304,0.0,0.0,0.02074934720993042,False,False
2.475,10.286134719848633,25.695632934570312,1.4135738611221313,2.210033032735178,0.43732290901234483,0.9037500000000148,0.09624999999998518,0.0,661,625,1.4856539085871225,0.5143460914128775,46.0,46,1.0,22.0,0.038922835141420364,17.31276397389146,29.454111688569522,0.0,0.0,0.0,0.6070673857339031,1.0,0.34083858132362366,0.0522916242480278,0.046932220458984375,0.024288242775131617,0.024440216176017476,0.010554469578589003,0.01040900048489372,0.0,0.0,0.017378755807876588,False,False
2.48,10.22878360748291,25.726696014404297,1.4305514097213745,1.2152100164632835,1.0,0.9036500000000148,0.09634999999998517,0.0,642,613,1.4451827495381955,0.5548172504618044,48.0,48,3.0,14.0,0.03884396329522133,15.870033642733837,26.999602381188726,0.0,0.0,0.0,0.5564784369227445,1.0,0.3410927653312683,0.05240076780319214,0.046936213970184326,0.024217421456705454,0.02436118997478204,0.01056144208026429,0.010413536025832098,0.0,0.0,0.018168294429779054,False,False
2.485,10.234708786010742,25.83802032470703,1.4271697998046875,1.6575707347360193,0.4565196400790771,0.9035500000000148,0.09644999999998516,0.0,579,545,1.4080841870766792,0.5919158129233207,24.0,24,7.0,17.0,0.03877485916018486,14.547530839172683,24.749635516089665,0.0,0.0,0.0,0.510105233845849,1.0,0.3411262333393097,0.05233514681458473,0.04694020748138428,0.024018276724265562,0.02416230681375568,0.010513234495495757,0.01036737075385948,0.0,0.0,0.026104459762573244,False,False
2.49,10.265706062316895,25.88306999206543,1.4630502462387085,2.9811233892874136,0.4338316877657698,0.9034500000000149,0.09654999999998515,0.0,614,579,0.7074105048202894,1.2925894951797106,41.0,41,1.0,24.0,0.03868153691291809,30.001903269241623,22.687165889748858,0.0,0.0,0.0,-0.36573686897463825,1.0,0.3409461975097656,0.05233260616660118,0.04694408178329468,0.023940507280213127,0.02405502144123085,0.010502852577095231,0.010350683005526662,0.0,0.0,0.025536203384399415,False,False
2.495,10.261177062988281,25.983203887939453,1.4420983791351318,2.8356460107818267,0.5911002299745257,0.9033500000000149,0.09664999999998514,0.0,538,509,0.731792962751932,1.268207037248068,15.0,15,1.0,31.0,0.03859918937087059,27.501744663471488,20.796568732269787,0.0,0.0,0.0,-0.33525879656008506,1.0,0.34163698554039,0.052176836878061295,0.0469478964805603,0.02374826843062539,0.023877327008172543,0.010449542896822095,0.010302808368578553,0.0,0.0,0.022420685291290286,False,False
2.5,10.14422607421875,26.141714096069336,1.4292552471160889,0.35498352945100425,0.515488253093605,0.9032500000000149,0.09674999999998513,0.0,592,557,0.7541435491892711,1.245856450810729,27.0,27,5.0,26.0,0.03864281252026558,25.209932608182196,19.063521337913972,0.0,0.0,0.0,-0.3073205635134112,1.0,0.3420393168926239,0.052105408161878586,0.0469517707824707,0.023471147574484034,0.023612875665421282,0.010420006389419239,0.0102783824938039,0.0,0.0,0.016578148603439334,False,False
2.505,10.106413841247559,26.27869415283203,1.4148523807525635,3.0984364978447787,0.851851871490202,0.9031500000000149,0.09684999999998511,0.0,597,556,0.7746315867568319,1.2253684132431681,39.0,39,1.0,25.0,0.038717120885849,23.109104890833677,17.474894559754475,0.0,0.0,0.0,-0.2817105165539601,1.0,0.3422154188156128,0.05213193595409393,0.046955645084381104,0.02328435599221816,0.023427016292116284,0.010384183842688799,0.010245016310364008,0.0,0.0,0.016481133699417116,False,False
2.5100000000000002,10.201570510864258,26.37672996520996,1.379238247871399,0.8334978371717553,0.33510876259175487,0.9030500000000149,0.0969499999999851,0.0,607,571,1.1267456211937625,0.8732543788062375,36.0,36,4.0,12.0,0.03867555782198906,21.18334614993087,24.35198667977493,0.0,0.0,0.0,0.1584320264922031,1.0,0.34217262268066406,0.05210644379258156,0.046959519386291504,0.023103998739698903,0.02326712375215689,0.010285404277965426,0.010155390094344815,0.0,0.0,0.016842629909515384,False,False
2.515,10.265765190124512,26.392820358276367,1.3540483713150024,0.8437791817253585,0.3278279933324896,0.9029500000000149,0.09704999999998509,0.0,577,543,1.1161834860942823,0.8838165139057177,39.0,39,3.0,16.0,0.038622185587882996,19.418067304103296,22.322654456460352,0.0,0.0,0.0,0.1452293576178528,1.0,0.34191811084747314,0.05210857838392258,0.046963274478912354,0.023039398829568795,0.023222581935347673,0.010233405434216063,0.010110302828252316,0.0,0.0,0.01837941884994507,False,False
2.52,10.275818824768066,26.360816955566406,1.3215302228927612,0.8848795612329254,0.35606251891732776,0.9028500000000149,0.09714999999998508,0.0,582,556,1.1065015289197586,0.8934984710802414,41.0,41,5.0,36.0,0.03872521221637726,26.133228362094687,28.795766585088653,0.0,0.0,0.0,0.1331269111496983,1.0,0.3414589464664459,0.052150990813970566,0.0469670295715332,0.02307169230138697,0.0232772376994056,0.010230532304073375,0.010112715729822716,0.0,0.0,0.013333015441894533,False,False
2.525,10.3369722366333,26.446914672851562,1.3093010187149048,2.9246555827175613,0.3158367069626294,0.9027500000000149,0.09724999999998507,0.0,594,564,1.4309597348431122,0.5690402651568878,21.0,21,3.0,21.0,0.03878217190504074,23.955459331920128,34.72945270299793,0.0,0.0,0.0,0.5386996685538902,1.0,0.3418791890144348,0.0520390085875988,0.04697078466415405,0.022921214147470576,0.023128570690168684,0.010171578420946997,0.01005634820709626,0.0,0.0,0.013215668201446535,False,False
2.5300000000000002,10.35417652130127,26.540964126586914,1.2848511934280396,1.418713609088315,0.460179805052059,0.9026500000000149,0.09734999999998506,0.0,582,546,1.3950464236061861,0.6049535763938139,25.0,25,1.0,25.0,0.0386991947889328,21.959171054260118,31.83533164441477,0.0,0.0,0.0,0.49380802950773256,1.0,0.3420194089412689,0.05193445831537247,0.04697459936141968,0.022776791001669756,0.02299832563265196,0.010117161242912214,0.010008381602043908,0.0,0.0,0.039497859477996826,False,False
2.535,10.34781265258789,26.60466957092285,1.2881468534469604,1.2702055118131157,0.5799030028923489,0.902550000000015,0.09744999999998505,0.0,603,564,1.3621258883056704,0.6378741116943296,37.0,37,2.0,25.0,0.038601480424404144,20.129240133071775,29.182387340713536,0.0,0.0,0.0,0.45265736038208804,1.0,0.34194156527519226,0.05192575231194496,0.04697823524475098,0.02266499703625807,0.022882852264912486,0.010094915827115377,0.00998624988521139,0.0,0.0,0.02212691068649292,False,False
2.54,10.487948417663574,26.693384170532227,1.292073369026184,0.7686762125731494,0.5665488272211339,0.902450000000015,0.09754999999998504,0.0,598,573,1.3319487309468645,0.6680512690531354,18.0,18,2.0,30.0,0.03852161392569542,18.451803455315794,26.750521728987408,0.0,0.0,0.0,0.41493591368358074,1.0,0.3416528105735779,0.05180171877145767,0.04698193073272705,0.022511573442102417,0.022715419624427337,0.01001696373956899,0.009907079705347618,0.0,0.0,0.023577342033386232,False,False
2.545,10.627564430236816,26.81769561767578,1.2777928113937378,0.9272803158062787,0.9588338282108891,0.902350000000015,0.09764999999998503,0.0,620,587,0.9709530033679593,1.0290469966320408,21.0,21,5.0,30.0,0.03848288580775261,25.24748650070614,24.521311584905124,0.0,0.0,0.0,-0.036308745790050875,1.0,0.34116020798683167,0.051699064671993256,0.046985507011413574,0.02234253763093117,0.022551141863688517,0.009926018149902424,0.009821291314437985,0.0,0.0,0.013004722595214843,False,False
2.5500000000000003,10.635565757751465,26.976037979125977,1.321495532989502,2.0901099602257918,0.2365133116058541,0.902250000000015,0.09774999999998502,0.0,714,673,0.6400402530872961,1.359959746912704,64.0,64,5.0,19.0,0.03851824998855591,31.476862625647293,22.477868952829695,0.0,0.0,0.0,-0.4499496836408799,1.0,0.34154778718948364,0.05189714953303337,0.0469890832901001,0.02208598680390636,0.02226562453612345,0.009882789648448428,0.009772393774862092,0.0,0.0,0.01860494613647461,False,False
2.555,10.568150520324707,27.016237258911133,1.36696457862854,0.6102837721645078,0.9867553757617222,0.902150000000015,0.097849999999985,0.0,659,618,0.3367035653300213,1.5,44.0,44,6.0,29.0,0.038492534309625626,37.18712407351002,20.604713206760554,0.0,0.0,0.0,-0.8291205433374733,1.0,0.3416560888290405,0.051947277039289474,0.04699277877807617,0.02197877260177211,0.02212536785790356,0.009899722257008156,0.00978025180908541,0.0,0.0,0.021066856384277344,False,False
2.56,10.50135326385498,26.96286392211914,1.4011698961257935,1.0471086581848954,0.7762982754406041,0.902050000000015,0.097949999999985,0.0,625,588,0.7253116015525194,1.2746883984474806,18.0,18,0.0,29.0,0.038703083992004395,34.088197067384186,27.22098710619717,0.0,0.0,0.0,-0.34336049805935076,1.0,0.34262433648109436,0.05183229222893715,0.046996355056762695,0.022040697299525777,0.02216798496595554,0.00994271831586957,0.009815895076220235,0.0,0.0,0.01509026050567627,False,False
2.565,10.45970630645752,27.016233444213867,1.4212477207183838,2.1382683364572816,0.7854902929277386,0.901950000000015,0.09804999999998498,0.0,488,466,0.7482023014231427,1.2517976985768573,38.0,38,3.0,20.0,0.038785919547080994,31.247513978435503,24.95257151401407,0.0,0.0,0.0,-0.31474712322107157,1.0,0.34329354763031006,0.051855526864528656,0.04699993133544922,0.021956295557707867,0.022075254254624876,0.009937682189047337,0.009808813532193502,0.0,0.0,0.019151232242584228,False,False
2.57,10.465497970581055,27.115251541137695,1.451926350593567,1.1439940985269719,0.7204976651401535,0.901850000000015,0.09814999999998497,0.0,508,477,0.7691854429712143,1.2308145570287858,45.0,45,1.0,23.0,0.03887764364480972,28.64355448023254,22.8731905545129,0.0,0.0,0.0,-0.28851819628598213,1.0,0.34372615814208984,0.05189109593629837,0.04700344800949097,0.02180152308614895,0.02189869251606646,0.009912082071726521,0.00977861889017125,0.0,0.0,0.030892887115478516,False,False
2.575,10.502334594726562,27.148271560668945,1.478591799736023,-3.0587120958709857,0.5020139405636643,0.901750000000015,0.09824999999998496,0.0,520,484,0.4550866560569463,1.5,20.0,20,1.0,28.0,0.038843121379613876,34.589924940213166,20.967091341636824,0.0,0.0,0.0,-0.6811416799288171,1.0,0.34392979741096497,0.051768865436315536,0.047006964683532715,0.021750646960455627,0.021826024004956406,0.009901811523983877,0.009763522539287806,0.0,0.0,0.019111006259918215,False,False
2.58,10.465192794799805,27.29524803161621,1.4436450004577637,2.5028171803791848,0.9999999999999999,0.901650000000015,0.09834999999998495,0.0,525,497,0.5004961013855341,1.4995038986144658,25.0,25,0.0,19.0,0.0387585274875164,31.7074311951954,19.219833729833756,0.0,0.0,0.0,-0.6243798732680823,1.0,0.3439119756221771,0.05166001245379448,0.04701042175292969,0.021524444737587762,0.021624864845458745,0.009841943780581158,0.009711939686288437,0.0,0.0,0.023604485988616943,False,False
2.585,10.33681869506836,27.465940475463867,1.4518005847930908,-2.8977677278252862,0.21417277480155297,0.9015500000000151,0.09844999999998494,0.0,537,509,0.8754547596034062,1.1245452403965936,25.0,25,4.0,23.0,0.03867221623659134,29.06514526226245,25.951514252347607,0.0,0.0,0.0,-0.1556815504957422,1.0,0.34367993474006653,0.05154836177825928,0.047013938426971436,0.021282896400429015,0.02138020148943149,0.009825218003243208,0.009695601960023245,0.0,0.0,0.015273271799087527,False,False
2.59,10.352012634277344,27.608522415161133,1.4226723909378052,1.316141264202164,0.4839591427986176,0.9014500000000151,0.09854999999998493,0.0,499,468,1.219166862969789,0.7808331370302112,21.0,21,2.0,25.0,0.038588035851716995,26.64304982374058,32.1222213979853,0.0,0.0,0.0,0.273958578712236,1.0,0.34324076771736145,0.05142517387866974,0.04701733589172363,0.02109470235393354,0.02120287982944836,0.00975660785722236,0.009633038425818086,0.0,0.0,0.01599465847015381,False,False
2.595,10.459393501281738,27.677078247070312,1.3925954103469849,2.4721314319330223,0.999529229363286,0.9013500000000151,0.09864999999998492,0.0,631,588,1.2009029577223065,0.7990970422776935,16.0,16,1.0,21.0,0.03851158916950226,24.422795671762195,29.445369614819857,0.0,0.0,0.0,0.2511286971528831,1.0,0.3426014184951782,0.05129050463438034,0.04702073335647583,0.02097362855783014,0.021098114787445426,0.009673545137047768,0.009557378167907398,0.0,0.0,0.020171713829040528,False,False
2.6,10.498967170715332,27.651309967041016,1.3626307249069214,-1.041562738557104,0.5702662153828536,0.9012500000000151,0.0987499999999849,0.0,673,632,1.184161044578781,0.8158389554212191,37.0,37,5.0,12.0,0.03842722252011299,22.387562699115346,26.99158881358487,0.0,0.0,0.0,0.23020130572347614,1.0,0.3417685925960541,0.05128109082579613,0.04702407121658325,0.020978453881029376,0.021122688923186028,0.009652202716097236,0.009541909287994107,0.0,0.0,0.016619514226913455,False,False
2.605,10.524730682373047,27.639328002929688,1.3199267387390137,1.298942112423626,0.44718821300513784,0.9011500000000151,0.0988499999999849,0.0,589,555,0.8354809575305491,1.164519042469451,41.0,41,4.0,17.0,0.038334257900714874,28.8552658075224,24.742289745786127,0.0,0.0,0.0,-0.20564880308681363,1.0,0.3418261706829071,0.051337916404008865,0.0470273494720459,0.020994367089587906,0.021161025326000237,0.009637082694098353,0.009533380701517066,0.0,0.0,0.014455597400665285,False,False
2.61,10.57231616973877,27.71660804748535,1.2994922399520874,3.045483492325183,0.8229349336767999,0.9010500000000151,0.09894999999998488,0.0,582,548,0.5158575444030034,1.4841424555969966,45.0,45,6.0,14.0,0.03826391324400902,34.78399365689553,22.680432266970616,0.0,0.0,0.0,-0.6051780694962459,1.0,0.34161442518234253,0.051408473402261734,0.04703068733215332,0.020892506721274025,0.021067253771121328,0.009588915466641387,0.009489306636775535,0.0,0.0,0.026480529308319095,False,False
2.615,10.588221549987793,27.7625675201416,1.2769243717193604,1.1835166542008748,0.9994978074327774,0.9009500000000151,0.09904999999998487,0.0,537,508,0.5562027490360864,1.4437972509639136,26.0,26,2.0,22.0,0.038208119571208954,31.885327518820905,20.790396244723063,0.0,0.0,0.0,-0.5547465637048921,1.0,0.3411950469017029,0.05133136734366417,0.04703396558761597,0.020834558507737726,0.02102152471706087,0.00955787138082087,0.009463228828584155,0.0,0.0,0.025054647922515872,False,False
2.62,10.630024909973145,27.85740852355957,1.3218166828155518,0.7340225667536077,0.241201158670338,0.9008500000000151,0.09914999999998486,0.0,582,545,0.5931858532830792,1.4068141467169208,22.0,22,1.0,28.0,0.03820103779435158,29.228216892252494,19.057863224329473,0.0,0.0,0.0,-0.508517683396151,1.0,0.3405749499797821,0.05121627822518349,0.04703718423843384,0.02067811148939626,0.020835128844948203,0.009523500145102542,0.009421196300536394,0.0,0.0,0.023262126445770265,False,False
2.625,10.751862525939941,27.899246215820312,1.3254138231277466,0.3803011724077214,0.4607434874660108,0.9007500000000151,0.09924999999998485,0.0,568,536,0.6270870321761559,1.372912967823844,58.0,58,1.0,20.0,0.038331400603055954,26.792532151231452,17.46970795563535,0.0,0.0,0.0,-0.4661412097798051,1.0,0.3408381938934326,0.05135326087474823,0.04704040288925171,0.020623548153321902,0.02077360779601897,0.009470497413227957,0.009367958797762792,0.0,0.0,0.014230605363845825,False,False
2.63,10.799986839294434,27.971506118774414,1.3169108629226685,1.1196211509616096,0.7201175805122436,0.9006500000000152,0.09934999999998484,0.0,583,548,0.3248297794948096,1.5,36.0,36,3.0,25.0,0.03854012116789818,32.89315447196216,16.013898959332405,0.0,0.0,0.0,-0.8439627756314879,1.0,0.3408252000808716,0.05136652663350105,0.04704362154006958,0.020543568326780916,0.020698150415361268,0.009434126550331712,0.009334273636341095,0.0,0.0,0.019144093990325926,False,False
2.6350000000000002,10.734588623046875,28.071353912353516,1.3761709928512573,1.9435409173672187,0.36408075208476487,0.9005500000000152,0.09944999999998483,0.0,636,596,0.3810939645369088,1.5,11.0,11,8.0,28.0,0.03858282044529915,30.152058265965316,14.679407379388037,0.0,0.0,0.0,-0.773632544328864,1.0,0.34059783816337585,0.05120988190174103,0.04704684019088745,0.02038128426542943,0.020502458556904177,0.009432351604724925,0.00932311600384613,0.0,0.0,0.017430260181427005,False,False
2.64,10.663172721862793,28.104644775390625,1.4422022104263306,2.312530500275747,0.8017124639038941,0.9004500000000152,0.09954999999998482,0.0,628,595,0.7660028008254998,1.2339971991745002,30.0,30,1.0,31.0,0.03851013258099556,27.639386743801538,21.78945676443903,0.0,0.0,0.0,-0.29249649896812535,1.0,0.3401632308959961,0.0511290580034256,0.04704999923706055,0.020306853627630544,0.020391179567551893,0.009458299027755857,0.009338076924905181,0.0,0.0,0.022270097732543948,False,False
2.645,10.639041900634766,28.09742546081543,1.4840630292892456,0.5448662363528851,0.22287503650371412,0.9003500000000152,0.0996499999999848,0.0,581,543,0.7855025674233749,1.2144974325766251,46.0,46,0.0,24.0,0.03846690058708191,25.33610451515141,19.97366870073578,0.0,0.0,0.0,-0.26812179072078146,1.0,0.33952829241752625,0.05119938775897026,0.04705321788787842,0.02030648785817874,0.020370826316803103,0.009474333686133226,0.009348279951761167,0.0,0.0,0.02306534290313721,False,False
2.65,10.612527847290039,28.161174774169922,1.509634017944336,0.6393506151492738,1.0,0.9002500000000152,0.0997499999999848,0.0,619,590,0.8033773534714268,1.1966226465285732,41.0,41,4.0,27.0,0.038402117788791656,23.224762472222125,18.309196309007795,0.0,0.0,0.0,-0.24577830816071647,1.0,0.3386997580528259,0.05124734342098236,0.04705631732940674,0.020222117515746228,0.02027412875380805,0.009467353811487556,0.009338383097201586,0.0,0.0,0.03146143674850464,False,False
2.6550000000000002,10.592707633972168,28.228713989257812,1.5397204160690308,2.145367566430205,0.06639296045813034,0.9001500000000152,0.09984999999998478,0.0,680,649,0.4864292406821412,1.5,49.0,49,7.0,16.0,0.03847137838602066,29.62269893287028,16.78342994992381,0.0,0.0,0.0,-0.6419634491473234,1.0,0.33876150846481323,0.0513274110853672,0.047059476375579834,0.020141837769187706,0.020176163716047413,0.009464863299702605,0.009331265076374015,0.0,0.0,0.03601169109344483,False,False
2.66,10.58117389678955,28.374408721923828,1.5332872867584229,1.4895288871003514,0.5756900870884194,0.9000500000000152,0.09994999999998477,0.0,626,588,0.5292268039586294,1.4707731960413706,16.0,16,4.0,17.0,0.0384596548974514,27.15414068846442,15.384810787430158,0.0,0.0,0.0,-0.5884664950517131,1.0,0.338553786277771,0.05118226259946823,0.047062456607818604,0.019966531884739833,0.0200024742491851,0.009422539733350277,0.009290586846570175,0.0,0.0,0.024719407558441164,False,False
2.665,10.55461597442627,28.586483001708984,1.5093107223510742,-0.418705368696824,0.3316147506999757,0.8999500000000152,0.10004999999998476,0.0,579,546,0.5684579036287438,1.4315420963712562,32.0,32,1.0,15.0,0.038386356085538864,24.891295631092383,14.102743221810979,0.0,0.0,0.0,-0.5394276204640702,1.0,0.33813828229904175,0.051154300570487976,0.0470656156539917,0.01968181515752776,0.01972970026824596,0.00934178203654786,0.009216002266233167,0.0,0.0,0.006184963583946228,False,False
2.67,10.520942687988281,28.7734375,1.523237943649292,2.0973625867919683,0.8258049643057576,0.8998500000000152,0.10014999999998475,0.0,597,560,0.6044197449930151,1.395580255006985,45.0,45,1.0,14.0,0.038313549011945724,22.81702099516802,12.927514619993397,0.0,0.0,0.0,-0.4944753187587311,1.0,0.3375219702720642,0.05119030550122261,0.04706871509552002,0.019456448629769852,0.019493686694341133,0.009289933368563652,0.009163662325590849,0.0,0.0,0.016989569664001468,False,False
2.6750000000000003,10.526670455932617,28.877660751342773,1.5138150453567505,1.6934650592823646,0.7221440573725151,0.8997500000000153,0.10024999999998474,0.0,567,539,0.6373847662435972,1.3626152337564028,37.0,37,5.0,18.0,0.03824011981487274,20.915602578904018,11.850221734993948,0.0,0.0,0.0,-0.4532690421955035,1.0,0.3377888798713684,0.051204778254032135,0.047071754932403564,0.019323337131955703,0.01936200447570661,0.009242721910898885,0.009119230477760237,0.0,0.0,0.019931755065917968,False,False
2.68,10.601638793945312,28.949737548828125,1.5019922256469727,1.0294802879703848,0.07361101999528487,0.8996500000000153,0.10034999999998473,0.0,584,544,1.0009360357232975,0.9990639642767026,24.0,24,3.0,19.0,0.03818019479513168,19.172635697328683,19.19603659041112,0.0,0.0,0.0,0.00117004465412176,1.0,0.3377794623374939,0.051090482622385025,0.04707479476928711,0.01921004419040374,0.01925608169927701,0.009184357089300951,0.009064350742846727,0.0,0.0,0.019695544242858888,False,False
2.685,10.630825996398926,28.926780700683594,1.4871337413787842,2.531173067096681,1.0,0.8995500000000153,0.10044999999998472,0.0,619,587,0.6675246994130226,1.3324753005869774,38.0,38,5.0,22.0,0.038292109966278076,25.908249389217957,17.596366874543524,0.0,0.0,0.0,-0.4155941257337217,1.0,0.33755555748939514,0.05108261853456497,0.047077834606170654,0.01921742389366625,0.01927302849960176,0.009177443959439795,0.00905959129643937,0.0,0.0,0.015033080577850345,False,False
2.69,10.662601470947266,28.948272705078125,1.4500056505203247,0.22565343992873751,0.38513492200167526,0.8994500000000153,0.10054999999998471,0.0,657,625,1.0285643077952706,0.9714356922047293,30.0,30,5.0,28.0,0.03842151165008545,23.749228606783127,24.463336301664896,0.0,0.0,0.0,0.03570538474408842,1.0,0.3371242880821228,0.05101406201720238,0.0470808744430542,0.019180120971752066,0.019253638594799102,0.009148318398122987,0.00903622324888905,0.0,0.0,0.018054785728454592,False,False
2.695,10.704390525817871,29.007631301879883,1.4365131855010986,1.6999320478333477,0.4322144268582906,0.8993500000000153,0.1006499999999847,0.0,608,573,1.359517282145665,0.6404827178543351,40.0,40,3.0,26.0,0.038479115813970566,21.77012622288453,30.758058276526153,0.0,0.0,0.0,0.4493966026820811,1.0,0.33756986260414124,0.05106251686811447,0.04708379507064819,0.019102200903813087,0.01918080648174483,0.009110470612843832,0.009000974241644144,0.0,0.0,0.02513099431991577,False,False
2.7,10.713778495788574,29.052082061767578,1.4309720993041992,,0.0,0.8992500000000153,0.10074999999998469,0.0,573,534,0.9962241753001928,1.0037758246998072,44.0,44,3.0,14.0,0.038637999445199966,28.289282370977485,28.194886753482304,0.0,0.0,0.0,-0.0047197808747590385,1.0,0.33773288130760193,0.051108695566654205,0.04708695411682129,0.019050742809466444,0.01913169693810994,0.009089943099146089,0.00898189648675422,0.0,0.0,0.013729411363601684,False,False
2.705,10.789936065673828,29.15989112854004,1.5053411722183228,0.8900882376449369,0.4710052556838066,0.8991500000000153,0.10084999999998467,0.0,604,576,0.6632054940251766,1.3367945059748234,22.0,22,1.0,11.0,0.038571797311306,34.26517550672936,25.845312857358778,0.0,0.0,0.0,-0.4209931324685293,1.0,0.33767539262771606,0.051005974411964417,0.04708987474441528,0.018910673610322535,0.018950136887530222,0.009057996794581413,0.008938909353067478,0.0,0.0,0.03176419734954834,False,False
2.71,10.91611385345459,29.241579055786133,1.4839879274368286,0.20262431895074057,0.8805449890006204,0.8990500000000153,0.10094999999998466,0.0,534,503,0.6912717028564118,1.3087282971435883,33.0,33,0.0,12.0,0.03849875181913376,31.409744214501917,23.691536785912213,0.0,0.0,0.0,-0.3859103714294852,1.0,0.33740463852882385,0.0509650856256485,0.04709285497665405,0.018824317794292906,0.018872069502365516,0.008989904696742695,0.008875458734109998,0.0,0.0,0.020121648311614993,False,False
2.715,10.898401260375977,29.316938400268555,1.4958230257034302,2.469257455719601,0.24127698786598362,0.8989500000000153,0.10104999999998465,0.0,594,561,0.7169990609517108,1.2830009390482893,22.0,22,4.0,19.0,0.038454581052064896,28.79226552996009,21.717242053752862,0.0,0.0,0.0,-0.3537511738103614,1.0,0.3369276821613312,0.05087148770689964,0.04709577560424805,0.018748726568533776,0.018792971680677853,0.008978509188940128,0.008863417121271294,0.0,0.0,0.018174703121185305,False,False
2.72,10.80605697631836,29.379308700561523,1.5570764541625977,0.808476116331439,0.9710326087425099,0.8988500000000154,0.10114999999998464,0.0,602,569,0.7405824725390682,1.2594175274609318,26.0,26,2.0,15.0,0.038444407284259796,26.39291006913008,19.90747188260679,0.0,0.0,0.0,-0.3242719093261647,1.0,0.33625146746635437,0.05076881870627403,0.047098636627197266,0.01865208967503445,0.018665922762437778,0.008997319964691997,0.008873164576167863,0.0,0.0,0.019102725982666015,False,False
2.725,10.766067504882812,29.39022445678711,1.6031330823898315,0.7411478315408775,0.5311236329717023,0.8987500000000154,0.10124999999998463,0.0,630,593,0.7622005998274792,1.2377994001725208,33.0,33,4.0,18.0,0.03838234767317772,24.193500896702574,18.248515892389555,0.0,0.0,0.0,-0.2972492502156509,1.0,0.33538269996643066,0.050714023411273956,0.047101497650146484,0.01863040085846998,0.018621473655919284,0.009015987161546946,0.008885147593294581,0.0,0.0,0.019834297895431518,False,False
2.73,10.749212265014648,29.42285919189453,1.6429896354675293,1.5099658730536483,0.5799171950871387,0.8986500000000154,0.10134999999998462,0.0,582,546,0.7820172165085227,1.2179827834914772,52.0,52,2.0,31.0,0.038301125168800354,22.177375821977357,16.727806234690426,0.0,0.0,0.0,-0.27247847936434655,1.0,0.3354052007198334,0.05084431171417236,0.04710441827774048,0.01859200644442631,0.018565483937466574,0.009018071771909794,0.00888255424797535,0.0,0.0,0.02392650604248047,False,False
2.735,10.724133491516113,29.537874221801758,1.6747876405715942,-0.011355047899467327,0.18990607122813705,0.8985500000000154,0.10144999999998461,0.0,632,593,0.800182448466146,1.199817551533854,24.0,24,6.0,38.0,0.03821919485926628,20.32926117014591,15.333822381799557,0.0,0.0,0.0,-0.2497719394173176,1.0,0.3351592421531677,0.05076342448592186,0.0471072793006897,0.01846301983933249,0.018421720395679325,0.008999366934100788,0.008860552528252205,0.0,0.0,0.032237176895141606,False,False
2.74,10.736612319946289,29.59513282775879,1.714846134185791,2.875441215148529,0.8982033568632981,0.8984500000000154,0.1015499999999846,0.0,656,623,0.8168339110939672,1.183166088906033,29.0,29,2.0,24.0,0.038307610899209976,18.635156072633748,14.056003849982927,0.0,0.0,0.0,-0.22895761113254104,1.0,0.33470648527145386,0.05071075260639191,0.047110140323638916,0.01841761434182965,0.018355912156053564,0.00899764553954204,0.00885402938971917,0.0,0.0,0.02308222770690918,False,False
2.745,10.692123413085938,29.737810134887695,1.698279857635498,1.2980564195140383,0.6829816009264372,0.8983500000000154,0.10164999999998459,0.0,664,625,0.8320977518361365,1.1679022481638635,24.0,24,5.0,19.0,0.038236089050769806,17.08222639991427,12.884670195817682,0.0,0.0,0.0,-0.20987781020482937,1.0,0.3340538442134857,0.050607871264219284,0.047112882137298584,0.018242845623171633,0.01819222950683105,0.00895320010992388,0.008813199043894809,0.0,0.0,0.02396167516708374,False,False
2.75,10.529826164245605,29.860822677612305,1.7117226123809814,-0.9252835216142982,0.6185509007374146,0.8982500000000154,0.10174999999998458,0.0,624,589,1.179422939183125,0.8205770608168749,43.0,43,5.0,10.0,0.03829270228743553,15.658707533254747,20.144281012832874,0.0,0.0,0.0,0.22427867397890636,1.0,0.33428534865379333,0.05065087229013443,0.0471157431602478,0.01809526442437563,0.018044147817146094,0.008955143469696244,0.008814800530672073,0.0,0.0,0.011767491102218629,False,False
2.755,10.457728385925293,29.99069595336914,1.6995155811309814,2.474555718884872,1.0,0.8981500000000154,0.10184999999998456,0.0,638,602,0.8311376942511981,1.168862305748802,34.0,34,4.0,18.0,0.038506586104631424,22.687148572150182,18.465590928430135,0.0,0.0,0.0,-0.21107788218600235,1.0,0.3342413902282715,0.0506492517888546,0.047118544578552246,0.017964199181878686,0.017917238707886755,0.008928633372609815,0.00879045925103128,0.0,0.0,0.015125758647918703,False,False
2.7600000000000002,10.515326499938965,30.11895751953125,1.6675628423690796,2.230369390716794,0.8507901251436722,0.8980500000000154,0.10194999999998455,0.0,669,635,0.8452095530635982,1.1547904469364019,47.0,47,2.0,14.0,0.03854129835963249,20.796552857804333,16.92679168439429,0.0,0.0,0.0,-0.1934880586705022,1.0,0.33506113290786743,0.05072801932692528,0.04712134599685669,0.017800052387018754,0.017767313040133008,0.008849919152756533,0.008717978683610758,0.0,0.0,0.016482889652252197,False,False
2.765,10.566216468811035,30.156274795532227,1.644656777381897,2.547150936905558,1.0000000000000002,0.8979500000000155,0.10204999999998454,0.0,580,544,1.1914420903082985,0.8085579096917016,54.0,54,5.0,17.0,0.03852084279060364,19.063506786320637,23.849559044028098,0.0,0.0,0.0,0.23930261288537302,1.0,0.3355855345726013,0.050882112234830856,0.04712420701980591,0.017728750453213912,0.017708380686080143,0.00880821569201847,0.008680639633287987,0.0,0.0,0.01767723560333252,False,False
2.77,10.590435981750488,30.1141357421875,1.6004549264907837,0.24724067850522902,0.5199123819182486,0.8978500000000155,0.10214999999998453,0.0,513,480,1.1754885827826067,0.8245114172173932,34.0,34,6.0,19.0,0.038444142788648605,17.474881220793918,21.86209579035909,0.0,0.0,0.0,0.21936072847825852,1.0,0.3358769118785858,0.050819236785173416,0.047126948833465576,0.017760416376753463,0.017759081248193732,0.008802716620266438,0.008680154957498114,0.0,0.0,0.012144951820373536,False,False
2.775,10.635418891906738,30.176944732666016,1.576280951499939,2.7184034287832697,0.2164643384512596,0.8977500000000155,0.10224999999998452,0.0,569,534,1.1608645342173896,0.8391354657826103,18.0,18,2.0,27.0,0.03837074711918831,16.01864111906109,20.040254474495832,0.0,0.0,0.0,0.20108066777173708,1.0,0.3359428644180298,0.050690505653619766,0.047129809856414795,0.017692648005399915,0.017699527834619457,0.008765750487024587,0.00864634484363099,0.0,0.0,0.02208225965499878,False,False
2.7800000000000002,10.659087181091309,30.227977752685547,1.5377185344696045,-0.28968472386614963,0.41050162267060847,0.8976500000000155,0.10234999999998451,0.0,588,559,1.1474591563659404,0.8525408436340595,32.0,32,1.0,33.0,0.03829796612262726,14.683754359139332,18.370233268287844,0.0,0.0,0.0,0.18432394545742561,1.0,0.335790753364563,0.05065552517771721,0.04713243246078491,0.017633034962733652,0.01765663706522876,0.008728041624029478,0.008614702771107357,0.0,0.0,0.03937983274459839,False,False
2.785,10.643165588378906,30.288711547851562,1.5612822771072388,1.8014525024773107,0.3992554344186503,0.8975500000000155,0.1024499999999845,0.0,590,552,1.4685042266687787,0.5314957733312212,37.0,37,1.0,20.0,0.03821288421750069,13.460108162544387,25.172713829263856,0.0,0.0,0.0,0.5856302833359734,1.0,0.33650508522987366,0.050631698220968246,0.04713529348373413,0.017560689844423657,0.0175747394599018,0.008716619728753965,0.008600846631452441,0.0,0.0,0.018884618282318116,False,False
2.79,10.749007225036621,30.444692611694336,1.5885030031204224,-3.109348024037503,0.1180601425534312,0.8974500000000155,0.10254999999998449,0.0,627,596,1.429462207779714,0.5705377922202861,24.0,24,5.0,33.0,0.038140468299388885,12.338432482332355,23.0749876768252,0.0,0.0,0.0,0.5368277597246423,1.0,0.33692672848701477,0.05053495243191719,0.04713797569274902,0.017397053573357944,0.01739385101086591,0.008651979345207414,0.008533071571340164,0.0,0.0,0.018346227407455444,False,False
2.795,10.873424530029297,30.578155517578125,1.5754003524780273,1.8857907533743423,0.4554219841770443,0.8973500000000155,0.10264999999998448,0.0,672,633,1.3936736904647378,0.6063263095352622,20.0,20,5.0,26.0,0.03813495486974716,11.310229775471324,21.152072037089766,0.0,0.0,0.0,0.4920921130809221,1.0,0.337117999792099,0.05044223368167877,0.04714083671569824,0.017279645149867427,0.017282835167483183,0.008578319490576785,0.008463639145096144,0.0,0.0,0.01680914640426636,False,False
2.8000000000000003,10.81063175201416,30.685091018676758,1.609851360321045,2.257825777632939,0.42202907239856796,0.8972500000000155,0.10274999999998446,0.0,706,674,1.360867549592676,0.6391324504073238,50.0,50,5.0,29.0,0.0383964404463768,10.36771062751538,19.389399367332285,0.0,0.0,0.0,0.4510844369908452,1.0,0.33708637952804565,0.05050888657569885,0.047143518924713135,0.017172746236202997,0.01716354586335341,0.008573982243736586,0.008455875407283505,0.0,0.0,0.017769395112991335,False,False
2.805,10.68966293334961,30.727901458740234,1.6416336297988892,1.151823291938466,1.0,0.8971500000000155,0.10284999999998445,0.0,592,559,1.3307952537932866,0.6692047462067134,76.0,76,1.0,12.0,0.038323819637298584,9.5037347418891,17.773616086721262,0.0,0.0,0.0,0.41349406724160814,1.0,0.33791646361351013,0.05081940069794655,0.0471462607383728,0.017102829322490288,0.01707865507826961,0.008595503168180585,0.008472291519865394,0.0,0.0,0.021120729446411135,False,False
2.81,10.674891471862793,30.69921112060547,1.654854416847229,2.09854741888299,0.6772281331768778,0.8970500000000156,0.10294999999998444,0.0,470,435,1.303228982643846,0.6967710173561541,34.0,34,2.0,16.0,0.038386303931474686,8.711756846731674,16.292481412827822,0.0,0.0,0.0,0.3790362283048074,1.0,0.33844929933547974,0.05080908536911011,0.04714900255203247,0.017120042805714913,0.017090276328031666,0.008604164468124509,0.008478955132886767,0.0,0.0,0.014382243156433105,False,False
2.815,10.653356552124023,30.751745223999023,1.6913963556289673,1.552827970796483,0.609389117230656,0.8969500000000156,0.10304999999998443,0.0,475,449,1.2779599007568587,0.7220400992431413,10.0,10,3.0,13.0,0.038306429982185364,7.985777109504035,14.934774628425503,0.0,0.0,0.0,0.3474498759460734,1.0,0.3387472927570343,0.05063405632972717,0.04715186357498169,0.017078543393639605,0.017035505332052465,0.00860334956087172,0.00847441532338659,0.0,0.0,0.01732861876487732,False,False
2.82,10.638352394104004,30.890676498413086,1.708261489868164,1.5860930705865461,0.5856780402179023,0.8968500000000156,0.10314999999998442,0.0,539,514,1.254796575693787,0.7452034243062129,21.0,21,1.0,21.0,0.038243941962718964,7.320295683712032,13.69021007605671,0.0,0.0,0.0,0.3184957196172339,1.0,0.3388180732727051,0.050517208874225616,0.04715454578399658,0.01694608800400335,0.0168967726899619,0.008570856492345532,0.008441001797715824,0.0,0.0,0.022953143119812013,False,False
2.825,10.644858360290527,30.92713165283203,1.72162926197052,1.5350664198480783,0.867368699817085,0.8967500000000156,0.10324999999998441,0.0,627,582,0.9002301943859716,1.0997698056140284,36.0,36,1.0,15.0,0.03818758577108383,15.043604376736027,12.549359236385317,0.0,0.0,0.0,-0.1247122570175355,1.0,0.3386690616607666,0.05047249421477318,0.0471571683883667,0.016911562105291284,0.016855675595618236,0.008564825014521679,0.008433498054121932,0.0,0.0,0.015926108360290528,False,False
2.83,10.581331253051758,31.03417205810547,1.68087899684906,0.7588517741493758,0.43001991154097374,0.8966500000000156,0.1033499999999844,0.0,568,541,1.2418776781871408,0.7581223218128593,17.0,17,0.0,16.0,0.038158759474754333,13.789970678674692,19.836912633353208,0.0,0.0,0.0,0.3023470977339258,1.0,0.33830752968788147,0.05033070221543312,0.04715985059738159,0.016773080208222147,0.016737537049920995,0.008520989601189893,0.008396165600667398,0.0,0.0,0.025687713623046875,False,False
2.835,10.422785758972168,31.139955520629883,1.7098701000213623,2.195682128928908,0.34405707164868016,0.8965500000000156,0.10344999999998439,0.0,607,577,1.5,0.44494546166178783,23.0,23,4.0,20.0,0.03817663714289665,12.6408064554518,26.517169913907104,0.0,0.0,0.0,0.6938181729227652,1.0,0.33774057030677795,0.05023636668920517,0.04716259241104126,0.016679294695184952,0.016635266541852378,0.008536910948654016,0.00840943306684494,0.0,0.0,0.01585235595703125,False,False
2.84,10.397599220275879,31.255094528198242,1.674012303352356,3.0801475508306986,0.48692058016330647,0.8964500000000156,0.10354999999998438,0.0,634,602,1.5,0.49120000652330553,29.0,29,6.0,30.0,0.03811391815543175,11.587405917497483,24.307405754414845,0.0,0.0,0.0,0.6359999918458681,1.0,0.3369750678539276,0.05018233880400658,0.04716527462005615,0.016581937888287705,0.016549181830525787,0.008501652240132293,0.008378287311643362,0.0,0.0,0.021861584186553956,False,False
2.845,10.499176025390625,31.30582046508789,1.5985028743743896,1.2808134577902102,0.3544946268097248,0.8963500000000156,0.10364999999998437,0.0,667,630,1.4663999940203032,0.5336000059796968,58.0,58,3.0,31.0,0.038067981600761414,10.621788757706026,22.281788608213606,0.0,0.0,0.0,0.582999992525379,1.0,0.33601775765419006,0.050321098417043686,0.047167837619781494,0.01649297966784774,0.016490833360235903,0.008425314056997498,0.008313215415303906,0.0,0.0,0.021719188690185548,False,False
2.85,10.580840110778809,31.28413200378418,1.5647151470184326,2.451358711187286,0.6729997199125691,0.8962500000000156,0.10374999999998435,0.0,535,507,1.4275333278519446,0.5724666721480554,40.0,40,1.0,18.0,0.037985898554325104,9.736639694563857,20.42497289086247,0.0,0.0,0.0,0.5344166598149307,1.0,0.3359524607658386,0.05035247281193733,0.04717063903808594,0.016482850888898986,0.016493835223683233,0.00839593781468769,0.008288424384469788,0.0,0.0,0.02118844270706177,False,False
2.855,10.607556343078613,31.31243133544922,1.5292903184890747,0.9372363212622578,0.9372945711958968,0.8961500000000157,0.10384999999998434,0.0,501,471,1.3919055505309492,0.6080944494690508,20.0,20,1.0,10.0,0.03827349469065666,8.925253053350202,18.72289181662393,0.0,0.0,0.0,0.48988193816368647,1.0,0.33561941981315613,0.050265781581401825,0.04717320203781128,0.016446121010812696,0.016468493426994496,0.008371626803030571,0.008268347010016441,0.0,0.0,0.027615292072296144,False,False
2.86,10.6342134475708,31.427490234375,1.4686628580093384,1.8972273855690018,0.7269420023438259,0.8960500000000157,0.10394999999998433,0.0,571,531,1.0259134213200367,0.9740865786799633,17.0,17,2.0,11.0,0.038189057260751724,16.514815298904352,17.16265083190527,0.0,0.0,0.0,0.03239177665004593,1.0,0.3350803256034851,0.05012957379221916,0.04717576503753662,0.016332835459965053,0.01637954876013077,0.008308324419582885,0.008214924018830061,0.0,0.0,0.03801294565200806,False,False
2.865,10.632420539855957,31.464704513549805,1.4224693775177002,1.1432104536219025,0.754364367663875,0.8959500000000157,0.10404999999998432,0.0,589,565,1.023753969543367,0.9762460304566329,28.0,28,2.0,14.0,0.03809759393334389,15.138580690662323,15.732429929246498,0.0,0.0,0.0,0.02969246192920876,1.0,0.3343421220779419,0.050041135400533676,0.047178447246551514,0.016299570167747406,0.01636496717292637,0.008282954416548213,0.008196861405546468,0.0,0.0,0.02078593730926514,False,False
2.87,10.684219360351562,31.60825538635254,1.4318586587905884,0.05821106099355272,0.7495678213076931,0.8958500000000157,0.10414999999998431,0.0,642,606,0.6884411387480864,1.3115588612519136,26.0,26,5.0,22.0,0.03824308514595032,22.210365633107127,14.42139410180929,0.0,0.0,0.0,-0.3894485765648919,1.0,0.3334115147590637,0.04996415600180626,0.047181010246276855,0.016169000916764844,0.016227745221190238,0.008230998646467924,0.008144003028670948,0.0,0.0,0.023941679000854494,False,False
2.875,10.841327667236328,31.74571418762207,1.4285376071929932,2.363177758561884,0.41034156779598663,0.8957500000000157,0.1042499999999843,0.0,592,560,0.7144043771857458,1.2855956228142542,41.0,41,3.0,27.0,0.03818690404295921,20.3595018303482,13.219611259991847,0.0,0.0,0.0,-0.35699452851781766,1.0,0.3322950601577759,0.04998655617237091,0.0471835732460022,0.016039274961920227,0.01609513757924992,0.008154542883858085,0.008068801835179329,0.0,0.0,0.01080589771270752,False,False
2.88,10.933317184448242,31.88335609436035,1.4415496587753296,-0.34080462889609425,0.24577093705199055,0.8956500000000157,0.10434999999998429,0.0,623,589,0.7382040124202669,1.261795987579733,54.0,54,5.0,20.0,0.03834708034992218,18.662876677819185,12.117976988325859,0.0,0.0,0.0,-0.32724498447466627,1.0,0.33207646012306213,0.05012619122862816,0.04718613624572754,0.015931529853065896,0.01598362668223346,0.008101821100960176,0.008016522818555435,0.0,0.0,0.014544717073440553,False,False
2.8850000000000002,10.901001930236816,32.01203918457031,1.5137320756912231,-2.686633324343237,0.3026052650985067,0.8955500000000157,0.10444999999998428,0.0,577,548,0.7600203447185782,1.239979655281422,25.0,25,1.0,24.0,0.03833005204796791,17.107636954667583,11.108145572632036,0.0,0.0,0.0,-0.29997456910177733,1.0,0.3315958082675934,0.05003120377659798,0.047188639640808105,0.01582055259915046,0.015847443747838422,0.00809227970118324,0.007999019386867683,0.0,0.0,0.017622164487838744,False,False
2.89,10.848766326904297,32.06040573120117,1.5771939754486084,2.721531180788748,0.41721803196963264,0.8954500000000157,0.10454999999998427,0.0,565,528,0.7800186493253632,1.2199813506746366,28.0,28,7.0,26.0,0.038257405161857605,15.682000541778617,10.1824667749127,0.0,0.0,0.0,-0.2749766883432959,1.0,0.3309146463871002,0.050001051276922226,0.04719120264053345,0.01576687624864258,0.015768105424707534,0.008102089632302523,0.00800024795656403,0.0,0.0,0.012441136837005616,False,False
2.895,10.833342552185059,32.03348922729492,1.591576337814331,1.1703673716712626,0.2829047313938478,0.8953500000000157,0.10464999999998426,0.0,590,550,0.7983504285482497,1.2016495714517503,19.0,19,3.0,26.0,0.038172733038663864,14.375167163297066,9.333927877003307,0.0,0.0,0.0,-0.25206196431468797,1.0,0.33003973960876465,0.049889951944351196,0.047193706035614014,0.01577944370673481,0.015774064502989026,0.008107644583409032,0.008003085774059098,0.0,0.0,0.011029295921325684,False,False
2.9,10.767180442810059,32.08447265625,1.625913381576538,1.720321390683409,0.4463209058356218,0.8952500000000158,0.10474999999998424,0.0,669,627,0.8151545595025621,1.1848454404974378,57.0,57,3.0,27.0,0.03810785338282585,13.177236566355644,8.556100553919697,0.0,0.0,0.0,-0.23105680062179737,1.0,0.32897770404815674,0.05002359673380852,0.047196149826049805,0.015732098430084464,0.015715661010045026,0.00811323329495887,0.008004877405862015,0.0,0.0,0.014714922904968262,False,False
2.9050000000000002,10.719767570495605,32.15205001831055,1.6605472564697266,2.9522091254764216,0.4006956273930003,0.8951500000000158,0.10484999999998423,0.0,757,723,1.1638916795440153,0.8361083204559847,54.0,54,2.0,36.0,0.03831624239683151,12.07913351915934,16.17642550775972,0.0,0.0,0.0,0.20486459943001903,1.0,0.32881221175193787,0.050137199461460114,0.04719877243041992,0.015678611348848567,0.01564986705256138,0.008116456447169185,0.008004199092586836,0.0,0.0,0.030111603736877445,False,False
2.91,10.735034942626953,32.18583679199219,1.6465367078781128,1.5428761798074626,0.5654022656357041,0.8950500000000158,0.10494999999998422,0.0,699,668,1.4835673729153471,0.5164326270846529,23.0,23,2.0,30.0,0.03825622424483299,11.072539059229394,23.161723382113074,0.0,0.0,0.0,0.604459216144184,1.0,0.3283834457397461,0.05005713924765587,0.04720121622085571,0.015649686171983458,0.015625374999517976,0.008102168794721365,0.00799178029410541,0.0,0.0,0.013507764339447023,False,False
2.915,10.674036026000977,32.23040008544922,1.6215275526046753,2.2577591376839616,0.4943186385133184,0.8949500000000158,0.10504999999998421,0.0,686,642,1.109936758505735,0.8900632414942651,34.0,34,5.0,37.0,0.038217514753341675,18.48316080429361,21.231579766936985,0.0,0.0,0.0,0.1374209481321687,1.0,0.3277529180049896,0.05002888664603233,0.04720383882522583,0.015587754249068065,0.015574533338037407,0.0080854631960392,0.007978711510077119,0.0,0.0,0.025796535015106203,False,False
2.92,10.573288917541504,32.327388763427734,1.6773473024368286,2.4557500282682074,0.620213095227527,0.8948500000000158,0.1051499999999842,0.0,629,600,1.1007753619635903,0.8992246380364096,50.0,50,4.0,31.0,0.03814253956079483,16.94289740393581,19.462281453025568,0.0,0.0,0.0,0.12596920245448792,1.0,0.32800471782684326,0.05013931915163994,0.04720628261566162,0.015517546721035395,0.015486183130647767,0.008096940194567045,0.007984168284262221,0.0,0.0,0.015738805532455446,False,False
2.9250000000000003,10.5806884765625,32.481658935546875,1.6184813976287842,1.2252893021423616,0.25900242426963527,0.8947500000000158,0.10524999999998419,0.0,599,568,1.092377415133291,0.907622584866709,29.0,29,6.0,23.0,0.038269467651844025,15.530989286941159,17.840424665273435,0.0,0.0,0.0,0.11547176891661382,1.0,0.32797932624816895,0.05006207898259163,0.04720884561538696,0.015380383736647756,0.015368881855120971,0.008032380525643628,0.007927522916967671,0.0,0.0,0.014639862775802611,False,False
2.93,10.63941478729248,32.563926696777344,1.5379385948181152,-2.710144343713021,0.4933101026830152,0.8946500000000158,0.10534999999998418,0.0,557,527,1.0846792972055168,0.9153207027944833,19.0,19,2.0,26.0,0.03833333030343056,14.236740179696062,16.35372260983398,0.0,0.0,0.0,0.10584912150689592,1.0,0.3277386724948883,0.04993560165166855,0.04721122980117798,0.015282686468756853,0.015299662929222082,0.007962525123730302,0.007869218631337088,0.0,0.0,0.01995882034301758,False,False
2.935,10.669879913330078,32.538639068603516,1.50826096534729,0.9693706869956868,0.09876083185137505,0.8945500000000158,0.10544999999998417,0.0,547,514,0.7442893557717237,1.2557106442282762,29.0,29,1.0,12.0,0.03824782744050026,21.38367849805472,14.990912392347814,0.0,0.0,0.0,-0.3196383052853453,1.0,0.3272899091243744,0.049868423491716385,0.047213733196258545,0.015286883857915889,0.015314276329474304,0.007952079176902771,0.0078624968106548,0.0,0.0,0.014871716499328613,False,False
2.94,10.7346830368042,32.56092834472656,1.49303138256073,,0.0,0.8944500000000158,0.10554999999998416,0.0,500,469,0.7655985761240801,1.23440142387592,25.0,25,1.0,6.0,0.03819223493337631,19.601705289883494,13.741669692985496,0.0,0.0,0.0,-0.2930017798448999,1.0,0.32663995027542114,0.049778733402490616,0.04721623659133911,0.01526333676623935,0.015292731579043685,0.007929906714707613,0.007841554470360279,0.0,0.0,0.020672240257263184,False,False
2.945,10.788576126098633,32.6549186706543,1.474807858467102,0.9001735776505997,0.5098726302745632,0.8943500000000159,0.10564999999998415,0.0,551,526,0.7851320281137399,1.21486797188626,18.0,18,2.0,7.0,0.03811657056212425,17.96822984905987,12.59653055190337,0.0,0.0,0.0,-0.268584964857825,1.0,0.32579562067985535,0.04965820163488388,0.0472186803817749,0.015183028875267846,0.015217950278155598,0.007884630855793755,0.007799467615162333,0.0,0.0,0.036410284042358396,False,False
2.95,10.776350021362305,32.703956604003906,1.4534610509872437,3.0984364978447787,0.851851871490202,0.8942500000000159,0.10574999999998413,0.0,550,517,0.803037692437595,1.196962307562405,26.0,26,2.0,13.0,0.03802673518657684,16.470877361638212,11.546819672578089,0.0,0.0,0.0,-0.2462028844530062,1.0,0.3247635066509247,0.04957820847630501,0.04722112417221069,0.015138924778788134,0.015182658567675174,0.007863284166281423,0.007781868722910683,0.0,0.0,0.01830673813819885,False,False
2.955,10.848995208740234,32.88608169555664,1.4878358840942383,0.8863852630791232,0.9710877581231031,0.8941500000000159,0.10584999999998412,0.0,621,584,1.1527845514011288,0.8472154485988713,33.0,33,5.0,23.0,0.037967704236507416,15.098304248168361,18.917918033196578,0.0,0.0,0.0,0.19098068925141085,1.0,0.3235500454902649,0.04956439137458801,0.04722350835800171,0.014988328392112723,0.015017432537278875,0.0078060155889640255,0.0077209870020548505,0.0,0.0,0.01371064305305481,False,False
2.96,10.974642753601074,33.108619689941406,1.4840773344039917,1.2689179555874772,0.3835505445366175,0.8940500000000159,0.10594999999998411,0.0,663,629,1.1400525054510346,0.8599474945489654,64.0,64,4.0,23.0,0.03803558647632599,13.840112227487664,17.341424863763528,0.0,0.0,0.0,0.17506563181379323,1.0,0.3232388198375702,0.04974941909313202,0.047225892543792725,0.014816451610919499,0.014846490450436038,0.007722098380327225,0.007640199037268758,0.0,0.0,0.02796898365020752,False,False
2.965,11.016745567321777,33.21493911743164,1.510680913925171,2.44144568348686,1.0,0.8939500000000159,0.1060499999999841,0.0,626,591,1.128381463330115,0.871618536669885,31.0,31,6.0,11.0,0.0380697175860405,12.686769541863692,15.896306125116567,0.0,0.0,0.0,0.16047682916264377,1.0,0.32266977429389954,0.04973718523979187,0.04722827672958374,0.014744904612772886,0.014768799666315105,0.007693579342837135,0.007610433191681902,0.0,0.0,0.013736228942871095,False,False
2.97,10.92602252960205,33.30817413330078,1.6202800273895264,-2.747076396179562,0.46300493712853596,0.8938500000000159,0.10614999999998409,0.0,600,568,0.7843496747192721,1.2156503252807278,32.0,32,2.0,21.0,0.03799252584576607,19.962872080041716,14.571613948023519,0.0,0.0,0.0,-0.26956290660090987,1.0,0.32190436124801636,0.04969925060868263,0.04723078012466431,0.014684994744136719,0.014673609681776516,0.007713896920904517,0.007617931890611848,0.0,0.0,0.015075939893722533,False,False
2.975,10.897781372070312,33.303741455078125,1.641013741493225,0.4634708163760741,0.8207670702394158,0.8937500000000159,0.10624999999998408,0.0,608,574,0.8023205351593327,1.1976794648406672,26.0,26,2.0,36.0,0.038078177720308304,18.299299406704908,13.357312785688224,0.0,0.0,0.0,-0.24709933105083418,1.0,0.3209492564201355,0.049628645181655884,0.04723304510116577,0.014670138274784918,0.014648683866446938,0.007715907413512468,0.007616243092343211,0.0,0.0,0.010700377225875855,False,False
2.98,10.865555763244629,33.3073616027832,1.6627657413482666,1.7874260578442185,0.319712079822331,0.8936500000000159,0.10634999999998407,0.0,623,582,0.8187938238960548,1.1812061761039452,46.0,46,2.0,38.0,0.038296204060316086,16.7743577894795,12.244203386880871,0.0,0.0,0.0,-0.2265077201299314,1.0,0.3208882212638855,0.04972488433122635,0.04723542928695679,0.014657414125394798,0.014628835997427606,0.007719378530358275,0.007617124356329441,0.0,0.0,0.015296225547790528,False,False
2.985,10.827293395996094,33.39059829711914,1.6891674995422363,2.834452023045971,0.536886443761179,0.8935500000000159,0.10644999999998406,0.0,587,552,0.8338943385713836,1.1661056614286163,23.0,23,3.0,28.0,0.03844284638762474,15.376494640356206,11.223853104640797,0.0,0.0,0.0,-0.20763207678577045,1.0,0.3205614387989044,0.04961763694882393,0.04723775386810303,0.014595180794247214,0.01455886287242153,0.007710252345229189,0.0076056687006105985,0.0,0.0,0.017249433994293215,False,False
2.99,10.82475757598877,33.422821044921875,1.719929814338684,2.0935947874711744,0.8280445056584088,0.893450000000016,0.10654999999998405,0.0,679,640,0.19999999999999996,1.5,23.0,23,6.0,27.0,0.0383637361228466,30.761786753659855,10.288532012587398,0.0,0.0,0.0,-1.0,1.0,0.32003048062324524,0.04951540380716324,0.04724013805389404,0.01458049694064518,0.014533881851491156,0.007714157303174337,0.0076063640881329775,0.0,0.0,0.03146214723587036,False,False
2.995,10.80927562713623,33.532997131347656,1.6784478425979614,0.7286454493500858,0.4252617373906803,0.893350000000016,0.10664999999998404,0.0,610,576,0.24931399282734334,1.5,17.0,17,2.0,23.0,0.03828652203083038,28.1983045241882,9.43115434487178,0.0,0.0,0.0,-0.9383575089658208,1.0,0.3193022608757019,0.04938365891575813,0.04724240303039551,0.014474540379422042,0.014441905279119755,0.007669501549874743,0.007567040156573057,0.0,0.0,0.022402474880218508,False,False
3.0,10.671268463134766,33.63106155395508,1.6785223484039307,2.3931091769307042,0.390154699160291,0.893250000000016,0.10674999999998402,0.0,659,623,0.19999999999999996,1.5,68.0,68,0.0,27.0,0.03820281848311424,34.18177914717251,8.645224816132465,0.0,0.0,0.0,-1.0,1.0,0.3194606900215149,0.049589771777391434,0.04724472761154175,0.014393628073933639,0.014363966020832874,0.007665795662129919,0.00756424463664492,0.0,0.0,0.01627589464187622,False,False
3.005,10.619295120239258,33.732547760009766,1.692870020866394,1.383325207969499,0.5017942572768983,0.893150000000016,0.10684999999998401,0.0,610,572,0.19999999999999996,1.5,59.0,59,3.0,27.0,0.03850341588258743,31.333297551574802,7.924789414788093,0.0,0.0,0.0,-1.0,1.0,0.319346159696579,0.04974588006734848,0.04724705219268799,0.014328909315420885,0.014294358438928404,0.007653839808578293,0.007551039646690091,0.0,0.0,0.011235135793685912,False,False
3.0100000000000002,10.694700241088867,33.876834869384766,1.6677497625350952,1.3123211625317823,0.36118944817205495,0.893050000000016,0.106949999999984,0.0,545,511,0.19999999999999996,1.5,15.0,15,3.0,25.0,0.03846188262104988,28.7221894222769,7.264390296889085,0.0,0.0,0.0,-1.0,1.0,0.31902045011520386,0.04961130768060684,0.04724931716918945,0.014201868553238252,0.01417489075817846,0.007584004973371824,0.0074854749254882336,0.0,0.0,0.011649466753005983,False,False
3.015,10.732412338256836,33.92393112182617,1.6426316499710083,3.0904475629403403,0.8476402657949761,0.892950000000016,0.10704999999998399,0.0,542,517,0.21321403206911338,1.5,20.0,20,6.0,10.0,0.03844616189599037,26.32867363708716,6.659024438814995,0.0,0.0,0.0,-0.9834824599136083,1.0,0.318490594625473,0.04949882626533508,0.04725170135498047,0.014147828634692307,0.014129499602422378,0.00755011880149444,0.00745538699751099,0.0,0.0,0.01643682956695557,False,False
3.02,10.728788375854492,33.90158462524414,1.6099693775177002,1.8811804766844207,0.7863175833236756,0.892850000000016,0.10714999999998398,0.0,522,488,0.19999999999999996,1.5,26.0,26,1.0,16.0,0.038523945957422256,32.46795083399656,6.104105735580411,0.0,0.0,0.0,-1.0,1.0,0.31776347756385803,0.04944468289613724,0.04725390672683716,0.014158088204411898,0.014149486484995375,0.0075500695190082,0.0074585267187406625,0.0,0.0,0.014299232959747315,False,False
3.025,10.775575637817383,33.990447998046875,1.6012498140335083,0.5509103468344932,0.7498413514900101,0.892750000000016,0.10724999999998397,0.0,509,481,0.19999999999999996,1.5,32.0,32,0.0,9.0,0.03844350576400757,29.762288264496846,5.5954302576153765,0.0,0.0,0.0,-1.0,1.0,0.31684574484825134,0.049369316548109055,0.0472562313079834,0.014091397374693566,0.014084136615099645,0.007515980784470837,0.007425617271413406,0.0,0.0,0.022324066162109378,False,False
3.0300000000000002,10.782546043395996,34.052391052246094,1.5940021276474,1.143503188367522,0.5259476703620996,0.892650000000016,0.10734999999998396,0.0,592,556,0.19999999999999996,1.5,30.0,30,3.0,16.0,0.038373708724975586,27.282097575788775,5.129144402814095,0.0,0.0,0.0,-1.0,1.0,0.31574392318725586,0.04932238534092903,0.04725849628448486,0.01404543785320109,0.014040375056889794,0.007495214231312275,0.007406130122641723,0.0,0.0,0.03191171169281006,False,False
3.035,10.782258033752441,34.09443283081055,1.6117784976959229,2.58164030601002,0.9999999999999999,0.892550000000016,0.10744999999998395,0.0,595,559,0.19999999999999996,1.5,21.0,21,5.0,18.0,0.03830432891845703,33.341922777806374,4.701715702579587,0.0,0.0,0.0,-1.0,1.0,0.3155416250228882,0.049214061349630356,0.04726070165634155,0.014011670509585907,0.014001484273020752,0.007485230453312397,0.00739462945299844,0.0,0.0,0.017191951274871827,False,False
3.04,10.886104583740234,34.22800064086914,1.6551343202590942,2.09096354114282,0.3696687337627921,0.8924500000000161,0.10754999999998394,0.0,629,594,0.19999999999999996,1.5,39.0,39,5.0,23.0,0.03826940432190895,30.563429212989174,4.309906060697954,0.0,0.0,0.0,-1.0,1.0,0.31507888436317444,0.049219854176044464,0.04726290702819824,0.013915327370515825,0.013889416624966344,0.007440136590351662,0.007345361712699136,0.0,0.0,0.022012240886688232,False,False
3.045,10.987934112548828,34.31541061401367,1.6496142148971558,2.58164030601002,0.9999999999999999,0.8923500000000161,0.10764999999998393,0.0,600,567,0.19999999999999996,1.5,30.0,30,3.0,23.0,0.03827858716249466,36.34981011190674,3.9507472223064575,0.0,0.0,0.0,-1.0,1.0,0.3144172132015228,0.049186937510967255,0.04726511240005493,0.013870540060141543,0.013847594647008415,0.007401951200639209,0.007309330006440481,0.0,0.0,0.02385378360748291,False,False
3.0500000000000003,10.913017272949219,34.33763122558594,1.6915830373764038,2.377881477961402,0.45195626264441696,0.8922500000000161,0.10774999999998391,0.0,638,596,0.19999999999999996,1.5,27.0,27,3.0,31.0,0.038304004818201065,33.32065926924785,11.954851620447585,0.0,0.0,0.0,-1.0,1.0,0.3135632872581482,0.04913172870874405,0.04726743698120117,0.013863863874847492,0.013829465858094817,0.007419556689759096,0.007322401118775209,0.0,0.0,0.022257411479949953,False,False
3.055,10.796468734741211,34.326080322265625,1.7637760639190674,1.1218227211832383,0.3982602535186805,0.8921500000000161,0.1078499999999839,0.0,587,552,0.21658705287732372,1.5,63.0,63,4.0,22.0,0.03840714693069458,30.54393766347719,10.958613985410285,0.0,0.0,0.0,-0.9792661839033453,1.0,0.31360092759132385,0.049315180629491806,0.04726964235305786,0.013863656134635473,0.013807934638752867,0.00745752127841115,0.007352487106497089,0.0,0.0,0.02206295967102051,False,False
3.06,10.756120681762695,34.3475341796875,1.8033674955368042,-2.2066496017727095,0.16048665776873752,0.8920500000000161,0.10794999999998389,0.0,586,553,0.2818714651375468,1.5,31.0,31,1.0,27.0,0.03848568722605705,27.99860952485409,10.04539615329276,0.0,0.0,0.0,-0.8976606685780665,1.0,0.31337040662765503,0.049326520413160324,0.04727184772491455,0.013846382726022465,0.013779970546408048,0.007465413073077798,0.007356859665984909,0.0,0.0,0.019891417026519774,False,False
3.065,10.750207901000977,34.52579879760742,1.8288238048553467,-0.03575569931313056,0.7151947619709931,0.8919500000000161,0.10804999999998388,0.0,623,582,0.6750488430427513,1.3249511569572487,28.0,28,3.0,23.0,0.038413431495428085,25.66539206444958,17.54161314051836,0.0,0.0,0.0,-0.406188946196561,1.0,0.31293338537216187,0.049279775470495224,0.047273993492126465,0.013718852285295523,0.013646031426847713,0.0074227910954505205,0.00731317598062257,0.0,0.0,0.021907329559326172,False,False
3.0700000000000003,10.70033073425293,34.670448303222656,1.8847819566726685,2.4160524771469833,0.6996135703419253,0.8918500000000161,0.10814999999998387,0.0,677,640,1.0354614394558552,0.9645385605441448,48.0,48,5.0,34.0,0.03834977000951767,23.526609392412116,24.413145378808498,0.0,0.0,0.0,0.04432679931981909,1.0,0.3122967779636383,0.049348101019859314,0.047276198863983154,0.013643131395976327,0.013555328621819886,0.007416788721457124,0.00730283441953361,0.0,0.0,0.02880417823791504,False,False
3.075,10.634882926940918,34.762351989746094,1.8985813856124878,3.0119163861305895,0.4048302214520797,0.8917500000000161,0.10824999999998386,0.0,680,649,1.0325063195012008,0.9674936804987994,42.0,42,4.0,20.0,0.03830087184906006,21.566058609711106,22.378716597241123,0.0,0.0,0.0,0.04063289937650083,1.0,0.3114672899246216,0.04939231276512146,0.047278404235839844,0.013584722503068815,0.013494573792636508,0.0074101961217820644,0.0072955483725915355,0.0,0.0,0.0182355797290802,False,False
3.08,10.537932395935059,34.854007720947266,1.8896970748901367,1.9265859075024245,0.47726993007926055,0.8916500000000162,0.10834999999998385,0.0,649,617,1.0297974595427672,0.9702025404572328,26.0,26,1.0,36.0,0.03833727538585663,19.768887058901846,20.513823547471027,0.0,0.0,0.0,0.03724682442845904,1.0,0.31045153737068176,0.04930630698800087,0.04728060960769653,0.013515745792246694,0.013430198734179723,0.007397937976444761,0.007284544408321381,0.0,0.0,0.014595348834991455,False,False
3.085,10.42940902709961,34.94337844848633,1.914218783378601,2.890397689425984,0.5035738648994648,0.8915500000000162,0.10844999999998384,0.0,642,595,1.3606476712475366,0.6393523287524634,48.0,48,6.0,29.0,0.03826672211289406,18.12147980399336,27.137671585181774,0.0,0.0,0.0,0.4508095890594207,1.0,0.31033313274383545,0.049372173845767975,0.04728281497955322,0.013459516942617288,0.013368562305054897,0.0073977195036908,0.0072827457915991545,0.0,0.0,0.010709923505783082,False,False
3.09,10.387205123901367,35.05911636352539,1.9021990299224854,2.1041819579127985,0.5333571320905844,0.8914500000000162,0.10854999999998383,0.0,629,597,0.9972603653102419,1.0027396346897581,56.0,56,5.0,38.0,0.038191597908735275,24.944689820327245,24.876198953083293,0.0,0.0,0.0,-0.003424543362197596,1.0,0.3099521994590759,0.04953518882393837,0.04728502035140991,0.013369765462043192,0.013282768464821664,0.007365524458388488,0.007252601208165288,0.0,0.0,0.012095464468002321,False,False
3.095,10.383308410644531,35.16144561767578,1.8787590265274048,-0.3649017107247424,0.17936057102130273,0.8913500000000162,0.10864999999998382,0.0,595,563,0.6641553348677218,1.3358446651322782,39.0,39,3.0,23.0,0.038181230425834656,31.19929900196664,22.803182373659684,0.0,0.0,0.0,-0.4198058314153478,1.0,0.3104475438594818,0.049535032361745834,0.0472872257232666,0.013282280931986364,0.013202799399616003,0.007326544728130102,0.007216813586031398,0.0,0.0,0.017520763874053956,False,False
3.1,10.401595115661621,35.16790008544922,1.852148413658142,2.448513979006562,0.4157379048127168,0.8912500000000162,0.1087499999999838,0.0,548,514,0.3588090569620783,1.5,13.0,13,2.0,24.0,0.03821349889039993,36.93269075180275,20.90291717585471,0.0,0.0,0.0,-0.801488678797402,1.0,0.3106597661972046,0.04938442260026932,0.04728943109512329,0.013261420366819756,0.013189989980950296,0.007311939261853695,0.007204834061364333,0.0,0.0,0.011820387840270997,False,False
3.105,10.444804191589355,35.186431884765625,1.8198713064193726,1.7431096030549993,0.7205723889990774,0.8911500000000162,0.10884999999998379,0.0,525,499,0.41224163554857185,1.5,16.0,16,1.0,23.0,0.038654763251543045,33.85496652248585,19.16100741120015,0.0,0.0,0.0,-0.7346979555642852,1.0,0.31065091490745544,0.04923929646611214,0.04729163646697998,0.013243376551933082,0.013179732440524386,0.007292884401977062,0.007188379143675169,0.0,0.0,0.015771569013595582,False,False
3.11,10.468389511108398,35.266929626464844,1.809083342552185,2.294292869728708,1.0000000000000002,0.8910500000000162,0.10894999999998378,0.0,608,575,0.4612214992528575,1.5,26.0,26,3.0,10.0,0.03865037113428116,31.0337193122787,17.564256793600137,0.0,0.0,0.0,-0.673473125933928,1.0,0.31042829155921936,0.04915613308548927,0.04729372262954712,0.013187096670716034,0.01312610730488067,0.007265246628473203,0.007162065788482627,0.0,0.0,0.02549403190612793,False,False
3.115,10.4707612991333,35.28508377075195,1.7954351902008057,2.1254262306155702,0.8750777487501697,0.8909500000000162,0.10904999999998377,0.0,711,663,0.839453040981786,1.160546959018214,63.0,63,3.0,18.0,0.03867381811141968,28.447576036255473,24.433902060800122,0.0,0.0,0.0,-0.20068369877276754,1.0,0.3099989593029022,0.049334749579429626,0.04729586839675903,0.013172816454141673,0.013115627419843612,0.007255049422383308,0.0071533808174232645,0.0,0.0,0.025015289783477786,False,False
3.12,10.475322723388672,35.37538146972656,1.8478193283081055,2.9872449401868804,0.09500569619158111,0.8908500000000162,0.10914999999998376,0.0,656,624,0.8528319542333038,1.1471680457666962,38.0,38,5.0,28.0,0.03866963088512421,26.07694469990085,22.397743555733445,0.0,0.0,0.0,-0.18396005720837022,1.0,0.309369832277298,0.04934626445174217,0.04729807376861572,0.013118932701860521,0.013048142323328458,0.0072434059499452514,0.007137542124837637,0.0,0.0,0.017932417392730715,False,False
3.125,10.562660217285156,35.54424285888672,1.8676730394363403,2.2833588619035776,0.29867968927643285,0.8907500000000163,0.10924999999998375,0.0,556,531,0.8650959580471952,1.1349040419528047,25.0,25,5.0,27.0,0.03861313685774803,23.90386597490911,20.53126492608899,0.0,0.0,0.0,-0.16863005244100596,1.0,0.30962491035461426,0.049271583557128906,0.04730027914047241,0.013019588055185938,0.012943033310875571,0.007193050890540084,0.0070866558235138655,0.0,0.0,0.014347622394561768,False,False
3.13,10.600062370300293,35.66868591308594,1.8727281093597412,2.9346640792480225,0.852589681914068,0.8906500000000163,0.10934999999998374,0.0,584,548,0.8763379615432623,1.1236620384567377,61.0,61,1.0,18.0,0.03854458034038544,21.911877143666683,18.82032618224824,0.0,0.0,0.0,-0.15457754807092208,1.0,0.3096046447753906,0.04942413792014122,0.0473024845123291,0.012958924497943185,0.012884391541883628,0.00716206772873799,0.007057220985492071,0.0,0.0,0.02509411096572876,False,False
3.1350000000000002,10.498627662658691,35.694217681884766,1.9192957878112793,2.2806306090824338,0.7959834900874163,0.8905500000000163,0.10944999999998373,0.0,507,480,0.5533097980813237,1.4466902019186763,32.0,32,3.0,17.0,0.0384552963078022,28.41922071502779,17.251965667060887,0.0,0.0,0.0,-0.5583627523983452,1.0,0.30937084555625916,0.049394022673368454,0.047304511070251465,0.012943067097686972,0.012856397231361484,0.0071819933752218885,0.007072680164128542,0.0,0.0,0.019565298557281497,False,False
3.14,10.40868091583252,35.67390060424805,1.9621447324752808,2.7347736766733366,0.567923487201588,0.8904500000000163,0.10954999999998372,0.0,482,444,0.25720064824121347,1.5,19.0,19,1.0,26.0,0.038360632956027985,34.38428565544214,15.81430186147248,0.0,0.0,0.0,-0.9284991896984831,1.0,0.31000789999961853,0.049278467893600464,0.047306716442108154,0.012950368779478406,0.012852099261634485,0.007209875620901585,0.007096337309728066,0.0,0.0,0.021210365295410157,False,False
3.145,10.396360397338867,35.65321350097656,2.010855197906494,-2.862005530118462,0.2978787404462353,0.8903500000000163,0.1096499999999837,0.0,553,511,0.19999999999999996,1.5,19.0,19,1.0,13.0,0.03826528787612915,39.85226185082196,14.496443373016438,0.0,0.0,0.0,-1.0,1.0,0.3103565573692322,0.049153633415699005,0.047308921813964844,0.012973796977777773,0.012863526587723564,0.007228133423874776,0.007110877583424251,0.0,0.0,0.020690650939941407,False,False
3.15,10.352221488952637,35.74192810058594,2.0410563945770264,2.506878910861887,0.7803773747802221,0.8902500000000163,0.1097499999999837,0.0,605,575,0.19999999999999996,1.5,22.0,22,4.0,21.0,0.038207586854696274,44.864573363253456,13.288406425265068,0.0,0.0,0.0,-1.0,1.0,0.3104790151119232,0.0490478090941906,0.04731094837188721,0.012923792362814426,0.012807448312969849,0.007220167511453232,0.007101354422047734,0.0,0.0,0.024426393508911133,False,False
3.1550000000000002,10.342185020446777,35.872291564941406,2.069061279296875,-3.0825269994958675,0.9434416972619742,0.8901500000000163,0.10984999999998368,0.0,714,671,0.19999999999999996,1.5,61.0,61,3.0,18.0,0.03814052790403366,41.125858916315664,20.51437255649298,0.0,0.0,0.0,-1.0,1.0,0.3103826642036438,0.04919835925102234,0.047313153743743896,0.012857615325386292,0.012735555676335747,0.007199755248924097,0.007079942928006252,0.0,0.0,0.03575458526611328,False,False
3.16,10.33752155303955,35.932395935058594,2.103489875793457,2.8102221951470345,0.5614696204082887,0.8900500000000163,0.10994999999998367,0.0,737,698,0.19999999999999996,1.5,59.0,59,7.0,35.0,0.03838684409856796,46.03203733995602,18.804841510118564,0.0,0.0,0.0,-1.0,1.0,0.31115201115608215,0.04934955760836601,0.047315359115600586,0.012844461622705961,0.012715963529131655,0.00719935167580843,0.0070781415949265165,0.0,0.0,0.01831086277961731,False,False
3.165,10.226146697998047,35.95466232299805,2.134058952331543,2.6539414715485505,0.967336705966437,0.8899500000000163,0.11004999999998366,0.0,622,583,0.19999999999999996,1.5,20.0,20,4.0,33.0,0.03862755373120308,42.196034228293016,17.237771384275348,0.0,0.0,0.0,-1.0,1.0,0.31162792444229126,0.0492444783449173,0.047317445278167725,0.012830898743762911,0.012696282793224292,0.007214068124691646,0.007090631794805328,0.0,0.0,0.016454824209213258,False,False
3.17,10.147021293640137,35.99452590942383,2.1280417442321777,-0.07568866977091804,0.08489832863718164,0.8898500000000164,0.11014999999998365,0.0,554,523,0.19999999999999996,1.5,20.0,20,1.0,21.0,0.038556765764951706,38.67969804260193,15.801290435585734,0.0,0.0,0.0,-1.0,1.0,0.3118727505207062,0.0491347461938858,0.04731959104537964,0.012799147120909578,0.012666630608630958,0.007213734012718002,0.007090680301189423,0.0,0.0,0.012666840553283692,False,False
3.1750000000000003,10.182779312133789,36.09364318847656,2.113292694091797,2.472098683614674,0.9993267229077412,0.8897500000000164,0.11024999999998364,0.0,484,458,0.19999999999999996,1.5,14.0,14,1.0,15.0,0.03847391530871391,35.456389872385095,14.484516232620257,0.0,0.0,0.0,-1.0,1.0,0.3118939995765686,0.04899756237864494,0.04732167720794678,0.01272433851164514,0.012595953016017843,0.007172197025890152,0.007051071152091026,0.0,0.0,0.012300537824630737,False,False
3.18,10.259785652160645,36.135406494140625,2.107959508895874,2.115868462143145,0.7978751246156551,0.8896500000000164,0.11034999999998363,0.0,565,533,0.23103129987528914,1.5,55.0,55,5.0,13.0,0.038396596908569336,32.501690716353,13.277473213235234,0.0,0.0,0.0,-0.9612108751558885,1.0,0.3116990327835083,0.049120139330625534,0.04732382297515869,0.01268808832809233,0.012561023836411974,0.007144264333570997,0.007024059304967523,0.0,0.0,0.018619787693023682,False,False
3.185,10.264344215393066,36.1437873840332,2.0750465393066406,2.676145940218787,0.9279756997373768,0.8895500000000164,0.11044999999998362,0.0,535,501,0.6284453582190151,1.371554641780985,47.0,47,3.0,10.0,0.0383489727973938,29.79321648999025,20.50435044546563,0.0,0.0,0.0,-0.46444330222623104,1.0,0.31237226724624634,0.049162864685058594,0.047325849533081055,0.012666009698742037,0.012546743757479328,0.007129534302900235,0.007011574925854802,0.0,0.0,0.02083450794219971,False,False
3.19,10.233367919921875,36.20405960083008,2.046731948852539,-2.5283788340593123,1.0,0.8894500000000164,0.1105499999999836,0.0,640,613,0.6594082450340972,1.3405917549659028,30.0,30,1.0,17.0,0.038273271173238754,27.31044844915773,18.79565457501016,0.0,0.0,0.0,-0.4257396937073784,1.0,0.3127545416355133,0.04912884905934334,0.047328054904937744,0.012623977416485828,0.012511562565690654,0.007113903217638533,0.006997914363940557,0.0,0.0,0.02210750818252564,False,False
3.1950000000000003,10.232303619384766,36.25696563720703,2.0334911346435547,2.7212703815627535,0.37234829646735274,0.8893500000000164,0.1106499999999836,0.0,675,631,1.3544575579479223,0.6455424420520777,24.0,24,6.0,28.0,0.038199618458747864,25.03457774506125,33.89601669375931,0.0,0.0,0.0,0.4430719474349029,1.0,0.3129081130027771,0.049051325768232346,0.04733008146286011,0.012584868250220517,0.012475908115020924,0.007095877857257923,0.006981155990312497,0.0,0.0,0.048324718475341796,False,False
3.2,10.234952926635742,36.270992279052734,2.044461965560913,2.152372280609145,0.7062312229474037,0.8892500000000164,0.11074999999998358,0.0,672,630,1.324919428118929,0.6750805718810711,27.0,27,6.0,29.0,0.03814198449254036,22.94836293297281,31.07134863594603,0.0,0.0,0.0,0.40614928514866105,1.0,0.31284046173095703,0.04897257685661316,0.047332167625427246,0.012574003590969184,0.012463078678643614,0.007091116082544128,0.0069759968513002,0.0,0.0,0.01984058618545532,False,False
3.205,10.218297004699707,36.38793182373047,2.1092047691345215,2.9275815615470124,0.3208902444560393,0.8891500000000164,0.11084999999998357,0.0,640,607,0.9645094757756847,1.0354905242243153,25.0,25,3.0,31.0,0.03809349983930588,29.36933268855841,28.482069582950526,0.0,0.0,0.0,-0.04436315528039412,1.0,0.3136361241340637,0.04889604076743126,0.04733431339263916,0.012531585541437195,0.012406605603173191,0.007085161826883754,0.006966484943404794,0.0,0.0,0.021510808467864993,False,False
3.21,10.256836891174316,36.50666046142578,2.090543746948242,2.476087862002072,0.9990669936048268,0.8890500000000164,0.11094999999998356,0.0,599,562,0.9674670194610442,1.0325329805389558,46.0,46,2.0,18.0,0.03800836578011513,26.921888297845207,26.108563784371313,0.0,0.0,0.0,-0.04066622567369471,1.0,0.3141361176967621,0.04894192889332771,0.04733628034591675,0.01246762529054328,0.012348361250400983,0.0070473637121419115,0.006931039194266002,0.0,0.0,0.02406869173049927,False,False
3.215,10.217144966125488,36.54228591918945,2.0921363830566406,2.2511664059102237,0.34606869161170595,0.8889500000000164,0.11104999999998355,0.0,608,571,0.9701781011726238,1.0298218988273762,19.0,19,2.0,21.0,0.03808138146996498,24.678397606358107,23.932850135673704,0.0,0.0,0.0,-0.037277373534220185,1.0,0.3144027888774872,0.04882095009088516,0.04733830690383911,0.012448873684430931,0.012330486122790231,0.0070465643269320335,0.006930393865332007,0.0,0.0,0.02958843231201172,False,False
3.22,10.099966049194336,36.55111312866211,2.1445508003234863,-2.7342659378873138,0.33855753099119956,0.8888500000000165,0.11114999999998354,0.0,727,692,0.9726632594082385,1.0273367405917615,56.0,56,6.0,21.0,0.03815711662173271,22.62186447249493,21.938445957700893,0.0,0.0,0.0,-0.03417092573970191,1.0,0.3144437372684479,0.0489669144153595,0.047340452671051025,0.01244650025339779,0.012316575827775343,0.007075716275721788,0.0069557611520091695,0.0,0.0,0.04138950347900391,False,False
3.225,10.066030502319336,36.55768585205078,2.186924934387207,2.633957162759212,0.8799427941173278,0.8887500000000165,0.11124999999998353,0.0,657,624,1.3082746544575519,0.6917253455424481,33.0,33,3.0,25.0,0.038218144327402115,20.73670909978702,28.443575461225816,0.0,0.0,0.0,0.3853433180719398,1.0,0.3142663836479187,0.048951130360364914,0.04734247922897339,0.012450727173185256,0.012311698267682428,0.007090337652092179,0.006967926553140084,0.0,0.0,0.021530601978302002,False,False
3.23,10.02624797821045,36.57664108276367,2.2267675399780273,2.449412966280286,0.8245121423463809,0.8886500000000165,0.11134999999998352,0.0,618,578,1.2825850999194226,0.7174149000805775,24.0,24,3.0,21.0,0.038359519094228745,19.0086500081381,26.073277506123663,0.0,0.0,0.0,0.3532313748992781,1.0,0.31387796998023987,0.048881202936172485,0.04734450578689575,0.01244747726692955,0.012300795893436894,0.007101269826913874,0.006976923905313015,0.0,0.0,0.03721121549606323,False,False
3.235,9.968356132507324,36.61499786376953,2.2442314624786377,1.9740690905657705,0.2193372919667681,0.8885500000000165,0.1114499999999835,0.0,630,598,1.2590363415928039,0.7409636584071961,31.0,31,4.0,35.0,0.0382881686091423,17.42459584079326,23.900504380613356,0.0,0.0,0.0,0.32379542699100483,1.0,0.3143627643585205,0.04883771762251854,0.047346532344818115,0.012429267007799168,0.012279974521021177,0.007105725817382336,0.006980642986794313,0.0,0.0,0.03916639566421509,False,False
3.24,9.92216968536377,36.62641906738281,2.271685838699341,2.6988938557023356,0.6831783462252692,0.8884500000000165,0.1115499999999835,0.0,588,553,1.5,0.4292166868732631,52.0,52,2.0,29.0,0.03822960704565048,15.97254618739382,30.24212901556224,0.0,0.0,0.0,0.7134791414084211,1.0,0.31456151604652405,0.048930879682302475,0.04734855890274048,0.012437918476081115,0.012283141092125456,0.00712208488645653,0.006995529790098469,0.0,0.0,0.02831431865692139,False,False
3.245,9.817978858947754,36.707435607910156,2.2477288246154785,2.84883255508616,0.8248322427036707,0.8883500000000165,0.11164999999998348,0.0,626,580,1.5,0.4767819629671579,21.0,21,4.0,23.0,0.038143932819366455,14.641500671777669,27.72195159759872,0.0,0.0,0.0,0.6540225462910526,1.0,0.31453636288642883,0.04885394871234894,0.04735058546066284,0.012375153776432668,0.012227105145032025,0.0071105314418673515,0.0069852375114957494,0.0,0.0,0.026921658515930175,False,False
3.25,9.67397403717041,36.7135124206543,2.254345655441284,2.7813209087375848,0.8769613010388186,0.8882500000000165,0.11174999999998347,0.0,649,616,1.1462832006134385,0.8537167993865614,24.0,24,5.0,23.0,0.03813427686691284,21.75470894912953,25.411788964465494,0.0,0.0,0.0,0.1828540007667982,1.0,0.31537196040153503,0.04875560849905014,0.047352492809295654,0.012363700226472976,0.012216180516814168,0.007130096588904659,0.007004503083104889,0.0,0.0,0.01825188994407654,False,False
3.255,9.609959602355957,36.744136810302734,2.2602896690368652,3.123422178827605,0.34360225378925546,0.8881500000000165,0.11184999999998346,0.0,639,599,0.8007596005623188,1.1992403994376812,33.0,33,3.0,25.0,0.03809163719415665,28.2751498700354,23.29413988409337,0.0,0.0,0.0,-0.24905049929710152,1.0,0.31590932607650757,0.04872360825538635,0.04735451936721802,0.012349680080175372,0.012201065540818005,0.007133010464409987,0.007007330423220992,0.0,0.0,0.0145345675945282,False,False
3.2600000000000002,9.603740692138672,36.86519241333008,2.227609634399414,2.778630315839918,0.8276999305970976,0.8880500000000165,0.11194999999998345,0.0,620,583,0.8173629671821254,1.1826370328178746,25.0,25,6.0,15.0,0.03803174942731857,25.918887380865783,21.35296156041892,0.0,0.0,0.0,-0.22829629102234322,1.0,0.31621095538139343,0.048651404678821564,0.04735654592514038,0.012256849442899512,0.012116437725586793,0.007089861125374834,0.006966641716038188,0.0,0.0,0.017507140636444093,False,False
3.265,9.62014389038086,36.925018310546875,2.179262638092041,2.112608289813105,0.8444842435183851,0.8879500000000166,0.11204999999998344,0.0,668,629,0.8325827199169484,1.1674172800830516,55.0,55,0.0,24.0,0.037973906844854355,23.758980099126966,19.573548097050676,0.0,0.0,0.0,-0.2092716001038145,1.0,0.3162844479084015,0.04873284325003624,0.04735845327377319,0.012193047453474538,0.01206415174790873,0.007053808464358251,0.006933909996102254,0.0,0.0,0.01804069995880127,False,False
3.27,9.610228538513184,36.94483184814453,2.1435019969940186,2.6081495029274953,0.9933978041998371,0.8878500000000166,0.11214999999998343,0.0,515,484,0.8465341599238693,1.1534658400761308,41.0,41,3.0,18.0,0.037897076457738876,21.779065090866386,17.942419088963117,0.0,0.0,0.0,-0.19183230009516344,1.0,0.3161373436450958,0.04878770560026169,0.04736047983169556,0.012167357070351928,0.012046025320615753,0.007041547602663438,0.0069235047946373625,0.0,0.0,0.015976349115371706,False,False
3.275,9.558671951293945,37.03518295288086,2.1344447135925293,2.561166706467267,0.6574159029279317,0.8877500000000166,0.11224999999998342,0.0,505,474,0.8593229799302136,1.1406770200697864,25.0,25,2.0,32.0,0.03795625641942024,19.964142999960853,16.44721749821619,0.0,0.0,0.0,-0.1758462750872331,1.0,0.31577691435813904,0.04871199652552605,0.047362446784973145,0.012109633690987843,0.011990894698460097,0.007024917285889387,0.006907624968638023,0.0,0.0,0.016074438095092774,False,False
3.2800000000000002,9.510011672973633,37.10014724731445,2.107980728149414,-2.7594575367864884,0.18100783235512485,0.8876500000000166,0.11234999999998341,0.0,559,531,0.871046064936029,1.128953935063971,21.0,21,2.0,29.0,0.03799087181687355,18.30046441663078,15.076616040031507,0.0,0.0,0.0,-0.16119241882996374,1.0,0.3162875473499298,0.04860388860106468,0.04736435413360596,0.012058577601273832,0.011946435446734363,0.007006575663884481,0.006891371449455619,0.0,0.0,0.02731017589569092,False,False
3.285,9.476914405822754,37.13935470581055,2.1199026107788086,2.623323414520348,0.968806032917855,0.8875500000000166,0.1124499999999834,0.0,561,530,1.2151255595246933,0.7848744404753067,28.0,28,1.0,28.0,0.037930406630039215,16.775425715244882,22.153564703362214,0.0,0.0,0.0,0.26890694940586657,1.0,0.31651002168655396,0.048528920859098434,0.04736626148223877,0.01203606957552238,0.011922422539384392,0.007003292363757889,0.006887769171347221,0.0,0.0,0.01780409097671509,False,False
3.29,9.48720932006836,37.288814544677734,2.1361336708068848,2.5028171803791848,0.9999999999999999,0.8874500000000166,0.11254999999998339,0.0,581,544,1.1971984295643021,0.8028015704356978,20.0,20,1.0,12.0,0.03795670345425606,15.377473572307808,20.307434311415363,0.0,0.0,0.0,0.24649803695537775,1.0,0.3165065348148346,0.04841748625040054,0.04736822843551636,0.011956074674982246,0.011839046374972115,0.006968847010284662,0.006852832545215885,0.0,0.0,0.018707826137542728,False,False
3.295,9.513757705688477,37.45231246948242,2.1194891929626465,1.4703431723829226,0.3445760694693956,0.8873500000000166,0.11264999999998337,0.0,542,508,0.847431893767277,1.152568106232723,30.0,30,4.0,8.0,0.03786477446556091,22.42935077461549,18.615148118797414,0.0,0.0,0.0,-0.19071013279090376,1.0,0.31628453731536865,0.048360828310251236,0.04737013578414917,0.011872361850633574,0.011759176619001489,0.0069245121752222385,0.006810281580934922,0.0,0.0,0.017627896070480348,False,False
3.3000000000000003,9.422825813293457,37.521759033203125,2.161794662475586,2.1082312737453375,0.7240945914714794,0.8872500000000166,0.11274999999998336,0.0,634,601,0.8601459026200038,1.1398540973799962,33.0,33,3.0,21.0,0.037784356623888016,20.5602382100642,17.063885775564295,0.0,0.0,0.0,-0.1748176217249952,1.0,0.31585124135017395,0.048327840864658356,0.04737210273742676,0.011850284217041741,0.011730192660916579,0.006936656621595224,0.006820218404754996,0.0,0.0,0.016002923250198364,False,False
3.305,9.31395435333252,37.51633834838867,2.2018885612487793,2.8198196583594433,0.9717691374666284,0.8871500000000166,0.11284999999998335,0.0,601,563,0.8718004107350036,1.1281995892649965,20.0,20,4.0,17.0,0.03797171264886856,18.84688502589218,15.64189529426727,0.0,0.0,0.0,-0.16024948658124555,1.0,0.31629103422164917,0.048237137496471405,0.04737401008605957,0.011852648997058294,0.011724865289288396,0.00696416012942791,0.0068449853764226045,0.0,0.0,0.020538232326507568,False,False
3.31,9.312975883483887,37.47218322753906,2.2425320148468018,2.7087573188269607,0.9267324690963418,0.8870500000000167,0.11294999999998334,0.0,686,643,0.8824837098404199,1.11751629015958,54.0,54,7.0,22.0,0.03815587982535362,17.2763112737345,14.338404019744997,0.0,0.0,0.0,-0.14689536269947512,1.0,0.31644460558891296,0.04836840555071831,0.04737585783004761,0.011884533477772317,0.011748722855234345,0.006984182400628924,0.006862767428780596,0.0,0.0,0.013983473777770997,False,False
3.315,9.252243041992188,37.4901123046875,2.2781834602355957,-0.5180230092733569,0.9998795756381123,0.8869500000000167,0.11304999999998333,0.0,709,673,0.22561006735371814,1.5,63.0,63,4.0,16.0,0.03811013326048851,32.503285334256624,13.14353701809958,0.0,0.0,0.0,-0.9679874158078523,1.0,0.31637415289878845,0.04857313260436058,0.04737776517868042,0.011881951152521473,0.011740705190866544,0.00699669704772532,0.0068738276604563,0.0,0.0,0.02229702711105347,False,False
3.3200000000000003,9.189900398254395,37.52439880371094,2.3183882236480713,2.985193802992432,0.1821413633894655,0.8868500000000167,0.11314999999998332,0.0,580,558,0.19999999999999996,1.5,14.0,14,3.0,20.0,0.03805777058005333,38.1280115564019,12.048242266591283,0.0,0.0,0.0,-1.0,1.0,0.3171643316745758,0.04843942075967789,0.04737973213195801,0.011882043917236363,0.01173364216741157,0.007012519830216965,0.00688776335058113,0.0,0.0,0.032964010238647465,False,False
3.325,9.15609073638916,37.53600311279297,2.3352479934692383,2.5920239166523227,0.9817822345308594,0.8867500000000167,0.11324999999998331,0.0,514,481,0.19999999999999996,1.5,25.0,25,2.0,23.0,0.03800239786505699,34.95067726003507,11.044222077708675,0.0,0.0,0.0,-1.0,1.0,0.31765618920326233,0.04834916442632675,0.04738152027130127,0.011888910920591845,0.011737288541917048,0.007022778348376354,0.006897151082133254,0.0,0.0,0.015115277767181398,False,False
3.33,9.016876220703125,37.61588668823242,2.2993898391723633,-1.5835028575336543,0.49760540538770803,0.8866500000000167,0.1133499999999833,0.0,474,450,0.19999999999999996,1.5,17.0,17,0.0,16.0,0.03816668689250946,32.03812082169881,10.123870237899618,0.0,0.0,0.0,-1.0,1.0,0.31791219115257263,0.048236019909381866,0.04738348722457886,0.011815477908336538,0.01167287368783322,0.007008293954034647,0.0068845623172819614,0.0,0.0,0.020972893238067628,False,False
3.335,8.903172492980957,37.62961196899414,2.3189263343811035,2.6021809336256068,0.9790885063539647,0.8865500000000167,0.11344999999998329,0.0,509,477,0.19999999999999996,1.5,37.0,37,0.0,9.0,0.03806795924901962,37.7016107532239,9.280214384741317,0.0,0.0,0.0,-1.0,1.0,0.31793999671936035,0.04820409044623375,0.047385334968566895,0.01180900929127026,0.01166408216101488,0.007026472594588995,0.006901992795368036,0.0,0.0,0.0136380136013031,False,False
3.34,8.846780776977539,37.724117279052734,2.3377504348754883,2.9766215402915885,0.5837504722072592,0.8864500000000167,0.11354999999998328,0.0,588,541,0.19999999999999996,1.5,32.0,32,4.0,19.0,0.03797779604792595,34.55980985712191,8.506863186012874,0.0,0.0,0.0,-1.0,1.0,0.3177471458911896,0.0481690876185894,0.04738724231719971,0.0117640461502595,0.011616335534897927,0.007015739101916552,0.006890884057308237,0.0,0.0,0.016228896379470826,False,False
3.345,8.81845760345459,37.88090896606445,2.3037638664245605,-2.5477829416287374,0.4679682139134692,0.8863500000000167,0.11364999999998326,0.0,598,563,0.3780586220593354,1.5,19.0,19,3.0,23.0,0.03790760040283203,31.67982570236175,16.131291253845134,0.0,0.0,0.0,-0.7774267224258308,1.0,0.3173409402370453,0.048060860484838486,0.047389090061187744,0.01165015597288324,0.011511367782523372,0.006962237336362402,0.006840418015296261,0.0,0.0,0.020162267684936525,False,False
3.35,8.79796314239502,37.89554977416992,2.278693437576294,2.907795472362459,0.5073910310572226,0.8862500000000167,0.11374999999998325,0.0,602,570,0.42988707022105743,1.5,26.0,26,4.0,27.0,0.03783242776989937,29.039840227164937,14.787016982691373,0.0,0.0,0.0,-0.7126411622236782,1.0,0.31672847270965576,0.048009999096393585,0.04739093780517578,0.011626899630025167,0.011493737277283627,0.0069536994366596145,0.00683314244573315,0.0,0.0,0.013785797357559203,False,False
3.355,8.801685333251953,37.909217834472656,2.2438974380493164,2.708390125874527,0.9092811515826206,0.8861500000000168,0.11384999999998324,0.0,654,619,0.4773964810359692,1.5,46.0,46,5.0,23.0,0.037823837250471115,26.61985354156786,13.554765567467092,0.0,0.0,0.0,-0.6532543987050384,1.0,0.31699398159980774,0.04810118302702904,0.04739278554916382,0.0116131441187461,0.011485308242845176,0.006943625630810857,0.006824145869662365,0.0,0.0,0.01312554121017456,False,False
3.36,8.797921180725098,38.017311096191406,2.231449604034424,2.302152667915971,0.3020904090552526,0.8860500000000168,0.11394999999998323,0.0,658,623,0.5209467742829719,1.4790532257170281,48.0,48,3.0,30.0,0.03777826204895973,24.40153241310387,12.425201770178166,0.0,0.0,0.0,-0.5988165321462852,1.0,0.3169780969619751,0.048207420855760574,0.047394633293151855,0.01155328465697416,0.011427988328621552,0.006914477562531829,0.006795941929643353,0.0,0.0,0.03291385650634766,False,False
3.365,8.797163963317871,38.03676986694336,2.228848695755005,2.547150936905558,1.0000000000000002,0.8859500000000168,0.11404999999998322,0.0,648,607,0.5608678764260575,1.4391321235739425,40.0,40,5.0,24.0,0.03780585154891014,22.368071378678547,11.389768289329986,0.0,0.0,0.0,-0.548915154467428,1.0,0.316742867231369,0.04821217432618141,0.04739636182785034,0.011537711076011396,0.011413492385569476,0.006906667646641533,0.006788587585712473,0.0,0.0,0.02375844955444336,False,False
3.37,8.764805793762207,38.117855072021484,2.279916763305664,2.9493089808560007,0.7693849936876362,0.8858500000000168,0.11414999999998321,0.0,656,622,0.5974622200572193,1.4025377799427807,23.0,23,4.0,18.0,0.03796374425292015,20.504065430455334,10.44062093188582,0.0,0.0,0.0,-0.5031722249284758,1.0,0.3162955641746521,0.04813116788864136,0.04739809036254883,0.011514434669632293,0.011381131541449407,0.006908716168254614,0.0067882313548276825,0.0,0.0,0.01944722294807434,False,False
3.375,8.799612045288086,38.27318572998047,2.2962851524353027,2.840743826374615,0.4951792477834418,0.8857500000000168,0.1142499999999832,0.0,637,602,0.631007035052451,1.368992964947549,31.0,31,3.0,39.0,0.038179539144039154,27.128726644584056,17.903902520895333,0.0,0.0,0.0,-0.46124120618443615,1.0,0.31672051548957825,0.0481007844209671,0.047399938106536865,0.011444863791363917,0.01130927628117674,0.006871277000755072,0.006751159283642968,0.0,0.0,0.01972991466522217,False,False
3.38,8.789926528930664,38.35305404663086,2.289769411087036,3.1275580902415623,0.6129332542050437,0.8856500000000168,0.11434999999998319,0.0,616,576,0.6617564487980802,1.33824355120192,42.0,42,3.0,32.0,0.03824647516012192,24.86799942420205,16.411910644154055,0.0,0.0,0.0,-0.4228044390023998,1.0,0.31685855984687805,0.04817262291908264,0.0474017858505249,0.011413754369423088,0.011281273921582834,0.006853950520356497,0.006734961255763968,0.0,0.0,0.0217592453956604,False,False
3.3850000000000002,8.679027557373047,38.33406448364258,2.3448543548583984,2.604852217450907,0.701884026054262,0.8855500000000168,0.11444999999998318,0.0,576,542,0.6899434113982402,1.3100565886017597,28.0,28,4.0,25.0,0.03815273940563202,22.795666138851878,15.044251423807884,0.0,0.0,0.0,-0.3875707357521997,1.0,0.31677183508872986,0.04810633510351181,0.04740351438522339,0.011430611079558558,0.011288630046590526,0.006888430022324125,0.006766438794632753,0.0,0.0,0.020096833705902102,False,False
3.39,8.591257095336914,38.28838348388672,2.404472827911377,2.661982783231662,0.8536428186672269,0.8854500000000168,0.11454999999998317,0.0,602,568,0.3824481271150536,1.5,50.0,50,3.0,29.0,0.038093239068984985,29.229360627280887,13.790563805157227,0.0,0.0,0.0,-0.771939841106183,1.0,0.3164677917957306,0.048196613788604736,0.047405242919921875,0.011463233061542098,0.011311344089665437,0.006928935181349516,0.006804163567721844,0.0,0.0,0.02115851640701294,False,False
3.395,8.575404167175293,38.27936553955078,2.449707269668579,2.5379998393621994,0.9983490521604728,0.8853500000000168,0.11464999999998315,0.0,606,575,0.43391078318879917,1.5,41.0,41,3.0,19.0,0.03802492469549179,26.79358057500748,12.641350154727457,0.0,0.0,0.0,-0.707611521014001,1.0,0.31595364212989807,0.04824681580066681,0.04740703105926514,0.011479628469115726,0.0113211245852288,0.006944327615201473,0.006818297939995925,0.0,0.0,0.02253574371337891,False,False
3.4,8.451803207397461,38.303306579589844,2.5498409271240234,2.5733830406976774,0.7382612235952782,0.8852500000000169,0.11474999999998314,0.0,648,611,0.19999999999999996,1.5,48.0,48,3.0,20.0,0.037953637540340424,32.894115527090186,11.587904308500168,0.0,0.0,0.0,-1.0,1.0,0.3163137137889862,0.04831629991531372,0.04740875959396362,0.011517567182367029,0.011344282988109456,0.006993953526640932,0.00686535417723159,0.0,0.0,0.041114401817321775,False,False
3.4050000000000002,8.330435752868652,38.31658172607422,2.603710651397705,-2.0058377353045147,0.28930742061796455,0.8851500000000169,0.11484999999998313,0.0,676,642,0.21877225531836608,1.5,34.0,34,0.0,29.0,0.0378725565969944,30.152939233166002,10.622245616125154,0.0,0.0,0.0,-0.9765346808520423,1.0,0.31638869643211365,0.04830847308039665,0.04741060733795166,0.011538200669165059,0.011358224922732743,0.007028622009480993,0.006898988503962755,0.0,0.0,0.05983091354370117,False,False
3.41,8.239601135253906,38.35776138305664,2.60083270072937,2.6827947372072147,0.8923162201212473,0.8850500000000169,0.11494999999998312,0.0,513,487,0.2838745673751688,1.5,19.0,19,2.0,25.0,0.03788004815578461,27.640194297068835,9.737058481448058,0.0,0.0,0.0,-0.8951567907810389,1.0,0.3162407875061035,0.048190124332904816,0.04741227626800537,0.011509795147052327,0.011331189798734292,0.00703101900095741,0.006901223678141832,0.0,0.0,0.0204201078414917,False,False
3.415,8.07431697845459,38.35628890991211,2.621293544769287,2.9966025272858148,0.16825442262140453,0.8849500000000169,0.11504999999998311,0.0,602,556,0.6768850200939049,1.323114979906095,29.0,29,2.0,22.0,0.037795811891555786,25.336844772313096,17.25897027466072,0.0,0.0,0.0,-0.4038937248826189,1.0,0.3169546127319336,0.048118703067302704,0.04741400480270386,0.01150199052423687,0.011321994602330788,0.007055671885609627,0.006925218816225728,0.0,0.0,0.011554076671600343,False,False
3.42,7.917049884796143,38.36264419555664,2.641305923461914,2.9116997937071787,0.8541718318495668,0.8848500000000169,0.1151499999999831,0.0,544,520,0.7038112684194129,1.2961887315805871,32.0,32,1.0,30.0,0.03772074729204178,23.225441041287002,15.820722751772324,0.0,0.0,0.0,-0.3702359144757339,1.0,0.3173711895942688,0.048100024461746216,0.04741567373275757,0.011497419154135494,0.01131572000530997,0.0070807004037002725,0.006950026533255975,0.0,0.0,0.00755991280078888,False,False
3.4250000000000003,7.841481685638428,38.454063415527344,2.6207189559936523,2.6343681528850453,0.4411484119475531,0.8847500000000169,0.11524999999998309,0.0,496,463,0.7284936627177951,1.2715063372822049,18.0,18,3.0,25.0,0.03767187520861626,21.28998762117975,14.50232918912463,0.0,0.0,0.0,-0.33938292160275607,1.0,0.31755298376083374,0.047968197613954544,0.04741734266281128,0.011429261108297527,0.011252092412575753,0.007058082846924663,0.006928213794405262,0.0,0.0,0.015013678073883058,False,False
3.43,7.868481159210205,38.525360107421875,2.5871591567993164,2.7927854550372144,0.7893845429050804,0.8846500000000169,0.11534999999998308,0.0,554,518,0.7511191908246456,1.2488808091753545,19.0,19,2.0,25.0,0.037683915346860886,19.515821986081438,13.293801756697578,0.0,0.0,0.0,-0.311101011469193,1.0,0.31750768423080444,0.0478583462536335,0.047419071197509766,0.011375708459527062,0.011203949130722153,0.007027390335376064,0.0068978965282440186,0.0,0.0,0.017484238147735597,False,False
3.435,7.916636943817139,38.529903411865234,2.5600297451019287,2.8265224961707704,0.7525527493133682,0.8845500000000169,0.11544999999998307,0.0,576,540,0.771859258255925,1.2281407417440748,20.0,20,4.0,19.0,0.037829264998435974,26.22283682057465,20.519318276972776,0.0,0.0,0.0,-0.28517592718009366,1.0,0.31724274158477783,0.04775357246398926,0.04742074012756348,0.011363568368833338,0.011195367806862559,0.0070124542495856685,0.006883307360112667,0.0,0.0,0.01676783084869385,False,False
3.44,7.883900165557861,38.5914192199707,2.529719114303589,2.422567334458895,0.602038630214367,0.884450000000017,0.11554999999998306,0.0,675,643,1.1242043200679313,0.8757956799320687,47.0,47,3.0,36.0,0.03813568502664566,24.037600418860094,27.142708420558375,0.0,0.0,0.0,0.155255400084914,1.0,0.3167654573917389,0.04783501848578453,0.04742234945297241,0.011323251609690317,0.011159496502620778,0.006995336540664236,0.006866645223150651,0.0,0.0,0.021422479152679443,False,False
3.4450000000000003,7.834442138671875,38.635284423828125,2.516072988510132,3.0051729290275624,0.5167124786408088,0.884350000000017,0.11564999999998304,0.0,691,662,0.780520626728937,1.2194793732710631,47.0,47,8.0,32.0,0.03822603449225426,30.367800383955085,24.88081605217851,0.0,0.0,0.0,-0.27434921658882877,1.0,0.3160829544067383,0.047938764095306396,0.04742401838302612,0.01129143633227778,0.011130446999450046,0.006986544467508793,0.0068582412010679645,0.0,0.0,0.024750206470489502,False,False
3.45,7.809320449829102,38.65179443359375,2.521639347076416,-2.98851351488416,0.5374610701576827,0.884250000000017,0.11574999999998303,0.0,614,575,0.7988105745015257,1.2011894254984743,30.0,30,3.0,25.0,0.03817392885684967,27.837150351958826,22.807414714496968,0.0,0.0,0.0,-0.2514867818730929,1.0,0.31627944111824036,0.04791168496012688,0.04742550849914551,0.011277327167490948,0.01111657666684655,0.006982805207371712,0.006854837605108818,0.0,0.0,0.0153195059299469,False,False
3.455,7.756224155426025,38.76982498168945,2.597519874572754,2.686279195211827,0.5801011730152725,0.884150000000017,0.11584999999998302,0.0,582,553,0.4822430266263985,1.5,16.0,16,4.0,20.0,0.03818144276738167,33.850721155962255,20.90679682162222,0.0,0.0,0.0,-0.6471962167170018,1.0,0.3161954879760742,0.047800734639167786,0.047427237033843994,0.011252667325897902,0.011082139854455043,0.006986665927494566,0.006857716556017598,0.0,0.0,0.020426762104034425,False,False
3.46,7.741342067718506,38.920387268066406,2.580322265625,2.6827708343632573,0.9838519890389549,0.884050000000017,0.11594999999998301,0.0,573,537,0.5253894410741988,1.4746105589258012,34.0,34,1.0,13.0,0.038128335028886795,39.36316105963206,27.497897086487033,0.0,0.0,0.0,-0.5932631986572515,1.0,0.31589317321777344,0.04777828976511955,0.047428786754608154,0.011179691016266419,0.011013322879618334,0.006947721121832728,0.006820013513788581,0.0,0.0,0.021267271041870116,False,False
3.465,7.67897891998291,38.932708740234375,2.593982696533203,2.7499316816355983,0.6378976692534031,0.883950000000017,0.116049999999983,0.0,641,602,0.5649403209846822,1.4350596790153178,83.0,83,5.0,20.0,0.038037318736314774,36.082897637996055,25.20640566261311,0.0,0.0,0.0,-0.5438245987691472,1.0,0.3153797686100006,0.04816049337387085,0.04743039608001709,0.011179166862682733,0.011011691242456267,0.006956514747192463,0.006828438490629196,0.0,0.0,0.021271920204162596,False,False
3.47,7.596749782562256,38.86899948120117,2.6531317234039307,2.9691499726010173,0.3970694033359949,0.883850000000017,0.11614999999998299,0.0,598,567,0.6011952942359587,1.3988047057640411,24.0,24,3.0,21.0,0.037966739386320114,33.07598950149638,23.10587185739535,0.0,0.0,0.0,-0.49850588220505154,1.0,0.31466230750083923,0.04807903990149498,0.04743194580078125,0.011223260955884882,0.011047670783765912,0.007003401406109333,0.006873969687148929,0.0,0.0,0.020654420852661136,False,False
3.475,7.5796403884887695,38.83099365234375,2.7035160064697266,2.730053205229756,0.8433768144769613,0.883750000000017,0.11624999999998298,0.0,523,490,0.6344290197162955,1.3655709802837044,26.0,26,3.0,18.0,0.03787573054432869,30.319657043038347,21.180382535945736,0.0,0.0,0.0,-0.4569637253546306,1.0,0.31374773383140564,0.0479847751557827,0.04743349552154541,0.011256489646446252,0.011074753315304236,0.007029913831502199,0.006900155373538534,0.0,0.0,0.019438796043395996,False,False
3.48,7.543941974639893,38.824832916259766,2.7502028942108154,-3.003662372236439,0.5064228205230109,0.883650000000017,0.11634999999998297,0.0,591,556,0.3315599347399375,1.5,21.0,21,1.0,26.0,0.03779236972332001,36.126352289451816,19.415350657950256,0.0,0.0,0.0,-0.835550081575078,1.0,0.3137200176715851,0.047878868877887726,0.04743504524230957,0.01127586509246595,0.011089394045120403,0.007049402144427101,0.006919769026959936,0.0,0.0,0.028409700393676757,False,False
3.485,7.438294410705566,38.81798553466797,2.8155291080474854,-2.530892007432645,0.6978453899126233,0.883550000000017,0.11644999999998296,0.0,602,569,0.3872632735116093,1.5,15.0,15,4.0,29.0,0.037728287279605865,33.1158229319975,17.797404769787732,0.0,0.0,0.0,-0.7659209081104883,1.0,0.3134195804595947,0.04774147644639015,0.047436535358428955,0.011312301977809035,0.011118919401157789,0.007091575535014272,0.006962125189602375,0.0,0.0,0.04149466037750245,False,False
3.49,7.427393436431885,38.81956100463867,2.8497233390808105,-2.979042856721131,0.24776186217778556,0.883450000000017,0.11654999999998295,0.0,591,557,0.4383246673856419,1.5,43.0,43,2.0,18.0,0.0376402884721756,30.356171020997706,16.314287705638755,0.0,0.0,0.0,-0.7020941657679476,1.0,0.31290826201438904,0.047753363847732544,0.047438204288482666,0.011335120257222855,0.0111382336453533,0.007105818173537652,0.006977118706951539,0.0,0.0,0.027993853092193606,False,False
3.495,7.269883632659912,38.848915100097656,2.8396048545837402,2.971316031455826,0.5664030297592452,0.8833500000000171,0.11664999999998293,0.0,684,636,0.4851309451035052,1.5,57.0,57,3.0,29.0,0.037751149386167526,27.82649010258123,14.954763730168859,0.0,0.0,0.0,-0.6435863186206185,1.0,0.3121931552886963,0.047907378524541855,0.047439634799957275,0.011306423038321684,0.011111720712350821,0.0071180782591303195,0.00698838266544044,0.0,0.0,0.023227515220642092,False,False
3.5,7.124910831451416,38.782310485839844,2.851832389831543,2.9684125921837037,0.6699459086607535,0.8832500000000171,0.11674999999998292,0.0,632,595,0.8613700330115464,1.1386299669884536,27.0,27,6.0,33.0,0.03791658580303192,25.507615927366125,22.041866752654784,0.0,0.0,0.0,-0.17328745873556706,1.0,0.3112811744213104,0.04785468801856041,0.04744112491607666,0.01132748914771929,0.011132036644460776,0.007156286155804992,0.007025984426339468,0.0,0.0,0.015067052841186524,False,False
3.505,7.017642974853516,38.79279327392578,2.8639259338378906,-2.7726623193911815,0.5697221082315499,0.8831500000000171,0.11684999999998291,0.0,652,615,0.5395891969272507,1.4604108030727492,30.0,30,6.0,28.0,0.037963107228279114,40.04864793341895,28.538377856600217,0.0,0.0,0.0,-0.5755135038409366,1.0,0.3112562596797943,0.04782997444272041,0.047442615032196045,0.011315807533101007,0.01112039212923247,0.007169919554144144,0.007039945727835099,0.0,0.0,0.013341041803359984,False,False
3.5100000000000002,6.909801959991455,38.91373825073242,2.8517580032348633,-3.104208101063974,0.49945698686311385,0.8830500000000171,0.1169499999999829,0.0,602,571,0.5779567638499801,1.42204323615002,47.0,47,1.0,36.0,0.03803016245365143,36.71126060563403,26.160179701883532,0.0,0.0,0.0,-0.5275540451875249,1.0,0.3109588325023651,0.047914691269397736,0.047444045543670654,0.011235887794056737,0.011043974491107732,0.007146095158532262,0.007016429832826058,0.0,0.0,0.020953755378723148,False,False
3.515,6.872891426086426,38.94953918457031,2.8336942195892334,-2.9911228686005384,0.5827608676889962,0.8829500000000171,0.11704999999998289,0.0,547,518,0.6131270335291483,1.3868729664708517,33.0,33,1.0,25.0,0.037994999438524246,33.65198888849786,23.98016472672657,0.0,0.0,0.0,-0.48359120808856454,1.0,0.3104507327079773,0.04787223041057587,0.04744553565979004,0.01120403825714779,0.011014847504828578,0.007138930959627032,0.007008630782365799,0.0,0.0,0.015385463237762454,False,False
3.52,6.884467601776123,38.943389892578125,2.79107928276062,2.772027407146476,0.5755320171963942,0.8828500000000171,0.11714999999998288,0.0,504,470,0.6453664474017193,1.3546335525982807,23.0,23,1.0,20.0,0.03791285306215286,30.84765648112304,21.981817666166023,0.0,0.0,0.0,-0.4432919407478508,1.0,0.30973905324935913,0.04778137803077698,0.04744690656661987,0.011191836478072049,0.011006334110104777,0.007129363948479295,0.0069981045089662075,0.0,0.0,0.014717124700546267,False,False
3.525,6.835131645202637,39.01377487182617,2.7697482109069824,3.00185870858662,0.8535939062424088,0.8827500000000171,0.11724999999998287,0.0,580,541,0.6749192434515761,1.325080756548424,18.0,18,4.0,24.0,0.03782450035214424,28.27701844102945,20.149999527318855,0.0,0.0,0.0,-0.4063509456855298,1.0,0.3088306486606598,0.04765653610229492,0.04744827747344971,0.01114938972252016,0.010966346964395126,0.007113891188055277,0.006982296472415328,0.0,0.0,0.018571001291275025,False,False
3.5300000000000002,6.808572769165039,39.04650115966797,2.7696855068206787,2.7837348370106407,0.903798227484149,0.8826500000000171,0.11734999999998286,0.0,614,575,0.7020093064972781,1.297990693502722,32.0,32,5.0,19.0,0.03785677254199982,25.92060023761033,18.470832900042282,0.0,0.0,0.0,-0.37248836687840237,1.0,0.3077322542667389,0.04761488363146782,0.04744976758956909,0.011131818794237747,0.01094922615118153,0.007109819756199917,0.006978219995896022,0.0,0.0,0.031600944995880134,False,False
3.535,6.756438255310059,39.07896041870117,2.7992842197418213,2.976642347221534,0.4505583268741554,0.8825500000000172,0.11744999999998285,0.0,607,577,0.3935085309558384,1.5,51.0,51,1.0,34.0,0.0378023236989975,32.093883551142795,16.931596825038756,0.0,0.0,0.0,-0.758114336305202,1.0,0.30645039677619934,0.047724176198244095,0.04745107889175415,0.01112676658836409,0.010941707825171593,0.0071182594789812965,0.006986899534240365,0.0,0.0,0.02074432373046875,False,False
3.54,6.685496807098389,39.20500183105469,2.8556313514709473,-2.43244149264955,0.4474283418601206,0.8824500000000172,0.11754999999998283,0.0,626,592,0.4440494867095186,1.5,47.0,47,3.0,34.0,0.03771701082587242,29.419393255214228,15.520630422952193,0.0,0.0,0.0,-0.6949381416131017,1.0,0.3060687184333801,0.04781344160437584,0.047452330589294434,0.011093433403991925,0.010904329677442079,0.007115159338961045,0.0069852720480412245,0.0,0.0,0.021842653751373294,False,False
3.545,6.64798641204834,39.30083084106445,2.8344523906707764,2.7316791460181085,0.9208745644591081,0.8823500000000172,0.11764999999998282,0.0,579,543,0.19999999999999996,1.5,15.0,15,2.0,33.0,0.03765323758125305,35.301110483946374,14.227244554372843,0.0,0.0,0.0,-1.0,1.0,0.30542731285095215,0.04767243564128876,0.04745370149612427,0.01104388405623208,0.010858585743213993,0.007088510707641642,0.006958767383669814,0.0,0.0,0.0223024845123291,False,False
3.5500000000000003,6.578469276428223,39.26179122924805,2.8806121349334717,-3.1237997898564176,0.5289022558509159,0.8822500000000172,0.11774999999998281,0.0,726,690,0.5606249159156372,1.4393750840843627,43.0,43,7.0,39.0,0.03762631490826607,32.35935127695084,21.37497417484177,0.0,0.0,0.0,-0.5492188551054534,1.0,0.304587721824646,0.047714222222566605,0.04745513200759888,0.011078249803802296,0.010888545378867836,0.007121224965279302,0.0069916690699756145,0.0,0.0,0.02356044054031372,False,False
3.555,6.528865337371826,39.17476272583008,2.948493480682373,-2.8084130762967123,0.553480116110764,0.8821500000000172,0.1178499999999828,0.0,688,643,0.26390617292266727,1.5,20.0,20,3.0,28.0,0.03773441165685654,37.9960720038716,19.593726326938288,0.0,0.0,0.0,-0.9201172838466658,1.0,0.3035566210746765,0.04762384667992592,0.04745638370513916,0.011141553555983723,0.010945303875293104,0.0071749137714505196,0.00704639203225573,0.0,0.0,0.021786432266235355,False,False
3.56,6.516759395599365,39.138912200927734,2.9884743690490723,2.410316374601542,0.9949331006494508,0.8820500000000172,0.11794999999998279,0.0,687,650,0.3252473251791118,1.5,27.0,27,3.0,23.0,0.03807733207941055,34.829732670215634,17.96091579969343,0.0,0.0,0.0,-0.8434408435261102,1.0,0.3034178912639618,0.047555528581142426,0.04745769500732422,0.011170837322385658,0.01097176133990659,0.007197366018469135,0.007069898225987951,0.0,0.0,0.02776612997055054,False,False
3.565,6.464675426483154,39.10313415527344,3.0515904426574707,-2.5865883861721968,0.6386550045930737,0.8819500000000172,0.11804999999998278,0.0,595,563,0.7148100480808526,1.2851899519191474,43.0,43,1.0,30.0,0.03821974992752075,31.927254947697662,24.797506149718977,0.0,0.0,0.0,-0.3564874398989343,1.0,0.30301183462142944,0.04759391024708748,0.0474589467048645,0.011217016563692422,0.011013797128049022,0.007234285197531184,0.00710894470103085,0.0,0.0,0.03429896116256714,False,False
3.5700000000000003,6.331334114074707,39.05439758300781,3.1353046894073486,-2.970984017119056,0.4866855502112301,0.8818500000000172,0.11814999999998277,0.0,552,519,0.19999999999999996,1.5,27.0,27,3.0,23.0,0.03812914714217186,45.93331703538952,22.73104730390906,0.0,0.0,0.0,-1.0,1.0,0.3024001121520996,0.047548044472932816,0.04746025800704956,0.011284298619100032,0.011076302423607388,0.007294013242547711,0.007172288993994395,0.0,0.0,0.05088616371154785,False,False
3.575,6.227556228637695,39.05583953857422,-3.12990403175354,-3.130159909424982,0.9037573497913692,0.8817500000000172,0.11824999999998276,0.0,577,545,0.19999999999999996,1.5,23.0,23,2.0,22.0,0.038042522966861725,42.10554061577373,20.83679336191664,0.0,0.0,0.0,-1.0,1.0,0.3015896677970886,0.04746082425117493,0.04746145009994507,0.011291772568772838,0.01108339850117513,0.00731703476049006,0.007195887931933006,0.0,0.0,0.022486534118652347,False,False
3.58,6.067302227020264,38.9805908203125,-3.119370222091675,-2.225143435732771,0.3950394164313712,0.8816500000000173,0.11834999999998275,0.0,509,481,0.2201459340252403,1.5,14.0,14,4.0,31.0,0.03795255348086357,38.59674556445925,19.100393915090255,0.0,0.0,0.0,-0.9748175824684496,1.0,0.3005872368812561,0.04731571674346924,0.047462642192840576,0.011314966648933304,0.011105805875267665,0.007364746804038684,0.00724265119060874,0.0,0.0,0.012246532440185549,False,False
3.585,5.901798725128174,38.87934875488281,-3.1071369647979736,-2.94475123333243,0.6419564756863397,0.8815500000000173,0.11844999999998274,0.0,622,591,0.28513377285647035,1.5,29.0,29,1.0,30.0,0.03789905458688736,35.380350100754306,17.508694422166066,0.0,0.0,0.0,-0.893582783929412,1.0,0.29939940571784973,0.047267213463783264,0.047463953495025635,0.011351620585056002,0.011142050527870328,0.007417969560871522,0.007295939916123947,0.0,0.0,0.010372577905654908,False,False
3.59,5.751561164855957,38.866294860839844,-3.1153621673583984,-2.844246791439362,0.6169895250021148,0.8814500000000173,0.11854999999998272,0.0,641,607,0.34470595845176455,1.5,28.0,28,2.0,27.0,0.0379260815680027,32.43198759235811,16.049636553652228,0.0,0.0,0.0,-0.8191175519352942,1.0,0.29803261160850525,0.047232579439878464,0.04746520519256592,0.011332786776940164,0.01112533637599925,0.00743834573465089,0.007316169794648886,0.0,0.0,0.01463135361671448,False,False
3.595,5.648641586303711,38.93198013305664,-3.1060163974761963,-2.640907355384887,0.9945848612453164,0.8813500000000173,0.11864999999998271,0.0,656,624,0.3993137952474509,1.5,40.0,40,7.0,36.0,0.03796364739537239,29.7293219596616,14.712166840847875,0.0,0.0,0.0,-0.7508577559406863,1.0,0.2964931130409241,0.047267571091651917,0.04746633768081665,0.011295638829236674,0.011088932514074088,0.007441377189631264,0.00731897035924097,0.0,0.0,0.021325054168701174,False,False
3.6,5.672693729400635,38.956939697265625,-3.1131155490875244,-1.4954840209463827,0.26164211549733224,0.8812500000000173,0.1187499999999827,0.0,619,577,0.4493709789768301,1.5,40.0,40,2.0,20.0,0.0378887914121151,27.251878463023132,13.486152937443885,0.0,0.0,0.0,-0.6882862762789623,1.0,0.2958642840385437,0.047330860048532486,0.04746752977371216,0.011285399581189095,0.011078704304527322,0.0074329739436507225,0.007309645880013704,0.0,0.0,0.01683170795440674,False,False
3.605,5.66149377822876,38.98455047607422,3.1235764026641846,-2.9338326962594437,0.8128046131124208,0.8811500000000173,0.11884999999998269,0.0,600,564,0.49525673072876086,1.5,38.0,38,5.0,11.0,0.03781327232718468,24.980888591104538,12.36230685932356,0.0,0.0,0.0,-0.6309290865890489,1.0,0.29498589038848877,0.04737813025712967,0.047468721866607666,0.011253265038248908,0.011048279564420055,0.00741636302943031,0.007290062494575977,0.0,0.0,0.01950337052345276,False,False
3.61,5.58735466003418,39.0207405090332,3.112837314605713,-3.1266570668167324,0.8200045814996006,0.8810500000000173,0.11894999999998268,0.0,573,543,0.5373186698346974,1.4626813301653026,63.0,63,2.0,9.0,0.03799296170473099,31.232481208512493,19.66544795437993,0.0,0.0,0.0,-0.5783516627066282,1.0,0.2949964702129364,0.047617461532354355,0.047469913959503174,0.011229888310713988,0.011025507115293126,0.007416760781779885,0.0072893636145939435,0.0,0.0,0.022543630599975585,False,False
3.615,5.579912185668945,39.029537200927734,3.1115987300872803,-2.933048287677577,0.5495566983805756,0.8809500000000173,0.11904999999998267,0.0,535,512,0.5758754473484726,1.4241245526515274,28.0,28,2.0,10.0,0.03790144994854927,28.62977444113645,18.026660624848265,0.0,0.0,0.0,-0.5301556908144093,1.0,0.2947363555431366,0.047557294368743896,0.04747110605239868,0.011221892578662976,0.011018017641540137,0.007414164720103145,0.0072867916120837135,0.0,0.0,0.02538018226623535,False,False
3.62,5.504467964172363,39.06064224243164,-3.090710401535034,-2.7547824350530323,0.6116629551163519,0.8808500000000173,0.11914999999998266,0.0,591,544,0.6112191600694332,1.3887808399305668,39.0,39,3.0,19.0,0.03781086206436157,26.243959904375078,16.52443890611091,0.0,0.0,0.0,-0.4859760499132085,1.0,0.29426732659339905,0.04758841544389725,0.047472238540649414,0.011249468445273254,0.011042228534351864,0.007447072227175037,0.0073238885185370846,0.0,0.0,0.014363540410995485,False,False
3.625,5.3942341804504395,39.18655776977539,-3.070376396179199,-2.745783115340326,0.6213557268053813,0.8807500000000174,0.11924999999998265,0.0,671,639,0.6436175633969807,1.3563824366030193,25.0,25,4.0,32.0,0.03798595443367958,32.39029657901048,23.480735663935,0.0,0.0,0.0,-0.44547804575377403,1.0,0.29359638690948486,0.04751655086874962,0.04747331142425537,0.011195715290377673,0.0109900003174551,0.007433831536521515,0.007312389401098093,0.0,0.0,0.024594566822052,False,False
3.63,5.337814807891846,39.214317321777344,-3.078314781188965,-2.775701073073309,0.6042334819875718,0.8806500000000174,0.11934999999998264,0.0,561,528,0.6733160997805656,1.3266839002194344,21.0,21,1.0,24.0,0.03795452415943146,29.691105197426275,21.524007691940415,0.0,0.0,0.0,-0.408354875274293,1.0,0.29380759596824646,0.047413408756256104,0.047474443912506104,0.011177594892020788,0.010972914778685493,0.007427353411912918,0.007304769630233447,0.0,0.0,0.02749090909957886,False,False
3.6350000000000002,5.3056182861328125,39.11904525756836,-3.0232396125793457,-2.9795039319812666,0.3974395132479401,0.8805500000000174,0.11944999999998263,0.0,499,475,0.700539758132185,1.299460241867815,45.0,45,1.0,21.0,0.03802157938480377,27.216846430974083,19.730340384278712,0.0,0.0,0.0,-0.3743253023347686,1.0,0.29374149441719055,0.04747326672077179,0.04747563600540161,0.011244853764403592,0.01103726466494828,0.00747886331131061,0.007359559725349149,0.0,0.0,0.02149156093597412,False,False
3.64,5.284936904907227,39.037986755371094,-2.9700024127960205,-2.906561029421113,0.8264678816952354,0.8804500000000174,0.11954999999998261,0.0,569,528,0.7254947782878363,1.2745052217121637,34.0,34,5.0,20.0,0.03793536126613617,24.948775895059576,18.086145352255485,0.0,0.0,0.0,-0.34313152714020456,1.0,0.29346004128456116,0.047450341284275055,0.04747664928436279,0.011308164451038293,0.011098700164351442,0.007525619197015962,0.007410014513880014,0.0,0.0,0.023320677280426028,False,False
3.645,5.2641448974609375,39.0203742980957,-2.927800416946411,-2.5833486032374022,0.9436373542885947,0.8803500000000174,0.1196499999999826,0.0,552,524,0.7483702134305166,1.2516297865694834,18.0,18,0.0,24.0,0.037845004349946976,22.869711237137945,16.57896657290086,0.0,0.0,0.0,-0.31453723321185423,1.0,0.29297035932540894,0.04733317717909813,0.04747772216796875,0.011332849552951732,0.011123125004834167,0.007545013989632329,0.007432705412308375,0.0,0.0,0.030280191898345948,False,False
3.65,5.209004878997803,38.981781005859375,-2.8916187286376953,-2.37066541364197,0.4644719836966819,0.8802500000000174,0.11974999999998259,0.0,603,565,0.7693393623113068,1.2306606376886933,28.0,28,4.0,27.0,0.037761516869068146,20.96390196737645,15.19738602515912,0.0,0.0,0.0,-0.2883257971108665,1.0,0.292279452085495,0.04725874215364456,0.04747885465621948,0.01136470999947033,0.011154750781172404,0.007573940480748813,0.007464366499334574,0.0,0.0,0.03452292680740356,False,False
3.6550000000000002,5.180147647857666,38.955718994140625,-2.8674044609069824,-2.572825138523486,0.9802222969827367,0.8801500000000174,0.11984999999998258,0.0,608,572,0.7885610821186979,1.211438917881302,20.0,20,1.0,19.0,0.03769093006849289,19.216910136761747,13.930937189729194,0.0,0.0,0.0,-0.26429864735162767,1.0,0.29139411449432373,0.047150950878858566,0.04747992753982544,0.011393820229277303,0.011183599796495226,0.0075936833551774425,0.007486364338546991,0.0,0.0,0.03244033336639405,False,False
3.66,5.120710849761963,38.9519157409668,-2.8874318599700928,-1.8096024378724598,0.5440467073112342,0.8800500000000174,0.11994999999998257,0.0,684,650,0.8061809919421398,1.1938190080578603,35.0,35,4.0,32.0,0.03795841708779335,17.615500958698266,12.77002575725176,0.0,0.0,0.0,-0.24227376007232532,1.0,0.2903209924697876,0.04715998098254204,0.04748094081878662,0.011387201691143196,0.011176798655748351,0.007601928664371371,0.007492380294327935,0.0,0.0,0.02576202630996704,False,False
3.665,5.011438369750977,38.850677490234375,-2.849325180053711,-2.6083445303896746,0.6583331909173145,0.8799500000000174,0.12004999999998256,0.0,722,679,0.8223325759469615,1.1776674240530385,68.0,68,2.0,21.0,0.03801262006163597,16.14754254547341,11.705856944147447,0.0,0.0,0.0,-0.22208428006629816,1.0,0.29014381766319275,0.04740317910909653,0.0474819540977478,0.011433793074548221,0.01122313004887335,0.007655201479792595,0.007547914671401183,0.0,0.0,0.01791167736053467,False,False
3.67,4.873128890991211,38.73455810546875,-2.836700201034546,-2.985255935877877,0.5634642970034801,0.8798500000000175,0.12014999999998255,0.0,542,510,0.8371381946180481,1.162861805381952,31.0,31,6.0,25.0,0.03792882710695267,14.801914000017291,10.730368865468494,0.0,0.0,0.0,-0.20357725672743987,1.0,0.28970274329185486,0.0473884716629982,0.047483086585998535,0.011484426893584717,0.011273238271591081,0.007715734342734019,0.007608945015817881,0.0,0.0,0.0084516841173172,False,False
3.6750000000000003,4.714007377624512,38.704505920410156,-2.8704962730407715,-3.0769055929651072,0.43271236850824246,0.8797500000000175,0.12024999999998254,0.0,541,509,0.5173766783998774,1.4826233216001226,21.0,21,3.0,30.0,0.03784661740064621,21.901754500015848,9.836171460012785,0.0,0.0,0.0,-0.6032791520001531,1.0,0.2890593707561493,0.04728124290704727,0.04748409986495972,0.011459547762060358,0.011249586933854947,0.007740262662991881,0.00763017024534444,0.0,0.0,0.01729644298553467,False,False
3.68,4.649328708648682,38.74305725097656,-2.890165328979492,-2.254397124681914,0.7920834196688705,0.8796500000000175,0.12034999999998253,0.0,513,480,0.5575952885332209,1.442404711466779,26.0,26,0.0,31.0,0.03776191174983978,20.076608291681193,9.016490505011719,0.0,0.0,0.0,-0.5530058893334737,1.0,0.2882205545902252,0.04720361903309822,0.04748505353927612,0.01142406045624115,0.01121479642364024,0.007739767121771972,0.007626783723632495,0.0,0.0,0.02048382759094238,False,False
3.685,4.670734882354736,38.80067825317383,-2.9175500869750977,-2.694208767223438,0.7871208685553389,0.8795500000000175,0.12044999999998252,0.0,590,554,0.5944623478221192,1.4055376521778808,32.0,32,2.0,28.0,0.03767618164420128,18.40355760070776,8.265116296260741,0.0,0.0,0.0,-0.506922065222351,1.0,0.2871929407119751,0.04718632996082306,0.047486066818237305,0.011394401887198731,0.011184262276277702,0.007720197706172864,0.007603854949896535,0.0,0.0,0.01512945294380188,False,False
3.69,4.639774799346924,38.841182708740234,-2.9429452419281006,-2.7734166137221963,0.4349067560723295,0.8794500000000175,0.1205499999999825,0.0,633,593,0.9615904855036094,1.0384095144963907,18.0,18,3.0,23.0,0.03760696202516556,16.869927800648778,15.909689938239012,0.0,0.0,0.0,-0.0480118931204883,1.0,0.28598302602767944,0.047063179314136505,0.047487080097198486,0.011367583554082685,0.011157257356913588,0.007708797541757425,0.00759011561361452,0.0,0.0,0.019243916273117067,False,False
3.6950000000000003,4.533844470977783,38.8287239074707,-2.9526662826538086,-3.0737360972389753,0.6345476848506998,0.8793500000000175,0.1206499999999825,0.0,701,661,1.2981246117116418,0.7018753882883582,36.0,36,5.0,24.0,0.037796031683683395,15.464100483928046,22.917215776719093,0.0,0.0,0.0,0.37265576463955236,1.0,0.28567439317703247,0.04704813286662102,0.04748803377151489,0.011362339592014726,0.011152065065825029,0.007731405397256216,0.007610978791490197,0.0,0.0,0.023072140216827394,False,False
3.7,4.498399257659912,38.805816650390625,-2.970069169998169,-3.1332283646966843,0.8641188480117025,0.8792500000000175,0.12074999999998248,0.0,705,663,1.273280894069005,0.726719105930995,66.0,66,5.0,31.0,0.0377436988055706,14.175425443600709,21.007447795325835,0.0,0.0,0.0,0.3416011175862563,1.0,0.2851070463657379,0.04724569246172905,0.047489047050476074,0.01135535242594761,0.011145894953515208,0.0077372160740196705,0.007615126281355819,0.0,0.0,0.018518488407135013,False,False
3.705,4.359221935272217,38.84764099121094,-2.914642333984375,-2.677185898032614,0.8171368111413129,0.8791500000000175,0.12084999999998247,0.0,636,596,0.917174152896588,1.082825847103412,44.0,44,4.0,23.0,0.03766201063990593,21.327473323300648,19.25682714571535,0.0,0.0,0.0,-0.10353230887926497,1.0,0.2843424677848816,0.04733002930879593,0.047489941120147705,0.011361747698101502,0.011151716592042378,0.007769386672104399,0.0076514141013224925,0.0,0.0,0.022431716918945313,False,False
3.71,4.21338415145874,38.96641540527344,-2.9243273735046387,-2.44302853886816,0.9963598741210188,0.8790500000000175,0.12094999999998246,0.0,536,500,0.9240763068218723,1.0759236931781277,17.0,17,1.0,14.0,0.03758746385574341,19.55018387969226,17.652091550239067,0.0,0.0,0.0,-0.0949046164726596,1.0,0.28446465730667114,0.04720607027411461,0.04749095439910889,0.01129237354577812,0.011084541494472867,0.007754063311343392,0.007635144283995032,0.0,0.0,0.02117185592651367,False,False
3.715,4.13460111618042,38.931758880615234,-2.9045960903167725,-2.660834765744674,0.8318544679432484,0.8789500000000176,0.12104999999998245,0.0,564,530,0.5970699479200496,1.4029300520799504,19.0,19,4.0,16.0,0.03752962127327919,26.254335223051235,16.181083921052476,0.0,0.0,0.0,-0.503662565099938,1.0,0.28431394696235657,0.04710431769490242,0.04749190807342529,0.011313691388116973,0.01110552412475209,0.007780047987277309,0.00766173858816425,0.0,0.0,0.018365359306335448,False,False
3.72,4.101930141448975,38.8060302734375,-2.8457117080688477,-2.5674299144401833,0.9322780113960425,0.8788500000000176,0.12114999999998244,0.0,652,620,0.6306474522600456,1.3693525477399544,36.0,36,2.0,26.0,0.037723153829574585,32.39980728779696,23.1659935942981,0.0,0.0,0.0,-0.461690684674943,1.0,0.28395217657089233,0.047088004648685455,0.047492802143096924,0.011406152436082695,0.01119647272744121,0.00785023788921535,0.007737088793267807,0.0,0.0,0.019665213823318484,False,False
3.725,4.126500129699707,38.766273498535156,-2.8033623695373535,-2.397425777028252,0.5334367299706066,0.8787500000000176,0.12124999999998243,0.0,783,736,0.6614268312383751,1.338573168761625,78.0,78,6.0,39.0,0.03784541040658951,29.699823347147213,21.23549412810659,0.0,0.0,0.0,-0.4232164609520311,1.0,0.2833864092826843,0.0473952442407608,0.047493696212768555,0.011448358216594415,0.01123868025206788,0.007872345546881359,0.007763867033645511,0.0,0.0,0.018322111368179322,False,False
3.73,4.108161926269531,38.75286865234375,-2.7696096897125244,-2.141850079921526,0.4420359922166905,0.8786500000000176,0.12134999999998242,0.0,600,566,0.6896412619685106,1.3103587380314894,19.0,19,4.0,31.0,0.03782009333372116,27.224838068218276,19.465869617431043,0.0,0.0,0.0,-0.3879484225393616,1.0,0.2826234698295593,0.0472935251891613,0.04749464988708496,0.011464343815168653,0.011255306763632513,0.007886144254977506,0.007780928475161394,0.0,0.0,0.020690488815307616,False,False
3.735,3.9679510593414307,38.68515396118164,-2.7444567680358887,-2.821666869945072,0.710850124416126,0.8785500000000176,0.1214499999999824,0.0,567,536,0.7155044901378014,1.2844955098621986,23.0,23,2.0,26.0,0.03781578689813614,24.95610156253342,17.843713815978454,0.0,0.0,0.0,-0.3556193873277483,1.0,0.28167009353637695,0.04720020666718483,0.047495484352111816,0.011494401064080315,0.011285499844408882,0.007938231962422531,0.007834455852086347,0.0,0.0,0.028564908504486085,False,False
3.74,3.8800859451293945,38.6495361328125,-2.6968533992767334,-2.845824319883592,0.7465115494110753,0.8784500000000176,0.1215499999999824,0.0,541,514,0.7392124492929846,1.2607875507070154,23.0,23,3.0,30.0,0.037723008543252945,22.8764264323223,16.356737664646914,0.0,0.0,0.0,-0.32598443838376934,1.0,0.2805327773094177,0.04710385948419571,0.04749631881713867,0.011534765939907148,0.011327281749205644,0.00797415734268725,0.00787579221650958,0.0,0.0,0.01946770191192627,False,False
3.745,3.8012423515319824,38.60654830932617,-2.729177236557007,-2.7877596715454773,0.7853643302724355,0.8783500000000176,0.12164999999998238,0.0,568,538,0.7609447451852358,1.2390552548147642,25.0,25,1.0,34.0,0.03765387833118439,20.970057562962108,14.993676192593004,0.0,0.0,0.0,-0.2988190685184552,1.0,0.28029516339302063,0.04703635722398758,0.04749715328216553,0.011531817905022581,0.011322506444062859,0.007998439638564985,0.007895162173857292,0.0,0.0,0.021380693912506105,False,False
3.75,3.720911979675293,38.48760223388672,-2.7163150310516357,-2.4576082200638667,0.5754860197532747,0.8782500000000176,0.12174999999998237,0.0,520,481,0.7808660164197996,1.2191339835802004,25.0,25,2.0,23.0,0.03757106885313988,19.222552766048597,13.744203176543586,0.0,0.0,0.0,-0.2739174794752506,1.0,0.2797972857952118,0.04695258289575577,0.04749786853790283,0.011581275032813636,0.011371458291289376,0.008053399700050553,0.007950551031778257,0.0,0.0,0.011892479658126832,False,False
3.755,3.612750291824341,38.37849426269531,-2.7120542526245117,-2.8727405927378284,0.6568975605442517,0.8781500000000176,0.12184999999998236,0.0,593,559,0.7991271817181496,1.2008728182818504,23.0,23,4.0,25.0,0.03773999586701393,17.62067336887788,12.598852911831619,0.0,0.0,0.0,-0.2510910228523131,1.0,0.2791006565093994,0.046880848705768585,0.04749870300292969,0.011621089841840451,0.011411360171235297,0.008105220040306449,0.008002859928334754,0.0,0.0,0.011262274980545045,False,False
3.7600000000000002,3.474332332611084,38.35835266113281,-2.745793104171753,-2.7616387180932462,0.626209136288855,0.8780500000000176,0.12194999999998235,0.0,676,639,0.4825332499083037,1.5,17.0,17,2.0,35.0,0.03795768693089485,24.485617254804723,11.548948502512317,0.0,0.0,0.0,-0.6468334376146203,1.0,0.2792893052101135,0.0467730276286602,0.04749953746795654,0.011595140703837206,0.011385599556087804,0.00813102078003188,0.008024121634662151,0.0,0.0,0.01752147912979126,False,False
3.765,3.4193062782287598,38.37525939941406,-2.7752573490142822,-2.318724843919778,0.9994396583438157,0.8779500000000177,0.12204999999998234,0.0,755,713,0.5256554790826118,1.4743445209173882,93.0,93,6.0,22.0,0.03788438066840172,22.44514915023766,10.586536127302956,0.0,0.0,0.0,-0.5929306511467353,1.0,0.2792035937309265,0.047183118760585785,0.04750025272369385,0.011569309095075793,0.0113591075280175,0.008136254036799073,0.008024499596407017,0.0,0.0,0.01637708067893982,False,False
3.77,3.442066192626953,38.41693115234375,-2.8035664558410645,-2.5368853130385998,0.5750019543555157,0.8778500000000177,0.12214999999998233,0.0,640,607,0.5651841891590608,1.4348158108409392,49.0,49,9.0,20.0,0.03795255348086357,20.57472005438452,9.704324783361043,0.0,0.0,0.0,-0.5435197635511739,1.0,0.2789054214954376,0.04731101915240288,0.0475010871887207,0.011548594892374059,0.011336726552845422,0.0081184475372235,0.008002903778105974,0.0,0.0,0.013313736915588379,False,False
3.775,3.352842092514038,38.45244216918945,-2.8194799423217773,-2.444051807668967,0.6377533414569548,0.8777500000000177,0.12224999999998232,0.0,543,513,0.6014188400624725,1.3985811599375275,10.0,10,1.0,27.0,0.03797294199466705,18.860160049852478,8.89563105141429,0.0,0.0,0.0,-0.49822644992190945,1.0,0.27840185165405273,0.047144241631031036,0.04750174283981323,0.011522391866426732,0.011310094449319697,0.008122179424390197,0.008004270493984222,0.0,0.0,0.022406625747680663,False,False
3.7800000000000002,3.280656337738037,38.426177978515625,-2.820584774017334,-3.052177823125833,0.8604543779422454,0.8776500000000177,0.1223499999999823,0.0,585,551,0.19999999999999996,1.5,49.0,49,3.0,19.0,0.037891823798418045,33.955146712364765,8.154328463796432,0.0,0.0,0.0,-1.0,1.0,0.27877703309059143,0.047230616211891174,0.04750257730484009,0.011526817682218403,0.011314480878257326,0.00814501972248157,0.008026269497349858,0.0,0.0,0.031228969097137453,False,False
3.785,3.23752760887146,38.41224670410156,-2.800333023071289,-2.9170751195682643,0.8055065318117024,0.8775500000000177,0.1224499999999823,0.0,573,538,0.3873033308858277,1.5,47.0,47,2.0,24.0,0.0380382239818573,31.125551153001034,15.808134425146728,0.0,0.0,0.0,-0.7658708363927154,1.0,0.2788715362548828,0.047287020832300186,0.04750329256057739,0.01154008273174968,0.01132793998089601,0.008164640748873353,0.008047664693246286,0.0,0.0,0.014894324541091918,False,False
3.79,3.0863120555877686,38.48484802246094,-2.758366107940674,-2.231482277852488,0.5923947546536584,0.8774500000000177,0.12254999999998228,0.0,527,493,0.4383613866453421,1.5,12.0,12,2.0,19.0,0.037947915494441986,28.53175522358428,14.490789889717833,0.0,0.0,0.0,-0.7020482666933223,1.0,0.27874740958213806,0.04712992534041405,0.0475040078163147,0.011518821185803791,0.011308515923796045,0.008181769323224824,0.00806943125401934,0.0,0.0,0.02270700693130493,False,False
3.795,2.964526891708374,38.54910659790039,-2.766688346862793,-2.7508662819552137,0.5662720983438423,0.8773500000000177,0.12264999999998227,0.0,618,578,0.48516460442489695,1.5,28.0,28,4.0,32.0,0.037887681275606155,26.154108954952257,13.28322406557468,0.0,0.0,0.0,-0.6435442444688788,1.0,0.2784118354320526,0.0470619797706604,0.04750484228134155,0.011472448167429745,0.011263307277035412,0.00817405991256237,0.00805993292791148,0.0,0.0,0.021709284782409667,False,False
3.8000000000000003,2.934077739715576,38.46453857421875,-2.7280423641204834,-2.4452234748430017,0.9373650525855225,0.8772500000000177,0.12274999999998226,0.0,718,680,0.19999999999999996,1.5,61.0,61,4.0,34.0,0.037941835820674896,32.30793320870623,12.17628872677679,0.0,0.0,0.0,-1.0,1.0,0.27787190675735474,0.04723614081740379,0.04750549793243408,0.011528439048832722,0.011318965862776597,0.00821788290825983,0.00810753166054686,0.0,0.0,0.020568149089813234,False,False
3.805,2.9644198417663574,38.34817123413086,-2.6679818630218506,-1.895521260984187,0.7259397743993714,0.8771500000000177,0.12284999999998225,0.0,621,585,0.19999999999999996,1.5,24.0,24,4.0,36.0,0.03789782524108887,37.948938774647374,11.16159799954539,0.0,0.0,0.0,-1.0,1.0,0.2771344780921936,0.04715549573302269,0.04750633239746094,0.011620900402776713,0.011411817665502715,0.008277104934677482,0.008174206595867872,0.0,0.0,0.023149805068969728,False,False
3.81,2.996983528137207,38.31926727294922,-2.622856855392456,-2.9488485697101603,0.8714708151751042,0.8770500000000178,0.12294999999998224,0.0,609,573,0.19999999999999996,1.5,39.0,39,4.0,29.0,0.03786157816648483,43.11986054342675,10.231464832916606,0.0,0.0,0.0,-1.0,1.0,0.27728351950645447,0.04715397208929062,0.04750704765319824,0.011657622910414951,0.011450225663992087,0.008293396094813943,0.008196203270927072,0.0,0.0,0.02515160083770752,False,False
3.815,2.9751715660095215,38.27800750732422,-2.571427822113037,-2.5443949844466194,0.8516363562429968,0.8769500000000178,0.12304999999998223,0.0,612,582,0.19999999999999996,1.5,38.0,38,3.0,35.0,0.03778329864144325,39.526538831474525,9.378842763506889,0.0,0.0,0.0,-1.0,1.0,0.2771593928337097,0.04716091975569725,0.04750770330429077,0.011700582299032062,0.011495541048876293,0.008322668727487326,0.008232186082750559,0.0,0.0,0.02851853609085083,False,False
3.8200000000000003,2.9087767601013184,38.14768981933594,-2.488743305206299,-2.3070874176141887,0.6728072272125732,0.8768500000000178,0.12314999999998222,0.0,664,625,0.19999999999999996,1.5,29.0,29,2.0,31.0,0.037700459361076355,36.23266059551831,8.597272533214648,0.0,0.0,0.0,-1.0,1.0,0.27790123224258423,0.047128140926361084,0.04750853776931763,0.011803419897740055,0.011602809478353992,0.008393077490230402,0.00831504740441839,0.0,0.0,0.04086937427520752,False,False
3.825,2.8407459259033203,38.05961990356445,-2.4694316387176514,-2.335960911197954,0.593125164480903,0.8767500000000178,0.12324999999998221,0.0,623,594,0.19999999999999996,1.5,38.0,38,2.0,30.0,0.03776463866233826,33.21327221255845,7.88083315544676,0.0,0.0,0.0,-1.0,1.0,0.27834993600845337,0.04714560508728027,0.047509193420410156,0.0118535987478485,0.011653517008273833,0.008437962581713995,0.00836253787080447,0.0,0.0,0.022901577949523928,False,False
3.83,2.746436834335327,37.897247314453125,-2.4739279747009277,-2.5604381674079946,0.8880121725533942,0.8766500000000178,0.1233499999999822,0.0,575,545,0.19999999999999996,1.5,54.0,54,1.0,44.0,0.03784654662013054,30.44549952817858,7.22409705915953,0.0,0.0,0.0,-1.0,1.0,0.2785677909851074,0.04727192223072052,0.04750990867614746,0.011918966246205972,0.011716699505050016,0.008518316317349672,0.00844095212717851,0.0,0.0,0.014219807386398317,False,False
3.835,2.660775899887085,37.698856353759766,-2.4463062286376953,-2.283645376417619,0.8031746916198695,0.8765500000000178,0.12344999999998219,0.0,550,517,0.19999999999999996,1.5,41.0,41,2.0,37.0,0.038041647523641586,27.90837456749703,6.622088970896236,0.0,0.0,0.0,-1.0,1.0,0.27856239676475525,0.04729945957660675,0.047510623931884766,0.012019188927078895,0.01181837191176582,0.00861083312580983,0.008538191517194113,0.0,0.0,0.010011050701141357,False,False
3.84,2.547542095184326,37.60169219970703,-2.456589698791504,-1.8927473029580142,0.7361996962071555,0.8764500000000178,0.12354999999998217,0.0,516,480,0.5528361947913043,1.4471638052086957,17.0,17,4.0,16.0,0.038185276091098785,25.582676686872276,14.403581556654881,0.0,0.0,0.0,-0.5589547565108697,1.0,0.27834105491638184,0.04717816784977913,0.047511398792266846,0.012045406117336635,0.011844702012196463,0.008668035346393784,0.008594347164034843,0.0,0.0,0.015735489130020142,False,False
3.845,2.4214084148406982,37.609169006347656,-2.4660778045654297,-2.1299555696591126,0.640024540539337,0.8763500000000178,0.12364999999998216,0.0,580,551,0.5900998452253623,1.4099001547746377,13.0,13,3.0,17.0,0.03809918463230133,23.45078696296625,13.203283093600307,0.0,0.0,0.0,-0.5123751934682972,1.0,0.27791091799736023,0.04703259840607643,0.04751211404800415,0.012026003546333526,0.011823987979693928,0.008698053813229006,0.008620884424696367,0.0,0.0,0.022931101322174074,False,False
3.85,2.4482569694519043,37.66269302368164,-2.4752888679504395,-2.32010326493654,0.9368981869831174,0.8762500000000178,0.12374999999998215,0.0,571,535,0.9575915247899154,1.0424084752100846,34.0,34,2.0,27.0,0.03801465407013893,21.496554716052398,20.436342835800282,0.0,0.0,0.0,-0.05301059401260577,1.0,0.2772790193557739,0.04701025038957596,0.047512829303741455,0.012006238911067878,0.0118024555615264,0.008678613618637126,0.008598719335471591,0.0,0.0,0.018494652509689333,False,False
3.855,2.432460069656372,37.688724517822266,-2.5227911472320557,-2.335178042759304,0.9593613805574189,0.8761500000000179,0.12384999999998214,0.0,576,538,0.6277922310574224,1.3722077689425776,45.0,45,0.0,19.0,0.037925835698843,28.038508489714697,18.73331426615026,0.0,0.0,0.0,-0.4652597111782219,1.0,0.27645212411880493,0.04704706370830536,0.047513604164123535,0.01197726900378844,0.011769158251020715,0.008666653884574771,0.008578919805586338,0.0,0.0,0.015757321119308474,False,False
3.86,2.365414619445801,37.69428253173828,-2.5321855545043945,-2.4640084402886644,0.995098585182592,0.8760500000000179,0.12394999999998213,0.0,575,540,0.6588095451359706,1.3411904548640294,25.0,25,2.0,18.0,0.037843190133571625,34.035299448905135,25.5055380773044,0.0,0.0,0.0,-0.42648806858003674,1.0,0.2765141427516937,0.04697210341691971,0.047514259815216064,0.011968164284926806,0.011758850098723206,0.008679483629142245,0.008589500794187188,0.0,0.0,0.019118207693099975,False,False
3.865,2.3334038257598877,37.697540283203125,-2.5302441120147705,-2.2002528162113055,0.7143468119441092,0.8759500000000179,0.12404999999998212,0.0,595,563,0.3539087497079729,1.5,15.0,15,4.0,25.0,0.037769656628370285,39.53235782816304,23.380076570862368,0.0,0.0,0.0,-0.8076140628650338,1.0,0.2763054668903351,0.04685589298605919,0.04751485586166382,0.011964831073710038,0.011755686243413761,0.008687123578662675,0.008597089132914942,0.0,0.0,0.02586737394332886,False,False
3.87,2.242819309234619,37.67395782470703,-2.4571762084960938,-2.5242693851639175,0.8782630690992239,0.8758500000000179,0.12414999999998211,0.0,702,657,0.40774968723230864,1.5,52.0,52,7.0,28.0,0.03778044879436493,36.23799467581612,21.431736856623836,0.0,0.0,0.0,-0.7403128909596142,1.0,0.2758878171443939,0.046955693513154984,0.0475156307220459,0.012011941006989029,0.01180775448297675,0.008732078907390436,0.00865334722523888,0.0,0.0,0.01649352192878723,False,False
3.875,2.089308023452759,37.71409606933594,-2.4344890117645264,-1.9656212625561733,0.6552726059234788,0.8757500000000179,0.1242499999999821,0.0,695,661,0.45710387996294977,1.5,38.0,38,4.0,39.0,0.03781963139772415,33.21816178616477,19.645758785238517,0.0,0.0,0.0,-0.6786201500463127,1.0,0.27526819705963135,0.04698917269706726,0.04751616716384888,0.011985923392503952,0.01178495682081344,0.008749270734066766,0.008673776173964143,0.0,0.0,0.021242563724517823,False,False
3.88,2.02584171295166,37.71072006225586,-2.4548957347869873,-2.2006205068472093,0.8233561112740202,0.8756500000000179,0.12434999999998209,0.0,635,604,0.5023452232993706,1.4976547767006294,51.0,51,5.0,31.0,0.03800100460648537,30.449981637317705,18.00861221980197,0.0,0.0,0.0,-0.6220684708757866,1.0,0.27445343136787415,0.047079045325517654,0.04751688241958618,0.011964364837040003,0.011761013642826397,0.00874794243524472,0.008667078024397295,0.0,0.0,0.025059678554534913,False,False
3.8850000000000002,2.0559005737304688,37.60693359375,-2.4014158248901367,-2.315200964964177,0.8279453348483832,0.8755500000000179,0.12444999999998207,0.0,463,429,0.5438164546910897,1.4561835453089103,21.0,21,1.0,19.0,0.03791455179452896,27.91248316754123,16.507894534818472,0.0,0.0,0.0,-0.5702294316361378,1.0,0.2734501361846924,0.04699544236063957,0.04751753807067871,0.012048749817864933,0.011848870977720367,0.008799656449506681,0.008728611283004284,0.0,0.0,0.021148390769958496,False,False
3.89,2.098180055618286,37.536197662353516,-2.337491035461426,-2.3649869269236374,0.9278113390657309,0.8754500000000179,0.12454999999998206,0.0,494,464,0.5818317501334989,1.4181682498665011,16.0,16,2.0,27.0,0.03782094642519951,25.58644290357946,15.132236656916932,0.0,0.0,0.0,-0.5227103123331264,1.0,0.2733420729637146,0.046872299164533615,0.04751819372177124,0.012127593214972684,0.01193339786862858,0.008840158116072416,0.008781013699869316,0.0,0.0,0.021516687870025634,False,False
3.895,2.0972516536712646,37.52241516113281,-2.2987289428710938,-1.9549227885781408,0.7127935101579045,0.875350000000018,0.12464999999998205,0.0,600,564,0.2833457709557071,1.5,58.0,58,0.0,40.0,0.03774218633770943,31.787572661614504,13.871216935507187,0.0,0.0,0.0,-0.895817786305366,1.0,0.27296939492225647,0.04704556241631508,0.04751884937286377,0.012151297764095749,0.011961260894837133,0.008852649092053374,0.008800259868924817,0.0,0.0,0.02347345590591431,False,False
3.9,2.078528642654419,37.4237174987793,-2.2277145385742188,-1.9175279337312174,0.7147476612199031,0.875250000000018,0.12474999999998204,0.0,604,560,0.34306695670939835,1.5,39.0,39,2.0,35.0,0.037684980779886246,29.138608273146627,12.715282190881588,0.0,0.0,0.0,-0.821166304113252,1.0,0.27239373326301575,0.04706810787320137,0.04751944541931152,0.012237329092963095,0.012055158408843566,0.008903169073164463,0.008864350772152346,0.0,0.0,0.030400969982147218,False,False
3.9050000000000002,2.0482590198516846,37.295963287353516,-2.168470859527588,-2.38191884215773,0.9707324057013736,0.875150000000018,0.12484999999998203,0.0,726,691,0.39781137698361535,1.5,19.0,19,3.0,35.0,0.03760785609483719,26.710390917051072,11.655675341641455,0.0,0.0,0.0,-0.7527357787704808,1.0,0.2716219127178192,0.04696045070886612,0.047520220279693604,0.0123264682875983,0.012151587753323643,0.008954993293931087,0.00892792867186169,0.0,0.0,0.06585107803344728,False,False
3.91,1.9990640878677368,37.18265914916992,-2.171501636505127,-1.9932507954802459,0.8013840758357269,0.875050000000018,0.12494999999998202,0.0,603,562,0.7813270955683141,1.2186729044316857,36.0,36,2.0,20.0,0.03778698667883873,24.484525007296813,19.017702396504667,0.0,0.0,0.0,-0.2733411305396073,1.0,0.2706606090068817,0.04695883393287659,0.04752075672149658,0.012388313563715005,0.012211327959142898,0.009015192432949942,0.008987256636222204,0.0,0.0,0.02171179533004761,False,False
3.915,1.9818778038024902,37.006309509277344,-2.155219078063965,-2.328114117293869,0.9855954703353631,0.874950000000018,0.125049999999982,0.0,617,576,0.7995498376042879,1.200450162395712,40.0,40,3.0,14.0,0.03773102909326553,22.444147923355413,17.43289386346261,0.0,0.0,0.0,-0.2505627029946401,1.0,0.26951631903648376,0.0469939149916172,0.04752141237258911,0.012482831854916289,0.012305668997112464,0.009093999785060685,0.009069017445047697,0.0,0.0,0.01158957839012146,False,False
3.92,1.9614520072937012,36.862037658691406,-2.1401705741882324,-2.400777561765468,0.7448600533731942,0.874850000000018,0.125149999999982,0.0,627,583,0.4829206844705972,1.5,23.0,23,9.0,24.0,0.03765854984521866,28.907135596409127,15.980152708174058,0.0,0.0,0.0,-0.6463491444117534,1.0,0.2692726254463196,0.04692678153514862,0.04752206802368164,0.012554998302346984,0.012380129624196753,0.009154133731499314,0.009133404043192666,0.0,0.0,0.010088689327239992,False,False
3.9250000000000003,1.8582799434661865,36.77068328857422,-2.1508045196533203,-2.0525466691858325,0.7757420626484155,0.874750000000018,0.125249999999982,0.0,668,628,0.5260106274313808,1.473989372568619,42.0,42,2.0,31.0,0.03758043423295021,26.498207630041698,14.64847331582622,0.0,0.0,0.0,-0.5924867157107739,1.0,0.26876959204673767,0.04694082960486412,0.047522664070129395,0.01258677384117598,0.012410174593503855,0.009220042265951633,0.009197461185976863,0.0,0.0,0.016042749881744388,False,False
3.93,1.7725714445114136,36.74538040161133,-2.157472610473633,-1.3682932256341658,0.7659960126082369,0.874650000000018,0.12534999999998198,0.0,568,541,0.5655097418120991,1.4344902581879009,23.0,23,4.0,26.0,0.03751461207866669,24.290023660871555,13.427767206174034,0.0,0.0,0.0,-0.543112822734876,1.0,0.26806870102882385,0.04686388745903969,0.047523319721221924,0.01260144408782536,0.012421573448809597,0.009265446181719502,0.009239660964036982,0.0,0.0,0.02306971073150635,False,False
3.935,1.7817164659500122,36.76611328125,-2.189656972885132,-2.3062169213104795,0.7959932637956558,0.874550000000018,0.12544999999998196,0.0,563,535,0.2683839299944243,1.5,30.0,30,3.0,30.0,0.037587009370326996,30.599188355798923,12.308786605659531,0.0,0.0,0.0,-0.9145200875069696,1.0,0.268253892660141,0.046826548874378204,0.0475238561630249,0.012586876634818611,0.012401641828318238,0.009260778703416388,0.009227838988105457,0.0,0.0,0.014741309881210326,False,False
3.94,1.7337826490402222,36.742523193359375,-2.2201147079467773,-2.468062425699999,0.9653964316636908,0.874450000000018,0.12554999999998195,0.0,602,568,0.3293519358282223,1.5,61.0,61,0.0,33.0,0.037654317915439606,28.049255992815677,11.283054388521236,0.0,0.0,0.0,-0.8383100802147221,1.0,0.26816555857658386,0.04700907692313194,0.04752451181411743,0.012586698026046889,0.01239643918932396,0.009281129265824955,0.009241941540191572,0.0,0.0,0.020509233474731447,False,False
3.9450000000000003,1.6677895784378052,36.726356506347656,-2.2187960147857666,-1.9499756314159833,0.912855601961863,0.8743500000000181,0.12564999999998194,0.0,551,516,0.3852392745092037,1.5,22.0,22,1.0,27.0,0.03767230361700058,25.71181799341437,10.342799856144467,0.0,0.0,0.0,-0.7684509068634953,1.0,0.26786553859710693,0.04690909758210182,0.04752516746520996,0.01259347563665728,0.012402718136513717,0.009306326586132249,0.009266924268255632,0.0,0.0,0.028689222335815428,False,False
3.95,1.6373114585876465,36.72024154663086,-2.2189812660217285,-2.142217393009639,0.9307285855707832,0.8742500000000181,0.12574999999998193,0.0,498,467,0.7698026683001035,1.2301973316998964,18.0,18,1.0,22.0,0.03759416192770004,23.569166493963174,17.81423320146576,0.0,0.0,0.0,-0.28774666462487064,1.0,0.2673608958721161,0.04680358245968819,0.04752570390701294,0.012592690456270351,0.012401809863435528,0.009318668162450194,0.009278828899065655,0.0,0.0,0.015541266202926637,False,False
3.955,1.5263170003890991,36.667091369628906,-2.1287832260131836,-1.6750061642929492,0.6939971298954828,0.8741500000000181,0.12584999999998192,0.0,599,569,0.45565244594176146,1.5,23.0,23,4.0,25.0,0.03754019737243652,29.938402619466242,16.32971376801028,0.0,0.0,0.0,-0.6804344425727982,1.0,0.2666584849357605,0.04671140015125275,0.04752629995346069,0.01265284006047275,0.01247477624536239,0.009371054669221243,0.009349972630540531,0.0,0.0,0.015853854417800906,False,False
3.96,1.4032347202301025,36.673580169677734,-2.150240659713745,-2.249003011758778,0.9510431216487664,0.8740500000000181,0.1259499999999819,0.0,631,592,0.19999999999999996,1.5,22.0,22,4.0,27.0,0.03747529909014702,35.77686906784405,14.968904287342756,0.0,0.0,0.0,-1.0,1.0,0.2657650113105774,0.04662579670548439,0.04752683639526367,0.012622120603414362,0.012440596114591654,0.009387962442512315,0.009360748808830976,0.0,0.0,0.022893800735473636,False,False
3.9650000000000003,1.3987826108932495,36.62130355834961,-2.140608310699463,-2.2582444028220707,0.9856070982465815,0.8739500000000181,0.1260499999999819,0.0,657,620,0.23704129138161933,1.5,47.0,47,3.0,25.0,0.0373988039791584,32.79546331219038,13.72149559673086,0.0,0.0,0.0,-0.9536983857729758,1.0,0.2657642662525177,0.0466948077082634,0.0475274920463562,0.012645522769365721,0.012464128527460264,0.009403531051551303,0.009377491660416126,0.0,0.0,0.02815855979919434,False,False
3.97,1.4655005931854248,36.548465728759766,-2.063584804534912,-2.214175464978587,0.8319605314518066,0.8738500000000181,0.1261499999999819,0.0,653,609,0.3006211837664843,1.5,37.0,37,2.0,30.0,0.03733806684613228,30.062508036174513,12.57803763033662,0.0,0.0,0.0,-0.8742235202918947,1.0,0.26549649238586426,0.0467061772942543,0.04752802848815918,0.01273987713770455,0.012570713164051794,0.00943852549729248,0.009430850623175502,0.0,0.0,0.02375898599624634,False,False
3.975,1.5046792030334473,36.515357971191406,-2.0144786834716797,-1.7094926961149448,0.7778964190642244,0.8737500000000181,0.12624999999998188,0.0,629,594,0.3589027517859438,1.5,37.0,37,3.0,29.0,0.03775278106331825,27.55729903315997,11.529867827808568,0.0,0.0,0.0,-0.8013715602675703,1.0,0.2650233507156372,0.04673345759510994,0.04752856492996216,0.012790694963730044,0.012629804616774385,0.00945473206229508,0.009458314161747694,0.0,0.0,0.027569427490234378,False,False
3.98,1.514864444732666,36.47865295410156,-1.9639558792114258,-1.8125150069722196,0.7016977068786991,0.8736500000000181,0.12634999999998187,0.0,642,614,0.7456608558037818,1.2543391441962182,13.0,13,5.0,44.0,0.03771645203232765,25.260857447063305,18.90237884215785,0.0,0.0,0.0,-0.31792393024527266,1.0,0.2643517255783081,0.04660883545875549,0.04752910137176514,0.012832907942841401,0.012680610861570837,0.009470018170153102,0.009484292240813375,0.0,0.0,0.034142374992370605,False,False
3.985,1.536943793296814,36.342689514160156,-1.8696154356002808,-1.2792165625437402,0.7409367458767624,0.8735500000000181,0.12644999999998185,0.0,693,657,0.7668557844868,1.2331442155132,49.0,49,3.0,23.0,0.03765333816409111,31.489119326474693,25.660513938644694,0.0,0.0,0.0,-0.29143026939149996,1.0,0.2634883224964142,0.04670495167374611,0.047529757022857666,0.012942999078891963,0.012809364960179457,0.00950705686894556,0.009543296182528138,0.0,0.0,0.048590068817138676,False,False
3.99,1.5164802074432373,36.24831771850586,-1.8304269313812256,-2.1377945690270024,0.958657547637975,0.8734500000000182,0.12654999999998184,0.0,604,568,1.1196178024462333,0.8803821975537667,32.0,32,1.0,19.0,0.03773551061749458,28.86502604926847,31.8554711104243,0.0,0.0,0.0,0.1495222530577916,1.0,0.26351699233055115,0.046686798334121704,0.04753023386001587,0.013000676126975823,0.012874678871962813,0.009537787409499288,0.00958249787800014,0.0,0.0,0.027039270401000976,False,False
3.995,1.5066298246383667,36.075355529785156,-1.8292362689971924,-2.1947533769318324,0.92652836106287,0.8733500000000182,0.12664999999998183,0.0,538,506,1.1096496522423804,0.8903503477576196,24.0,24,2.0,21.0,0.037900444120168686,26.45960721182943,29.20084851788894,0.0,0.0,0.0,0.13706206530297554,1.0,0.26327791810035706,0.046600040048360825,0.04753071069717407,0.013113795401780499,0.012985623461853814,0.009628506377339363,0.009674588218331337,0.0,0.0,0.01744439721107483,False,False
4.0,1.5786280632019043,35.90118408203125,-1.8213729858398438,-2.002335040183137,0.9318653721171651,0.8732500000000182,0.12674999999998182,0.0,602,560,1.100512181222182,0.8994878187778179,32.0,32,4.0,22.0,0.037813734263181686,24.254639944176976,26.767444474731526,0.0,0.0,0.0,0.12564022652772752,1.0,0.2628328204154968,0.04657810181379318,0.04753124713897705,0.013230358249624048,0.013102062135294336,0.009696870110929012,0.009746125433593988,0.0,0.0,0.00611320436000824,False,False
