t_s,x,y,heading,bump,bump_strength,energy,hunger,arousal,spikes,active,drive_l,drive_r,kc,kc_active,mbon,cx,modulation,dn_left,dn_right,dn_stop,dn_back,mn9,turn,gate,da_max,elig_mean,depressed,in_odor_good_l,in_odor_good_r,in_odor_bad_l,in_odor_bad_r,in_sugar,in_bitter,in_touch,on_food,on_hazard
0.005,0.01634914241731167,0.0073094856925308704,0.0,-0.40256215534970125,0.9988868510511884,0.9999,9.999999999998899e-05,0.0,17,17,1.0,1.0,0.0,0,0.0,2.0,5.334213142305089e-07,0.0,0.0,0.0,0.0,0.0,0.0,1.0,0.0,0.0,0.0,0.07402185040215652,0.07390081261595091,0.03389257937669754,0.03381420547763507,0.0,0.0,0.0,False,False
0.01,0.016796233132481575,0.007186264730989933,-0.0005088300677016377,0.04559798173532613,0.8522286870408672,0.9998,0.00019999999999997797,0.0,16,16,1.0,1.0,0.0,0,0.0,6.0,2.391918087596423e-06,0.0,0.0,0.0,0.0,0.0,0.0,1.0,0.0,0.0,0.0,0.07405160345944266,0.0739256698464354,0.03387152993430694,0.03379499539732933,0.0,0.0,0.0,False,False
0.015,0.055618010461330414,0.007244110573083162,-0.001039964845404029,-0.05268016962134318,0.8865964022423666,0.9997,0.00029999999999996696,0.0,168,161,1.0,1.0,0.0,0,0.0,7.0,2.5242827177862637e-05,0.0,0.0,0.0,0.0,0.0,0.0,1.0,0.0,0.0,0.0,0.07412371669337153,0.07398537831567227,0.03378094484408697,0.03370910262068113,0.0,0.0,0.06566192626953125,False,False
0.02,0.1340610235929489,0.0032653934322297573,-0.008780107833445072,-0.2832282545878622,0.7106658732678992,0.9996,0.00039999999999995595,0.0,74,72,1.0,1.0,0.0,0,0.0,9.0,4.5280918129719794e-05,0.0,0.0,0.0,0.0,0.0,0.0,1.0,0.0,0.0,0.0,0.07456628817971796,0.07437882502035549,0.033641575525204345,0.033583881643911205,0.0,0.0,0.018277143239974977,False,False
0.025,0.16855183243751526,-0.015332525596022606,-0.00916608702391386,-0.21722948750269053,0.9001784360642487,0.9995,0.0004999999999999449,0.0,117,116,1.0,1.0,0.0,0,0.0,12.0,0.00030906472238712013,0.0,0.0,0.0,0.0,0.0,0.0,1.0,0.0,0.0,0.0,0.07467017301544547,0.0744733865869542,0.03359922828773658,0.03354456586142381,0.0,0.0,0.01656692743301392,False,False
0.03,0.1831636130809784,-0.014615540392696857,-0.008488910272717476,0.07460512480929117,0.8014712403525243,0.9994000000000001,0.0005999999999999339,0.0,79,78,1.0,1.0,0.0,0,0.0,13.0,0.00036513881059363484,0.0,0.0,0.0,0.0,0.0,0.0,1.0,0.0,0.0,0.0,0.07479649284854531,0.07459103664848953,0.03356298742194971,0.033511072397232056,0.0,0.0,0.01608288288116455,False,False
0.035,0.20784468948841095,-0.0032055778428912163,-0.0007555620395578444,0.26722395259591425,0.8183293824919414,0.9993000000000001,0.0006999999999999229,0.0,75,73,1.0,1.0,0.0,0,0.0,16.0,0.00036772273597307503,0.0,0.0,0.0,0.0,0.0,0.0,1.0,0.0,0.0,0.0,0.074932108660539,0.07473046817009649,0.03352601702014606,0.033470919976631805,0.0,0.0,0.011671748161315918,False,False
0.04,0.23695340752601624,0.001934943487867713,-0.006050031632184982,0.3408337748957807,0.6414754951663194,0.9992000000000001,0.0007999999999999119,0.0,67,67,1.0,1.0,0.0,0,0.0,15.0,0.0004039380874019116,0.0,0.0,0.0,0.0,0.0,0.0,1.0,0.0,0.0,0.0,0.07509409389769038,0.0748677949560806,0.033470094203948975,0.03342124167829752,0.0,0.0,0.01256680965423584,False,False
0.045,0.2369312345981598,0.048443008214235306,0.007377976551651955,-0.30512894113988515,0.9988304482912596,0.9991000000000001,0.0008999999999999009,0.0,74,73,1.0,1.0,0.0,0,0.0,12.0,0.0004232334904372692,0.0,0.0,0.0,0.0,0.0,0.0,1.0,0.0,0.0,0.0,0.07508882562071086,0.07488905556499958,0.033481313536564514,0.033422455502053104,0.0,0.0,0.01649080753326416,False,False
0.05,0.21363364160060883,0.10650233924388885,0.07409507781267166,0.4426090144995964,0.8865709913693249,0.9990000000000001,0.0009999999999998899,0.0,70,68,1.0,1.0,0.0,0,0.0,14.0,0.0004438947653397918,0.0,0.0,0.0,0.0,0.0,0.0,1.0,0.0,0.0,0.0,0.07491767367596427,0.07485067306738347,0.03357610820482175,0.03346147481352091,0.0,0.0,0.014117021560668946,False,False
0.055,0.2272185981273651,0.1333455741405487,0.13540007174015045,0.6151018537181115,0.9893566779450824,0.9989000000000001,0.0010999999999998789,0.0,106,104,1.0,1.0,0.0,0,0.0,15.0,0.0005916739464737475,0.0,0.0,0.0,0.0,0.0,0.0,1.0,0.0003121113986708224,0.0,0.0,0.07477670348870258,0.07482844668750961,0.03362307480225961,0.03346101691325506,0.0,0.0,0.014940443038940428,False,False
0.06,0.304235577583313,0.20249123871326447,0.19298774003982544,-0.4358883741896434,0.9981488112180851,0.9988000000000001,0.0011999999999998678,0.0,153,149,1.0,1.0,0.0,0,0.0,18.0,0.0011144406162202358,0.0,0.0,0.0,0.0,0.0,0.0,1.0,0.0006445228355005383,0.0,0.0,0.0749506691135466,0.07509702273458242,0.03356852723906438,0.033366569938759014,0.0,0.0,0.016250948905944827,False,False
0.065,0.38255780935287476,0.24034352600574493,0.14320139586925507,0.1484727075960135,0.715368071192159,0.9987000000000001,0.0012999999999998568,0.0,169,168,1.0,1.0,0.0,0,0.0,14.0,0.001276482711546123,0.0,0.0,0.0,0.0,0.0,0.0,1.0,0.0012755653588101268,0.0,0.0,0.07543947534014782,0.07547175331041216,0.033391813437143966,0.03323174236963193,0.0,0.0,0.015923570394515994,False,False
0.07,0.4375271797180176,0.25969198346138,0.10309652239084244,-0.39197980960240597,0.8294400474939762,0.9986000000000002,0.0013999999999998458,0.0,195,192,1.0,1.0,0.0,0,1.0,18.0,0.001533012604340911,0.0,0.0,0.0,0.0,0.0,0.0,1.0,0.002228153171017766,0.0,0.0,0.07597552038170396,0.07589542820552984,0.033250210496286556,0.033126419099668666,0.0,0.0,0.011204990148544312,False,False
0.075,0.49641528725624084,0.30902808904647827,0.13395194709300995,-0.4022405229018349,0.9913922770209873,0.9985000000000002,0.0014999999999998348,0.0,225,218,1.0,1.0,0.0,0,2.0,15.0,0.0017907109577208757,0.0,0.0,0.0,0.0,0.0,0.0,1.0,0.0035351284313946962,0.0,0.0,0.0765021799597889,0.07645711545087396,0.033147213980555534,0.0330078462138772,0.0,0.0,0.014111609458923341,False,False
0.08,0.5771673321723938,0.3332591950893402,0.14366376399993896,-0.19520376383365318,0.8169940847727998,0.9984000000000002,0.0015999999999998238,0.0,231,231,1.0,1.0,0.0,0,3.0,16.0,0.0021504578180611134,8.333333333333332,8.333333333333332,0.0,0.0,0.0,0.0,1.0,0.005207676440477371,0.0,0.0,0.07710786993615328,0.077046664878726,0.033002373141547046,0.032863717836638294,0.0,0.0,0.021807565689086917,False,False
0.085,0.6504290699958801,0.32733431458473206,0.14829978346824646,0.19785685504718536,0.8652098239385887,0.9983000000000002,0.0016999999999998128,0.0,226,223,1.0,1.0,0.0,0,0.0,17.0,0.0023180274292826653,7.6388888888888875,7.6388888888888875,0.0,0.0,0.0,0.0,1.0,0.007114246021956205,0.0,0.0,0.07768203211824098,0.07759954349199931,0.03287206559131543,0.032741897739470005,0.0,0.0,0.015282294750213624,False,False
0.09,0.6928475499153137,0.3393312394618988,0.14135058224201202,-0.11652706990536296,0.744404808034796,0.9982000000000002,0.0017999999999998018,0.0,195,194,1.0,1.0,0.0,0,0.0,19.0,0.0025817640125751495,7.002314814814813,7.002314814814813,0.0,0.0,0.0,0.0,1.0,0.00898622814565897,0.0,0.0,0.0779795888867229,0.07786851400975138,0.03280113606403272,0.032680529790620014,0.0,0.0,0.021412281990051272,False,False
0.095,0.7351489663124084,0.3089388608932495,0.10242415219545364,0.045856399653298366,0.48447562807184225,0.9981000000000002,0.0018999999999997907,0.0,197,193,0.6666666666666667,1.3333333333333333,0.0,0,0.0,31.0,0.0028314830269664526,14.752121913580243,6.418788580246912,0.0,0.0,0.0,-0.41666666666666663,1.0,0.010791229084134102,0.0,0.0,0.0782201475209246,0.07799895523861049,0.032694016893704735,0.03260680163900058,0.0,0.0,0.022033600807189944,False,False
0.1,0.7655009031295776,0.27284514904022217,0.08048535883426666,0.7145279052623288,0.18667515269053506,0.9980000000000002,0.0019999999999997797,0.0,242,241,1.0277777777777777,0.9722222222222222,1.0,1,0.0,25.0,0.0030564216431230307,13.52277842078189,14.217222865226335,0.0,0.0,0.0,0.03472222222222223,1.0,0.012891380116343498,9.617860996513627e-06,0.0,0.07845067834202199,0.07815610739060987,0.032613747753202915,0.03254869642357032,0.0,0.0,0.03385483741760254,False,False
0.105,0.8065458536148071,0.2928629219532013,0.08766088634729385,-0.03984451901082332,0.6058824372081194,0.9979000000000002,0.0020999999999997687,0.0,249,241,1.025462962962963,0.974537037037037,0.0,0,3.0,19.0,0.0035938629880547523,12.395880219050065,13.03245429312414,0.0,0.0,0.0,0.03182870370370372,1.0,0.015212681144475937,9.577786840964109e-06,0.0,0.07869410047307608,0.07840719267725943,0.032553281635046005,0.03249010071158409,0.0,0.0,0.018444703817367555,False,False
0.11,0.8929634690284729,0.2678377032279968,0.11050829291343689,-0.7832653177914637,0.9608446411731056,0.9978000000000002,0.0021999999999997577,0.0,233,231,1.023341049382716,0.9766589506172839,0.0,0,0.0,14.0,0.0041208816692233086,11.362890200795892,11.946416435363794,0.0,0.0,0.0,0.029176311728395098,1.0,0.017483321949839592,9.537879122945014e-06,0.0,0.0792153723736604,0.07894864142065246,0.03242220729589462,0.032354313880205154,0.0,0.0,0.01582887411117554,False,False
0.115,0.9438524842262268,0.24583952128887177,0.08092359453439713,-0.32411260417100773,0.7737975073932123,0.9977000000000003,0.0022999999999997467,0.0,250,247,1.0213959619341564,0.9786040380658436,0.0,0,2.0,9.0,0.004562842659652233,10.4159826840629,10.95088173241681,0.0,0.0,0.0,0.026744952417695523,1.0,0.020075539126992226,9.498137842456345e-06,0.0,0.07952050323722262,0.07915598122651377,0.03233921558906635,0.032292312632004425,0.0,0.0,0.01812437653541565,False,False
0.12,1.034445881843567,0.23171338438987732,0.09983649849891663,0.13511687726582272,0.7544423012933473,0.9976000000000003,0.0023999999999997357,0.0,286,276,1.01961296510631,0.98038703489369,0.0,0,7.0,13.0,0.004762789700180292,9.547984127057658,10.038308254715409,0.0,0.0,0.0,0.02451620638288752,1.0,0.02303711511194706,9.458562090003397e-06,0.0,0.07984143162891266,0.0794848885955289,0.03223609644919634,0.032178328062097236,0.0,0.0,0.03646934986114502,False,False
0.125,1.0897082090377808,0.20374338328838348,0.16121414303779602,-1.3657748197920618,0.8745807774489748,0.9975000000000003,0.0024999999999997247,0.0,397,388,1.0179785513474509,0.9820214486525491,0.0,0,4.0,15.0,0.0051900544203817844,8.752318783136186,9.201782566822457,0.0,0.0,0.0,0.02247318918431356,1.0,0.026279544457793236,9.419151865586173e-06,0.0,0.08018500523765881,0.07992419720937807,0.032180583414932094,0.032083685509860516,0.0,0.0,0.07379682064056396,False,False
0.13,1.0641721487045288,0.26287418603897095,0.2147764265537262,-0.564232652689511,0.5466694438826493,0.9974000000000003,0.0025999999999997137,0.0,297,292,0.6831470054018298,1.3168529945981702,0.0,0,1.0,12.0,0.0054329764097929,16.356292217874838,8.434967352920586,0.0,0.0,0.0,-0.3960662432477126,1.0,0.029744921252131462,9.379905350215267e-06,0.0,0.08028718812856821,0.0801887502040093,0.03223359895249208,0.03209528513252735,0.0,0.0,0.03268296241760254,False,False
0.135,1.0552533864974976,0.3463892936706543,0.22865413129329681,0.5249736634464655,0.6247450969184982,0.9973000000000003,0.0026999999999997026,0.0,254,250,0.3762180882850108,1.5,0.0,0,0.0,16.0,0.005860406905412674,23.3266011997186,7.732053406843869,0.0,0.0,0.0,-0.7797273896437364,1.0,0.033427365124225616,9.340822543890681e-06,0.0,0.08049386020191011,0.0804509297646582,0.03222952907284101,0.03208518649140994,0.0,0.0,0.022923176288604737,False,False
0.14,1.0865057706832886,0.3839755356311798,0.25147122144699097,0.9364778405642085,0.7939583971739539,0.9972000000000003,0.0027999999999996916,0.0,313,305,0.4281999142612599,1.5,0.0,0,1.0,22.0,0.005988162010908127,21.382717766408714,7.087715622940213,0.0,0.0,0.0,-0.714750107173425,1.0,0.03731861338019371,9.301902537117712e-06,0.0,0.08075249636297423,0.0807651187283918,0.03218112513422966,0.03202585193018119,0.0,0.0,0.03618894338607788,False,False
0.145,1.1321914196014404,0.40768587589263916,0.2977556586265564,-0.6612299251186259,0.32305667831528423,0.9971000000000003,0.0028999999999996806,0.0,330,322,0.4758499214061549,1.5,0.0,0,5.0,26.0,0.006546905264258385,19.600824619207987,6.497072654361862,0.0,0.0,0.0,-0.6551875982423063,1.0,0.041528306901454926,9.263144420401659e-06,0.0,0.08114562177409726,0.08127446056902406,0.032138560588161155,0.031952702750762306,0.0,0.0,0.022449121475219727,False,False
0.15,1.2508089542388916,0.4563309848308563,0.27428358793258667,0.06131511086699119,0.593120466396184,0.9970000000000003,0.0029999999999996696,0.0,302,299,0.19999999999999996,1.5,0.0,0,4.0,35.0,0.007158094551414251,26.300755900940654,5.95564993316504,0.0,0.0,0.0,-1.0,1.0,0.045875173062086105,9.22454728424782e-06,0.0,0.08201586710102854,0.08204444821737704,0.03195137716829777,0.031785901325444385,0.0,0.0,0.01744348764419556,False,False
0.155,1.339152216911316,0.5791662931442261,0.27331897616386414,0.5060004442857293,0.43218598617504805,0.9969000000000003,0.0030999999999996586,0.0,227,226,0.2540127811815608,1.5,0.0,0,0.0,18.0,0.007553623057901859,24.10902624252893,5.459345772067953,0.0,0.0,0.0,-0.9324840235230489,1.0,0.05009537935256958,9.186112038150895e-06,0.0,0.08268090326959886,0.08271727465403575,0.0318271666765213,0.03166628070175648,0.0,0.0,0.017206367254257206,False,False
0.16,1.4188032150268555,0.6450450420379639,0.2922280728816986,0.8495902568213121,0.6747391945471232,0.9968000000000004,0.0031999999999996476,0.0,241,240,0.3161783827497642,1.5,0.0,0,0.0,15.0,0.008067340590059757,22.099940722318184,5.004400291062289,0.0,0.0,0.0,-0.8547770215627948,1.0,0.054471030831336975,9.147835953626782e-06,0.0,0.08347656082424022,0.08356319631543008,0.031709003572662674,0.031539982495208584,0.0,0.0,0.013748428821563722,False,False
0.165,1.5397759675979614,0.6053576469421387,0.27914392948150635,0.11769087496639248,0.5449265824314746,0.9967000000000004,0.0032999999999996366,0.0,247,243,0.37316351752061727,1.5,0.0,0,1.0,19.0,0.008213747292757034,28.591612328791665,12.920700266807097,0.0,0.0,0.0,-0.7835456030992284,1.0,0.059340838342905045,9.109720849664882e-06,0.0,0.08452956402301787,0.08450859515368936,0.03149380752195915,0.03134809123973052,0.0,0.0,0.013283601999282838,False,False
0.17,1.6046067476272583,0.5671740770339966,0.2650531232357025,0.13861958261687538,0.9001575551709766,0.9966000000000004,0.0033999999999996255,0.0,309,300,0.42539989106056597,1.5,0.0,0,1.0,20.0,0.008484790101647377,26.208977968059024,11.843975244573173,0.0,0.0,0.0,-0.7182501361742926,1.0,0.06447502225637436,9.071763088286389e-06,0.0,0.08510797465375311,0.08499493454769251,0.03136487367252509,0.031238594092428684,0.0,0.0,0.022423217296600344,False,False
0.17500000000000002,1.5975815057754517,0.5646578073501587,0.22358021140098572,0.13739112655018107,0.8357102680014623,0.9965000000000004,0.0034999999999996145,0.0,267,263,0.47328323347218537,1.5,0.0,0,1.0,27.0,0.008667686022818089,24.024896470720773,10.856977307525408,0.0,0.0,0.0,-0.6583959581597683,1.0,0.06939700990915298,9.033964488480706e-06,0.0,0.08527419298328456,0.08501043655785419,0.0313330984984835,0.031237746588885784,0.0,0.0,0.020215702056884766,False,False
0.18,1.6641281843185425,0.5540497303009033,0.19500122964382172,0.0501116068972462,0.751387218343192,0.9964000000000004,0.0035999999999996035,0.0,301,297,0.5171762973495033,1.4828237026504967,0.0,0,4.0,25.0,0.009005808271467686,22.022821764827373,9.952229198564957,0.0,0.0,0.0,-0.6035296283131208,1.0,0.07453998923301697,8.99632323125843e-06,0.0,0.08575366486329582,0.08536828366108236,0.031222403049468994,0.03114895739903053,0.0,0.0,0.026050100326538088,False,False
0.185,1.7204610109329224,0.5332233905792236,0.18702681362628937,-0.011433952701973586,0.28893690730463983,0.9963000000000004,0.0036999999999995925,0.0,342,342,0.22407827257037805,1.5,0.0,0,5.0,20.0,0.009383744560182095,28.520919951091756,9.12287676535121,0.0,0.0,0.0,-0.9699021592870274,1.0,0.07978323847055435,8.958838407124858e-06,0.0,0.08614727786555883,0.08570646628364917,0.03113231621682644,0.031068616857131325,0.0,0.0,0.03132535696029663,False,False
0.19,1.7702001333236694,0.5252426862716675,0.19755350053310394,-0.3010776534604026,0.45964624184515274,0.9962000000000004,0.0037999999999995815,0.0,355,341,0.19999999999999996,1.5,0.0,0,3.0,17.0,0.009741443209350109,34.47750995516744,8.362637034905275,0.0,0.0,0.0,-1.0,1.0,0.0853208601474762,8.921510016079992e-06,0.0,0.08659310587433475,0.08615993105030306,0.0310533307492733,0.030991684955855213,0.0,0.0,0.021331570148468017,False,False
0.195,1.8746474981307983,0.5009649991989136,0.2644446790218353,0.1623049189086724,0.5253307879096957,0.9961000000000004,0.0038999999999995705,0.0,349,341,0.19999999999999996,1.5,0.0,0,3.0,27.0,0.009856275282800198,39.937717458903485,7.665750615329834,0.0,0.0,0.0,-1.0,1.0,0.09105522930622101,8.884336239134427e-06,0.0,0.08732504814863201,0.08707593246176835,0.03094427442799012,0.030843508429825306,0.0,0.0,0.021153783798217772,False,False
0.2,1.95474374294281,0.42269235849380493,0.25440630316734314,0.4002973824897405,0.9403669847641652,0.9960000000000004,0.0039999999999995595,0.0,340,335,0.19999999999999996,1.5,0.0,0,3.0,25.0,0.010203820653259754,36.60957433732819,7.026938064052348,0.0,0.0,0.0,-1.0,1.0,0.096864253282547,8.847317985782865e-06,0.0,0.08751817364959665,0.08717977301714318,0.030861768561104935,0.030774266148606937,0.0,0.0,0.02348961591720581,False,False
0.20500000000000002,1.9877431392669678,0.4385475516319275,0.2739870250225067,0.6320562887438084,0.9393287113746146,0.9959000000000005,0.0040999999999995485,0.0,304,297,0.24863666997988565,1.5,0.0,0,0.0,27.0,0.010654508136212826,33.55877647588417,14.774693225381316,0.0,0.0,0.0,-0.9392041625251428,1.0,0.10248348116874695,8.810454346530605e-06,0.0,0.08779797742764152,0.087507807140549,0.030824548254410427,0.030726812159021698,0.0,0.0,0.024335906505584717,False,False
0.21,1.9905753135681152,0.5368725657463074,0.3464493453502655,0.3997876150280414,0.45170824963155637,0.9958000000000005,0.0041999999999995374,0.0,248,246,0.19999999999999996,1.5,0.0,0,0.0,20.0,0.010769618675112724,39.09554510289382,13.543468789932874,0.0,0.0,0.0,-1.0,1.0,0.10819671303033829,8.773744411882944e-06,0.0,0.08845931974239644,0.08845822251029309,0.03081902706374725,0.030670108584066234,0.0,0.0,0.023731112480163574,False,False
0.215,1.9677475690841675,0.5883760452270508,0.3914628326892853,0.4614031956130316,0.8210644928257749,0.9957000000000005,0.004299999999999526,0.0,262,261,0.19999999999999996,1.5,0.0,0,2.0,22.0,0.010847830213606358,44.17091634431934,12.4148463907718,0.0,0.0,0.0,-1.0,1.0,0.11372008919715881,8.737187272345182e-06,0.0,0.08858116818591948,0.08877185619001585,0.030852132476866245,0.03067479313661655,0.0,0.0,0.024162023067474368,False,False
0.22,1.9745994806289673,0.6224971413612366,0.43003174662590027,-0.11215358596622589,0.77985801336865,0.9956000000000005,0.004399999999999515,0.0,364,352,0.19999999999999996,1.5,0.0,0,2.0,22.0,0.011387412436306477,40.490006648959394,11.380275858207483,0.0,0.0,0.0,-1.0,1.0,0.11974164098501205,8.700782018422615e-06,0.0,0.0888024301351979,0.08913889541104432,0.030846381559967995,0.030647104916473232,0.0,0.0,0.03526913166046143,False,False
0.225,2.0157647132873535,0.7137637138366699,0.5019769072532654,0.7108070787626626,0.6650668024583667,0.9955000000000005,0.004499999999999504,0.0,456,443,0.19999999999999996,1.5,0.0,0,4.0,30.0,0.011957601644098759,37.11583942821277,10.431919536690192,0.0,0.0,0.0,-1.0,1.0,0.12589813768863678,8.664528650115244e-06,0.0,0.08919435195252295,0.08984658941254016,0.030841431580483913,0.030587792086104553,0.0,0.0,0.04030980110168457,False,False
0.23,2.0990381240844727,0.7771138548851013,0.5313965082168579,-0.11510313815660002,0.8947735123122279,0.9954000000000005,0.004599999999999493,0.0,434,418,0.19999999999999996,1.5,0.0,0,5.0,25.0,0.012487064115703106,42.35618614252837,9.562592908632675,0.0,0.0,0.0,-1.0,1.0,0.1321781426668167,8.628426257928368e-06,0.0,0.08982416694362955,0.09060548601206388,0.030755649010340374,0.030479704340298973,0.0,0.0,0.024625246524810792,False,False
0.23500000000000001,2.2242228984832764,0.8881303071975708,0.5246368646621704,0.9559445399274515,0.4946080421440138,0.9953000000000005,0.004699999999999482,0.0,393,379,0.19999999999999996,1.5,1.0,1,0.0,24.0,0.013196064159274101,38.82650396398434,8.765710166246619,0.0,0.0,0.0,-1.0,1.0,0.1382390856742859,1.8210335838375613e-05,0.0,0.09143813922442491,0.09220386466321842,0.030550037821133934,0.03028527523080508,0.0,0.0,0.015385462045669557,False,False
0.24,2.305091381072998,1.046286940574646,0.5490082502365112,0.22679223317377464,0.829455435617872,0.9952000000000005,0.004799999999999471,0.0,423,403,0.19999999999999996,1.5,5.0,5,0.0,28.0,0.013926838524639606,35.59096196698564,8.0352343190594,0.0,0.0,0.0,-1.0,1.0,0.14405697584152222,6.622376531595364e-05,0.0,0.09272987972851837,0.09367360782343889,0.03042433566103379,0.03014612477272749,0.0,0.0,0.009323052167892457,False,False
0.245,2.3969550132751465,1.112659215927124,0.5492067933082581,0.6330018877697821,0.5608134231969535,0.9951000000000005,0.00489999999999946,0.0,476,450,0.19999999999999996,1.5,24.0,24,3.0,23.0,0.014539658091962337,40.95838180307017,7.365631459137783,0.0,0.0,0.0,-1.0,1.0,0.14999862015247345,0.000296776503091678,0.0,0.09394583926598227,0.09492833449443178,0.030258744955062866,0.02998734824359417,0.0,0.0,0.0139442777633667,False,False
0.25,2.5120394229888916,1.0781854391098022,0.5537722110748291,0.3719047794914935,0.9072832588498201,0.9950000000000006,0.004999999999999449,0.0,550,526,0.4349324873891459,1.5,54.0,54,4.0,23.0,0.015512681566178799,37.545183319480984,23.41849550420963,0.0,0.0,0.0,-0.7063343907635676,1.0,0.15604066848754883,0.0008149044588208199,0.0,0.09529108208542064,0.09625027482304717,0.030060245965917907,0.0298008198539416,0.0,0.0,0.022116630077362063,False,False
0.255,2.5379903316497803,1.0648384094238281,0.5604069828987122,1.6198101284529127,0.28891319069654064,0.9949000000000006,0.005099999999999438,0.0,530,505,0.48202144677338365,1.5,24.0,24,2.0,21.0,0.017301436513662338,42.7497513761909,29.800287545525492,0.0,0.0,0.0,-0.6474731915332704,1.0,0.16222406923770905,0.0010423376224935055,0.0,0.09572731507942076,0.09669513315893705,0.030011129565536976,0.029752361588180065,0.0,0.0,0.017800612449645998,False,False
0.26,2.5403339862823486,1.0745974779129028,0.5143299698829651,0.26259870282172554,0.9213784322095457,0.9948000000000006,0.005199999999999427,0.0,609,569,0.5251863262089349,1.474813673791065,13.0,13,2.0,26.0,0.018307100981473923,39.18727209484166,27.316930250065035,0.0,0.0,0.0,-0.5935170922388313,1.0,0.16861684620380402,0.0011630267836153507,0.0,0.09595944130327547,0.09670623979996884,0.029972496752937637,0.029740793009599052,0.0,0.0,0.01693643093109131,False,False
0.265,2.6197779178619385,1.0765942335128784,0.49747708439826965,-0.09787034541106168,0.7878672182663687,0.9947000000000006,0.005299999999999416,0.0,595,563,0.5647541323581903,1.4352458676418096,25.0,25,6.0,23.0,0.019236305728554726,35.92166608693819,25.040519395892947,0.0,0.0,0.0,-0.5440573345522621,1.0,0.17508365213871002,0.0013986274134367704,0.0,0.09678290328259265,0.09743198423708474,0.029847823704282444,0.029629335428277653,0.0,0.0,0.015298933982849122,False,False
0.27,2.6575887203216553,1.0768845081329346,0.5058962106704712,-0.4875257343947953,0.4726433154170058,0.9946000000000006,0.005399999999999405,0.0,650,615,0.9343579546616746,1.0656420453383253,35.0,35,5.0,25.0,0.020370351150631905,32.92819391302667,31.287142779568534,0.0,0.0,0.0,-0.08205255667290672,1.0,0.18162615597248077,0.0017294249264523387,0.0,0.09727769446279848,0.09795621042139822,0.02978592955817779,0.029565255778531235,0.0,0.0,0.020654995441436768,False,False
0.275,2.682816982269287,1.0807521343231201,0.5471063852310181,0.3636707625182816,0.6382702811145593,0.9945000000000006,0.005499999999999394,0.0,632,600,0.6064947917732018,1.3935052082267982,28.0,28,2.0,30.0,0.021649427711963654,38.51751108694111,28.679880881271156,0.0,0.0,0.0,-0.4918815102834978,1.0,0.1882399618625641,0.0019915192387998104,0.0,0.09758147277869278,0.09846383133406435,0.02977130779375633,0.029526141782601677,0.0,0.0,0.018621749877929687,False,False
0.28,2.805964469909668,1.0534114837646484,0.5948271155357361,0.3514253194358295,0.8887384193798837,0.9944000000000006,0.005599999999999383,0.0,657,623,0.6392868924587684,1.3607131075412315,33.0,33,2.0,31.0,0.023268796503543854,35.30771849636268,26.289890807831892,0.0,0.0,0.0,-0.45089138442653953,1.0,0.19503848254680634,0.0023006105329841375,0.0,0.09854389253227656,0.09964007302187378,0.029644789174199104,0.029376170908411346,0.0,0.0,0.0225564980506897,False,False
0.28500000000000003,2.8847544193267822,1.030868411064148,0.5619040131568909,0.46864863571304866,0.8373761789991291,0.9943000000000006,0.005699999999999372,0.0,633,590,0.6693463180872042,1.3306536819127959,28.0,28,4.0,24.0,0.02420145459473133,32.36540862166579,24.0990665738459,0.0,0.0,0.0,-0.4133171023909947,1.0,0.20189014077186584,0.0025603247340768576,0.0,0.09913656616210932,0.09998725482821459,0.029534748755395412,0.02929396772136291,0.0,0.0,0.024276647567749023,False,False
0.29,2.8904426097869873,1.112658977508545,0.6100969910621643,0.2520472143063537,0.631572228870809,0.9942000000000006,0.005799999999999361,0.0,624,589,0.6969007915799372,1.3030992084200628,21.0,21,1.0,36.0,0.024830013513565063,29.668291236526976,22.090811026025406,0.0,0.0,0.0,-0.37887401052507846,1.0,0.20879697799682617,0.002751631662249565,0.0,0.09961930156157657,0.10078801113211855,0.02954309806227684,0.029269498772919178,0.0,0.0,0.025720317363739014,False,False
0.295,2.8650476932525635,1.2083392143249512,0.6825149655342102,0.2254559669607626,0.8360074564357642,0.9941000000000006,0.00589999999999935,0.0,631,592,0.7221590589482757,1.2778409410517244,42.0,42,4.0,29.0,0.025207851082086563,27.19593363348306,20.249910107189955,0.0,0.0,0.0,-0.34730117631465535,1.0,0.21576027572155,0.0031441166065633297,0.0,0.099970543100809,0.10163916434595976,0.029600405444701515,0.02927670410523812,0.0,0.0,0.024221737384796143,False,False
0.3,2.8571202754974365,1.2296327352523804,0.7195504307746887,0.14198824955413453,0.8788440569995513,0.9940000000000007,0.005999999999999339,0.0,639,608,0.41197913736925285,1.5,47.0,47,5.0,10.0,0.026592131704092026,33.262939164026136,18.562417598257458,0.0,0.0,0.0,-0.7350260782884339,1.0,0.22272980213165283,0.0035830559208989143,6.556510925292969e-07,0.0999799266615882,0.10187203857861453,0.02962583520760139,0.029281415045261383,0.0,0.0,0.029407653808593753,False,False
0.305,2.8698761463165283,1.2955881357192993,0.7674849629402161,0.7390303835010167,0.9303681943196587,0.9939000000000007,0.006099999999999328,0.0,633,588,0.46098087592181514,1.5,34.0,34,6.0,19.0,0.026873383671045303,30.491027567023956,17.015549465069334,0.0,0.0,0.0,-0.673773905097731,1.0,0.22978247702121735,0.0038951337337493896,1.3709068298339844e-06,0.10027759435276185,0.10246842841307316,0.029632893080512684,0.02926164772361517,0.0,0.0,0.042008495330810545,False,False
0.31,2.869436502456665,1.3574790954589844,0.7928149700164795,1.3562610820457877,0.7954304345742869,0.9938000000000007,0.006199999999999317,0.0,723,685,0.5058991362616638,1.4941008637383362,47.0,47,3.0,19.0,0.02704995684325695,27.950108603105292,15.597587009646888,0.0,0.0,0.0,-0.6176260796729202,1.0,0.23672060668468475,0.004330943804234266,2.205371856689453e-06,0.10026523663103573,0.10263062111909185,0.029658133474489055,0.029269113826255005,0.0,0.0,0.04957265377044678,False,False
0.315,2.9129035472869873,1.4106253385543823,0.7746993899345398,0.37432831951759143,0.815192472200076,0.9937000000000007,0.006299999999999306,0.0,609,578,0.5470742082398585,1.4529257917601415,23.0,23,4.0,20.0,0.027342354878783226,25.62093288617985,14.297788092176313,0.0,0.0,0.0,-0.5661572397001768,1.0,0.24355360865592957,0.004534108564257622,3.0994415283203125e-06,0.10091970628872507,0.10323820865526788,0.02958879340440035,0.029205426884194217,0.0,0.0,0.017459836006164554,False,False
0.32,3.0174386501312256,1.602516770362854,0.7700653672218323,2.949021869824825,0.11119262301320286,0.9936000000000007,0.006399999999999295,0.0,592,547,0.5848180242198703,1.4151819757801296,24.0,24,6.0,34.0,0.02751016803085804,23.485855145664864,13.10630575116162,0.0,0.0,0.0,-0.5189774697251621,1.0,0.25033432245254517,0.004746044985949993,4.0531158447265625e-06,0.103202296640103,0.10568851463651899,0.029382145342727505,0.029006095913549267,0.0,0.0,0.005405426621437073,False,False
0.325,3.1356472969055176,1.8285995721817017,0.808687686920166,0.36618233106042436,0.9323922701381848,0.9935000000000007,0.006499999999999284,0.0,651,612,0.9527498555348809,1.047250144465119,30.0,30,2.0,29.0,0.027831513434648514,21.52870055019279,20.347446938564815,0.0,0.0,0.0,-0.05906268058139883,1.0,0.25712671875953674,0.005014806054532528,5.066394805908203e-06,0.10564366138478114,0.10861936944723122,0.029194937087595463,0.028795775336523853,0.0,0.0,0.013957666158676149,False,False
0.33,3.251678705215454,1.9491866827011108,0.7982219457626343,1.227919865415191,0.66950670928745,0.9934000000000007,0.006599999999999273,0.0,663,617,0.9566873675736409,1.043312632426359,47.0,47,5.0,16.0,0.02818579040467739,19.73464217101006,18.65182636035108,0.0,0.0,0.0,-0.054140790532948915,1.0,0.26380762457847595,0.005445950198918581,6.079673767089844e-06,0.1081591776525601,0.11129117953591042,0.028950905737777553,0.028566539598008,0.0,0.0,0.01877607583999634,False,False
0.335,3.345106840133667,1.9561394453048706,0.7771427035331726,,0.0,0.9933000000000007,0.006699999999999262,0.0,566,545,0.6269634202758374,1.3730365797241626,40.0,40,3.0,14.0,0.028327008709311485,26.423421990092553,17.097507496988488,0.0,0.0,0.0,-0.46629572465520325,1.0,0.2703847885131836,0.005807972978800535,7.331371307373047e-06,0.11024568387741836,0.11328427813202134,0.02875768734763066,0.02839605789631605,0.0,0.0,0.02184243679046631,False,False
0.34,3.3536598682403564,1.9200767278671265,0.7674547433853149,0.4045513766194294,0.8909859122953716,0.9932000000000007,0.006799999999999251,0.0,576,536,0.6580498019195176,1.3419501980804824,19.0,19,3.0,19.0,0.028414808213710785,24.22147015758484,15.67271520557278,0.0,0.0,0.0,-0.42743774760060294,1.0,0.27685990929603577,0.005966512020677328,8.64267349243164e-06,0.11057940140490723,0.11349092029407612,0.028742668218910694,0.028386292979121208,0.0,0.0,0.017812161445617678,False,False
0.34500000000000003,3.3651623725891113,1.8948118686676025,0.7202831506729126,-0.16653820621667956,0.3054097733949802,0.9931000000000008,0.00689999999999924,0.0,657,616,0.6865456517595578,1.3134543482404422,50.0,50,5.0,15.0,0.028487054631114006,22.203014311119436,14.366655605108381,0.0,0.0,0.0,-0.39181793530055276,1.0,0.2834034562110901,0.006422544829547405,1.0132789611816406e-05,0.11079330691695205,0.11337332872301333,0.028700949624180794,0.0283677875995636,0.0,0.0,0.015202533006668092,False,False
0.35000000000000003,3.4316658973693848,1.8853693008422852,0.6807642579078674,0.4117831948177711,0.9495708462165908,0.9930000000000008,0.006999999999999229,0.0,742,686,0.7126668474462613,1.2873331525537388,47.0,47,5.0,24.0,0.028581516817212105,20.35276311852615,13.169434304682682,0.0,0.0,0.0,-0.35916644069217335,1.0,0.2898855209350586,0.006847824435681105,1.1563301086425781e-05,0.11202062774635843,0.11431871222145847,0.02857247522721688,0.028264429420232773,0.0,0.0,0.022412662506103517,False,False
0.355,3.4809348583221436,1.9042288064956665,0.6910263299942017,-0.44445829135636333,0.9960346283243579,0.9929000000000008,0.007099999999999218,0.0,722,687,0.7366112768257396,1.2633887231742604,33.0,33,7.0,25.0,0.028772950172424316,18.656699525315634,12.071981445959125,0.0,0.0,0.0,-0.3292359039678255,1.0,0.2962609827518463,0.00713668018579483,1.3053417205810547e-05,0.11305498224993539,0.11546449173862727,0.028490860325594745,0.028182448198397957,0.0,0.0,0.022899181842803956,False,False
0.36,3.6058647632598877,1.936997413635254,0.7708244323730469,0.6410130740764111,1.0000000000000002,0.9928000000000008,0.007199999999999207,0.0,584,558,1.0918936704235946,0.9081063295764054,19.0,19,3.0,24.0,0.028915369883179665,17.101974564872663,19.39931632546253,0.0,0.0,0.0,0.1148670880294933,1.0,0.3025342524051666,0.007289683911949396,1.4722347259521484e-05,0.11484831685759118,0.1178870573155581,0.028385316642622154,0.028030780764917534,0.0,0.0,0.01608770489692688,False,False
0.365,3.791152238845825,1.9022274017333984,0.7617487907409668,0.7181977713946255,0.7357161843105336,0.9927000000000008,0.007299999999999196,0.0,662,617,1.084235864554962,0.9157641354450382,78.0,78,1.0,29.0,0.029218491166830063,24.010143351133273,26.116039965007317,0.0,0.0,0.0,0.10529483069370223,1.0,0.30870699882507324,0.008009503595530987,1.6629695892333984e-05,0.1178451827466487,0.12079484961926927,0.028124990252157055,0.027787947716812294,0.0,0.0,0.01980947494506836,False,False
0.37,3.8622095584869385,1.9428935050964355,0.751596212387085,0.9299408535687984,0.692487663542024,0.9926000000000008,0.007399999999999185,0.0,553,514,1.0772162091753816,0.9227837908246184,35.0,35,4.0,26.0,0.029270844534039497,22.009298071872166,23.939703301256706,0.0,0.0,0.0,0.09652026146922701,1.0,0.31485259532928467,0.008312756195664406,1.8596649169921875e-05,0.11892325793268771,0.1217377654661734,0.028033096653719745,0.027707908302545547,0.0,0.0,0.019402745962142944,False,False
0.375,3.8445236682891846,2.0637924671173096,0.8090055584907532,0.5683062370386739,0.836552403607923,0.9925000000000008,0.007499999999999174,0.0,632,590,1.0707815250774333,0.9292184749225667,21.0,21,3.0,40.0,0.029327984899282455,20.17518989921615,21.94472802615198,0.0,0.0,0.0,0.08847690634679158,1.0,0.3209412097930908,0.00848009530454874,2.0682811737060547e-05,0.1195100268535315,0.123015427134931,0.02806500221292178,0.027699425506095093,0.0,0.0,0.016341025829315188,False,False
0.38,3.8213677406311035,2.1208901405334473,0.8537872433662415,-0.46638229180169094,0.29438880673765444,0.9924000000000008,0.007599999999999163,0.0,683,647,1.0648830646543137,0.9351169353456862,16.0,16,3.0,33.0,0.02939334698021412,18.49392407428147,20.116000690639314,0.0,0.0,0.0,0.08110383081789223,1.0,0.3269283175468445,0.008598647080361843,2.282857894897461e-05,0.11953171102019639,0.1235395350959151,0.02811335027217865,0.02771728982528051,0.0,0.0,0.017711892127990726,False,False
0.385,3.8285703659057617,2.133495807647705,0.8873265385627747,1.9172146759540827,0.13036672250900525,0.9923000000000008,0.007699999999999152,0.0,734,707,1.0594761425997876,0.9405238574002124,51.0,51,6.0,21.0,0.029691893607378006,16.952763734758012,18.439667299752703,0.0,0.0,0.0,0.07434517824973455,1.0,0.3328690826892853,0.009053329937160015,2.5033950805664062e-05,0.1196127791280547,0.12393052306522916,0.028119225365420185,0.027707107365131378,0.0,0.0,0.01812377452850342,False,False
0.39,3.8586318492889404,2.204510450363159,0.9124602675437927,0.7591810144479879,0.6421185643660172,0.9922000000000009,0.007799999999999141,0.0,719,679,1.0545197973831386,0.9454802026168614,40.0,40,4.0,24.0,0.030041199177503586,15.540033423528177,16.903028358106642,0.0,0.0,0.0,0.06814974672892324,1.0,0.338781476020813,0.00940032210201025,2.7418136596679688e-05,0.12026958309672764,0.12487995871156443,0.028087416042884193,0.027661301816503208,0.0,0.0,0.021007118225097657,False,False
0.395,3.8775084018707275,2.2564542293548584,0.9480453729629517,1.7932727436775595,0.5135392564161844,0.9921000000000009,0.00789999999999913,0.0,640,608,1.0499764809345438,0.9500235190654563,44.0,44,3.0,18.0,0.030287599191069603,14.245030638234162,15.494442661597754,0.0,0.0,0.0,0.062470601168179575,1.0,0.34463825821876526,0.009784339927136898,2.9861927032470703e-05,0.12027786392346014,0.1251937503069638,0.028104380083580814,0.027655454662938915,0.0,0.0,0.024376020431518555,False,False
0.4,3.938396453857422,2.292056083679199,0.9355867505073547,0.5998602200836203,0.9825512471259069,0.9920000000000009,0.007999999999999119,0.0,625,590,1.0458117741899984,0.9541882258100016,36.0,36,6.0,37.0,0.030307266861200333,13.057944751714649,14.203239106464608,0.0,0.0,0.0,0.05726471773749795,1.0,0.35039493441581726,0.01008981466293335,3.248453140258789e-05,0.12199241399206211,0.1269457909259944,0.02798002058019241,0.027541229501366615,0.0,0.0,0.020928394794464112,False,False
0.405,3.9270684719085693,2.4433746337890625,0.9623878002166748,1.1980574795325674,0.8178131577637834,0.9919000000000009,0.008099999999999108,0.0,578,541,0.7086607930074986,1.2913392069925014,19.0,19,4.0,24.0,0.03030460886657238,20.303116022405092,13.019635847592557,0.0,0.0,0.0,-0.3641740087406268,1.0,0.3560555577278137,0.010230514220893383,3.510713577270508e-05,0.12258125603198995,0.12796631544828405,0.027961342905958496,0.027510503617425762,0.0,0.0,0.020919909477233888,False,False
0.41000000000000003,3.9338314533233643,2.598493814468384,0.9658556580543518,-1.8161268415516942,0.5466463350931419,0.9918000000000009,0.008199999999999097,0.0,657,615,0.7329390602568737,1.2670609397431263,24.0,24,4.0,17.0,0.03056601621210575,18.611189687204668,11.93466619362651,0.0,0.0,0.0,-0.33382617467890785,1.0,0.36174461245536804,0.01041871402412653,3.790855407714844e-05,0.12350866128255913,0.12918491541532168,0.027922199418147407,0.027466596414645515,0.0,0.0,0.013554677963256836,False,False
0.41500000000000004,4.0575714111328125,2.681927442550659,0.9157551527023315,-0.09846437338311648,0.8189476477240828,0.9917000000000009,0.008299999999999086,0.0,569,533,0.42186080523546765,1.5,25.0,25,5.0,24.0,0.030578069388866425,25.393590546604276,10.940110677490967,0.0,0.0,0.0,-0.7226739934556654,1.0,0.3674280345439911,0.010615750215947628,4.0650367736816406e-05,0.12775638984019547,0.1334179833754896,0.027638765362401806,0.027217421059807144,0.0,0.0,0.015146956443786622,False,False
0.42,4.141582489013672,2.6903128623962402,0.8959112763404846,2.0072738901428977,0.6558784348314896,0.9916000000000009,0.008399999999999075,0.0,695,649,0.47003907146584534,1.5,54.0,54,1.0,25.0,0.03063797578215599,23.27745800105392,10.028434787700053,0.0,0.0,0.0,-0.6624511606676933,1.0,0.37300848960876465,0.011090882122516632,4.374980926513672e-05,0.1307492512706666,0.13640006886608885,0.02746194290618102,0.027059164519111317,0.0,0.0,0.019968893527984623,False,False
0.425,4.151125907897949,2.657116174697876,0.8624222278594971,0.4058616261864018,0.6019884743483138,0.9915000000000009,0.008499999999999064,0.0,679,647,0.8475358155103582,1.1524641844896417,61.0,61,5.0,32.0,0.030711932107806206,21.337669834299426,17.52606522205838,0.0,0.0,0.0,-0.19058023061205223,1.0,0.37856435775756836,0.011631360277533531,4.690885543823242e-05,0.1316368762478231,0.13697066650787978,0.027419306958715122,0.027033023846646152,0.0,0.0,0.017315728664398195,False,False
0.43,4.207306385040283,2.676229476928711,0.8515238165855408,,0.0,0.991400000000001,0.008599999999999053,0.0,711,667,0.526907830884495,1.473092169115505,28.0,28,3.0,17.0,0.030833009630441666,27.89286401477447,16.065559786886848,0.0,0.0,0.0,-0.5913652113943811,1.0,0.3840709924697876,0.011852195486426353,5.0187110900878906e-05,0.13300507656919447,0.13832845676379887,0.02733514023323854,0.02695259793351094,0.0,0.0,0.01965833067893982,False,False
0.435,4.25769567489624,2.7077524662017822,0.8379521369934082,0.1622147839735296,0.7187942248819027,0.991300000000001,0.008699999999999042,0.0,648,611,0.5663321783107873,1.4336678216892127,26.0,26,5.0,17.0,0.030892223119735718,25.56845868020993,14.72676313797961,0.0,0.0,0.0,-0.5420847771115159,1.0,0.3894783854484558,0.012052876874804497,5.352497100830078e-05,0.13475236568599927,0.1400698549635707,0.02722570827851693,0.02685463366409143,0.0,0.0,0.016108049154281618,False,False
0.44,4.268477916717529,2.729498863220215,0.8422521948814392,-0.014828175753256066,0.4359419207634353,0.991200000000001,0.00879999999999903,0.0,624,586,0.2691378301182217,1.5,50.0,50,5.0,19.0,0.031182589009404182,31.771087123525767,13.49953287648131,0.0,0.0,0.0,-0.9135777123522228,1.0,0.3948369324207306,0.012483549304306507,5.698204040527344e-05,0.1352544775791465,0.1406683467440306,0.027197422459721565,0.026825894601643085,0.0,0.0,0.01809473276138306,False,False
0.445,4.384004592895508,2.772613763809204,0.8937414288520813,1.0420454533928896,0.43347850138227306,0.991100000000001,0.00889999999999902,0.0,594,556,0.3300430109417031,1.5,30.0,30,3.0,24.0,0.03133463114500046,29.12349652989862,12.3745718034412,0.0,0.0,0.0,-0.8374462363228711,1.0,0.4000985324382782,0.012720070779323578,6.0677528381347656e-05,0.13748530594011135,0.14361500461896248,0.027083790240188442,0.02668624899039666,0.0,0.0,0.021404242515563963,False,False
0.45,4.515813827514648,2.7727720737457275,0.8795031309127808,-0.0023481904664829213,0.6629278385380938,0.991000000000001,0.008999999999999009,0.0,629,591,0.38587276002989457,1.5,38.0,38,4.0,31.0,0.0314188189804554,26.6965384857404,11.343357486487765,0.0,0.0,0.0,-0.7676590499626318,1.0,0.4053388833999634,0.013032549060881138,6.443262100219727e-05,0.14055418105423437,0.14657407049462184,0.02690903221567472,0.026524819744129978,0.0,0.0,0.02254828929901123,False,False
0.455,4.540534496307373,2.8357813358306885,0.914314329624176,0.18404278578689068,0.7354471995882328,0.990900000000001,0.009099999999998998,0.0,647,612,0.4370500300274033,1.5,46.0,46,3.0,37.0,0.031548622995615005,24.471826945262034,10.398077695947118,0.0,0.0,0.0,-0.7036874624657459,1.0,0.4104821979999542,0.013420669361948967,6.842613220214844e-05,0.14082154451558976,0.1472450260321298,0.026910272426903248,0.026508518494665623,0.0,0.0,0.020978569984436035,False,False
0.46,4.4912614822387695,2.9384586811065674,0.978850781917572,0.4251598677225953,0.8671366008274893,0.990800000000001,0.009199999999998987,0.0,719,669,0.4839625275251197,1.5,28.0,28,5.0,27.0,0.03164542466402054,22.432508033156864,9.531571221284857,0.0,0.0,0.0,-0.6450468405936004,1.0,0.41557982563972473,0.013634047470986843,7.2479248046875e-05,0.1400716899515439,0.14744125701300786,0.027003446593880653,0.026561644238730274,0.0,0.0,0.02343828916549683,False,False
0.465,4.448217391967773,2.960228443145752,1.02506685256958,0.9172834799090217,0.5817874281817045,0.990700000000001,0.009299999999998976,0.0,752,712,0.5269656502313598,1.4730343497686402,33.0,33,4.0,26.0,0.03215198218822479,28.896465697060457,17.07060695284445,0.0,0.0,0.0,-0.5912929372108003,1.0,0.4205836355686188,0.01389462873339653,7.647275924682617e-05,0.13886419531702981,0.14673010960966335,0.027094073593616486,0.02662797768910726,0.0,0.0,0.02144051551818848,False,False
0.47000000000000003,4.44326639175415,3.0004115104675293,1.0756350755691528,1.151823291938466,1.0,0.990600000000001,0.009399999999998965,0.0,693,656,0.5663851793787463,1.4336148206212536,26.0,26,7.0,21.0,0.032182902097702026,26.488426888972086,15.648056373440745,0.0,0.0,0.0,-0.5420185257765671,1.0,0.42567160725593567,0.014086800627410412,8.07046890258789e-05,0.13824103460585063,0.14659776071272776,0.027143245873351894,0.026654689572751522,0.0,0.0,0.029937744140625,False,False
0.47500000000000003,4.4546217918396,3.0970940589904785,1.102457880973816,2.261282509139987,0.8221874641965641,0.990500000000001,0.009499999999998954,0.0,751,706,0.2691864144305174,1.5,39.0,39,4.0,11.0,0.03240499645471573,32.61439131489108,14.344051675654017,0.0,0.0,0.0,-0.9135169819618533,1.0,0.43070828914642334,0.014403200708329678,8.511543273925781e-05,0.1385688235921163,0.1473200004485745,0.027138375056286655,0.026636081747710705,0.0,0.0,0.04162150859832764,False,False
0.48,4.462835311889648,3.1248393058776855,1.1094870567321777,0.982697790756301,0.9710326087425099,0.9904000000000011,0.009599999999998943,0.0,573,535,0.3300875465613077,1.5,38.0,38,1.0,9.0,0.03238951414823532,29.89652537198349,13.148714036016182,0.0,0.0,0.0,-0.8373905667983653,1.0,0.43569493293762207,0.014708666130900383,8.958578109741211e-05,0.1384832945372908,0.14730234115384505,0.027139008355637394,0.026631886139512062,0.0,0.0,0.018004850149154664,False,False
0.485,4.51253080368042,3.2843985557556152,1.0773783922195435,2.2280040543732653,0.14852674095983728,0.9903000000000011,0.009699999999998932,0.0,531,500,0.38591358434786527,1.5,21.0,21,2.0,17.0,0.0323449969291687,27.405148257651533,12.052987866348166,0.0,0.0,0.0,-0.7676080195651683,1.0,0.4405860900878906,0.014849357306957245,9.417533874511719e-05,0.14135557586948064,0.1503684945305187,0.026982557028532028,0.026490526894728344,0.0,0.0,0.01878327012062073,False,False
0.49,4.5533857345581055,3.5216455459594727,1.1036937236785889,1.1629949853003723,0.4997986314539657,0.9902000000000011,0.00979999999999892,0.0,545,515,0.4370874523188766,1.5,33.0,33,3.0,29.0,0.03231870010495186,25.121385902847237,11.048572210819152,0.0,0.0,0.0,-0.7036406846014043,1.0,0.44545748829841614,0.015104872174561024,9.882450103759766e-05,0.14357268788168814,0.1534409070927648,0.0268861356501778,0.02638034677753846,0.0,0.0,0.006761112809181213,False,False
0.495,4.6181182861328125,3.719489812850952,1.106818675994873,1.796634487712663,0.7992132615052454,0.9901000000000011,0.00989999999999891,0.0,644,608,0.817330164625637,1.182669835374363,30.0,30,5.0,14.0,0.0323917493224144,23.027937077609966,18.46119119325089,0.0,0.0,0.0,-0.2283372942179538,1.0,0.4502333104610443,0.015323171392083168,0.00010371208190917969,0.14661299796402438,0.15720942533388718,0.026719581025342148,0.026215550800164543,0.0,0.0,0.02337782621383667,False,False
0.5,4.709415435791016,3.7932803630828857,1.0844991207122803,0.8213307492793741,0.9722544516466907,0.9900000000000011,0.009999999999998899,0.0,614,569,0.832552650906834,1.167447349093166,24.0,24,4.0,16.0,0.032365214079618454,21.108942321142468,16.922758593813317,0.0,0.0,0.0,-0.20930918636645757,1.0,0.4549189805984497,0.01549015287309885,0.00010848045349121094,0.1509098390967894,0.16192844694045666,0.026506975603600345,0.026020956380913656,0.0,0.0,0.021994245052337647,False,False
0.505,4.755191802978516,3.7665443420410156,1.0797581672668457,0.6926371639317331,0.9967730962937025,0.9899000000000011,0.010099999999998888,0.0,687,653,0.8465065966645977,1.1534934033354023,38.0,38,4.0,22.0,0.03238058090209961,27.683197127713928,23.84586204432887,0.0,0.0,0.0,-0.19186675416925283,1.0,0.4595623016357422,0.015783077105879784,0.00011354684829711914,0.15281433761119825,0.16391759005685633,0.026440303772687912,0.02595756823817889,0.0,0.0,0.01834323644638062,False,False
0.51,4.765079498291016,3.741558313369751,1.056902527809143,1.0107480332129068,0.9791703653554401,0.9898000000000011,0.010199999999998877,0.0,770,731,1.192631046942548,0.807368953057452,60.0,60,3.0,23.0,0.03261234611272812,25.376264033737765,30.192040207301464,0.0,0.0,0.0,0.24078880867818492,1.0,0.46423789858818054,0.016294386237859726,0.00011879205703735352,0.15362456556595847,0.16451915360614638,0.02641109439233939,0.025936792759845655,0.0,0.0,0.017712355852127076,False,False
0.515,4.818891525268555,3.77856183052063,1.0123376846313477,1.5217942924530206,0.2235573366459272,0.9897000000000011,0.010299999999998866,0.0,735,688,1.1765784596973357,0.8234215403026645,34.0,34,8.0,26.0,0.0331016443669796,23.261575364259617,27.676036856693006,0.0,0.0,0.0,0.22072307462166946,1.0,0.4688169062137604,0.016553498804569244,0.00012415647506713867,0.1566161465533076,0.1673859374386567,0.026272337418049574,0.025819078243027132,0.0,0.0,0.017821565866470337,False,False
0.52,4.847411632537842,3.785492420196533,0.9960992336273193,0.9140571465601666,0.9245031777479527,0.9896000000000011,0.010399999999998855,0.0,685,646,1.161863588055891,0.838136411944109,51.0,51,3.0,36.0,0.033160895109176636,21.323110750571313,25.369700451968587,0.0,0.0,0.0,0.20232948506986367,1.0,0.4733073115348816,0.01696782372891903,0.0001296401023864746,0.15804060153973584,0.16877214709296803,0.026208948499212664,0.025764592768003546,0.0,0.0,0.02023737668991089,False,False
0.525,4.899437427520752,3.835052728652954,1.044883131980896,,0.0,0.9895000000000012,0.010499999999998844,0.0,643,611,0.8150416223845667,1.1849583776154333,26.0,26,4.0,21.0,0.03315079212188721,27.879518188023702,23.25555874763787,0.0,0.0,0.0,-0.2311979720192916,1.0,0.47775688767433167,0.017147190868854523,0.00013524293899536133,0.1586961677819489,0.17011615703999977,0.026184884676088892,0.025716282737751804,0.0,0.0,0.01823368310928345,False,False
0.53,5.057699203491211,3.883157253265381,1.0718570947647095,2.3161687280559784,0.30762874863643574,0.9894000000000012,0.010599999999998833,0.0,621,587,0.4971214871858528,1.5,30.0,30,3.0,11.0,0.033346422016620636,33.889558339021725,21.317595518668046,0.0,0.0,0.0,-0.628598141017684,1.0,0.4821891188621521,0.0173562690615654,0.00014096498489379883,0.16374920746311528,0.17604966707527617,0.025989057030528784,0.025512710368881624,0.0,0.0,0.012942957878112792,False,False
0.535,5.185815811157227,3.939638376235962,1.0579488277435303,0.06557542664316421,0.5553649082888089,0.9893000000000012,0.010699999999998822,0.0,587,557,0.5390280299203651,1.4609719700796349,25.0,25,5.0,18.0,0.03329692408442497,31.06542847743658,19.541129225445708,0.0,0.0,0.0,-0.5762149625995436,1.0,0.4865305423736572,0.017524397000670433,0.0001468658447265625,0.1683562143581607,0.18074930632859448,0.025804512357960146,0.025343294255435467,0.0,0.0,0.019395357370376586,False,False
0.54,5.175468444824219,4.029056072235107,1.1088039875030518,0.45602146589709563,0.36953634240101274,0.9892000000000012,0.01079999999999881,0.0,663,610,0.5774423607603347,1.4225576392396653,37.0,37,2.0,22.0,0.03325125575065613,28.47664277098353,17.9127017899919,0.0,0.0,0.0,-0.5281970490495815,1.0,0.4908376634120941,0.017807239666581154,0.00015270709991455078,0.16725596020370703,0.1803938769623635,0.025851926766335964,0.02536547292644779,0.0,0.0,0.01795733332633972,False,False
0.545,5.096928596496582,4.101227283477783,1.1656029224395752,0.585811260539334,0.9958670030565999,0.9891000000000012,0.0108999999999988,0.0,746,708,0.27932216403030674,1.5,54.0,54,7.0,26.0,0.03321864455938339,34.43692254006824,16.419976640825908,0.0,0.0,0.0,-0.9008472949621165,1.0,0.49505680799484253,0.01824209839105606,0.0001589059829711914,0.16388828847557288,0.1776352668752271,0.025998897229631744,0.025479509495198727,0.0,0.0,0.022601766586303713,False,False
0.55,5.051019668579102,4.097147464752197,1.2049115896224976,-2.6334632483955867,1.0,0.9890000000000012,0.010999999999998789,0.0,676,633,0.6727119836944477,1.3272880163055523,49.0,49,4.0,18.0,0.03318443521857262,31.56717899506255,23.384978587423745,0.0,0.0,0.0,-0.40911002038194033,1.0,0.4993610978126526,0.018635213375091553,0.0001652240753173828,0.1619475857416787,0.17602343156995853,0.026091236310700577,0.02555574756115675,0.0,0.0,0.02314624786376953,False,False
0.555,5.048888206481934,4.143899440765381,1.2342888116836548,0.5673296317225438,0.995167036888926,0.9889000000000012,0.011099999999998778,0.0,613,583,0.3666526517199107,1.5,47.0,47,3.0,18.0,0.03324344381690025,37.26991407880733,21.4362303718051,0.0,0.0,0.0,-0.7916841853501116,1.0,0.5036205649375916,0.019001593813300133,0.00017178058624267578,0.16142667409032563,0.17580032393336276,0.026107113032291334,0.025562322698533535,0.0,0.0,0.026964795589447022,False,False
0.56,5.054757595062256,4.184118747711182,1.2546743154525757,1.2253454923956806,0.23502850282800308,0.9888000000000012,0.011199999999998766,0.0,653,609,0.419431597409918,1.5,29.0,29,5.0,23.0,0.033736299723386765,34.16408790557339,19.64987784082134,0.0,0.0,0.0,-0.7257105032376024,1.0,0.507790207862854,0.019177300855517387,0.00017839670181274414,0.16059183852436623,0.17501305144590615,0.026130684806654852,0.02557527506724,0.0,0.0,0.02979427337646485,False,False
0.5650000000000001,5.068909168243408,4.222819805145264,1.2585008144378662,1.4423535852271014,0.5357500555315685,0.9887000000000012,0.011299999999998755,0.0,678,636,0.46781229762575816,1.5,16.0,16,4.0,18.0,0.033850669860839844,31.31708058010894,18.012388020752894,0.0,0.0,0.0,-0.6652346279678023,1.0,0.5118743181228638,0.01924697495996952,0.0001850128173828125,0.1601901228427885,0.17446682794888796,0.026133761275559664,0.02557289320975542,0.0,0.0,0.019442710876464844,False,False
0.5700000000000001,5.071177959442139,4.352560520172119,1.2541370391845703,0.6917449667993593,0.5716272670251293,0.9886000000000013,0.011399999999998744,0.0,699,668,0.845494606156945,1.154505393843055,41.0,41,4.0,29.0,0.03384796157479286,28.70732386509986,24.844689019023484,0.0,0.0,0.0,-0.19313174230381874,1.0,0.5159924030303955,0.01955310069024563,0.00019180774688720703,0.161736942226067,0.17656361571885623,0.02604705436776082,0.02549214599033197,0.0,0.0,0.01565455675125122,False,False
0.5750000000000001,5.061535358428955,4.535396575927734,1.282889723777771,1.151823291938466,1.0,0.9885000000000013,0.011499999999998733,0.0,711,669,0.8583700556438663,1.1416299443561337,70.0,70,6.0,30.0,0.03406374156475067,26.315046876341537,22.774298267438194,0.0,0.0,0.0,-0.17703743044516712,1.0,0.5200187563896179,0.02011239342391491,0.00019878149032592773,0.16125311690196376,0.17654411936054606,0.026046669421096645,0.025479272784044348,0.0,0.0,0.011528077125549317,False,False
0.58,5.099947929382324,4.691272258758545,1.2637282609939575,2.279115934881809,0.4321834613491068,0.9884000000000013,0.011599999999998722,0.0,603,571,0.8701725510068773,1.1298274489931226,29.0,29,4.0,16.0,0.03414485603570938,32.45545963664641,29.209773411818343,0.0,0.0,0.0,-0.16228431124140333,1.0,0.5239610075950623,0.02030750922858715,0.00020599365234375,0.16386568590377748,0.17969966811127938,0.02590620036547383,0.02534730670352777,0.0,0.0,0.014396544694900513,False,False
0.585,5.184935569763184,4.753015995025635,1.2244634628295898,0.6401818446128423,0.9999996545288095,0.9883000000000013,0.011699999999998711,0.0,576,544,1.2143248384229708,0.7856751615770292,20.0,20,2.0,15.0,0.03410724550485611,29.750838000259208,35.108958960833476,0.0,0.0,0.0,0.26790604802871343,1.0,0.5278210043907166,0.020400024950504303,0.00021320581436157227,0.16963739620149115,0.1862284157350657,0.025665778666734695,0.02513279284661015,0.0,0.0,0.02133727550506592,False,False
0.59,5.2051472663879395,4.702112674713135,1.2042957544326782,2.531173067096681,1.0,0.9882000000000013,0.0117999999999987,0.0,629,590,1.1964644352210565,0.8035355647789434,27.0,27,1.0,21.0,0.034135639667510986,27.271601500237605,32.18321238076402,0.0,0.0,0.0,0.2455805440263207,1.0,0.5316004157066345,0.020553069189190865,0.00022047758102416992,0.17139005326045034,0.1879755582877743,0.02563296506802241,0.025105599779635668,0.0,0.0,0.013081552982330321,False,False
0.595,5.247096061706543,4.669498920440674,1.171484351158142,0.025667455289050612,0.40382328455037414,0.9881000000000013,0.01189999999999869,0.0,529,502,1.1800923989526353,0.8199076010473648,24.0,24,3.0,8.0,0.034074567258358,24.99896804188447,29.50127801570035,0.0,0.0,0.0,0.225115498690794,1.0,0.5353008508682251,0.020683828741312027,0.00022792816162109375,0.17381282385190308,0.1903559936806557,0.02555970335379243,0.025041948538273573,0.0,0.0,0.014513950347900392,False,False
0.6,5.316763877868652,4.742437839508057,1.1589435338974,-2.7720398065191025,1.0,0.9880000000000013,0.011999999999998678,0.0,548,512,1.1650846990399155,0.8349153009600845,19.0,19,2.0,17.0,0.03400956094264984,22.915720705060764,27.042838181058652,0.0,0.0,0.0,0.20635587379989442,1.0,0.5390416979789734,0.020765161141753197,0.00023537874221801758,0.17722198930568972,0.19425221456959818,0.025422878873844944,0.024911554840703808,0.0,0.0,0.02235152244567871,False,False
0.605,5.3168416023254395,4.783105850219727,1.1342118978500366,0.32386910843154754,0.3284801653050817,0.9879000000000013,0.012099999999998667,0.0,625,581,0.817994307453256,1.1820056925467441,32.0,32,5.0,26.0,0.033942051231861115,29.339410646305698,24.789268332637096,0.0,0.0,0.0,-0.22750711568343007,1.0,0.5426971316337585,0.020963972434401512,0.0002429485321044922,0.17886833518743492,0.19602449615796383,0.025356993234405916,0.024859857124586902,0.0,0.0,0.018614368438720705,False,False
0.61,5.3757500648498535,4.866252422332764,1.1935104131698608,1.9935686277439009,0.12904864123997992,0.9878000000000013,0.012199999999998656,0.0,738,694,0.49982811516548464,1.5,67.0,67,3.0,31.0,0.03406622260808945,35.22779309244689,22.723495971584004,0.0,0.0,0.0,-0.6252148560431442,1.0,0.5463258624076843,0.021500427275896072,0.0002506375312805176,0.17850593186418193,0.19630486977534964,0.025339872421075903,0.02481631080930432,0.0,0.0,0.02068434476852417,False,False
0.615,5.563966274261475,4.925426483154297,1.1777220964431763,0.32012202087763036,0.3835255768152198,0.9877000000000014,0.012299999999998645,0.0,682,633,0.541509105568361,1.458490894431639,35.0,35,9.0,28.0,0.03416702523827553,32.292143668076314,20.829871307285337,0.0,0.0,0.0,-0.5731136180395489,1.0,0.5498741269111633,0.02173224277794361,0.0002587437629699707,0.18689932898059464,0.2056237748228011,0.02506303212915858,0.024552009999752045,0.0,0.0,0.011121089458465577,False,False
0.62,5.66292667388916,5.021696090698242,1.1875661611557007,0.8093019058512355,0.700574818569334,0.9876000000000014,0.012399999999998634,0.0,654,622,0.9130500134376642,1.0869499865623358,19.0,19,2.0,23.0,0.03414076566696167,29.60113169573662,27.427382031678224,0.0,0.0,0.0,-0.10868748320291974,1.0,0.5535662174224854,0.02179642766714096,0.00026667118072509766,0.190726766971871,0.2100894817300138,0.02492010360583663,0.02441359062989553,0.0,0.0,0.023576261997222903,False,False
0.625,5.606696128845215,5.128921985626221,1.2571690082550049,-0.37354971500864204,1.0,0.9875000000000014,0.012499999999998623,0.0,681,639,0.9202958456511923,1.0797041543488077,43.0,43,2.0,28.0,0.034485261887311935,35.46770405442523,33.47510019570504,0.0,0.0,0.0,-0.09963019293600972,1.0,0.5571655631065369,0.022085445001721382,0.0002747178077697754,0.18520199172447102,0.2045730433215695,0.025064852088689804,0.024524553834150236,0.0,0.0,0.018939470052719117,False,False
0.63,5.536352634429932,5.168186664581299,1.3022487163543701,1.399730706827434,0.4035687564783745,0.9874000000000014,0.012599999999998612,0.0,693,657,0.9269378585135928,1.0730621414864072,66.0,66,7.0,22.0,0.034568723291158676,32.5120620498898,30.68550851272962,0.0,0.0,0.0,-0.091327676858009,1.0,0.5606849789619446,0.022604964673519135,0.0002830028533935547,0.18074702681042232,0.20003250357694896,0.02520603438218435,0.02464217677091559,0.0,0.0,0.020318489074707034,False,False
0.635,5.514422416687012,5.1563401222229,1.3278696537017822,1.4255236071764512,0.6961987931705302,0.9873000000000014,0.012699999999998601,0.0,618,581,0.9330263703041268,1.0669736296958732,35.0,35,3.0,15.0,0.03455733880400658,29.802723545732313,28.128382803335484,0.0,0.0,0.0,-0.08371703711984146,1.0,0.5641263127326965,0.022812457755208015,0.00029146671295166016,0.17966398478299356,0.1991722177192566,0.02524838550016284,0.024677150261898838,0.0,0.0,0.018145724534988406,False,False
0.64,5.506796836853027,5.263429164886475,1.3665012121200562,1.8365562970956566,0.8130112148705264,0.9872000000000014,0.01279999999999859,0.0,628,590,0.9386075061121164,1.0613924938878836,21.0,21,4.0,20.0,0.03457210585474968,35.65249658358795,34.11768423639086,0.0,0.0,0.0,-0.07674061735985446,1.0,0.5675627589225769,0.022904956713318825,0.0003001093864440918,0.17767335807035342,0.19720622232866758,0.02527540239195029,0.024691053355733555,0.0,0.0,0.01907643795013428,False,False
0.645,5.5217180252075195,5.29802131652832,1.401551604270935,2.5241915924320635,0.4244371698288057,0.9871000000000014,0.01289999999999858,0.0,672,629,0.94372354726944,1.0562764527305601,20.0,20,5.0,19.0,0.03466224670410156,32.681455201622285,31.274543883358284,0.0,0.0,0.0,-0.07034556591320004,1.0,0.5709643959999084,0.022973818704485893,0.00030857324600219727,0.175783997505903,0.19490966182947134,0.02531900769099593,0.024721537871907156,0.0,0.0,0.028302745819091795,False,False
0.65,5.545247554779053,5.369965553283691,1.3910173177719116,2.1652808472511444,0.31490029559949606,0.9870000000000014,0.012999999999998568,0.0,705,667,0.6150799183303199,1.38492008166968,43.0,43,4.0,41.0,0.0348501019179821,38.29133393482043,28.668331893078427,0.0,0.0,0.0,-0.4811501020871001,1.0,0.5742867588996887,0.023252522572875023,0.0003173947334289551,0.17667007874262805,0.19587172740946188,0.02525204404567679,0.02465757230917613,0.0,0.0,0.022924177646636963,False,False
0.655,5.472587585449219,5.509363651275635,1.3926929235458374,1.4591502794324511,0.479846969788794,0.9869000000000014,0.013099999999998557,0.0,639,600,0.6471565918027933,1.3528434081972067,37.0,37,3.0,27.0,0.03481803089380264,35.10038944025206,26.27930423532189,0.0,0.0,0.0,-0.44105426024650835,1.0,0.5775849223136902,0.023477081209421158,0.0003262162208557129,0.17401357033600387,0.19319293146332078,0.02528890036046505,0.02469117365156611,0.0,0.0,0.013003785610198975,False,False
0.66,5.40961217880249,5.662666320800781,1.4047380685806274,0.8889156672325533,0.25410049576662036,0.9868000000000015,0.013199999999998546,0.0,627,594,0.3432268758192272,1.5,22.0,22,3.0,32.0,0.035028573125600815,40.508690320231054,24.089362215711734,0.0,0.0,0.0,-0.820966405225966,1.0,0.5808768272399902,0.02357562817633152,0.0003351569175720215,0.1705134837105868,0.18929659036733185,0.02535526097441713,0.024749308358877897,0.0,0.0,0.012891720533370973,False,False
0.665,5.483235836029053,5.794182777404785,1.3671319484710693,1.3857905224102811,0.7065209792966308,0.9867000000000015,0.013299999999998535,0.0,663,621,0.3979579695009583,1.5,41.0,41,3.0,21.0,0.03498782217502594,37.132966126878465,22.081915364402423,0.0,0.0,0.0,-0.7525525381238021,1.0,0.5841351747512817,0.023830728605389595,0.00034427642822265625,0.1750471466009813,0.19476097144931526,0.02512435584018628,0.02453625900670886,0.0,0.0,0.01602918267250061,False,False
0.67,5.571298122406006,5.839733600616455,1.340279459953308,2.327480489268712,0.33236305707763497,0.9866000000000015,0.013399999999998524,0.0,653,618,0.44812813870921175,1.5,42.0,42,7.0,21.0,0.034955862909555435,34.03855228297193,20.24175575070222,0.0,0.0,0.0,-0.6898398266134853,1.0,0.5873154401779175,0.024082330986857414,0.0003534555435180664,0.18052512714080488,0.20127812214009436,0.024917698465287685,0.024345344087729853,0.0,0.0,0.018188618421554566,False,False
0.675,5.5807785987854,5.794360637664795,1.318320631980896,0.807437669455682,0.6873854789230631,0.9865000000000015,0.013499999999998513,0.0,609,566,0.4941174604834442,1.5,31.0,31,5.0,26.0,0.03489786759018898,31.20200625939093,18.554942771477037,0.0,0.0,0.0,-0.6323531743956947,1.0,0.5904931426048279,0.024256905540823936,0.00036275386810302734,0.1819973986744878,0.2028451294116673,0.02490062344198426,0.02433265636985501,0.0,0.0,0.01340627431869507,False,False
0.68,5.637923240661621,5.847221851348877,1.297340750694275,1.3983118088257076,0.6427567785169959,0.9864000000000015,0.013599999999998502,0.0,742,705,0.20294100544315719,1.5,38.0,38,3.0,28.0,0.03519148752093315,36.93517240444169,17.008697540520618,0.0,0.0,0.0,-0.9963237431960534,1.0,0.5936436057090759,0.024472884833812714,0.00037211179733276367,0.1844511680149781,0.2055730935962247,0.02478947707762321,0.024227486768116556,0.0,0.0,0.02105982065200806,False,False
0.685,5.669600009918213,5.9337358474731445,1.2879047393798828,1.1549141472916824,0.4115302230381409,0.9863000000000015,0.013699999999998491,0.0,727,679,0.6026959216562275,1.3973040783437725,31.0,31,6.0,24.0,0.035285647958517075,33.85724137073821,23.924639412143897,0.0,0.0,0.0,-0.4966300979297156,1.0,0.5967627763748169,0.02461056038737297,0.0003815889358520508,0.18562740226089927,0.20699914596478114,0.02469900685052077,0.024141721272220217,0.0,0.0,0.02451991319656372,False,False
0.6900000000000001,5.67598819732666,5.972265720367432,1.2928963899612427,2.1410899229214997,0.06212416092298938,0.9862000000000015,0.01379999999999848,0.0,791,749,0.6358045948515418,1.3641954051484582,65.0,65,4.0,15.0,0.035498689860105515,31.035804589843355,21.930919461131904,0.0,0.0,0.0,-0.4552442564355726,1.0,0.5999073386192322,0.025096574798226357,0.00039136409759521484,0.18588964146934422,0.20746243686042695,0.024670953086266916,0.024114014425625406,0.0,0.0,0.014927446842193604,False,False
0.6950000000000001,5.796730041503906,6.078144550323486,1.3457434177398682,2.976295592073672,0.8603451423467557,0.9861000000000015,0.01389999999999847,0.0,641,604,0.6661542119472468,1.3338457880527532,22.0,22,6.0,19.0,0.03543161228299141,28.44948754068974,20.10334283937091,0.0,0.0,0.0,-0.4173072350659416,1.0,0.6030421257019043,0.02516753412783146,0.0004011988639831543,0.18730771209175362,0.20908906369656294,0.024562467976162832,0.02398909845699867,0.0,0.0,0.016930614709854127,False,False
0.7000000000000001,5.944297790527344,6.145854473114014,1.3247164487838745,1.5293476456559096,0.4069665875792732,0.9860000000000015,0.013999999999998458,0.0,614,574,0.6939746942849763,1.3060253057150237,23.0,23,1.0,21.0,0.03538147360086441,26.078696912298927,18.428064269423334,0.0,0.0,0.0,-0.3825316321437796,1.0,0.6060964465141296,0.025241393595933914,0.00041103363037109375,0.1944482597267873,0.21726407132049372,0.02430954637626807,0.02375363294656078,0.0,0.0,0.023313214778900148,False,False
0.705,5.918467998504639,6.220719814300537,1.3610281944274902,0.49822888239229557,0.2722641852236276,0.9859000000000016,0.014099999999998447,0.0,606,571,0.7194768030945615,1.2805231969054385,36.0,36,1.0,26.0,0.035336632281541824,23.90547216960735,16.89239224697139,0.0,0.0,0.0,-0.350653996131798,1.0,0.6091217994689941,0.025426341220736504,0.0004209280014038086,0.19058323044329853,0.2127749605849382,0.024387110800792776,0.02381764507542054,0.0,0.0,0.017923120260238647,False,False
0.71,5.820176601409912,6.293078899383545,1.43357515335083,-1.5835028575336543,0.49760540538770803,0.9858000000000016,0.014199999999998436,0.0,656,618,0.7428537361700147,1.2571462638299853,38.0,38,6.0,11.0,0.03541145473718643,21.913349488806737,15.484692893057106,0.0,0.0,0.0,-0.32143282978748156,1.0,0.6120699644088745,0.025617999956011772,0.000431060791015625,0.18262536675048344,0.20364809292927352,0.024605942890048027,0.024005070639153324,0.0,0.0,0.019388389587402344,False,False
0.715,5.778621673583984,6.30786657333374,1.4734569787979126,1.1835166542008748,0.9994978074327774,0.9857000000000016,0.014299999999998425,0.0,667,630,1.0976159248225135,0.9023840751774865,31.0,31,3.0,15.0,0.03546221926808357,20.087237031406175,22.52763515196901,0.0,0.0,0.0,0.1220199060281418,1.0,0.615016520023346,0.025773344561457634,0.0004411935806274414,0.1793385364065565,0.19984731681396534,0.024713686046501003,0.024098610350241266,0.0,0.0,0.030216464996337893,False,False
0.72,5.837215900421143,6.398591995239258,1.467385172843933,1.6547751625941716,0.6009240547558254,0.9856000000000016,0.014399999999998414,0.0,638,598,1.4228145977539706,0.5771854022460294,42.0,42,7.0,22.0,0.03563715144991875,18.413300612122327,28.98366555597159,0.0,0.0,0.0,0.5285182471924632,1.0,0.6178857088088989,0.026018613949418068,0.0004514455795288086,0.1822677963729945,0.20357122158631652,0.024560417514294386,0.023952178501834474,0.0,0.0,0.016124987602233888,False,False
0.725,5.888922214508057,6.540059566497803,1.485602617263794,2.2109371701832243,0.6347145493714891,0.9855000000000016,0.014499999999998403,0.0,575,538,1.0542467146078065,0.9457532853921936,51.0,51,3.0,24.0,0.035574015229940414,25.212192227778797,26.568360092973958,0.0,0.0,0.0,0.06780839325975804,1.0,0.6206827163696289,0.026357430964708328,0.00046193599700927734,0.1814861940344172,0.2023563926021255,0.024484898895025253,0.023872838355600834,0.0,0.0,0.026012771129608155,False,False
0.73,5.898064613342285,6.609397888183594,1.543906331062317,1.3325042994956862,0.30605198809119194,0.9854000000000016,0.014599999999998392,0.0,589,558,0.7163928217238227,1.2836071782761773,37.0,37,3.0,22.0,0.03551672026515007,31.44450954213056,24.354330085226128,0.0,0.0,0.0,-0.35450897284522165,1.0,0.6234092116355896,0.026545299217104912,0.0004725456237792969,0.17777908665748907,0.19742377331169914,0.02456274504462878,0.02393744808311264,0.0,0.0,0.009080380201339722,False,False
0.735,5.852670669555664,6.690537452697754,1.5567368268966675,1.00680423511692,0.0304449198455464,0.9853000000000016,0.014699999999998381,0.0,599,552,0.7400267532468374,1.2599732467531626,24.0,24,5.0,18.0,0.03543706238269806,28.824133746953013,22.32480257812395,0.0,0.0,0.0,-0.3249665584414531,1.0,0.6261640191078186,0.026607012376189232,0.000483095645904541,0.17503825704008313,0.19449968208745091,0.024581304751336575,0.023951885911325615,0.0,0.0,0.020001933574676514,False,False
0.74,5.745326519012451,6.801441669464111,1.5753881931304932,1.4391739032344475,0.675621099840355,0.9852000000000016,0.01479999999999837,0.0,631,593,0.7616911904762677,1.2383088095237325,21.0,21,2.0,16.0,0.03538855165243149,26.422122601373594,20.464402363280286,0.0,0.0,0.0,-0.29788601190466546,1.0,0.628915011882782,0.02666599117219448,0.0004937648773193359,0.16944531951347963,0.18803177882047964,0.024710053112357855,0.024072163117428623,0.0,0.0,0.016143755912780763,False,False
0.745,5.6971049308776855,6.971863269805908,1.568164587020874,0.861608103181683,0.7599154134363824,0.9851000000000016,0.014899999999998359,0.0,628,585,1.114883591269912,0.885116408730088,22.0,22,8.0,20.0,0.03532599285244942,24.220279051259126,27.092368833006926,0.0,0.0,0.0,0.14360448908738999,1.0,0.6315913200378418,0.026738420128822327,0.0005045533180236816,0.16641958956172043,0.18451197079072368,0.024701140355318785,0.02406371912608544,0.0,0.0,0.00761706054210663,False,False
0.75,5.722065448760986,7.104659080505371,1.5220797061920166,1.796634487712663,0.7992132615052454,0.9850000000000017,0.014999999999998348,0.0,708,672,0.7719766253307526,1.2280233746692475,74.0,74,3.0,22.0,0.03575703874230385,30.53525579698753,24.834671430256346,0.0,0.0,0.0,-0.28502921833655925,1.0,0.6342493295669556,0.02724112756550312,0.0005154609680175781,0.16790240248292657,0.18645798764750332,0.0245217924627165,0.023900441204508148,0.0,0.0,0.01521424174308777,False,False
0.755,5.75190544128418,7.115280628204346,1.4923111200332642,-2.6334632483955867,1.0,0.9849000000000017,0.015099999999998337,0.0,651,619,1.12431190655319,0.8756880934468101,44.0,44,6.0,23.0,0.03611466661095619,27.99065114723857,31.098448811068316,0.0,0.0,0.0,0.15538988319148733,1.0,0.6368351578712463,0.027515538036823273,0.0005266070365905762,0.16970936786383362,0.18871691698829304,0.024444360751658678,0.02382729823390643,0.0,0.0,0.008741956353187561,False,False
0.76,5.808531284332275,7.08193826675415,1.472029209136963,0.8873412932448386,0.6154767774247812,0.9848000000000017,0.015199999999998326,0.0,546,514,1.1139525810070907,0.8860474189929093,16.0,16,4.0,17.0,0.03629671409726143,25.65809688496869,28.506911410145957,0.0,0.0,0.0,0.1424407262588634,1.0,0.6393991112709045,0.02752874232828617,0.0005376935005187988,0.17252173171316557,0.1920458844192323,0.024357144720852375,0.023743684869259596,0.0,0.0,0.014322042465209961,False,False
0.765,5.887125492095947,7.119715690612793,1.436903476715088,1.7116312423092122,0.35511509832138644,0.9847000000000017,0.015299999999998315,0.0,617,580,1.1044565325898332,0.8955434674101669,32.0,32,2.0,18.0,0.03621497005224228,23.51992214455463,26.13133545930046,0.0,0.0,0.0,0.13057066573729142,1.0,0.6419645547866821,0.027643254026770592,0.0005489587783813477,0.1762821672856805,0.1965408443659541,0.024174683106442295,0.02357410810266932,0.0,0.0,0.024811267852783203,False,False
0.77,5.901543140411377,7.175700664520264,1.425755500793457,1.9308800013350949,0.6686545386725273,0.9846000000000017,0.015399999999998304,0.0,644,608,1.0957518215406805,0.9042481784593195,23.0,23,5.0,25.0,0.036154672503471375,21.55992863250841,23.95372417102542,0.0,0.0,0.0,0.11968977692585056,1.0,0.6444578766822815,0.027708765119314194,0.0005601644515991211,0.17645239900797577,0.19676729071140256,0.02411708701401949,0.023520509712398052,0.0,0.0,0.026018519401550293,False,False
0.775,5.909341812133789,7.247774600982666,1.4600892066955566,1.6774501153243078,0.3074273642083879,0.9845000000000017,0.015499999999998293,0.0,632,593,1.0877725030789571,0.9122274969210429,34.0,34,3.0,33.0,0.03608003258705139,19.763267913132708,21.957580490106636,0.0,0.0,0.0,0.10971562884869641,1.0,0.6469353437423706,0.02786482498049736,0.0005715489387512207,0.17413085893789898,0.19381241598228582,0.0241348488877217,0.023527824475119512,0.0,0.0,0.020653128623962402,False,False
0.78,6.036499977111816,7.3514533042907715,1.4817607402801514,1.6018126394698624,0.5025796497033925,0.9844000000000017,0.015599999999998282,0.0,673,633,1.0804581278223775,0.9195418721776225,61.0,61,3.0,26.0,0.03601185604929924,18.116328920371647,20.127782115931083,0.0,0.0,0.0,0.10057265977797183,1.0,0.6493943929672241,0.02823931723833084,0.0005829334259033203,0.1760700846742836,0.19559518446214466,0.023966076939056318,0.023357592678318422,0.0,0.0,0.019127987623214722,False,False
0.785,6.108227729797363,7.417081356048584,1.4635297060012817,1.9039021535515772,0.3503900628003215,0.9843000000000017,0.01569999999999827,0.0,696,651,1.0737532838371793,0.9262467161628207,20.0,20,7.0,31.0,0.036182694137096405,24.93996817700734,26.783800272936823,0.0,0.0,0.0,0.0921916047964741,1.0,0.6519014835357666,0.028284993022680283,0.0005945563316345215,0.17856550896167725,0.1985007797554132,0.023822097573429346,0.023223833025743566,0.0,0.0,0.015773255825042725,False,False
0.79,6.033051013946533,7.509371757507324,1.4891797304153442,1.8382431839117774,0.42570913045032827,0.9842000000000017,0.01579999999999826,0.0,590,551,1.400940510184081,0.5990594898159189,23.0,23,1.0,22.0,0.0361766554415226,22.86163749559006,32.88515025019208,0.0,0.0,0.0,0.5011756377301012,1.0,0.6543332934379578,0.028335783630609512,0.0006059408187866211,0.17297648543802374,0.19183101647223003,0.02394037088379264,0.02332899874697129,0.0,0.0,0.016951340436935424,False,False
0.795,5.961599349975586,7.572303295135498,1.5270085334777832,0.7798481632807629,0.2611059756856203,0.9841000000000018,0.01589999999999825,0.0,679,645,1.0341954676687408,0.9658045323312591,40.0,40,3.0,26.0,0.036150552332401276,29.289834370957553,30.144721062676076,0.0,0.0,0.0,0.04274433458592615,1.0,0.6566975116729736,0.02852911874651909,0.0006176233291625977,0.16771117673814268,0.18537594158947437,0.024085675055782,0.02345754997804761,0.0,0.0,0.019187933206558226,False,False
0.8,5.967727184295654,7.569322109222412,1.56573486328125,1.4388374137945912,0.7503372089592762,0.9840000000000018,0.015999999999998238,0.0,669,624,1.0313458453630127,0.9686541546369873,43.0,43,7.0,24.0,0.03611094504594803,26.849014840044422,27.632660974119737,0.0,0.0,0.0,0.03918230670376577,1.0,0.6589956879615784,0.02874281071126461,0.0006293654441833496,0.16696532018358481,0.18429576475235293,0.02412621397525072,0.023490653062860172,0.0,0.0,0.013708858489990237,False,False
0.805,5.942432403564453,7.637306213378906,1.5963726043701172,2.0776177592735263,0.8114685008796648,0.9839000000000018,0.016099999999998227,0.0,656,623,1.0287336915827616,0.9712663084172384,47.0,47,3.0,18.0,0.03653198480606079,24.611596936707386,25.329939226276426,0.0,0.0,0.0,0.03591711447845203,1.0,0.6613010764122009,0.029009805992245674,0.0006412267684936523,0.16416029284397735,0.1808602586388585,0.02417497569695115,0.02353257965296507,0.0,0.0,0.021429471969604492,False,False
0.81,5.918203830718994,7.715712547302246,1.6171954870224,2.1419556863010416,0.869999486853304,0.9838000000000018,0.016199999999998216,0.0,619,579,0.6930058839508648,1.3069941160491352,23.0,23,7.0,22.0,0.036671582609415054,30.893963858648434,23.219110957420057,0.0,0.0,0.0,-0.38374264506141886,1.0,0.6635836362838745,0.029075665399432182,0.0006533265113830566,0.16122047820501,0.1771975559592244,0.02422319957986474,0.023574247024953365,0.0,0.0,0.03380475044250488,False,False
0.8150000000000001,5.910484790802002,7.7660932540893555,1.626701831817627,1.702945867572794,0.7105802548154245,0.9837000000000018,0.016299999999998205,0.0,649,611,0.7185887269549596,1.2814112730450404,29.0,29,3.0,22.0,0.03659668564796448,28.31946687042773,21.28418504430172,0.0,0.0,0.0,-0.3517640913063005,1.0,0.6659010648727417,0.029155604541301727,0.0006651878356933594,0.15976669625813736,0.17538591881468862,0.024232050248732172,0.023580699538191162,0.0,0.0,0.01759007811546326,False,False
0.8200000000000001,5.83830451965332,7.906747341156006,1.5982484817504883,2.2774072723990595,0.374317710949054,0.9836000000000018,0.016399999999998194,0.0,676,636,0.7420396663753797,1.2579603336246203,26.0,26,4.0,26.0,0.03654162213206291,25.95951129789208,19.510502957276575,0.0,0.0,0.0,-0.3224504170307753,1.0,0.6682181358337402,0.029205569997429848,0.0006772875785827637,0.15631884145860844,0.1716733749465393,0.024226364524414144,0.023577252092460792,0.0,0.0,0.01666738033294678,False,False
0.8250000000000001,5.723720073699951,8.054088592529297,1.6187260150909424,0.7116174810275451,0.4461935542252468,0.9835000000000018,0.016499999999998183,0.0,714,677,0.4302030275107649,1.5,55.0,55,5.0,24.0,0.03673645108938217,32.12955202306774,17.88462771083686,0.0,0.0,0.0,-0.7122462156115439,1.0,0.670464038848877,0.02952287159860134,0.0006894469261169434,0.15022643013298487,0.1644427094385025,0.02438153140246868,0.02372215036302805,0.0,0.0,0.014084800481796264,False,False
0.8300000000000001,5.730654716491699,8.176580429077148,1.5898958444595337,0.979054670950498,0.9851125883251394,0.9834000000000018,0.016599999999998172,0.0,629,591,0.4776861085515347,1.5,38.0,38,3.0,14.0,0.03668577969074249,37.78542268781209,24.727575401600454,0.0,0.0,0.0,-0.6528923643105816,1.0,0.6726440191268921,0.029714833945035934,0.0007016658782958984,0.14942446988075944,0.1636095186478145,0.02427874132990837,0.02362546122943362,0.0,0.0,0.014991518259048462,False,False
0.835,5.825281620025635,8.248614311218262,1.4943314790725708,2.474580764445619,0.4284788823983648,0.9833000000000018,0.01669999999999816,0.0,632,596,0.19999999999999996,1.5,26.0,26,7.0,14.0,0.036627449095249176,42.96997079716108,22.66694411813375,0.0,0.0,0.0,-1.0,1.0,0.674805760383606,0.029767300933599472,0.0007138848304748535,0.1536022419917084,0.16902688211823474,0.023951325565576553,0.023325924606372915,0.0,0.0,0.01574882984161377,False,False
0.84,5.866571426391602,8.232534408569336,1.455750584602356,-0.45126004429065447,0.19126769550640485,0.9832000000000019,0.01679999999999815,0.0,576,541,0.25555568843566456,1.5,21.0,21,3.0,14.0,0.03654911741614342,39.389139897397655,20.77803210828927,0.0,0.0,0.0,-0.9305553894554193,1.0,0.6769009232521057,0.029797926545143127,0.0007262229919433594,0.15608728918805692,0.17212768483348162,0.023841543588787317,0.023227323157091938,0.0,0.0,0.01317568898200989,False,False
0.845,5.893163204193115,8.260174751281738,1.4469051361083984,2.3959590486786877,0.503688352991777,0.9831000000000019,0.01689999999999814,0.0,575,539,0.3175927143993592,1.5,28.0,28,5.0,17.0,0.036484915763139725,36.106711572614515,19.046529432598497,0.0,0.0,0.0,-0.8530091070008009,1.0,0.6790050268173218,0.02985212206840515,0.0007386207580566406,0.1561935757895308,0.17216778404017258,0.023800668617089592,0.023186621256172657,0.0,0.0,0.015474209785461426,False,False
0.85,5.913428783416748,8.341544151306152,1.4392375946044922,1.336458077594184,0.6558695717708216,0.9830000000000019,0.016999999999998128,0.0,614,574,0.3744599881994126,1.5,43.0,43,2.0,21.0,0.03639207407832146,33.097818941563304,17.45931864654862,0.0,0.0,0.0,-0.7819250147507342,1.0,0.6810420155525208,0.030041148886084557,0.0007510185241699219,0.15542931569988502,0.17125047764802942,0.023722256689021986,0.02311231258014838,0.0,0.0,0.01716078519821167,False,False
0.855,5.913756847381592,8.356473922729492,1.4343076944351196,2.3677688977975366,0.9973018508581729,0.9829000000000019,0.017099999999998117,0.0,671,630,0.4265883225161283,1.5,33.0,33,6.0,20.0,0.03631879761815071,30.339667363099693,16.004375426002902,0.0,0.0,0.0,-0.7167645968548395,1.0,0.6831143498420715,0.030173195526003838,0.0007633566856384277,0.15560589451342793,0.17155457127839296,0.023681951376299065,0.023077450847874086,0.0,0.0,0.021253716945648194,False,False
0.86,5.946270942687988,8.430337905883789,1.4956533908843994,0.7102435801275295,0.45543788551385656,0.9828000000000019,0.017199999999998106,0.0,696,655,0.4743726289731176,1.5,38.0,38,6.0,23.0,0.036258868873119354,27.811361749508052,14.670677473835992,0.0,0.0,0.0,-0.6570342137836029,1.0,0.6852410435676575,0.03034399263560772,0.0007753968238830566,0.15291389020097726,0.16783419853138398,0.023714934941381216,0.023091704739878576,0.0,0.0,0.022865664958953858,False,False
0.865,6.075446605682373,8.513504981994629,1.4756650924682617,0.5299231705635442,0.4966650303155775,0.9827000000000019,0.017299999999998095,0.0,687,651,0.8515082432253577,1.1484917567746422,23.0,23,5.0,33.0,0.03629027679562569,25.49374827038238,21.781454351016322,0.0,0.0,0.0,-0.18561469596830288,1.0,0.6872957348823547,0.030399464070796967,0.0007874369621276855,0.15590062055240048,0.1712242580180364,0.02346204360947013,0.022852111142128706,0.0,0.0,0.019205998182296756,False,False
0.87,6.108338832855225,8.586888313293457,1.4816737174987793,1.4255236071764512,0.6961987931705302,0.9826000000000019,0.017399999999998084,0.0,604,569,0.8638825562899112,1.1361174437100887,52.0,52,0.0,18.0,0.036595940589904785,23.369269247850514,19.966333155098294,0.0,0.0,0.0,-0.17014680463761103,1.0,0.6892861723899841,0.030651986598968506,0.0007996559143066406,0.15558062468096587,0.170790093168616,0.023400840194274984,0.022792404051870108,0.0,0.0,0.021086452007293702,False,False
0.875,6.012762546539307,8.639483451843262,1.5540372133255005,1.3720054775753954,0.7219843332868644,0.9825000000000019,0.017499999999998073,0.0,687,634,0.20855900993241872,1.5,37.0,37,5.0,14.0,0.036916568875312805,38.088496810529634,18.302472058840102,0.0,0.0,0.0,-0.9893012375844765,1.0,0.6913111805915833,0.03080071695148945,0.0008119940757751465,0.1496714008562264,0.16342380362624895,0.023637850924084585,0.02300335637604197,0.0,0.0,0.01936023712158203,False,False
0.88,5.942570209503174,8.654690742492676,1.6047126054763794,1.8543292979599804,0.3547302311039802,0.9824000000000019,0.01759999999999806,0.0,675,642,0.2745124257713838,1.5,46.0,46,6.0,25.0,0.03707599267363548,34.91445540965216,16.77726605393676,0.0,0.0,0.0,-0.9068594677857702,1.0,0.6933387517929077,0.03103458136320114,0.0008243322372436523,0.14607771762336266,0.15891063747306636,0.023816782049834728,0.02316549032305678,0.0,0.0,0.022303004264831543,False,False
0.885,5.917023658752441,8.655360221862793,1.6576606035232544,2.7338795173674124,0.7240416004571402,0.982300000000002,0.01769999999999805,0.0,707,666,0.33496972362376853,1.5,47.0,47,2.0,32.0,0.03703191876411438,32.004917458847814,15.379160549442028,0.0,0.0,0.0,-0.8312878454702893,1.0,0.6952977776527405,0.03128494322299957,0.0008368492126464844,0.14432094228267645,0.15653433287143678,0.02392744335035483,0.023266207426786423,0.0,0.0,0.02762587547302246,False,False
0.89,5.850656509399414,8.726325988769531,1.7141317129135132,3.0546939739724026,0.40967669200901546,0.982200000000002,0.01779999999999804,0.0,623,589,0.3903889133217878,1.5,51.0,51,6.0,21.0,0.03694842383265495,29.33784100394383,14.097563836988526,0.0,0.0,0.0,-0.7620138583477651,1.0,0.6971935033798218,0.031544048339128494,0.0008494257926940918,0.1399256360139695,0.15099644494305028,0.024109046595791977,0.023432837333530188,0.0,0.0,0.032473144531250005,False,False
0.895,5.790380954742432,8.804070472717285,1.7633376121520996,2.5702868510138663,0.9587431244850476,0.982100000000002,0.01789999999999803,0.0,617,586,0.44118983721163885,1.5,21.0,21,1.0,14.0,0.036871857941150665,26.89302092028184,12.922766850572815,0.0,0.0,0.0,-0.6985127034854514,1.0,0.6990275382995605,0.031548548489809036,0.0008617639541625977,0.13584798290207956,0.14586410850783163,0.024270408321172,0.02358250397567948,0.0,0.0,0.034144575595855715,False,False
0.9,5.760256767272949,8.950267791748047,1.7525030374526978,1.8181520674579843,0.5945218675691013,0.982000000000002,0.017999999999998018,0.0,620,583,0.48775735077733573,1.5,28.0,28,7.0,26.0,0.036779873073101044,24.651935843591687,11.84586961302508,0.0,0.0,0.0,-0.6403033115283303,1.0,0.7008474469184875,0.031599801033735275,0.0008740425109863281,0.13318510093912458,0.1428900554236022,0.024242477181057136,0.023553107554713886,0.0,0.0,0.023255386352539063,False,False
0.905,5.643023490905762,9.128012657165527,1.770904302597046,1.9814342551959758,0.6878814733523463,0.981900000000002,0.018099999999998007,0.0,679,628,0.5304442382125578,1.4695557617874422,33.0,33,2.0,25.0,0.03670487552881241,22.59760785662571,10.858713811939657,0.0,0.0,0.0,-0.5869447022343027,1.0,0.7027276754379272,0.03170047327876091,0.000886380672454834,0.12797087305535848,0.13688303673018987,0.024380540320028864,0.023682472140838705,0.0,0.0,0.00854691505432129,False,False
0.91,5.528750419616699,9.276514053344727,1.7773996591567993,0.9694710658059343,0.09866094327578546,0.981800000000002,0.018199999999997996,0.0,669,632,0.2362405516948447,1.5,34.0,34,9.0,16.0,0.03676874190568924,29.0478072019069,9.953820994278018,0.0,0.0,0.0,-0.9546993103814441,1.0,0.7045391798019409,0.03184005990624428,0.0008987188339233398,0.12352208226484533,0.1317860419514276,0.024502219166606665,0.023799326736479998,0.0,0.0,0.015489100217819216,False,False
0.915,5.557339191436768,9.375957489013672,1.7567118406295776,2.906737203272634,0.5068096641810726,0.981700000000002,0.018299999999997985,0.0,772,735,0.29988717238694074,1.5,47.0,47,4.0,19.0,0.036841511726379395,34.96048993508133,17.457669244754847,0.0,0.0,0.0,-0.875141034516324,1.0,0.7062896490097046,0.03204387426376343,0.0009112358093261719,0.1230420803353188,0.1313085143640635,0.024340702996899687,0.023649525828659534,0.0,0.0,0.023400619029998782,False,False
0.92,5.638238906860352,9.435336112976074,1.7724909782409668,2.5028171803791848,0.9999999999999999,0.981600000000002,0.018399999999997974,0.0,732,684,0.6915632413546956,1.3084367586453043,42.0,42,4.0,21.0,0.03724860027432442,32.04711577382455,24.33619680769194,0.0,0.0,0.0,-0.38554594830663047,1.0,0.7081035375595093,0.03218192607164383,0.0009238123893737793,0.12314086420896128,0.1312301840403425,0.02423035368944208,0.023536427567402523,0.0,0.0,0.021835606098175052,False,False
0.925,5.651687145233154,9.422858238220215,1.7493863105773926,0.13822562179737993,0.08259737627824548,0.981500000000002,0.018499999999997963,0.0,639,607,0.7172663045751376,1.2827336954248625,22.0,22,2.0,21.0,0.03748201206326485,29.376522792672503,22.308180407050944,0.0,0.0,0.0,-0.35341711928107794,1.0,0.7098954319953918,0.03220647946000099,0.0009363889694213867,0.1237811719179151,0.1321144646853206,0.024194986714671057,0.023500853373358648,0.0,0.0,0.015867253541946413,False,False
0.93,5.661008834838867,9.4729642868042,1.6944376230239868,2.5920913046078846,0.9817922819413036,0.981400000000002,0.01859999999999795,0.0,596,556,0.7408274458605428,1.2591725541394572,23.0,23,2.0,13.0,0.0376179963350296,26.92847922661646,20.449165373130032,0.0,0.0,0.0,-0.3239656926743214,1.0,0.7116232514381409,0.03222603723406792,0.0009490251541137695,0.1239848074316976,0.1327121881488708,0.024072987337907158,0.0233862999205788,0.0,0.0,0.017120361328125,False,False
0.935,5.6739959716796875,9.55075740814209,1.698836088180542,-2.8721795947251465,0.2802645318377426,0.9813000000000021,0.01869999999999794,0.0,529,501,0.7624251587054977,1.2375748412945025,23.0,23,5.0,16.0,0.03752155229449272,24.684439291065086,18.745068258702528,0.0,0.0,0.0,-0.2969685516181279,1.0,0.7132909297943115,0.03222476318478584,0.000961601734161377,0.12272766816616033,0.13118392919748995,0.02403528584788243,0.02334680873900652,0.0,0.0,0.019174723625183108,False,False
0.9400000000000001,5.6859211921691895,9.570178985595703,1.7072710990905762,-1.3197044058495877,0.16623938866374946,0.9812000000000021,0.01879999999999793,0.0,586,545,0.7822230621467062,1.2177769378532939,24.0,24,2.0,22.0,0.037424687296152115,22.627402683476326,17.182979237143982,0.0,0.0,0.0,-0.2722211723166172,1.0,0.7148998975753784,0.03224586322903633,0.0009741783142089844,0.12257831114220098,0.13094710644644972,0.024007789324969053,0.02332090788210432,0.0,0.0,0.017129789590835574,False,False
0.9450000000000001,5.725059986114502,9.674307823181152,1.7776612043380737,2.4751124130395943,0.4966581497244055,0.9811000000000021,0.01889999999999792,0.0,675,640,0.46703780696781405,1.5,53.0,53,5.0,21.0,0.03743395581841469,29.075119126519965,15.751064300715317,0.0,0.0,0.0,-0.6662027412902324,1.0,0.7165233492851257,0.03250480815768242,0.0009868741035461426,0.12027900955080963,0.1276043424904344,0.024059968224416178,0.023360414585719507,0.0,0.0,0.02226207971572876,False,False
0.9500000000000001,5.825129508972168,9.775040626525879,1.756840467453003,0.060487892492380305,0.12481075829070093,0.9810000000000021,0.018999999999997907,0.0,644,601,0.19999999999999996,1.5,26.0,26,6.0,29.0,0.037375256419181824,34.98552586597663,14.438475608989041,0.0,0.0,0.0,-1.0,1.0,0.7181824445724487,0.032547224313020706,0.0009996891021728516,0.12103761281135157,0.128430671493833,0.023835021226356428,0.023145340383052826,0.0,0.0,0.020240185260772706,False,False
0.9550000000000001,5.790700912475586,9.826859474182129,1.7907507419586182,0.6994676800867412,0.4447496376471049,0.9809000000000021,0.019099999999997896,0.0,663,627,0.24660815724378815,1.5,32.0,32,3.0,21.0,0.0373205803334713,32.07006537714525,13.235269308239953,0.0,0.0,0.0,-0.9417398034452648,1.0,0.719828188419342,0.032645586878061295,0.0010123848915100098,0.11941381575539683,0.12640700700382368,0.023924941197037697,0.023229200548181932,0.0,0.0,0.02159249544143677,False,False
0.96,5.683994770050049,9.831182479858398,1.8581117391586304,3.03303818575602,0.873701889193032,0.9808000000000021,0.019199999999997885,0.0,691,652,0.30939081080680586,1.5,66.0,66,6.0,28.0,0.03724588081240654,29.39755992904981,12.132330199219957,0.0,0.0,0.0,-0.8632614864914926,1.0,0.7214116454124451,0.033065468072891235,0.0010254979133605957,0.11643123532459117,0.12263895802013551,0.024213120341300964,0.023502707481384277,0.0,0.0,0.020954952239990235,False,False
0.965,5.6372880935668945,9.81450366973877,1.907625436782837,1.4564129552528398,0.4256557803464387,0.9807000000000021,0.019299999999997874,0.0,715,681,0.3669415765729055,1.5,67.0,67,6.0,30.0,0.0371905080974102,26.947763268295656,11.121302682618294,0.0,0.0,0.0,-0.7913230292838681,1.0,0.7230086326599121,0.03338128328323364,0.0010385513305664062,0.11527391804258005,0.12103745289643582,0.024370156849424045,0.023655216209590435,0.0,0.0,0.022128796577453612,False,False
0.97,5.610812187194824,9.834057807922363,1.9443186521530151,2.956150706051259,0.38712102309443464,0.9806000000000021,0.019399999999997863,0.0,582,544,0.41969644519183,1.5,22.0,22,3.0,24.0,0.037297509610652924,24.702116329271018,10.19452745906677,0.0,0.0,0.0,-0.7253794435102124,1.0,0.7246402502059937,0.033397432416677475,0.0010517239570617676,0.11418710670682268,0.11959525861591076,0.024456020910292864,0.023739989070842665,0.0,0.0,0.03253914833068848,False,False
0.975,5.532447338104248,9.886446952819824,2.003516674041748,1.7728263441195882,0.43207356432563654,0.9805000000000021,0.019499999999997852,0.0,643,608,0.4680550747591775,1.5,15.0,15,4.0,16.0,0.03741230070590973,22.6436066351651,9.344983504144539,0.0,0.0,0.0,-0.6649311565510281,1.0,0.7262064814567566,0.033357590436935425,0.0010647773742675781,0.11161195502057648,0.11633301314711547,0.024680520873516798,0.02395929303020239,0.0,0.0,0.037453837394714355,False,False
0.98,5.437082767486572,9.957165718078613,2.0673818588256836,1.8883248039238216,0.6898748738036062,0.9804000000000022,0.01959999999999784,0.0,659,617,0.5123838185292462,1.4876161814707538,40.0,40,4.0,10.0,0.03748459368944168,20.756639415568007,8.56623487879916,0.0,0.0,0.0,-0.6095202268384423,1.0,0.727836549282074,0.03348381817340851,0.0010780096054077148,0.10869282979518152,0.1126575495023278,0.02494226054598888,0.02421813706556956,0.0,0.0,0.018027294874191285,False,False
0.985,5.302803039550781,10.07574462890625,2.050837993621826,3.140886239484333,0.792209700349534,0.9803000000000022,0.01969999999999783,0.0,738,694,0.2196851669851423,1.5,65.0,65,5.0,21.0,0.03764712065458298,27.360252797604005,7.852381972232562,0.0,0.0,0.0,-0.975393541268572,1.0,0.7293990850448608,0.03383864089846611,0.0010913610458374023,0.10527813136205055,0.10918497077872333,0.025080108704666298,0.024344027818491064,0.0,0.0,0.015695009231567383,False,False
0.99,5.1349687576293945,10.193171501159668,2.068588972091675,2.9950281241052723,0.6255645300872101,0.9802000000000022,0.01979999999999782,0.0,597,560,0.28471140306971376,1.5,44.0,44,1.0,33.0,0.037808191031217575,25.080231731137005,7.198016807879848,0.0,0.0,0.0,-0.8941107461628578,1.0,0.7309479713439941,0.03401723876595497,0.0011048316955566406,0.10152606199029812,0.10506551868561634,0.025331626335779827,0.024589599731067818,0.0,0.0,0.010636341571807862,False,False
0.995,5.04802131652832,10.306699752807617,2.070962905883789,-0.07664243371179548,0.1961710121042161,0.9801000000000022,0.01989999999999781,0.0,637,604,0.34431878614723754,1.5,26.0,26,3.0,33.0,0.03787977993488312,22.99021242020892,6.598182073889861,0.0,0.0,0.0,-0.819601517315953,1.0,0.732434868812561,0.03405403718352318,0.001118302345275879,0.0991786502941199,0.10248219744426487,0.025410797291745744,0.024669966660439968,0.0,0.0,0.014994924068450929,False,False
1.0,5.058876991271973,10.445821762084961,2.05828595161438,0.4598552386841111,0.35050179698312267,0.9800000000000022,0.019999999999997797,0.0,677,628,0.19999999999999996,1.5,29.0,29,8.0,25.0,0.037935055792331696,29.40769471852484,6.048333567732373,0.0,0.0,0.0,-1.0,1.0,0.7338637113571167,0.03409075736999512,0.0011317133903503418,0.0976575783410418,0.10088002778465528,0.025298804976046085,0.02455725334584713,0.0,0.0,0.02568071842193604,False,False
1.0050000000000001,5.07909631729126,10.471818923950195,2.0622050762176514,2.5637888168532292,0.4386140360546338,0.9799000000000022,0.020099999999997786,0.0,678,645,0.19999999999999996,1.5,21.0,21,2.0,32.0,0.03793436661362648,26.957053491981103,5.544305770421341,0.0,0.0,0.0,-1.0,1.0,0.7353076934814453,0.034066442400217056,0.0011452436447143555,0.09731571041047553,0.10050089266151169,0.025288391237457596,0.024540982364366453,0.0,0.0,0.021740446090698244,False,False
1.01,5.0843892097473145,10.469700813293457,2.0260143280029297,2.925755748217306,0.3823879235132357,0.9798000000000022,0.020199999999997775,0.0,639,604,0.5481992502094755,1.4518007497905245,33.0,33,5.0,18.0,0.037912141531705856,24.710632367649342,13.415613622886228,0.0,0.0,0.0,-0.5647509372381557,1.0,0.7366906404495239,0.034119024872779846,0.0011587142944335938,0.09751973746344426,0.10095107122976311,0.025231354714681707,0.02447836877157291,0.0,0.0,0.018633431196212767,False,False
1.0150000000000001,5.090413570404053,10.536910057067871,2.0013883113861084,2.992850609772678,0.8686651525706434,0.9797000000000022,0.020299999999997764,0.0,637,593,0.5858493126920192,1.4141506873079808,35.0,35,4.0,20.0,0.03788452222943306,22.651413003678563,12.297645820979042,0.0,0.0,0.0,-0.517688359134976,1.0,0.7380177974700928,0.034217096865177155,0.0011722445487976074,0.09696387810756742,0.10046566189639249,0.02515444609646996,0.024397725549836956,0.0,0.0,0.021014628410339357,False,False
1.02,5.113392353057861,10.567520141601562,2.0116424560546875,2.3524601713718134,0.5723098351499666,0.9796000000000022,0.020399999999997753,0.0,659,623,0.6203618699676843,1.3796381300323157,33.0,33,4.0,27.0,0.03794879466295242,29.09712858670535,19.606175335897454,0.0,0.0,0.0,-0.4745476625403947,1.0,0.7394082546234131,0.034295596182346344,0.0011858940124511719,0.09671922174282352,0.10011148336622842,0.02512857550755143,0.024371407149980467,0.0,0.0,0.01573336958885193,False,False
1.025,5.1182332038879395,10.629648208618164,2.0589101314544678,2.3883922267527864,0.5804429877057694,0.9795000000000023,0.020499999999997742,0.0,662,626,0.6519983808037104,1.3480016191962896,29.0,29,6.0,36.0,0.03787718340754509,26.67236787114657,17.972327391239332,0.0,0.0,0.0,-0.43500202399536186,1.0,0.7408384084701538,0.034341465681791306,0.0011995434761047363,0.09560575376575171,0.09855688865855315,0.025217547857513033,0.02445787269001206,0.0,0.0,0.016701072454452515,False,False
1.03,5.165600776672363,10.766618728637695,2.1011228561401367,-1.6310596098384038,1.0,0.9794000000000023,0.02059999999999773,0.0,643,603,0.6809985157367346,1.3190014842632654,42.0,42,2.0,24.0,0.03786155954003334,24.449670548551023,16.474633441969388,0.0,0.0,0.0,-0.39875185532908175,1.0,0.7422561645507812,0.03450601547956467,0.0012131929397583008,0.094557200775792,0.09703366147819885,0.025155184169610344,0.024403170682489872,0.0,0.0,0.023668222427368164,False,False
1.035,5.198247909545898,10.836862564086914,2.075204849243164,2.42397524419757,0.995739227828534,0.9793000000000023,0.02069999999999772,0.0,663,627,0.7075819727586734,1.2924180272413266,65.0,65,6.0,24.0,0.03801698982715607,22.412198002838437,15.101747321805272,0.0,0.0,0.0,-0.36552253405165824,1.0,0.7436128258705139,0.034849923104047775,0.0012270808219909668,0.09462153580225983,0.09725932490453103,0.025005396455526352,0.024253209121525288,0.0,0.0,0.022840542793273928,False,False
1.04,5.101663112640381,10.840600967407227,2.1193251609802246,2.7763883244602496,0.5539061301701077,0.9792000000000023,0.02079999999999771,0.0,648,615,1.065283475028784,0.9347165249712159,35.0,35,1.0,40.0,0.03797941654920578,20.54451483593523,22.176601711654833,0.0,0.0,0.0,0.08160434378598005,1.0,0.7449125647544861,0.0349300354719162,0.0012409687042236328,0.09320316911085177,0.09553819993976483,0.02525843136633436,0.02450283383950591,0.0,0.0,0.02072767496109009,False,False
1.045,5.00656270980835,10.832383155822754,2.1867787837982178,2.143837158929526,0.30630560283876646,0.9791000000000023,0.020899999999997698,0.0,628,590,1.0598431854430521,0.9401568145569479,25.0,25,1.0,38.0,0.038017213344573975,18.832471932940628,20.32855156901693,0.0,0.0,0.0,0.07480398180381513,1.0,0.7462745904922485,0.03491252288222313,0.0012548565864562988,0.09166714682181656,0.0935316005249816,0.02558679785579443,0.02483303270613154,0.0,0.0,0.019789952039718627,False,False
1.05,4.99113130569458,10.850022315979004,2.223745107650757,2.7167751585262523,0.3680171917579857,0.9790000000000023,0.020999999999997687,0.0,618,584,1.0548562533227979,0.9451437466772021,15.0,15,7.0,26.0,0.03797146677970886,17.26309927186224,18.634505604932187,0.0,0.0,0.0,0.06857031665349726,1.0,0.7475729584693909,0.034842249006032944,0.0012688040733337402,0.09115834388229976,0.09276824849005769,0.025671645998954773,0.024924833172311388,0.0,0.0,0.02242715120315552,False,False
1.055,4.935286045074463,10.901139259338379,2.2615482807159424,2.8828112029909043,0.9007146849428836,0.9789000000000023,0.021099999999997676,0.0,657,625,1.0502848988792313,0.9497151011207687,27.0,27,4.0,24.0,0.03799193352460861,15.824507665873721,17.081630137854503,0.0,0.0,0.0,0.06285612359903911,1.0,0.7488151788711548,0.03486362099647522,0.0012826919555664062,0.08990904920113564,0.09124889032604773,0.02581916361426314,0.025076563470065594,0.0,0.0,0.03189541101455688,False,False
1.06,4.8566179275512695,10.934072494506836,2.2916111946105957,2.4491484710743974,0.5570841104485712,0.9788000000000023,0.021199999999997665,0.0,659,626,1.0460944906392953,0.9539055093607047,33.0,33,2.0,31.0,0.03815853223204613,14.505798693717578,15.658160959699961,0.0,0.0,0.0,0.057618113299119145,1.0,0.7500028014183044,0.03489529713988304,0.0012965798377990723,0.08870693626844615,0.0898485323836404,0.026007674944897495,0.025266705391307674,0.0,0.0,0.04131455898284912,False,False
1.065,4.815125942230225,10.989209175109863,2.2855093479156494,2.5028171803791848,0.9999999999999999,0.9787000000000023,0.021299999999997654,0.0,620,589,1.0422532830860207,0.9577467169139793,47.0,47,5.0,16.0,0.03807394951581955,13.296982135907779,14.353314213058297,0.0,0.0,0.0,0.052816603857525915,1.0,0.7512089014053345,0.03508467599749565,0.0013106465339660645,0.08771845884621124,0.0888440049700437,0.026065995916724205,0.025318313855677843,0.0,0.0,0.014617040157318115,False,False
1.07,4.694798946380615,11.057412147521973,2.2938103675842285,2.6095578115169094,0.9145604864626311,0.9786000000000024,0.021399999999997643,0.0,666,622,0.7053988428288525,1.2946011571711475,20.0,20,6.0,33.0,0.03814583644270897,20.522233624582128,13.157204695303438,0.0,0.0,0.0,-0.3682514464639345,1.0,0.7524545192718506,0.03506419062614441,0.0013245940208435059,0.08571566595168145,0.08678575237064293,0.026263521673778694,0.025507390964776278,0.0,0.0,0.01472445845603943,False,False
1.075,4.578242301940918,11.060990333557129,2.3234663009643555,-2.650350195138779,0.34959555618890376,0.9785000000000024,0.021499999999997632,0.0,709,663,0.7299489392597814,1.2700510607402187,61.0,61,3.0,29.0,0.038190584629774094,18.812047489200282,12.060770970694819,0.0,0.0,0.0,-0.3375638259252732,1.0,0.7536396384239197,0.03533788025379181,0.001338660717010498,0.08451497195226432,0.08544178397270522,0.026506662058333557,0.02575613713512818,0.0,0.0,0.016411836147308352,False,False
1.08,4.491689205169678,11.185667037963867,2.308788776397705,2.6109262870353156,0.7601606844554338,0.9784000000000024,0.02159999999999762,0.0,609,575,0.7524531943214664,1.2475468056785337,33.0,33,8.0,27.0,0.03813124820590019,17.244376865100257,11.055706723136916,0.0,0.0,0.0,-0.309433507098167,1.0,0.7547706365585327,0.0354011096060276,0.001352846622467041,0.0826381764560936,0.08355466831941138,0.02657416897515456,0.025814796487490337,0.0,0.0,0.0126068115234375,False,False
1.085,4.4541239738464355,11.320380210876465,2.263184070587158,2.372597671400879,0.31105347071325484,0.9783000000000024,0.02169999999999761,0.0,628,593,0.7730820947946776,1.2269179052053225,23.0,23,3.0,39.0,0.03817296773195267,15.807345459675235,10.134397829542173,0.0,0.0,0.0,-0.28364738150665303,1.0,0.7559205889701843,0.03540271520614624,0.0013670921325683594,0.08098081652323387,0.0820640331581233,0.026503439682225387,0.02572576360156139,0.0,0.0,0.019947450160980228,False,False
1.09,4.4685187339782715,11.309660911560059,2.2333855628967285,2.5685217941619882,0.714171322129596,0.9782000000000024,0.0217999999999976,0.0,639,601,0.7919919202284544,1.2080080797715456,28.0,28,5.0,18.0,0.03808875009417534,14.490066671368965,9.289864677080326,0.0,0.0,0.0,-0.26001009971443195,1.0,0.7571106553077698,0.03540884330868721,0.0013812780380249023,0.08102218657235287,0.08228068315858623,0.02646848869820436,0.02567619550973177,0.0,0.0,0.015121670961380007,False,False
1.095,4.495600700378418,11.343709945678711,2.203965663909912,2.809209339461819,0.9362520549999456,0.9781000000000024,0.021899999999997588,0.0,610,568,0.8093259268760832,1.1906740731239167,29.0,29,2.0,28.0,0.03804217278957367,13.28256111542155,8.51570928732363,0.0,0.0,0.0,-0.238342591404896,1.0,0.7582406401634216,0.03543056547641754,0.00139540433883667,0.08098082251101714,0.08234192281402629,0.02638316402832667,0.02557944894457857,0.0,0.0,0.016388062238693237,False,False
1.1,4.46848201751709,11.445637702941895,2.2033586502075195,1.5455811438868863,0.34508744775618755,0.9780000000000024,0.021999999999997577,0.0,678,640,0.825215432969743,1.174784567030257,47.0,47,3.0,31.0,0.03796415776014328,12.175681022469755,7.806066846713328,0.0,0.0,0.0,-0.21848070878782133,1.0,0.7593169808387756,0.03559037670493126,0.0014096498489379883,0.0798243360510094,0.08110536189408334,0.026399226238330208,0.025589692716797195,0.0,0.0,0.024368906021118165,False,False
1.105,4.439557075500488,11.469633102416992,2.179025650024414,2.202826401740864,0.6215317734685823,0.9779000000000024,0.022099999999997566,0.0,712,667,0.8397808135555977,1.1602191864444023,36.0,36,6.0,30.0,0.03789431229233742,19.494374270597273,15.488894609487216,0.0,0.0,0.0,-0.20027398305550284,1.0,0.7604638934135437,0.03571610525250435,0.0014241337776184082,0.07934495943908872,0.08075098833069186,0.026377678538362186,0.02556291020785769,0.0,0.0,0.02590367794036865,False,False
1.11,4.402337074279785,11.579127311706543,2.232858419418335,2.7237645295277484,0.8683196303259976,0.9778000000000024,0.022199999999997555,0.0,791,750,0.8531324124259646,1.1468675875740353,47.0,47,6.0,32.0,0.038031917065382004,17.869843081380832,14.198153392029948,0.0,0.0,0.0,-0.18358448446754422,1.0,0.7616471648216248,0.035881564021110535,0.001438438892364502,0.07797747136093658,0.07902729543857258,0.026520900428295135,0.025710200425237417,0.0,0.0,0.02007779359817505,False,False
1.115,4.45494270324707,11.763236045837402,2.2347826957702637,2.1078715668706485,0.5765865402553199,0.9777000000000025,0.022299999999997544,0.0,600,564,0.8653713780571342,1.1346286219428658,32.0,32,2.0,27.0,0.038300540298223495,16.380689491265763,13.014973942694118,0.0,0.0,0.0,-0.16828577742858225,1.0,0.762769341468811,0.03594273328781128,0.0014529824256896973,0.07703434968553464,0.07793321026985826,0.026345937512815,0.025537810288369656,0.0,0.0,0.016826850175857545,False,False
1.12,4.414623260498047,11.857851028442383,2.242093563079834,2.4040110686593192,0.19321714202798115,0.9776000000000025,0.022399999999997533,0.0,605,565,0.8765904298857063,1.1234095701142937,29.0,29,6.0,27.0,0.03862030431628227,15.015632033660282,11.93039278080294,0.0,0.0,0.0,-0.1542619626428671,1.0,0.7638368010520935,0.035971540957689285,0.0014673471450805664,0.07617014806283,0.07702604302298259,0.026384183826545875,0.02557239029556513,0.0,0.0,0.02076735258102417,False,False
1.125,4.285712718963623,11.848315238952637,2.289842128753662,,0.0,0.9775000000000025,0.022499999999997522,0.0,610,571,0.8868745607285642,1.1131254392714358,46.0,46,3.0,17.0,0.038669947534799576,13.76432936418859,10.936193382402694,0.0,0.0,0.0,-0.14140679908929482,1.0,0.7649227380752563,0.03611866384744644,0.0014818310737609863,0.07496142165362818,0.07559961676597576,0.026764795184135437,0.02595155422265331,0.0,0.0,0.016585745811462403,False,False
1.1300000000000001,4.212944984436035,11.811149597167969,2.3336546421051025,2.8867559200492585,0.8782793103634208,0.9774000000000025,0.02259999999999751,0.0,570,544,0.8963016806678504,1.1036983193321495,38.0,38,2.0,14.0,0.03860333189368248,12.617301917172874,10.024843933869136,0.0,0.0,0.0,-0.12962289916518693,1.0,0.7659509778022766,0.03622721880674362,0.0014963746070861816,0.0744116808443018,0.07486305395141225,0.02704803210993608,0.026240438067664705,0.0,0.0,0.022018785476684573,False,False
1.135,4.200160026550293,11.805561065673828,2.3738622665405273,2.8153960116938723,0.8506296229558812,0.9773000000000025,0.0226999999999975,0.0,510,480,0.9049432072788629,1.0950567927211372,13.0,13,5.0,13.0,0.03850483149290085,11.5658600907418,9.189440272713373,0.0,0.0,0.0,-0.11882099090142137,1.0,0.7669267058372498,0.03614352270960808,0.001510918140411377,0.07430763568667056,0.07460001659393292,0.027139449181656044,0.02634536862994234,0.0,0.0,0.02340357542037964,False,False
1.1400000000000001,4.135103225708008,11.848885536193848,2.3957066535949707,1.6573524562765958,0.49903816028924564,0.9772000000000025,0.02279999999999749,0.0,674,636,0.912864606672291,1.087135393327709,34.0,34,3.0,25.0,0.03843235224485397,10.602038416513317,8.423653583320592,0.0,0.0,0.0,-0.10891924165963625,1.0,0.7678974270820618,0.036178503185510635,0.0015253424644470215,0.07350862591713649,0.07370609384495748,0.02728098692993323,0.0264895746173958,0.0,0.0,0.030393083095550538,False,False
1.145,4.0887227058410645,11.872928619384766,2.4300687313079834,2.7647801667542797,0.4345084195049088,0.9771000000000025,0.022899999999997478,0.0,670,627,0.9201258894496,1.0798741105504,42.0,42,6.0,29.0,0.038369666785001755,9.718535215137207,7.721682451377209,0.0,0.0,0.0,-0.0998426381879999,1.0,0.768814742565155,0.03630301356315613,0.0015399456024169922,0.07306308245658856,0.07310533152272287,0.0274267482260863,0.026646079495549202,0.0,0.0,0.019839558601379394,False,False
1.1500000000000001,3.96586275100708,11.939983367919922,2.417026996612549,2.483159541145103,0.9990029645856698,0.9770000000000025,0.022999999999997467,0.0,657,624,0.9267820653288,1.0732179346711999,26.0,26,5.0,27.0,0.03835141286253929,8.908657280542439,7.078208913762441,0.0,0.0,0.0,-0.0915224183389999,1.0,0.7698051929473877,0.03632549196481705,0.0015544891357421875,0.07164592226191097,0.07174813841655833,0.027616196312010288,0.026818324501315754,0.0,0.0,0.023328485488891604,False,False
1.155,3.760906457901001,11.9927396774292,2.398609161376953,2.0788366299229555,0.601951763175082,0.9769000000000025,0.023099999999997456,0.0,607,585,0.9328835598847334,1.0671164401152666,26.0,26,2.0,25.0,0.03842216357588768,16.4996025071639,14.821691504282235,0.0,0.0,0.0,-0.08389555014408323,1.0,0.7707372307777405,0.03632621467113495,0.0015690922737121582,0.06961175081320091,0.06981432620435936,0.02800984773784876,0.02718538356324037,0.0,0.0,0.0126328182220459,False,False
1.16,3.5839736461639404,12.025548934936523,2.4117743968963623,2.5940443145240555,0.946016198915573,0.9768000000000026,0.023199999999997445,0.0,595,559,0.9384765965610057,1.0615234034389944,35.0,35,4.0,22.0,0.03837493062019348,15.124635631566907,13.586550545592049,0.0,0.0,0.0,-0.0769042542987429,1.0,0.7716185450553894,0.03640775382518768,0.0015837550163269043,0.06824263152976814,0.06837973194383068,0.02838836672405402,0.027562056978543602,0.0,0.0,0.016408778429031372,False,False
1.165,3.5365545749664307,12.125638008117676,2.373274326324463,2.647456269211453,0.486716464561176,0.9767000000000026,0.023299999999997434,0.0,581,539,0.9436035468475885,1.0563964531524115,48.0,48,5.0,18.0,0.03867581859230995,13.864249328936332,12.454338000126045,0.0,0.0,0.0,-0.07049556644051433,1.0,0.7724965810775757,0.03657335415482521,0.0015984177589416504,0.06723195761193815,0.06747298200925175,0.02833719210078319,0.027496481003860634,0.0,0.0,0.021107733249664307,False,False
1.17,3.558631420135498,12.235939979553223,2.330489158630371,2.4391343068242515,0.9931297752323908,0.9766000000000026,0.023399999999997423,0.0,616,580,0.6149699179436228,1.3850300820563772,33.0,33,4.0,23.0,0.038843486458063126,21.04222855152497,11.416476500115541,0.0,0.0,0.0,-0.4812876025704715,1.0,0.7733944654464722,0.03662990406155586,0.0016131401062011719,0.0664544164873658,0.06684845312498494,0.028170763204495113,0.027304993321498237,0.0,0.0,0.018228787183761596,False,False
1.175,3.6042089462280273,12.224333763122559,2.319706439971924,3.0606828579015914,0.43409857589543716,0.9765000000000026,0.023499999999997412,0.0,586,557,0.6470557581149876,1.3529442418850124,29.0,29,5.0,28.0,0.03890964388847351,19.288709505564555,10.465103458439247,0.0,0.0,0.0,-0.4411803023562654,1.0,0.7742384672164917,0.0366300530731678,0.0016278624534606934,0.06672540652751906,0.06716988559750203,0.028111389838159084,0.027233276826639972,0.0,0.0,0.011558992862701418,False,False
1.18,3.6285150051116943,12.282556533813477,2.2764103412628174,1.5979000529741831,0.4807641709635847,0.9764000000000026,0.0235999999999974,0.0,578,539,0.3431344449387387,1.5,21.0,21,4.0,33.0,0.038839053362607956,26.01465038010084,9.59301150356931,0.0,0.0,0.0,-0.8210819438265766,1.0,0.7750847935676575,0.03657706081867218,0.0016426444053649902,0.06648785424729171,0.06704661562883589,0.027990401722490788,0.027091410011053085,0.0,0.0,0.01544588088989258,False,False
1.185,3.6101205348968506,12.367477416992188,2.256488561630249,2.8973815772614993,0.6494134697021111,0.9763000000000026,0.02369999999999739,0.0,699,665,0.39787324119384393,1.5,46.0,46,4.0,26.0,0.038814764469861984,23.84676284842577,8.793593878271867,0.0,0.0,0.0,-0.752658448507695,1.0,0.7759255170822144,0.03674345836043358,0.0016573071479797363,0.06581602848693713,0.06641677067428811,0.0279348436743021,0.027027265168726444,0.0,0.0,0.02304525136947632,False,False
1.19,3.5836260318756104,12.431927680969238,2.265641927719116,2.5976312803025285,0.9911642671595791,0.9762000000000026,0.02379999999999738,0.0,740,683,0.7813838044276904,1.2186161955723096,45.0,45,7.0,28.0,0.03878163546323776,21.859532611056952,16.39412772174921,0.0,0.0,0.0,-0.27327024446538706,1.0,0.7768886685371399,0.03689995035529137,0.001672208309173584,0.06523887578087532,0.06578223461347306,0.027976473793387413,0.02706711335728566,0.0,0.0,0.01528803586959839,False,False
1.195,3.565829038619995,12.569012641906738,2.314833641052246,2.9367045458928174,0.8335070692903592,0.9761000000000026,0.023899999999997368,0.0,716,685,0.7996018207253828,1.2003981792746172,32.0,32,3.0,45.0,0.03887822479009628,20.037904893468873,15.027950411603442,0.0,0.0,0.0,-0.2504977240932716,1.0,0.7777897119522095,0.03691541776061058,0.0016869902610778809,0.06422549633868022,0.06452762491938953,0.02807308143625657,0.027172680323322616,0.0,0.0,0.01439949154853821,False,False
1.2,3.587028980255127,12.71377944946289,2.2863049507141113,2.72927793206959,0.5638933823401119,0.9760000000000026,0.023999999999997357,0.0,608,579,0.48296833566493425,1.5,25.0,25,3.0,29.0,0.03887353464961052,26.701412819013132,13.775621210636487,0.0,0.0,0.0,-0.6462895804188322,1.0,0.7786389589309692,0.036908745765686035,0.0017018914222717285,0.0636201330777256,0.0639854023503138,0.02784544291595618,0.02693937004854282,0.0,0.0,0.01686171054840088,False,False
1.205,3.5257036685943604,12.755495071411133,2.298975944519043,2.4505164873769734,0.5018688790206781,0.9759000000000027,0.024099999999997346,0.0,609,572,0.5260543076928563,1.4739456923071437,49.0,49,7.0,18.0,0.039006613194942474,24.47629508409537,12.62765277641678,0.0,0.0,0.0,-0.5924321153839295,1.0,0.7794378399848938,0.03709278628230095,0.0017167925834655762,0.06307588259379053,0.06340740521748844,0.027971873059868813,0.027061402797698975,0.0,0.0,0.020423753261566164,False,False
1.21,3.4033515453338623,12.712817192077637,2.380045175552368,2.44144568348686,1.0,0.9758000000000027,0.024199999999997335,0.0,548,518,0.565549782051785,1.434450217948215,28.0,28,2.0,10.0,0.03904210031032562,22.43660382708742,11.575348378382047,0.0,0.0,0.0,-0.5430627724352687,1.0,0.7802338600158691,0.03710559383034706,0.0017317533493041992,0.0624389900794872,0.06250854833951824,0.028505522447327774,0.027606176833311718,0.0,0.0,0.01855712652206421,False,False
1.215,3.3708460330963135,12.66472053527832,2.427061080932617,2.8401623420420776,0.7076915774421867,0.9757000000000027,0.024299999999997324,0.0,620,584,0.601753966880803,1.398246033119197,21.0,21,5.0,21.0,0.038996390998363495,20.566886841496803,10.610736013516876,0.0,0.0,0.0,-0.49780754139899636,1.0,0.7810502052307129,0.03704453259706497,0.0017464756965637207,0.06244565935805424,0.062375696863978945,0.02872488150993983,0.027841345096627872,0.0,0.0,0.017595009803771974,False,False
1.22,3.33854079246521,12.66186237335205,2.4771063327789307,2.7593195764984033,0.42800748756446927,0.9756000000000027,0.024399999999997313,0.0,656,620,0.6349411363074027,1.3650588636925973,32.0,32,4.0,36.0,0.038924362510442734,18.852979604705403,9.72650801239047,0.0,0.0,0.0,-0.45632357961574666,1.0,0.7818130254745483,0.03708535432815552,0.0017614960670471191,0.06230553117115034,0.062086751426569955,0.02889730967581272,0.028033917769789696,0.0,0.0,0.017194987535476686,False,False
1.225,3.166945219039917,12.696685791015625,2.5572421550750732,-2.760176372568686,0.547668308547237,0.9755000000000027,0.0244999999999973,0.0,701,660,0.998696041615119,1.001303958384881,30.0,30,5.0,33.0,0.03903615474700928,17.28189797097995,17.249299011357927,0.0,0.0,0.0,-0.0016299479811012318,1.0,0.7825274467468262,0.0371052585542202,0.0017763376235961914,0.061311384840557814,0.06085219891369327,0.029457428803046547,0.028620767407119274,0.0,0.0,0.02910480499267578,False,False
1.23,3.0797505378723145,12.719839096069336,2.5909769535064697,2.4994777567698385,0.6764700596767461,0.9754000000000027,0.02459999999999729,0.0,721,681,1.3321380381471926,0.6678619618528076,60.0,60,7.0,21.0,0.03920027241110802,15.84173980673162,24.14519076041143,0.0,0.0,0.0,0.41517254768399053,1.0,0.7833176255226135,0.037390194833278656,0.0017913579940795898,0.06077979157678767,0.06022808239795252,0.02971096274753412,0.028886509438355766,0.0,0.0,0.020151834487915042,False,False
1.235,2.9674370288848877,12.748673439025879,2.5801191329956055,2.49919430764768,0.9982109167600539,0.9753000000000027,0.02469999999999728,0.0,634,592,0.9711265349682597,1.0288734650317404,31.0,31,3.0,14.0,0.03925991430878639,22.85492815617065,22.133091530377143,0.0,0.0,0.0,-0.03609183128967537,1.0,0.7840980291366577,0.037410374730825424,0.0018064379692077637,0.05987047788066153,0.05937781050677086,0.029971119947731495,0.029123846131066482,0.0,0.0,0.016170979738235475,False,False
1.24,2.8558731079101562,12.7421236038208,2.5936837196350098,3.054478383518813,0.21851444279767374,0.9752000000000027,0.02479999999999727,0.0,593,562,0.9735326570542381,1.0264673429457618,45.0,45,6.0,28.0,0.039192136377096176,20.950350809823096,20.288667236179048,0.0,0.0,0.0,-0.03308417868220239,1.0,0.7848776578903198,0.037560295313596725,0.0018213987350463867,0.059278244927214924,0.05877897006707872,0.030261130693058174,0.029413000059624515,0.0,0.0,0.015584596395492556,False,False
1.245,2.749565362930298,12.772513389587402,2.607584238052368,2.658221525776939,0.8880560421551708,0.9751000000000027,0.024899999999997258,0.0,600,560,1.3090716022997182,0.6909283977002818,26.0,26,5.0,24.0,0.03914060443639755,19.20448824233784,26.931278299830794,0.0,0.0,0.0,0.3863395028746478,1.0,0.7856048345565796,0.03753720596432686,0.0018365979194641113,0.05859873766452059,0.058070997834205475,0.030511397247513138,0.02966694999486208,0.0,0.0,0.01352235555648804,False,False
1.25,2.6711297035217285,12.879508972167969,2.5680298805236816,-1.7100985330493292,0.3265038868701732,0.9750000000000028,0.024999999999997247,0.0,646,603,1.2833156354414084,0.7166843645585916,19.0,19,3.0,20.0,0.039137113839387894,17.604114222143018,24.687005108178226,0.0,0.0,0.0,0.35414454430176046,1.0,0.7864064574241638,0.037466954439878464,0.0018515586853027344,0.057502598309578844,0.05708803125595038,0.030575293737153213,0.0296930813541015,0.0,0.0,0.017652384042739867,False,False
1.2550000000000001,2.6747188568115234,12.91236686706543,2.5172500610351562,2.7449284420746647,0.9381479914666172,0.9749000000000028,0.025099999999997236,0.0,658,616,0.926372665821291,1.073627334178709,25.0,25,5.0,31.0,0.03911862149834633,24.47043803696443,22.629754682496706,0.0,0.0,0.0,-0.09203416772338624,1.0,0.787196934223175,0.037442050874233246,0.0018666386604309082,0.057162374335651446,0.056897168979048576,0.03048976417630911,0.029567551488677662,0.0,0.0,0.017008403539657595,False,False
1.26,2.7028207778930664,12.93542194366455,2.477125644683838,2.3736754572805627,0.3406915142246268,0.9748000000000028,0.025199999999997225,0.0,653,624,0.5991749436695168,1.4008250563304832,54.0,54,4.0,40.0,0.039199165999889374,30.764568200550727,20.74394179228865,0.0,0.0,0.0,-0.5010313204131039,1.0,0.7879853844642639,0.03764629364013672,0.001881718635559082,0.05710318757034823,0.05693724182993158,0.030369306914508343,0.029418986911575,0.0,0.0,0.0184441077709198,False,False
1.2650000000000001,2.672257661819458,13.009565353393555,2.4566354751586914,-2.452983732510578,0.18083922503921263,0.9747000000000028,0.025299999999997214,0.0,712,669,0.6325770316970571,1.3674229683029429,52.0,52,7.0,17.0,0.03916053846478462,28.200854183838164,19.015279976264594,0.0,0.0,0.0,-0.4592787103786785,1.0,0.7887917757034302,0.03783043473958969,0.0018969178199768066,0.05654910361270095,0.05642577632516607,0.03036014580478271,0.029392163269221783,0.0,0.0,0.02455604076385498,False,False
1.27,2.631324291229248,13.047402381896973,2.43758487701416,2.8402685385353603,0.7564075973281544,0.9746000000000028,0.025399999999997203,0.0,580,545,0.6631956123889691,1.336804387611031,25.0,25,4.0,14.0,0.039237383753061295,25.85078300185165,17.430673311575877,0.0,0.0,0.0,-0.4210054845137886,1.0,0.7895426750183105,0.03782891109585762,0.0019121766090393066,0.05612459659514313,0.05605248367724305,0.030399472452700138,0.029415528600414596,0.0,0.0,0.01920812129974365,False,False
1.2750000000000001,2.5638110637664795,13.125536918640137,2.46842360496521,-3.076914525449725,0.7815803499032359,0.9745000000000028,0.02549999999999719,0.0,615,582,0.35792931135655515,1.5,25.0,25,3.0,14.0,0.03921540454030037,32.029884418364006,15.978117202277886,0.0,0.0,0.0,-0.802588360804306,1.0,0.7902892231941223,0.03780083358287811,0.0019272565841674805,0.05545823705568895,0.05529484029114231,0.030591605852047603,0.029612863436341286,0.0,0.0,0.018165245056152347,False,False
1.28,2.5235626697540283,13.321839332580566,2.4870967864990234,2.1107886009666386,0.8579925248869659,0.9744000000000028,0.02559999999999718,0.0,608,578,0.41143520207684237,1.5,34.0,34,2.0,11.0,0.039153438061475754,29.360727383500336,14.646607435421394,0.0,0.0,0.0,-0.735705997403947,1.0,0.7909830212593079,0.03785068541765213,0.0019423961639404297,0.05440717428456977,0.054153750890400115,0.03062576365967592,0.02964588813483715,0.0,0.0,0.013359853029251098,False,False
1.285,2.4819142818450928,13.465043067932129,2.483170986175537,2.7239624650659486,0.9699551281752726,0.9743000000000028,0.02569999999999717,0.0,613,585,0.19999999999999996,1.5,20.0,20,4.0,14.0,0.039086222648620605,35.2473334348753,13.426056815802944,0.0,0.0,0.0,-1.0,1.0,0.7916278839111328,0.037789613008499146,0.0019575953483581543,0.05374163270990039,0.05349688455959147,0.03058539548267921,0.029595197799305122,0.0,0.0,0.021393039226531983,False,False
1.29,2.406322717666626,13.453811645507812,2.5359621047973633,3.006953419993344,0.35310274296983846,0.9742000000000028,0.02579999999999716,0.0,580,544,0.19999999999999996,1.5,22.0,22,4.0,11.0,0.039044950157403946,32.31005564863569,12.307218747819364,0.0,0.0,0.0,-1.0,1.0,0.7922968864440918,0.037752874195575714,0.001972675323486328,0.05350395550625384,0.05313969987584264,0.030925750421981018,0.029954256800313793,0.0,0.0,0.01776108145713806,False,False
1.295,2.326310873031616,13.370743751525879,2.597036123275757,2.8039310113412763,0.5377045514204882,0.9741000000000029,0.025899999999997148,0.0,669,632,0.26656264697006815,1.5,32.0,32,4.0,21.0,0.039120178669691086,29.61755101124938,11.281617185501084,0.0,0.0,0.0,-0.9167966912874148,1.0,0.7929138541221619,0.03774816170334816,0.0019878745079040527,0.05344760108180329,0.052945129605941325,0.031406551909943424,0.03046420868486166,0.0,0.0,0.020947165489196777,False,False
1.3,2.321509838104248,13.323972702026367,2.63466215133667,2.9429844124478675,0.7663173469628384,0.9740000000000029,0.025999999999997137,0.0,643,609,0.32768242638922906,1.5,37.0,37,6.0,20.0,0.039221201092004776,27.14942176031193,10.34148242004266,0.0,0.0,0.0,-0.8403969670134636,1.0,0.7935810685157776,0.03780754283070564,0.002003014087677002,0.0535932966911543,0.05301307635490458,0.03154925225923459,0.030632629059255123,0.0,0.0,0.022872271537780764,False,False
1.305,2.2728171348571777,13.333009719848633,2.6714112758636475,2.8607562984557626,0.8864409045109848,0.9739000000000029,0.026099999999997125,0.0,634,597,0.38370889085679327,1.5,55.0,55,2.0,24.0,0.03919796273112297,24.886969946952604,9.479692218372437,0.0,0.0,0.0,-0.7703638864290083,1.0,0.7943174242973328,0.03805622085928917,0.002018272876739502,0.05339107364416108,0.05273859319277093,0.031738607212901115,0.03084366365025441,0.0,0.0,0.02949774026870728,False,False
1.31,2.1648738384246826,13.344987869262695,2.7398834228515625,2.680173988386273,0.9199346885440697,0.9738000000000029,0.026199999999997114,0.0,624,585,0.4350664832853939,1.5,31.0,31,8.0,18.0,0.039117421954870224,22.813055784706552,8.6897178668414,0.0,0.0,0.0,-0.7061668958932577,1.0,0.7950475811958313,0.03811153024435043,0.0020334720611572266,0.053091189359625035,0.0522840418843551,0.03217307074616353,0.03132541819165151,0.0,0.0,0.030971837043762208,False,False
1.315,2.0334088802337646,13.346059799194336,2.780794382095337,2.9565489737531694,0.7996681897877216,0.9737000000000029,0.026299999999997103,0.0,632,597,0.19999999999999996,1.5,24.0,24,1.0,19.0,0.03919065371155739,29.245301135981006,7.965574711271283,0.0,0.0,0.0,-1.0,1.0,0.7957237958908081,0.038079168647527695,0.002048790454864502,0.052682063788175436,0.051803472205065045,0.03259640807906787,0.03177260980010033,0.0,0.0,0.023564438819885257,False,False
1.32,1.8579055070877075,13.314000129699707,2.7699878215789795,2.671719672937845,0.593914642845477,0.9736000000000029,0.026399999999997092,0.0,622,574,0.5530766977606434,1.4469233022393566,26.0,26,8.0,18.0,0.03922790288925171,26.808192707982588,15.635110151998674,0.0,0.0,0.0,-0.5586541277991957,1.0,0.7963961958885193,0.038044366985559464,0.0020639896392822266,0.051874675528611844,0.0510689908387138,0.033109864840904876,0.03226242338617643,0.0,0.0,0.017134971618652343,False,False
1.325,1.643154501914978,13.301950454711914,2.7796976566314697,3.016173907166108,0.6427977348299567,0.9735000000000029,0.02649999999999708,0.0,616,584,0.5903203062805897,1.4096796937194103,23.0,23,4.0,32.0,0.03924493491649628,32.90750998231737,22.665517639332116,0.0,0.0,0.0,-0.5120996171492628,1.0,0.7970881462097168,0.037994444370269775,0.0020792484283447266,0.051030020522574444,0.050232291748126205,0.03379782506575187,0.0329464456687371,0.0,0.0,0.009408433437347413,False,False
1.33,1.4735361337661743,13.342551231384277,2.7713916301727295,-2.7315765859066117,0.42547111746179667,0.9734000000000029,0.02659999999999707,0.0,654,610,0.6244602807572073,1.3755397192427927,51.0,51,5.0,41.0,0.03928540647029877,30.165217483790922,20.776724502721105,0.0,0.0,0.0,-0.46942464905349085,1.0,0.7977257966995239,0.038165513426065445,0.0020946264266967773,0.05013953807375691,0.049372091034892804,0.034244668980439506,0.03338195073107879,0.0,0.0,0.013263134956359866,False,False
1.335,1.4393564462661743,13.4255952835083,2.749965190887451,2.6122803107242247,0.9287260012093962,0.9733000000000029,0.02669999999999706,0.0,729,690,0.3224219240274401,1.5,44.0,44,3.0,32.0,0.03925219550728798,35.98478269347501,19.045330794161014,0.0,0.0,0.0,-0.8469725949656999,1.0,0.7983142733573914,0.0382995530962944,0.0021098852157592773,0.04951960445102291,0.048815742691047354,0.03428429209937652,0.03338386615117391,0.0,0.0,0.02419123649597168,False,False
1.34,1.4915375709533691,13.453364372253418,2.7502074241638184,2.654868396849503,0.7411800564086752,0.973200000000003,0.02679999999999705,0.0,654,609,0.37888676369182017,1.5,25.0,25,4.0,36.0,0.0392611064016819,32.98605080235209,17.458219894647595,0.0,0.0,0.0,-0.7763915453852247,1.0,0.7989522814750671,0.03827749565243721,0.0021252036094665527,0.049573373817838585,0.04887248258246095,0.03420313975463311,0.033280582477649055,0.0,0.0,0.016882675886154174,False,False
1.345,1.4981789588928223,13.4943265914917,2.7139904499053955,2.813907411202627,0.6692678300879107,0.973100000000003,0.026899999999997037,0.0,614,587,0.19999999999999996,1.5,26.0,26,4.0,24.0,0.03921283408999443,38.57054656882275,16.003368236760295,0.0,0.0,0.0,-1.0,1.0,0.799607515335083,0.038262754678726196,0.0021405816078186035,0.04939001071639345,0.04875554787864274,0.03409005546321472,0.03312647808343172,0.0,0.0,0.020950636863708495,False,False
1.35,1.4712059497833252,13.535808563232422,2.710512399673462,2.6955419120273265,0.6705266569599164,0.973000000000003,0.026999999999997026,0.0,673,636,0.19999999999999996,1.5,48.0,48,3.0,27.0,0.03936837613582611,35.35633435475418,14.66975421703027,0.0,0.0,0.0,-1.0,1.0,0.8002089262008667,0.03838416561484337,0.0021558403968811035,0.04911145322537036,0.04848495099088163,0.034131507078806564,0.03315721948941549,0.0,0.0,0.021420292854309082,False,False
1.355,1.478487491607666,13.553811073303223,2.7085373401641846,-3.0324294134585266,0.6417653891141204,0.972900000000003,0.027099999999997015,0.0,590,560,0.24149206161678993,1.5,17.0,17,5.0,34.0,0.03929302096366882,32.409973158524664,13.447274698944414,0.0,0.0,0.0,-0.9481349229790126,1.0,0.8007615804672241,0.03831782564520836,0.0021712779998779297,0.04901978067743268,0.04840186868949469,0.03409804621090492,0.03312032204121351,0.0,0.0,0.028120744228363036,False,False
1.36,1.4180710315704346,13.628680229187012,2.784395217895508,2.6373142363031317,0.7570292387981044,0.972800000000003,0.027199999999997004,0.0,568,525,0.19999999999999996,1.5,15.0,15,4.0,33.0,0.03933050110936165,38.04247539531427,12.32666847403238,0.0,0.0,0.0,-1.0,1.0,0.8012669682502747,0.03822687640786171,0.0021865367889404297,0.04869943131040767,0.04792105337185771,0.03447757878651222,0.03355277857432763,0.0,0.0,0.014876761436462401,False,False
1.365,1.3897936344146729,13.753073692321777,2.771319627761841,-3.0578670677826523,0.8121068029432148,0.972700000000003,0.027299999999996993,0.0,633,592,0.19999999999999996,1.5,28.0,28,1.0,30.0,0.03941301256418228,34.87226911237141,11.299446101196347,0.0,0.0,0.0,-1.0,1.0,0.8017980456352234,0.038200292736291885,0.0022017955780029297,0.04817057795822607,0.047413366749882564,0.03439266234636307,0.03344674749920766,0.0,0.0,0.023573434352874754,False,False
1.37,1.3582547903060913,13.764004707336426,2.7680583000183105,2.816426633766499,0.8545944504529467,0.972600000000003,0.027399999999996982,0.0,662,631,0.4689964895902474,1.5,39.0,39,3.0,36.0,0.03945208713412285,31.96624668634046,18.691158926096648,0.0,0.0,0.0,-0.6637543880121907,1.0,0.8023247122764587,0.038289643824100494,0.0022171735763549805,0.04811160547084472,0.047371513302282606,0.03440921970953544,0.03345376967142026,0.0,0.0,0.02409844398498535,False,False
1.375,1.2926545143127441,13.69515323638916,2.8568286895751953,0.4720583204978321,0.07117841909164452,0.972500000000003,0.02749999999999697,0.0,690,649,0.8465801154577268,1.1534198845422732,42.0,42,8.0,35.0,0.039397139102220535,29.30239279581209,25.46689568225526,0.0,0.0,0.0,-0.1917748556778415,1.0,0.8028022050857544,0.03840940073132515,0.0022325515747070312,0.04823206970499194,0.047333838581107415,0.03496958098063867,0.03410287046184143,0.0,0.0,0.019358041286468508,False,False
1.3800000000000001,1.2152522802352905,13.671544075012207,2.9146690368652344,-3.1186750559610092,0.85351834284036,0.972400000000003,0.02759999999999696,0.0,697,654,0.8593651058362497,1.1406348941637503,49.0,49,4.0,26.0,0.03944959118962288,26.860526729494413,23.344654375400655,0.0,0.0,0.0,-0.17579361770468793,1.0,0.8032854199409485,0.03856958821415901,0.0022478699684143066,0.048077520902734115,0.04708790766308071,0.03544916554043691,0.034642095367113754,0.0,0.0,0.022730712890625,False,False
1.385,1.168014407157898,13.691433906555176,2.9513492584228516,2.8311667675658443,0.9154912134548711,0.972300000000003,0.02769999999999695,0.0,722,683,0.8710846803498954,1.1289153196501045,48.0,48,6.0,32.0,0.03941650316119194,24.622149502036546,21.39926651078393,0.0,0.0,0.0,-0.16114414956263073,1.0,0.8038942813873291,0.03870368003845215,0.002263307571411133,0.0478894866276531,0.04684741333872066,0.03567569113026063,0.03490711096674204,0.0,0.0,0.02915489196777344,False,False
1.3900000000000001,1.0944762229919434,13.684769630432129,2.9738550186157227,3.1014214573130388,0.6942449421903087,0.9722000000000031,0.02779999999999694,0.0,619,582,0.5484942903207375,1.4515057096792625,16.0,16,3.0,38.0,0.03934841603040695,30.903637043533497,19.615994301551936,0.0,0.0,0.0,-0.564382137099078,1.0,0.8044904470443726,0.03863603249192238,0.002278745174407959,0.04766648314784578,0.046605400540710606,0.035989778116345406,0.03523944100985925,0.0,0.0,0.03689038515090943,False,False
1.395,1.0414291620254517,13.659850120544434,2.9998226165771484,2.870167560431528,0.4627679653211052,0.9721000000000031,0.027899999999996927,0.0,634,601,0.5861197661273427,1.4138802338726573,22.0,22,5.0,23.0,0.03933136165142059,28.328333956572372,17.98132810975594,0.0,0.0,0.0,-0.5173502923408216,1.0,0.8050344586372375,0.038567814975976944,0.0022941231727600098,0.04765028437972055,0.04655101898219423,0.03623716998845339,0.03551980946213007,0.0,0.0,0.02810631275177002,False,False
1.4000000000000001,0.9029467105865479,13.66087532043457,2.985751152038574,3.070838944749797,0.5000707878162056,0.9720000000000031,0.027999999999996916,0.0,650,608,0.6206097856167307,1.3793902143832693,29.0,29,3.0,35.0,0.03928267955780029,25.96763946019134,16.48288410060961,0.0,0.0,0.0,-0.47423776797908646,1.0,0.8055300712585449,0.03856411948800087,0.002309560775756836,0.047128918907915415,0.04607658381077137,0.03670048744728168,0.03594692951689164,0.0,0.0,0.02197457551956177,False,False
1.405,0.7093943953514099,13.602237701416016,3.0041863918304443,3.07358286639685,0.5686226181695885,0.9719000000000031,0.028099999999996905,0.0,607,578,0.6522256368153367,1.3477743631846633,32.0,32,5.0,21.0,0.03921721130609512,32.13700283850872,23.44264375889214,0.0,0.0,0.0,-0.43471795398082913,1.0,0.8060503602027893,0.03858320415019989,0.002324819564819336,0.0465817752294241,0.04554306048278994,0.037535823260744415,0.03679199765125911,0.0,0.0,0.0123860764503479,False,False
1.41,0.5512198805809021,13.557599067687988,3.0093631744384766,-2.8578137460719537,0.6505878220503193,0.9718000000000031,0.028199999999996894,0.0,683,634,0.681206833747392,1.318793166252608,35.0,35,6.0,44.0,0.03965875133872032,37.792252601966325,29.822423445651125,0.0,0.0,0.0,-0.39849145781576,1.0,0.8065703511238098,0.03862714767456055,0.0023403167724609375,0.04614538272004561,0.045123027827124906,0.03818004081646602,0.03744356489429872,0.0,0.0,0.013906056880950928,False,False
1.415,0.41918519139289856,13.620780944824219,2.9900503158569336,-1.0532219428099618,1.0000000000000002,0.9717000000000031,0.028299999999996883,0.0,694,659,0.7077729309351095,1.2922270690648905,54.0,54,4.0,17.0,0.03963774815201759,34.64289821846913,27.337221491846865,0.0,0.0,0.0,-0.36528383633111317,1.0,0.8070857524871826,0.03882467374205589,0.0023557543754577637,0.04536451984941946,0.044399755276118585,0.03858828141043584,0.037814482736090824,0.0,0.0,0.01978476405143738,False,False
1.42,0.35600563883781433,13.694775581359863,2.9885001182556152,-2.353483297497399,0.662779951586676,0.9716000000000031,0.028399999999996872,0.0,609,585,0.732125186690517,1.267874813309483,34.0,34,5.0,19.0,0.03962617367506027,31.7559900335967,25.059119700859625,0.0,0.0,0.0,-0.3348435166368537,1.0,0.807550847530365,0.03885447606444359,0.00237119197845459,0.04485090894391747,0.04391073152422892,0.03887215939660867,0.038059017000099025,0.0,0.0,0.022145586013793947,False,False
1.425,0.3849860429763794,13.697896957397461,2.965275526046753,-2.872820643859735,0.8301158127226286,0.9715000000000031,0.02849999999999686,0.0,575,539,0.7544480877996407,1.2455519122003593,17.0,17,3.0,34.0,0.03959828242659569,29.109657530796973,22.97085972578799,0.0,0.0,0.0,-0.3069398902504492,1.0,0.8080409169197083,0.038786157965660095,0.0023865103721618652,0.04487994600273655,0.04397165556810784,0.038799213555951916,0.0379386047522227,0.0,0.0,0.014159275293350222,False,False
1.43,0.35688516497612,13.740438461303711,2.9163835048675537,2.158338793953628,0.4469422640207003,0.9714000000000031,0.02859999999999685,0.0,627,585,0.7749107471496706,1.2250892528503294,21.0,21,6.0,33.0,0.03957969695329666,26.683852736563892,21.056621415305656,0.0,0.0,0.0,-0.2813615660629118,1.0,0.808479905128479,0.03873007372021675,0.002401888370513916,0.044568315095578494,0.04373396974677828,0.03876519079009692,0.037826159968972206,0.0,0.0,0.01746290683746338,False,False
1.435,0.3098718523979187,13.788579940795898,2.907946825027466,3.057999010708866,0.9999999999999999,0.9713000000000032,0.02869999999999684,0.0,643,611,0.793668184887198,1.206331815112802,32.0,32,2.0,15.0,0.039614759385585785,24.460198341850234,19.301902964030184,0.0,0.0,0.0,-0.2579147688910025,1.0,0.8088728785514832,0.03874136880040169,0.002417266368865967,0.04426703894169367,0.04344757578056292,0.038913561341663204,0.037945585014919445,0.0,0.0,0.03827351808547974,False,False
1.44,0.29211127758026123,13.811927795410156,2.9318408966064453,2.441345304676613,0.9999999949620472,0.9712000000000032,0.028799999999996828,0.0,550,520,0.8108625028132649,1.1891374971867352,38.0,38,6.0,7.0,0.0395812951028347,22.42184848002938,17.693411050361,0.0,0.0,0.0,-0.23642187148341892,1.0,0.8092672228813171,0.03878504037857056,0.002432584762573242,0.04419848114624606,0.04334373311698424,0.0390315568074584,0.038088412644962474,0.0,0.0,0.013330076932907105,False,False
1.445,0.1947627067565918,13.903347969055176,2.9998977184295654,-2.744593180159478,0.9999999999999999,0.9711000000000032,0.028899999999996817,0.0,537,504,0.493290627578826,1.5,39.0,39,2.0,5.0,0.03949672356247902,28.88669444002693,16.21896012949758,0.0,0.0,0.0,-0.6333867155264674,1.0,0.8096144795417786,0.03887939453125,0.002447962760925293,0.04378313427418457,0.042831848328312105,0.039547757866481945,0.038684760220348835,0.0,0.0,0.02288552522659302,False,False
1.45,0.12561309337615967,14.03369426727295,2.9633419513702393,-2.8725975726764372,0.6223597960721067,0.9710000000000032,0.028999999999996806,0.0,560,532,0.5355164086139239,1.464483591386076,42.0,42,2.0,23.0,0.039420414716005325,26.479469903358016,14.867380118706116,0.0,0.0,0.0,-0.580604489232595,1.0,0.8099184036254883,0.03902799263596535,0.00246351957321167,0.04317463368332621,0.04228841065087653,0.0395392036686341,0.03859462526937326,0.0,0.0,0.019339613914489746,False,False
1.455,0.05661068484187126,14.020299911499023,2.9870827198028564,-2.8573143714855176,0.37484475829895875,0.9709000000000032,0.029099999999996795,0.0,608,570,0.5742233745627634,1.4257766254372366,24.0,24,5.0,27.0,0.0393729992210865,32.60618074474485,21.961765108813935,0.0,0.0,0.0,-0.5322207817965456,1.0,0.8102518916130066,0.03898455947637558,0.002478957176208496,0.0430836436571552,0.04217631030827748,0.03983229864388704,0.0389119361837705,0.0,0.0,0.021039719581604006,False,False
1.46,0.0007075664470903575,13.922143936157227,3.066319465637207,-2.7637944199614055,0.8703012210355895,0.9708000000000032,0.029199999999996784,0.0,647,610,0.6097047600158666,1.3902952399841335,29.0,29,3.0,30.0,0.039455365389585495,29.888999016016108,20.131618016412773,0.0,0.0,0.0,-0.4878690499801667,1.0,0.8105387091636658,0.038997799158096313,0.0024943947792053223,0.043280042545714596,0.042268662360031024,0.040516811423003674,0.03972788030902545,0.0,0.0,0.02290883302688599,False,False
1.465,-0.008197920396924019,13.861820220947266,3.1174497604370117,3.075742443531129,0.21291430722298413,0.9707000000000032,0.029299999999996773,0.0,688,649,0.9755626966812109,1.024437303318789,36.0,36,7.0,24.0,0.03939570486545563,27.398249098014766,26.78731651504504,0.0,0.0,0.0,-0.03054662914848638,1.0,0.8108810186386108,0.039008598774671555,0.0025098323822021484,0.0434833241999148,0.04240764105940845,0.04081226885318756,0.04011748358607292,0.0,0.0,0.021004235744476317,False,False
1.47,-0.046605031937360764,13.846216201782227,-3.1353042125701904,-3.0864880390805687,0.8485426107888521,0.9706000000000032,0.029399999999996762,0.0,748,703,0.6442658052911099,1.3557341947088901,38.0,38,5.0,31.0,0.03954808786511421,33.448395006513536,24.555040138791284,0.0,0.0,0.0,-0.4446677433861126,1.0,0.8112465739250183,0.03910036385059357,0.0025252103805541992,0.043447282736655185,0.042345259512774513,0.04105853227277597,0.04041155334562063,0.0,0.0,0.0199612295627594,False,False
1.475,-0.1264621615409851,13.83647346496582,-3.1074068546295166,-2.717871354370425,0.6681660483106587,0.9705000000000032,0.02949999999999675,0.0,705,672,0.6739103215168507,1.3260896784831493,24.0,24,4.0,38.0,0.039598189294338226,30.66102875597074,22.50878679389201,0.0,0.0,0.0,-0.4076120981039365,1.0,0.8116664290428162,0.03903886303305626,0.0025405287742614746,0.04331328751053647,0.04218523707551248,0.041459330047170326,0.040859767856697246,0.0,0.0,0.033715372085571294,False,False
1.48,-0.21132631599903107,13.803515434265137,-3.0533599853515625,-2.8413069554314303,0.6797025561494567,0.9704000000000033,0.02959999999999674,0.0,651,610,0.7010844613904466,1.2989155386095534,48.0,48,4.0,30.0,0.03957835212349892,28.105943026306512,20.633054561067677,0.0,0.0,0.0,-0.37364442326194175,1.0,0.8120346665382385,0.0391986183822155,0.002556025981903076,0.04338183677832893,0.042187647634806605,0.04185478358219068,0.04136469215154648,0.0,0.0,0.024049856662750245,False,False
1.485,-0.3793472945690155,13.752286911010742,-3.080059766769409,-2.2130952578093543,0.6658266488039771,0.9703000000000033,0.02969999999999673,0.0,601,564,0.7259940896079093,1.2740059103920907,33.0,33,4.0,22.0,0.03953519091010094,25.763781107447635,18.91363334764537,0.0,0.0,0.0,-0.34250738799011327,1.0,0.812358021736145,0.03922679275274277,0.0025715231895446777,0.04282326868548976,0.04169990859925734,0.04274396691471338,0.04218476669241985,0.0,0.0,0.018887411355972293,False,False
1.49,-0.5620564222335815,13.660816192626953,-3.0784122943878174,-3.0191674498409964,0.6802491058464474,0.9702000000000033,0.029799999999996718,0.0,477,450,0.7488279154739168,1.2511720845260832,27.0,27,5.0,22.0,0.03948065638542175,23.616799348493664,17.337497235341587,0.0,0.0,0.0,-0.3139651056576039,1.0,0.8126838207244873,0.03921695053577423,0.0025869011878967285,0.04245187103391301,0.041358852743481465,0.04387221454332273,0.04330722770343225,0.0,0.0,0.009653705954551697,False,False
1.495,-0.7023395895957947,13.588976860046387,-3.0638644695281982,-2.9340405868730146,0.5979828696737638,0.9701000000000033,0.029899999999996707,0.0,566,534,0.7697589225177571,1.230241077482243,36.0,36,1.0,32.0,0.03949492797255516,21.648732736119193,15.89270579906312,0.0,0.0,0.0,-0.2878013468528036,1.0,0.8130353093147278,0.03927195444703102,0.0026024580001831055,0.04222768253988263,0.04113586883743591,0.044649403231839344,0.04413216840475798,0.0,0.0,0.016310747861862186,False,False
1.5,-0.8176853656768799,13.633198738098145,-3.103816032409668,-2.363165318497486,0.6234175908771655,0.9700000000000033,0.029999999999996696,0.0,574,533,0.7889456789746107,1.2110543210253892,27.0,27,5.0,34.0,0.03943178802728653,19.844671674775928,14.568313649141194,0.0,0.0,0.0,-0.26381790128173666,1.0,0.8133385181427002,0.03924030065536499,0.002617776393890381,0.04156535720266389,0.040552751172799495,0.04519322421401739,0.0445775097856919,0.0,0.0,0.022570886611938477,False,False
1.5050000000000001,-0.8492211103439331,13.688430786132812,-3.112004280090332,-2.9693983671138016,0.7558513372437912,0.9699000000000033,0.030099999999996685,0.0,631,595,0.8065335390600599,1.1934664609399401,19.0,19,5.0,38.0,0.03940420597791672,18.190949035211265,13.35428751171276,0.0,0.0,0.0,-0.24183307617492522,1.0,0.8135985136032104,0.03915577754378319,0.002633213996887207,0.04127918585824457,0.040289443048337974,0.04547521471977234,0.04479019592205684,0.0,0.0,0.01445576310157776,False,False
1.51,-0.7944271564483643,13.721651077270508,3.1375789642333984,-3.0053914221058124,0.862489836682748,0.9698000000000033,0.030199999999996674,0.0,634,594,1.1559890774717214,0.8440109225282785,20.0,20,5.0,31.0,0.039360545575618744,16.675036615610324,20.57476355240336,0.0,0.0,0.0,0.19498634683965185,1.0,0.8138678073883057,0.03909881040453911,0.002648591995239258,0.04131239312623304,0.04034771172081418,0.04514653701335192,0.044379898657401405,0.0,0.0,0.014376118183135986,False,False
1.5150000000000001,-0.86176997423172,13.782160758972168,3.103560209274292,-3.058694938277161,0.3838094232516334,0.9697000000000033,0.030299999999996663,0.0,729,688,1.1429899876824114,0.8570100123175886,54.0,54,3.0,20.0,0.03992624953389168,23.61878356430946,27.193533256369747,0.0,0.0,0.0,0.17873748460301436,1.0,0.8142099380493164,0.039258308708667755,0.0026639699935913086,0.04092239812016474,0.03999990915972727,0.04538083138565223,0.044519544268647834,0.0,0.0,0.01882628917694092,False,False
1.52,-0.965363621711731,13.79566478729248,3.0905954837799072,3.0544097636119956,0.8148230451629312,0.9696000000000033,0.030399999999996652,0.0,654,618,0.7977408220422106,1.2022591779577894,33.0,33,4.0,26.0,0.03989670053124428,29.983884933950335,24.9274054850056,0.0,0.0,0.0,-0.25282397244723676,1.0,0.8145014643669128,0.039288975298404694,0.002679288387298584,0.04052677087687564,0.039637211799155796,0.0459340928743283,0.04502292722463608,0.0,0.0,0.014550669193267824,False,False
1.5250000000000001,-0.9804138541221619,13.800434112548828,3.04598331451416,3.110912659349563,0.8634968345670508,0.9695000000000034,0.03049999999999664,0.0,630,592,0.8145957535386931,1.1854042464613068,28.0,28,3.0,29.0,0.0398368202149868,27.48522785612114,22.850121694588466,0.0,0.0,0.0,-0.2317553080766336,1.0,0.8147497773170471,0.03930781036615372,0.00269472599029541,0.0404301698307195,0.03958888040979691,0.04583056550472975,0.0448292229945461,0.0,0.0,0.010081108808517456,False,False
1.53,-1.0258982181549072,13.857428550720215,3.0551440715789795,-1.906796468270727,0.3423240169548157,0.9694000000000034,0.03059999999999663,0.0,637,597,0.8300461074104688,1.1699538925895312,59.0,59,6.0,16.0,0.039778899401426315,25.194792201444375,20.945944886706094,0.0,0.0,0.0,-0.21244236573691405,1.0,0.8149561285972595,0.03953208401799202,0.0027102231979370117,0.04023830747231828,0.03938660173444065,0.046039052928487464,0.045027672313153744,0.0,0.0,0.02207897424697876,False,False
1.5350000000000001,-1.1202880144119263,13.961981773376465,3.029085874557495,-2.840511698084674,0.9578175661175291,0.9693000000000034,0.03069999999999662,0.0,629,595,0.5108755984595964,1.4891244015404035,45.0,45,6.0,22.0,0.039705462753772736,31.428559517990674,19.200449479480586,0.0,0.0,0.0,-0.6114055019255045,1.0,0.8151935338973999,0.039658837020397186,0.0027257204055786133,0.03971856104116874,0.03891161709247765,0.04633198492228985,0.045221769250929356,0.0,0.0,0.017075426578521728,False,False
1.54,-1.2859642505645752,13.991413116455078,3.0898869037628174,-3.1228682257361706,0.8546063889241136,0.9692000000000034,0.030799999999996608,0.0,576,549,0.5516359652546301,1.44836403474537,17.0,17,4.0,25.0,0.03968164697289467,28.80951289149145,17.600412022857203,0.0,0.0,0.0,-0.5604550434317124,1.0,0.8155340552330017,0.03958805277943611,0.002741098403930664,0.039396252128140255,0.03854378114438914,0.04731008782982826,0.046274736523628235,0.0,0.0,0.01684346675872803,False,False
1.545,-1.3731470108032227,13.993918418884277,-3.0993030071258545,-2.7524855303528883,0.5079486957407225,0.9691000000000034,0.030899999999996597,0.0,614,571,0.5889996348167443,1.4110003651832557,35.0,35,3.0,34.0,0.03961215913295746,26.408720150533828,16.133711020952436,0.0,0.0,0.0,-0.5137504564790696,1.0,0.8158731460571289,0.039603885263204575,0.002756655216217041,0.03938460869155812,0.03844095830619323,0.048072123900055885,0.047238804399967194,0.0,0.0,0.020876691341400147,False,False
1.55,-1.346258282661438,13.971463203430176,-3.0878851413726807,-2.8837142525923487,0.85075902100696,0.9690000000000034,0.030999999999996586,0.0,652,616,0.28991633191534893,1.5,23.0,23,6.0,28.0,0.03954165428876877,32.54132680465601,14.789235102539733,0.0,0.0,0.0,-0.8876045851058137,1.0,0.8162360191345215,0.039566610008478165,0.002772092819213867,0.03942597099983431,0.03845904104318457,0.0481051408375303,0.04732840073605379,0.0,0.0,0.02185196876525879,False,False
1.555,-1.3613420724868774,13.877021789550781,-3.0547571182250977,-0.916374420171364,0.4160282450129995,0.9689000000000034,0.031099999999996575,0.0,659,618,0.34908997092240324,1.5,42.0,42,6.0,31.0,0.039584483951330185,38.162882904268,21.890132177328084,0.0,0.0,0.0,-0.8136375363469959,1.0,0.8165491819381714,0.03963670879602432,0.0027875304222106934,0.039627323243766895,0.038627516883425285,0.04849306773394346,0.04781257826834917,0.0,0.0,0.018654096126556396,False,False
1.56,-1.3975883722305298,13.797680854797363,-3.013768434524536,2.944239604092405,0.8878205174018956,0.9688000000000034,0.031199999999996564,0.0,772,731,0.40333247334553635,1.5,40.0,40,5.0,37.0,0.03956962376832962,34.98264266224567,20.065954495884075,0.0,0.0,0.0,-0.7458344083180796,1.0,0.8168635964393616,0.03968743979930878,0.0028029680252075195,0.03981105093192296,0.038771562978625176,0.0489353450636069,0.048371486676235996,0.0,0.0,0.036366391181945804,False,False
1.565,-1.4218312501907349,13.803437232971191,-3.000094413757324,3.046005101182555,0.858462148663923,0.9687000000000034,0.03129999999999655,0.0,666,626,0.4530547672334083,1.5,44.0,44,5.0,21.0,0.039517346769571304,32.06742244039186,18.393791621227066,0.0,0.0,0.0,-0.6836815409582396,1.0,0.8172025084495544,0.03979276120662689,0.0028185248374938965,0.03978960274904953,0.03873770031208781,0.04906593977163236,0.04853656360258659,0.0,0.0,0.01656261920928955,False,False
1.57,-1.590477466583252,13.717597007751465,-2.9947681427001953,-3.0043449201371777,0.4666730979780223,0.9686000000000035,0.03139999999999654,0.0,625,598,0.8319668699639577,1.1680331300360423,33.0,33,4.0,39.0,0.03964468464255333,29.395137237025867,25.19430898612481,0.0,0.0,0.0,-0.21004141254505287,1.0,0.8174920678138733,0.03983495011925697,0.0028340816497802734,0.03945567258261131,0.0384283058705428,0.0503378671904405,0.04981000907719135,0.0,0.0,0.017064269781112675,False,False
1.575,-1.6688177585601807,13.600652694702148,-2.993201971054077,-2.141178438462089,0.44728833844021665,0.9685000000000035,0.03149999999999653,0.0,567,531,0.8459696308002945,1.1540303691997056,22.0,22,0.0,23.0,0.03990636393427849,26.94554246727371,23.094783237281074,0.0,0.0,0.0,-0.19253796149963182,1.0,0.817737340927124,0.039759356528520584,0.0028495192527770996,0.039462881195358804,0.03844733388908195,0.051085432060062885,0.05058268395562967,0.0,0.0,0.010459338426589967,False,False
1.58,-1.7920293807983398,13.618889808654785,-2.995417356491089,-2.773486069731524,0.7601654256479706,0.9684000000000035,0.03159999999999652,0.0,599,562,0.5254721615669367,1.4745278384330633,18.0,18,4.0,33.0,0.039938367903232574,33.033413928334234,21.17021796750765,0.0,0.0,0.0,-0.5931597980413292,1.0,0.8179908394813538,0.03965924307703972,0.0028649568557739258,0.03907475677318858,0.03807726906457282,0.051824175752699375,0.05131090680758159,0.0,0.0,0.016830202341079716,False,False
1.585,-1.91879141330719,13.690054893493652,-3.0164966583251953,-2.50253376611236,0.8983240348302817,0.9683000000000035,0.03169999999999651,0.0,634,593,0.23168281476969188,1.5,34.0,34,3.0,38.0,0.03988735377788544,38.61396276763971,19.406033136882012,0.0,0.0,0.0,-0.960396481537885,1.0,0.8182446360588074,0.039675381034612656,0.002880394458770752,0.03847695061191903,0.037526327776412044,0.05272275457779567,0.05209540482610464,0.0,0.0,0.02082801342010498,False,False
1.59,-1.9236564636230469,13.686427116394043,-3.0346879959106445,-2.8390087125386647,0.8836690225923367,0.9682000000000035,0.0317999999999965,0.0,642,607,0.2957092468722178,1.5,27.0,27,3.0,27.0,0.039829932153224945,43.7294658703364,26.122197042141842,0.0,0.0,0.0,-0.8803634414097278,1.0,0.8185244202613831,0.03965488821268082,0.002895832061767578,0.038419135087169584,0.03748837365955102,0.05292134669919809,0.05221739256133636,0.0,0.0,0.012143721580505373,False,False
1.595,-1.9442923069000244,13.704227447509766,-3.0759263038635254,-2.8900136569024695,0.1666601579355307,0.9681000000000035,0.03189999999999649,0.0,685,642,0.19999999999999996,1.5,39.0,39,4.0,32.0,0.03977388143539429,48.41867704780836,23.94534728863002,0.0,0.0,0.0,-1.0,1.0,0.8187563419342041,0.03970695659518242,0.0029112696647644043,0.03826629001957662,0.03737124134755371,0.052979965694248676,0.052148899994790554,0.0,0.0,0.013944449424743651,False,False
1.6,-2.0362300872802734,13.739856719970703,-3.080059051513672,-2.8602780271404784,0.7352387008541009,0.9680000000000035,0.031999999999996476,0.0,722,675,0.19999999999999996,1.5,30.0,30,6.0,30.0,0.039716415107250214,44.38378729382433,21.949901681244185,0.0,0.0,0.0,-1.0,1.0,0.8189454078674316,0.03971731290221214,0.002926766872406006,0.03796724327358715,0.03708300275200345,0.053568724542856216,0.052696409014364086,0.0,0.0,0.024016587734222414,False,False
1.605,-2.064722776412964,13.747540473937988,-3.0743839740753174,3.0775569716569047,0.6004357713126047,0.9679000000000035,0.032099999999996465,0.0,706,674,0.19999999999999996,1.5,30.0,30,5.0,20.0,0.03968576341867447,40.6851383526723,20.12074320780717,0.0,0.0,0.0,-1.0,1.0,0.8192105889320374,0.03974130377173424,0.002942204475402832,0.03785366699099528,0.036973558515310166,0.053813972820838295,0.05294603295624256,0.0,0.0,0.026321198940277103,False,False
1.61,-2.1612701416015625,13.78374195098877,-3.007827043533325,-2.605078870853238,0.8109966627725695,0.9678000000000035,0.032199999999996454,0.0,671,628,0.2459721780216121,1.5,50.0,50,1.0,37.0,0.03965911641716957,37.29471015661627,18.44401460715657,0.0,0.0,0.0,-0.9425347774729849,1.0,0.8195282220840454,0.03989361599087715,0.0029578208923339844,0.03773638331533087,0.03679670137601582,0.05456642868618171,0.05387912970036268,0.0,0.0,0.021154918670654298,False,False
1.615,-2.2585947513580322,13.914041519165039,-3.002556324005127,-2.4615460183773807,0.7143770968286183,0.9677000000000036,0.03229999999999644,0.0,654,618,0.30880782985314437,1.5,42.0,42,10.0,24.0,0.03957342728972435,34.186817643564915,16.907013389893525,0.0,0.0,0.0,-0.8639902126835695,1.0,0.819845974445343,0.040001269429922104,0.0029732584953308105,0.03729415783565478,0.036359160964997986,0.05492314385871093,0.054207779467105865,0.0,0.0,0.022293035984039308,False,False
1.62,-2.306901216506958,13.919719696044922,-2.9999024868011475,-2.7393549334991363,0.6058705784117602,0.9676000000000036,0.03239999999999643,0.0,604,568,0.3664071773653824,1.5,25.0,25,4.0,19.0,0.03950372710824013,31.337916173267836,15.498095607402396,0.0,0.0,0.0,-0.791991028293272,1.0,0.8201150894165039,0.0399448424577713,0.0029886364936828613,0.0372202288471161,0.03629023683629918,0.055060411492983505,0.05432847887277603,0.0,0.0,0.022567453384399416,False,False
1.625,-2.321394681930542,13.805651664733887,-2.9401049613952637,-2.2878279652302487,0.565240153029791,0.9675000000000036,0.03249999999999642,0.0,623,590,0.41920657925160054,1.5,21.0,21,4.0,32.0,0.03971095383167267,28.726423158828847,14.206587640118862,0.0,0.0,0.0,-0.7259917759354992,1.0,0.820411205291748,0.039883725345134735,0.0030039548873901367,0.03749451997317361,0.0365138663134226,0.05576370904843013,0.05526035403211912,0.0,0.0,0.022489037513732914,False,False
1.6300000000000001,-2.323033094406128,13.72574234008789,-2.873565673828125,-2.898737649734652,0.8112803609431416,0.9674000000000036,0.03259999999999641,0.0,682,643,0.19999999999999996,1.5,37.0,37,4.0,31.0,0.039738450199365616,34.66588789559311,13.022705336775623,0.0,0.0,0.0,-1.0,1.0,0.8207042813301086,0.0399460606276989,0.0030193328857421875,0.03777154637500631,0.03673838142616041,0.05621041481693586,0.05595739930868149,0.0,0.0,0.022607476711273194,False,False
1.635,-2.3348262310028076,13.712358474731445,-2.8293344974517822,-2.324377765558329,0.6534489635543023,0.9673000000000036,0.0326999999999964,0.0,673,636,0.20641663951002553,1.5,28.0,28,6.0,33.0,0.039916377514600754,31.77706390429368,11.93747989204432,0.0,0.0,0.0,-0.991979200612468,1.0,0.8209494352340698,0.039909858256578445,0.0030347108840942383,0.037848840756341685,0.0367886165436356,0.05640715050200622,0.056303540865580246,0.0,0.0,0.023797945976257326,False,False
1.6400000000000001,-2.4046437740325928,13.60814380645752,-2.7300076484680176,-2.6002485763349545,0.48924665952119273,0.9672000000000036,0.03279999999999639,0.0,725,683,0.2725485862175234,1.5,40.0,40,3.0,35.0,0.03987280651926994,29.12897524560254,10.942689901040627,0.0,0.0,0.0,-0.9093142672280956,1.0,0.8211504817008972,0.03996225446462631,0.0030501484870910645,0.0382178146333122,0.037081146710086485,0.0570027685413758,0.05730186589062214,0.0,0.0,0.0327074146270752,False,False
1.645,-2.4892525672912598,13.520904541015625,-2.6769556999206543,-2.6505022510410368,0.9100844056684025,0.9671000000000036,0.03289999999999638,0.0,623,583,0.33316953736606314,1.5,38.0,38,6.0,28.0,0.03989405557513237,26.701560641802327,10.030799075953908,0.0,0.0,0.0,-0.833538078292421,1.0,0.8213804364204407,0.04003360867500305,0.00306546688079834,0.03837930535649247,0.03720997928952165,0.057496981074412666,0.05800786738594373,0.0,0.0,0.023421852588653567,False,False
1.6500000000000001,-2.600226640701294,13.45022964477539,-2.6857974529266357,-2.274657307219943,0.8282179159366914,0.9670000000000036,0.032999999999996366,0.0,648,596,0.38873874258555796,1.5,33.0,33,4.0,30.0,0.039925578981637955,24.4764305883188,9.194899152957749,0.0,0.0,0.0,-0.7640765717680524,1.0,0.8216602802276611,0.040058113634586334,0.0030808448791503906,0.03819591958029183,0.03704657249664875,0.05870208144187927,0.0592087022960186,0.0,0.0,0.01898979783058167,False,False
1.655,-2.730931043624878,13.272520065307617,-2.6431198120117188,-2.545732519603111,0.988854177395896,0.9669000000000036,0.033099999999996355,0.0,654,608,0.4396771807034282,1.5,44.0,44,8.0,21.0,0.039873793721199036,22.43672803929223,8.428657556877937,0.0,0.0,0.0,-0.7004035241207147,1.0,0.8219410181045532,0.04017191752791405,0.0030962228775024414,0.03826874606000867,0.03711054902523743,0.060239459077517196,0.060993609949946404,0.0,0.0,0.009740100502967836,False,False
1.6600000000000001,-2.8539865016937256,13.11965274810791,-2.649031639099121,-2.675448856463506,0.8174518782784455,0.9668000000000037,0.033199999999996344,0.0,622,584,0.19999999999999996,1.5,24.0,24,3.0,28.0,0.03991089388728142,28.900334036017878,7.726269427138108,0.0,0.0,0.0,-1.0,1.0,0.8221734762191772,0.04013073816895485,0.0031114816665649414,0.03818641849420951,0.037048949494647355,0.06171939894556999,0.0625537025431792,0.0,0.0,0.01714927911758423,False,False
1.665,-2.956221580505371,13.118949890136719,-2.6684505939483643,-2.181725791207035,0.6294266399801103,0.9667000000000037,0.03329999999999633,0.0,573,545,0.22361763100774157,1.5,19.0,19,5.0,35.0,0.03982972353696823,34.825306199683055,15.415746974876598,0.0,0.0,0.0,-0.9704779612403229,1.0,0.82248455286026,0.04005132615566254,0.0031266212463378906,0.03781235121935593,0.036711680531501645,0.06287711051603159,0.06365789410968622,0.0,0.0,0.017744598388671876,False,False
1.67,-3.009446382522583,13.184564590454102,-2.648460626602173,-2.440113154695637,0.755080601089879,0.9666000000000037,0.03339999999999632,0.0,628,591,0.6216494950904299,1.3783505049095701,43.0,43,1.0,30.0,0.039884261786937714,31.923197349709465,22.46443472697021,0.0,0.0,0.0,-0.4729381311369627,1.0,0.8227427005767822,0.04010726511478424,0.0031419992446899414,0.037620273490901905,0.03651518500922235,0.06342934134105842,0.06424599016706149,0.0,0.0,0.025951390266418455,False,False
1.675,-3.005960702896118,13.18851375579834,-2.670661687850952,-2.9466141753656507,0.6426561821726484,0.9665000000000037,0.03349999999999631,0.0,754,714,0.31984537049956085,1.5,35.0,35,5.0,51.0,0.04008323326706886,37.59626423723367,20.59239849972269,0.0,0.0,0.0,-0.8501932868755488,1.0,0.8230016827583313,0.040168873965740204,0.0031572580337524414,0.03757882770119843,0.03648427352588611,0.06350982313354811,0.06422733577589194,0.0,0.0,0.01783417820930481,False,False
1.68,-3.05576753616333,13.163999557495117,-2.7099106311798096,-1.9215666715480584,0.2592114872852464,0.9664000000000037,0.0335999999999963,0.0,629,591,0.37652492295793083,1.5,32.0,32,4.0,34.0,0.040039416402578354,34.46324221746419,18.876365291412466,0.0,0.0,0.0,-0.7793438463025864,1.0,0.8232129812240601,0.04017477110028267,0.0031723976135253906,0.037423854959197214,0.0363540552021003,0.06403790476421516,0.06460880239804587,0.0,0.0,0.01823858499526978,False,False
1.685,-3.123950481414795,13.177607536315918,-2.6985034942626953,-2.426313586052183,0.7757379336615124,0.9663000000000037,0.03369999999999629,0.0,587,555,0.42848117937810337,1.5,14.0,14,5.0,24.0,0.0400969423353672,31.59130536600884,17.303334850461425,0.0,0.0,0.0,-0.7143985257773707,1.0,0.8234521150588989,0.04007289931178093,0.0031875967979431152,0.03727462721367664,0.03620428916315225,0.06468189880251884,0.0652959787597259,0.0,0.0,0.028969335556030273,False,False
1.69,-3.1325435638427734,13.184322357177734,-2.6810684204101562,-2.9267342379468877,0.7951320448807778,0.9662000000000037,0.03379999999999628,0.0,550,521,0.4761077477632615,1.5,24.0,24,3.0,24.0,0.04001098871231079,28.9586965855081,15.861390279589639,0.0,0.0,0.0,-0.6548653152959231,1.0,0.8236427903175354,0.040011391043663025,0.003202676773071289,0.037265769643553714,0.036190312329213936,0.06486480434735617,0.06554932333528996,0.0,0.0,0.01907775640487671,False,False
1.695,-3.238837480545044,13.199610710144043,-2.594804286956787,-2.425315700436742,0.7098487366877851,0.9661000000000037,0.033899999999996266,0.0,663,619,0.5197654354496564,1.4802345645503436,56.0,56,3.0,22.0,0.039940379559993744,26.54547187004909,14.539607756290502,0.0,0.0,0.0,-0.6002932056879294,1.0,0.8237901329994202,0.040219746530056,0.0032178759574890137,0.037289460368454326,0.036168369746766856,0.06552593782544136,0.06660055990020435,0.0,0.0,0.023044471740722657,False,False
1.7,-3.3390471935272217,13.262821197509766,-2.623359203338623,-2.294752801648493,0.7757856199286263,0.9660000000000037,0.033999999999996255,0.0,750,709,0.2264516491621853,1.5,38.0,38,6.0,31.0,0.03987456485629082,32.666682547544994,13.327973776599627,0.0,0.0,0.0,-0.9669354385472684,1.0,0.8239926695823669,0.04027268663048744,0.0032329559326171875,0.03690667391847806,0.03581365877250196,0.06616229501863322,0.06705252764125666,0.0,0.0,0.03463047027587891,False,False
1.705,-3.354642629623413,13.211450576782227,-2.6080524921417236,-1.978286517151134,0.5435491029197139,0.9659000000000038,0.034099999999996244,0.0,705,664,0.29091401173200326,1.5,33.0,33,5.0,27.0,0.03992422670125961,29.944459001916243,12.217309295216324,0.0,0.0,0.0,-0.8863574853349959,1.0,0.8242181539535522,0.04028873145580292,0.0032480359077453613,0.03699830397032188,0.035897869216278064,0.06636831909418106,0.06734697458644709,0.0,0.0,0.03136374473571778,False,False
1.71,-3.3219940662384033,13.113317489624023,-2.528360366821289,-2.520154998444714,0.7759719060107578,0.9658000000000038,0.03419999999999623,0.0,613,583,0.6833378440876696,1.3166621559123304,36.0,36,1.0,41.0,0.039912231266498566,27.449087418423222,19.53253352061496,0.0,0.0,0.0,-0.39582769489041303,1.0,0.8243953585624695,0.040341250598430634,0.0032631754875183105,0.03743188642803566,0.03628714947681861,0.06649903332193693,0.06792624481022358,0.0,0.0,0.0228751015663147,False,False
1.715,-3.3054800033569336,13.059431076049805,-2.4812276363372803,-2.2938850163150275,0.793029558129945,0.9657000000000038,0.03429999999999622,0.0,648,609,0.7097263570803638,1.2902736429196362,30.0,30,5.0,39.0,0.039998382329940796,25.16166346688795,17.904822393897046,0.0,0.0,0.0,-0.36284205364954525,1.0,0.8245293498039246,0.04032806307077408,0.003278374671936035,0.0376564181220406,0.03649315940464524,0.06656794498364131,0.06824129881958167,0.0,0.0,0.03095591545104981,False,False
1.72,-3.3239905834198,13.019227027893066,-2.4394073486328125,-1.8533715988153325,0.782261935931278,0.9656000000000038,0.03439999999999621,0.0,676,634,0.7339158273236668,1.2660841726763332,18.0,18,5.0,35.0,0.039943914860486984,23.06485817798062,16.412753861072293,0.0,0.0,0.0,-0.3326052158454164,1.0,0.8246214389801025,0.0402342714369297,0.003293335437774658,0.03778575272966784,0.0366099393352244,0.06676307258506617,0.0686417209605376,0.0,0.0,0.038009233474731445,False,False
1.725,-3.3482160568237305,12.953961372375488,-2.394674777984619,-2.344750110539889,0.9210298433477065,0.9655000000000038,0.0344999999999962,0.0,748,701,0.756089508380028,1.243910491619972,33.0,33,5.0,34.0,0.039862144738435745,29.476119996482236,23.378357705982935,0.0,0.0,0.0,-0.304888114524965,1.0,0.8248417973518372,0.040238816291093826,0.003308534622192383,0.038008122451603274,0.03681111384555684,0.06680353234211604,0.06891393723587196,0.0,0.0,0.03939279317855835,False,False
1.73,-3.3877768516540527,12.91970157623291,-2.3744988441467285,-2.4024087644755743,0.6682901376704746,0.9654000000000038,0.03459999999999619,0.0,609,569,0.44308204934835893,1.5,24.0,24,3.0,37.0,0.03975961357355118,35.35310999677538,21.430161230484355,0.0,0.0,0.0,-0.6961474383145513,1.0,0.8250601887702942,0.040206216275691986,0.0033234357833862305,0.038104142247854286,0.03689650985877947,0.06705521605908871,0.06928903982043266,0.0,0.0,0.014543956518173218,False,False
1.735,-3.469923973083496,12.81731128692627,-2.3805813789367676,-2.269712649094571,0.8358347760917015,0.9653000000000038,0.03469999999999618,0.0,659,623,0.4894918785693292,1.5,48.0,48,5.0,38.0,0.03981852903962135,32.407017497044095,19.644314461277325,0.0,0.0,0.0,-0.6381351517883385,1.0,0.8252823352813721,0.04032914713025093,0.0033385157585144043,0.03804891436391807,0.036851022318005425,0.06809626705944538,0.0703617837280035,0.0,0.0,0.02238696813583374,False,False
1.74,-3.5136098861694336,12.646717071533203,-2.3526880741119385,-2.717940741751981,0.8568303943732373,0.9652000000000038,0.03479999999999617,0.0,710,666,0.19999999999999996,1.5,49.0,49,4.0,40.0,0.04002845659852028,38.03976603895708,18.00728825617088,0.0,0.0,0.0,-1.0,1.0,0.8254568576812744,0.040489859879016876,0.0033536553382873535,0.03823983679385842,0.03704272675560774,0.06895733686784904,0.07147348175446193,0.0,0.0,0.012508237361907959,False,False
1.745,-3.599217653274536,12.516057968139648,-2.3563292026519775,-2.278177184027096,0.960593650075435,0.9651000000000038,0.034899999999996156,0.0,588,557,0.26547581463117265,1.5,19.0,19,3.0,27.0,0.03998938575387001,34.869785535710655,16.506680901489972,0.0,0.0,0.0,-0.9181552317110342,1.0,0.8255877494812012,0.04040024057030678,0.003368854522705078,0.03819619238376603,0.03701659974331644,0.07036639687915644,0.07301649389167628,0.0,0.0,0.009826124906539918,False,False
1.75,-3.72937273979187,12.469794273376465,-2.3656978607177734,-1.9002907279968415,0.6869229747467691,0.9650000000000039,0.034999999999996145,0.0,640,604,0.32668616341190837,1.5,58.0,58,5.0,22.0,0.03991363197565079,31.96397007440143,15.13112415969914,0.0,0.0,0.0,-0.8416422957351145,1.0,0.8257941007614136,0.0406176894903183,0.003383934497833252,0.03790527736426628,0.03674943345024548,0.07226386107504368,0.07500028237700462,0.0,0.0,0.017397167682647707,False,False
1.7550000000000001,-3.7622435092926025,12.489943504333496,-2.3686208724975586,-2.44470538440999,0.8145791525375525,0.9649000000000039,0.035099999999996134,0.0,715,669,0.3827956497942494,1.5,30.0,30,8.0,32.0,0.039933547377586365,29.300305901534642,13.870197146390879,0.0,0.0,0.0,-0.7715054377571882,1.0,0.8259498476982117,0.040618013590574265,0.003398895263671875,0.037807309278286856,0.03665366226341562,0.07288606526950996,0.07561540541549525,0.0,0.0,0.01580710530281067,False,False
1.76,-3.7566850185394287,12.516704559326172,-2.4048445224761963,-2.1729046384895208,0.9624847836516846,0.9648000000000039,0.03519999999999612,0.0,627,600,0.4342293456447287,1.5,21.0,21,4.0,29.0,0.04009333997964859,26.85861374307342,12.714347384191639,0.0,0.0,0.0,-0.707213317944089,1.0,0.8260623812675476,0.04054553434252739,0.003413856029510498,0.037709952981366326,0.0365622340381765,0.07298251303533713,0.07552799147864184,0.0,0.0,0.01643901824951172,False,False
1.7650000000000001,-3.838996648788452,12.497675895690918,-2.4242353439331055,-2.702733468066978,0.5694614796599153,0.9647000000000039,0.03529999999999611,0.0,606,573,0.48137690017433477,1.5,20.0,20,3.0,23.0,0.04002844914793968,24.620395931150632,11.654818435509002,0.0,0.0,0.0,-0.6482788747820816,1.0,0.8261330723762512,0.04047231748700142,0.0034288763999938965,0.03752895229558136,0.03639131145675964,0.07406961172819138,0.0765792994449536,0.0,0.0,0.022103819847106933,False,False
1.77,-3.882680892944336,12.485560417175293,-2.407651662826538,-2.472184173630237,0.7398352832070716,0.9646000000000039,0.0353999999999961,0.0,617,578,0.19999999999999996,1.5,64.0,64,1.0,29.0,0.03993775695562363,30.902029603554745,10.683583565883252,0.0,0.0,0.0,-1.0,1.0,0.8262349367141724,0.04068400338292122,0.003443777561187744,0.03749236408527927,0.03635426945332424,0.07461522395412128,0.07724267120162646,0.0,0.0,0.01637536406517029,False,False
1.7750000000000001,-3.9432108402252197,12.477363586425781,-2.3770217895507812,-2.5988101745921126,0.9052804635293664,0.9645000000000039,0.03549999999999609,0.0,668,637,0.25865697861871173,1.5,43.0,43,7.0,43.0,0.039883822202682495,28.326860469925183,9.79328493539298,0.0,0.0,0.0,-0.9266787767266103,1.0,0.8263377547264099,0.04079185798764229,0.003458559513092041,0.037485063279047465,0.03634010867836562,0.07521911524236202,0.07803574825326602,0.0,0.0,0.01641131401062012,False,False
1.78,-4.073721885681152,12.485158920288086,-2.326910972595215,-2.071435314892436,0.7002905081589842,0.9644000000000039,0.03559999999999608,0.0,590,550,0.3204355637338193,1.5,26.0,26,5.0,20.0,0.03992384299635887,25.966288764098085,8.977177857443566,0.0,0.0,0.0,-0.8494555453327258,1.0,0.826396644115448,0.0407361276447773,0.003473222255706787,0.03732944123757369,0.0361854995639683,0.07635829038918018,0.0794769637286663,0.0,0.0,0.022779080867767334,False,False
1.7850000000000001,-4.1413164138793945,12.495526313781738,-2.3603763580322266,-2.2465457126500206,0.6620919501537093,0.9643000000000039,0.03569999999999607,0.0,531,503,0.3770659334226676,1.5,20.0,20,2.0,26.0,0.03999117389321327,23.80243136708991,8.229079702656602,0.0,0.0,0.0,-0.7786675832216654,1.0,0.8264152407646179,0.040677595883607864,0.003487825393676758,0.037080480048432805,0.03595303942263113,0.07721292475859325,0.0801459327340126,0.0,0.0,0.024340941905975345,False,False
1.79,-4.109663486480713,12.413147926330566,-2.306354284286499,-2.258162889360548,0.6715672861331722,0.9642000000000039,0.03579999999999606,0.0,560,518,0.4289771056374453,1.5,18.0,18,0.0,24.0,0.03990680351853371,21.818895419832415,7.543323060768551,0.0,0.0,0.0,-0.7137786179531933,1.0,0.8263949155807495,0.040604643523693085,0.003502368927001953,0.0374203871710535,0.0362733211945741,0.07678822924693426,0.08004922730227312,0.0,0.0,0.024261438846588136,False,False
1.795,-4.062317371368408,12.336854934692383,-2.2345778942108154,-1.9389105651238205,0.7329839133968998,0.964100000000004,0.035899999999996046,0.0,653,618,0.19999999999999996,1.5,39.0,39,4.0,47.0,0.03985730931162834,28.33398746817971,6.914712805704505,0.0,0.0,0.0,-1.0,1.0,0.8263369202613831,0.040611885488033295,0.003516852855682373,0.03783697124135977,0.03667035492633766,0.0762164064993461,0.07987943477928638,0.0,0.0,0.023630778789520267,False,False
1.8,-4.0406646728515625,12.320828437805176,-2.1884331703186035,-2.14725625998492,0.6048842009540668,0.964000000000004,0.035999999999996035,0.0,661,624,0.21462659570924236,1.5,24.0,24,5.0,33.0,0.039812251925468445,34.30615517916473,14.671820071895795,0.0,0.0,0.0,-0.9817167553634469,1.0,0.8263140916824341,0.04057122394442558,0.0035313963890075684,0.03802768251718939,0.03685414238786311,0.07571913612385592,0.0795755193879207,0.0,0.0,0.028739752769470217,False,False
1.805,-4.025218486785889,12.232059478759766,-2.1155037879943848,-2.3251172549813743,0.9604017647039813,0.963900000000004,0.036099999999996024,0.0,757,714,0.2800743794001388,1.5,26.0,26,3.0,35.0,0.03980791196227074,31.447308914234338,13.449168399237811,0.0,0.0,0.0,-0.8999070257498264,1.0,0.8262962102890015,0.04054274410009384,0.003545820713043213,0.03844610399877017,0.03725803089638537,0.07495930728813013,0.07910738078256449,0.0,0.0,0.03594427824020386,False,False
1.81,-4.039390563964844,12.091690063476562,-2.0458555221557617,-1.9184797771656432,0.7724430246738132,0.963800000000004,0.03619999999999601,0.0,827,771,0.19999999999999996,1.5,29.0,29,3.0,28.0,0.03980093449354172,37.16003317138147,12.328404365967993,0.0,0.0,0.0,-1.0,1.0,0.8262893557548523,0.04052377864718437,0.0035602450370788574,0.03887056728949135,0.03767318038192253,0.07419154358406863,0.07855458495517573,0.0,0.0,0.06585094928741456,False,False
1.815,-4.090374946594238,11.995362281799316,-2.0423765182495117,-2.0412844969746815,0.7268011922714975,0.963700000000004,0.036299999999996,0.0,662,626,0.19999999999999996,1.5,31.0,31,4.0,23.0,0.04031525179743767,34.06336374043301,11.30103733547066,0.0,0.0,0.0,-1.0,1.0,0.8262417912483215,0.04054475203156471,0.0035747289657592773,0.038960984011180554,0.037762744892388435,0.07473974178234737,0.07915545875827472,0.0,0.0,0.0221044659614563,False,False
1.82,-4.104048252105713,11.830093383789062,-2.0306894779205322,-2.30206609747305,0.7355068522491938,0.963600000000004,0.03639999999999599,0.0,653,616,0.19999999999999996,1.5,58.0,58,6.0,16.0,0.040270816534757614,31.224750095396924,10.359284224181438,0.0,0.0,0.0,-1.0,1.0,0.8262801766395569,0.040749695152044296,0.0035892128944396973,0.03918835004574294,0.03798859906832983,0.07538926166792712,0.08000338760515055,0.0,0.0,0.009425341486930848,False,False
1.825,-4.0951924324035645,11.659613609313965,-2.0071287155151367,-2.1219672342336864,0.8633416306153348,0.963500000000004,0.03649999999999598,0.0,599,561,0.23493291805543226,1.5,33.0,33,5.0,14.0,0.040194232016801834,28.622687587447178,9.496010538832985,0.0,0.0,0.0,-0.9563338524307096,1.0,0.8263700008392334,0.040760256350040436,0.003603696823120117,0.039489836861068855,0.03829376504508143,0.07540124778946242,0.08018115535378456,0.0,0.0,0.012076992988586426,False,False
1.83,-4.173288345336914,11.547955513000488,-2.0092387199401855,-1.4587930002947969,0.7407433958083114,0.963400000000004,0.03659999999999597,0.0,561,532,0.2986885082174796,1.5,27.0,27,7.0,29.0,0.04014682024717331,26.237463621826578,8.70467632726357,0.0,0.0,0.0,-0.8766393647281504,1.0,0.8264135718345642,0.040741290897130966,0.0036181211471557617,0.03943904084153458,0.03825783371226848,0.07680535006026427,0.08177220510939757,0.0,0.0,0.016473416090011597,False,False
1.835,-4.272397518157959,11.50108528137207,-1.993956446647644,-2.085502893856916,0.6270460298310244,0.963300000000004,0.03669999999999596,0.0,629,576,0.3571311325326897,1.5,21.0,21,1.0,31.0,0.040065180510282516,24.051008320007696,7.979286633324939,0.0,0.0,0.0,-0.8035860843341378,1.0,0.826417088508606,0.040711019188165665,0.0036324262619018555,0.03933660904007639,0.03816394123217697,0.07814236916601658,0.08331008876363437,0.0,0.0,0.020718190670013428,False,False
1.84,-4.259742259979248,11.52523422241211,-2.0099868774414062,-1.518648884661432,0.7220408644670654,0.963200000000004,0.03679999999999595,0.0,585,557,0.4107035381549655,1.5,42.0,42,2.0,41.0,0.040024254471063614,22.04675762667372,7.31434608054786,0.0,0.0,0.0,-0.736620577306293,1.0,0.826453447341919,0.04074997454881668,0.0036469101905822754,0.0392980536712953,0.03812300702541431,0.07824947747091453,0.08336507094403109,0.0,0.0,0.017573350667953493,False,False
1.845,-4.290532112121582,11.509432792663574,-2.05176043510437,-2.1362298110944073,0.7487703508856131,0.9631000000000041,0.036899999999995936,0.0,650,610,0.45981157664205174,1.5,55.0,55,5.0,20.0,0.03994765877723694,20.20952782445091,6.704817240502205,0.0,0.0,0.0,-0.6752355291974352,1.0,0.8264464735984802,0.04092768579721451,0.00366133451461792,0.03916183143854127,0.037984143197536326,0.07905897994836172,0.08410439205666384,0.0,0.0,0.019127862453460695,False,False
1.85,-4.358470916748047,11.473321914672852,-2.0515151023864746,-2.310487390277414,0.9225354022006597,0.9630000000000041,0.036999999999995925,0.0,722,688,0.19999999999999996,1.5,38.0,38,8.0,24.0,0.03998737037181854,26.85873383908,6.146082470460354,0.0,0.0,0.0,-1.0,1.0,0.82649827003479,0.04098264127969742,0.0036757588386535645,0.039086399641663924,0.037911292082474735,0.07991398995121321,0.08504176201919715,0.0,0.0,0.022208449840545656,False,False
1.855,-4.3675127029418945,11.484179496765137,-2.0529963970184326,-1.6981830770115662,0.8675734382674676,0.9629000000000041,0.037099999999995914,0.0,635,602,0.24053611648394635,1.5,21.0,21,3.0,22.0,0.04003893956542015,24.620506019156664,5.633908931255324,0.0,0.0,0.0,-0.949329854395067,1.0,0.8265048861503601,0.04089939966797829,0.0036903023719787598,0.03902636804928367,0.037856090352870374,0.08017821237444878,0.08533373475074768,0.0,0.0,0.027346265316009522,False,False
1.86,-4.421605110168457,11.434575080871582,-1.9602805376052856,-2.015052667597759,0.8680671166976521,0.9628000000000041,0.0371999999999959,0.0,561,526,0.3038247734436176,1.5,24.0,24,1.0,23.0,0.04015156999230385,22.56879718422694,5.16441652031738,0.0,0.0,0.0,-0.870219033195478,1.0,0.8265441656112671,0.04084990173578262,0.0037046074867248535,0.03929729880578801,0.03813063814304754,0.07965409817794959,0.08506521272162597,0.0,0.0,0.017600702047348024,False,False
1.865,-4.547745704650879,11.418374061584473,-1.9538766145706177,-1.8774637868092148,0.7415029957317518,0.9627000000000041,0.03729999999999589,0.0,598,564,0.36183937565664936,1.5,21.0,21,8.0,24.0,0.040436796844005585,29.021397418874695,13.06738181029093,0.0,0.0,0.0,-0.7977007804291882,1.0,0.8265398144721985,0.04078718647360802,0.003719151020050049,0.03905481608398243,0.0379033921565859,0.08107310781876247,0.08657929487526417,0.0,0.0,0.024704480171203615,False,False
1.87,-4.566244602203369,11.386937141418457,-1.9704341888427734,-1.6418530412383328,0.6903927099173492,0.9626000000000041,0.03739999999999588,0.0,687,641,0.19999999999999996,1.5,18.0,18,3.0,37.0,0.04039056599140167,34.9362809673018,11.978433326100019,0.0,0.0,0.0,-1.0,1.0,0.8264968395233154,0.04070815443992615,0.003733336925506592,0.0389753408543764,0.037822831802846096,0.08147885712484519,0.08697389004131159,0.0,0.0,0.028571252822875974,False,False
1.875,-4.493692398071289,11.32633113861084,-1.8915914297103882,-2.0671348451930864,0.6707466554869077,0.9625000000000041,0.03749999999999587,0.0,689,647,0.19999999999999996,1.5,42.0,42,2.0,23.0,0.040370240807533264,32.02492422002665,10.980230548925016,0.0,0.0,0.0,-1.0,1.0,0.82646244764328,0.04078389331698418,0.0037476420402526855,0.03947983172256484,0.038328589944168774,0.07992611887554328,0.08558899785081546,0.0,0.0,0.025153341293334963,False,False
1.8800000000000001,-4.424117565155029,11.29152774810791,-1.8240430355072021,-1.969616128309681,0.8186539029470473,0.9624000000000041,0.03759999999999586,0.0,681,642,0.2283612320596068,1.5,71.0,71,4.0,17.0,0.04030445218086243,29.356180535024425,10.065211336514597,0.0,0.0,0.0,-0.9645484599254914,1.0,0.8264597654342651,0.041067592799663544,0.0037620067596435547,0.039898415076701436,0.03875408049983268,0.07851876008013885,0.08426082010070483,0.0,0.0,0.0303349781036377,False,False
1.885,-4.400714874267578,11.266217231750488,-1.7801443338394165,-1.4644157115462684,0.8079602346837794,0.9623000000000042,0.03769999999999585,0.0,587,549,0.2926644627213063,1.5,26.0,26,7.0,23.0,0.04021988809108734,26.909832157105722,9.226443725138381,0.0,0.0,0.0,-0.8841694215983671,1.0,0.8264147639274597,0.04103700816631317,0.003776371479034424,0.04010951332251215,0.03897456435238306,0.07783232877651851,0.08360701302687328,0.0,0.0,0.0399906063079834,False,False
1.8900000000000001,-4.366387367248535,11.19832706451416,-1.7337424755096436,-1.673090704250874,0.6872514036380188,0.9622000000000042,0.03779999999999584,0.0,620,579,0.3516090908278642,1.5,15.0,15,3.0,24.0,0.04014022275805473,24.667346144013578,8.457573414710183,0.0,0.0,0.0,-0.8104886364651698,1.0,0.8263323903083801,0.040946755558252335,0.0037906765937805176,0.04042861662805064,0.03930160383414462,0.0768573209643364,0.08260960380236308,0.0,0.0,0.052928934097290034,False,False
1.895,-4.33653450012207,11.165040969848633,-1.7137815952301025,-1.7389795634303573,0.8395440543319953,0.9621000000000042,0.037899999999995826,0.0,638,603,0.4056416665922088,1.5,40.0,40,4.0,27.0,0.040071580559015274,22.611733965345778,7.7527756301510005,0.0,0.0,0.0,-0.7429479167597389,1.0,0.8263110518455505,0.040974121540784836,0.0038050413131713867,0.040602903190689627,0.039479113084884825,0.07618200654784839,0.08188622693220775,0.0,0.0,0.029273152351379395,False,False
1.9000000000000001,-4.342543125152588,11.014291763305664,-1.751444935798645,-2.0521011847682944,0.9163967032919996,0.9620000000000042,0.037999999999995815,0.0,668,634,0.45517152770952474,1.5,26.0,26,3.0,36.0,0.04004504159092903,29.060756134900295,15.440044327638415,0.0,0.0,0.0,-0.681035590363094,1.0,0.8264207243919373,0.0409320704638958,0.003819406032562256,0.040748663811168165,0.039604245694354015,0.07664432128270468,0.08235299959778786,0.0,0.0,0.012863547801971437,False,False
1.905,-4.325724124908447,10.744571685791016,-1.7241524457931519,-1.5430341412442163,0.8231923066521555,0.9619000000000042,0.038099999999995804,0.0,627,585,0.5005739004003977,1.4994260995996023,15.0,15,5.0,30.0,0.039986301213502884,26.639026456991935,14.15337396700188,0.0,0.0,0.0,-0.6242826244995028,1.0,0.8264793157577515,0.04083240404725075,0.0038336515426635742,0.041227653510868385,0.04009426005184634,0.07627752299110095,0.08202677592635155,0.0,0.0,0.01617871403694153,False,False
1.9100000000000001,-4.322402477264404,10.599153518676758,-1.705109715461731,-2.4005950947239763,0.9957822299103685,0.9618000000000042,0.03819999999999579,0.0,692,662,0.20885940870036468,1.5,69.0,69,3.0,28.0,0.040012799203395844,32.75244091890927,12.97392613641839,0.0,0.0,0.0,-0.9889257391245441,1.0,0.8264968991279602,0.04110739007592201,0.0038478970527648926,0.04149130459455756,0.04037190603309605,0.07617616715530555,0.08195292515059313,0.0,0.0,0.014512331485748292,False,False
1.915,-4.40256404876709,10.591652870178223,-1.7361550331115723,-1.984294249770835,0.9574304852055501,0.9617000000000042,0.03829999999999578,0.0,760,711,0.2747877913086677,1.5,47.0,47,9.0,34.0,0.04010691121220589,30.0230708423335,11.89276562505019,0.0,0.0,0.0,-0.9065152608641653,1.0,0.8265209197998047,0.04122992232441902,0.003862321376800537,0.04125472083470457,0.04012362615608905,0.07737535362442335,0.08325907401740551,0.0,0.0,0.013772013187408446,False,False
1.92,-4.494740009307861,10.6640043258667,-1.7572343349456787,-2.4955707460362975,0.9905078837355414,0.9616000000000042,0.03839999999999577,0.0,576,549,0.19999999999999996,1.5,24.0,24,4.0,21.0,0.04029153659939766,35.85448160547237,10.901701822962673,0.0,0.0,0.0,-1.0,1.0,0.826574444770813,0.04115751013159752,0.0038766860961914062,0.04092515794094636,0.03978866003220885,0.07882433943450451,0.08482489114006361,0.0,0.0,0.021876399517059327,False,False
1.925,-4.518666744232178,10.708454132080078,-1.787460207939148,-1.7966985593905085,0.6384980584127073,0.9615000000000042,0.03849999999999576,0.0,586,551,0.19999999999999996,1.5,17.0,17,1.0,28.0,0.04025248438119888,32.866608138349676,9.993226671049117,0.0,0.0,0.0,-1.0,1.0,0.8265835642814636,0.04106659069657326,0.003890812397003174,0.040742387548088864,0.03960001312941297,0.07968517020344734,0.0857440878947576,0.0,0.0,0.02242142677307129,False,False
1.93,-4.551061153411865,10.679996490478516,-1.8072129487991333,-2.0548900163813153,0.8721399984259527,0.9614000000000043,0.03859999999999575,0.0,558,532,0.19999999999999996,1.5,21.0,21,2.0,31.0,0.04039863124489784,30.127724126820535,9.160457781795023,0.0,0.0,0.0,-1.0,1.0,0.826553225517273,0.04098637029528618,0.003904879093170166,0.04067034892272187,0.03952319946683307,0.08019505999982357,0.08626025480528673,0.0,0.0,0.02507098436355591,False,False
1.935,-4.595330238342285,10.636046409606934,-1.802633285522461,-1.5655470002455334,0.5508314870041354,0.9613000000000043,0.03869999999999574,0.0,744,695,0.2312002340157311,1.5,41.0,41,4.0,38.0,0.04033329710364342,27.61708044958549,8.39708629997877,0.0,0.0,0.0,-0.960999707480336,1.0,0.826484739780426,0.04106823727488518,0.003918945789337158,0.04065889039915038,0.03951625081524237,0.08073614910244942,0.08686970919370651,0.0,0.0,0.059130973815917975,False,False
1.94,-4.612311363220215,10.621524810791016,-1.7864209413528442,-2.1401996323638484,0.7244644615195475,0.9612000000000043,0.03879999999999573,0.0,661,625,0.2952668811810869,1.5,19.0,19,6.0,43.0,0.04031781479716301,25.3156570787867,7.697329108313872,0.0,0.0,0.0,-0.8809163985236413,1.0,0.8263792991638184,0.04099757969379425,0.00393301248550415,0.040639198253086296,0.039508797063026416,0.0809833345313867,0.08721076262493929,0.0,0.0,0.01685676336288452,False,False
1.945,-4.677375793457031,10.545480728149414,-1.6905872821807861,-0.7804981604365823,0.9832877155635302,0.9611000000000043,0.038899999999995716,0.0,663,625,0.353994641082663,1.5,45.0,45,4.0,24.0,0.04024031013250351,23.206018988887806,7.055885015954383,0.0,0.0,0.0,-0.8075066986466712,1.0,0.8264070153236389,0.04105306416749954,0.003947079181671143,0.04089690076249325,0.039799232714498874,0.08020699334641299,0.08638168374697368,0.0,0.0,0.025802404880523683,False,False
1.95,-4.773210525512695,10.499136924743652,-1.704959511756897,-1.6563872251076037,0.6690663533813724,0.9610000000000043,0.038999999999995705,0.0,685,642,0.7411617543257745,1.2588382456742255,54.0,54,5.0,25.0,0.04017692431807518,21.272184073147155,14.801227931291516,0.0,0.0,0.0,-0.32354780709278197,1.0,0.8263863325119019,0.041252072900533676,0.003961145877838135,0.04065859840018658,0.039562803327105774,0.08143452927470207,0.08766433224081993,0.0,0.0,0.02745156764984131,False,False
1.955,-4.75331449508667,10.467794418334961,-1.6815799474716187,-1.9967556511832272,0.717019704076635,0.9609000000000043,0.039099999999995694,0.0,692,660,0.7627316081319598,1.23726839186804,32.0,32,4.0,34.0,0.0401201955974102,27.83283540038489,21.901125603683887,0.0,0.0,0.0,-0.2965854898350502,1.0,0.8263271450996399,0.041263382881879807,0.0039751529693603516,0.04081717219824576,0.039723963312183655,0.08077752776443958,0.08693464721242587,0.0,0.0,0.03294193744659424,False,False
1.96,-4.6946892738342285,10.385514259338379,-1.6086561679840088,-1.3007380315693213,0.739597938557169,0.9608000000000043,0.03919999999999568,0.0,620,581,1.1158373074542964,0.8841626925457036,39.0,39,5.0,35.0,0.040069855749607086,25.513432450352816,28.40936513671023,0.0,0.0,0.0,0.1447966343178706,1.0,0.8262307047843933,0.04133495315909386,0.003989279270172119,0.04135012235632149,0.04028290006301039,0.07938589279850325,0.08549558619658153,0.0,0.0,0.021905040740966795,False,False
1.965,-4.678529262542725,10.318562507629395,-1.5669052600860596,-1.9566455125398445,0.769952202825196,0.9607000000000043,0.03929999999999567,0.0,622,583,1.1061841984997718,0.8938158015002282,40.0,40,2.0,28.0,0.040141355246305466,23.38731307949008,26.041918041984374,0.0,0.0,0.0,0.13273024812471465,1.0,0.8261697888374329,0.04140332341194153,0.004003465175628662,0.041624315187334844,0.04057604676857574,0.07878592858711879,0.08486084640026093,0.0,0.0,0.027827298641204833,False,False
1.97,-4.679689407348633,10.260167121887207,-1.5285457372665405,-1.5064630465617335,0.8213948098783516,0.9606000000000043,0.03939999999999566,0.0,654,623,1.0973355152914575,0.9026644847085425,58.0,58,6.0,40.0,0.040308628231287,21.438370322865907,23.871758205152343,0.0,0.0,0.0,0.12166939411432179,1.0,0.8261141777038574,0.041606541723012924,0.004017531871795654,0.04181687695393321,0.040788830830715425,0.07829166017472744,0.08429133954147498,0.0,0.0,0.03639155149459839,False,False
1.975,-4.653695583343506,10.179720878601074,-1.5006914138793945,-1.5108868999194336,0.8751976469309618,0.9605000000000044,0.03949999999999565,0.0,666,625,1.0892242223505026,0.9107757776494974,27.0,27,5.0,45.0,0.04028654471039772,19.65183946262708,21.882445021389646,0.0,0.0,0.0,0.11153027793812828,1.0,0.8260189294815063,0.04156016558408737,0.004031717777252197,0.042095670438060985,0.041076589260560604,0.07753144949674606,0.08341646132369837,0.0,0.0,0.03738675832748413,False,False
1.98,-4.62170934677124,10.121119499206543,-1.4790091514587402,-1.9416907933810699,0.8445518279085839,0.9604000000000044,0.03959999999999564,0.0,680,632,1.0817888704879608,0.9182111295120393,21.0,21,6.0,26.0,0.040254607796669006,18.014186174074823,20.05890793627384,0.0,0.0,0.0,0.10223608810995088,1.0,0.8259387612342834,0.04148826003074646,0.0040457844734191895,0.04232602901291085,0.041312855298165065,0.07668476241330306,0.08242912280062835,0.0,0.0,0.018915038108825687,False,False
1.985,-4.556763648986816,9.960811614990234,-1.4827215671539307,-1.1782698447352704,0.7024087484793919,0.9603000000000044,0.03969999999999563,0.0,665,632,0.7416397979472974,1.2583602020527027,28.0,28,4.0,23.0,0.04021546244621277,24.84633732623525,18.387332274917686,0.0,0.0,0.0,-0.3229502525658782,1.0,0.8259934186935425,0.041453320533037186,0.004059731960296631,0.04273785622542085,0.041706155300140206,0.0759153130153815,0.08160124843319258,0.0,0.0,0.017526289224624635,False,False
1.99,-4.424156188964844,9.832132339477539,-1.4698835611343384,-1.8724601316316956,0.8977379503351658,0.9602000000000044,0.03979999999999562,0.0,679,639,0.7631698147850225,1.2368301852149775,49.0,49,3.0,20.0,0.040315330028533936,22.775809215715647,16.85505458534121,0.0,0.0,0.0,-0.2960377315187218,1.0,0.8260444402694702,0.04156531020998955,0.004073798656463623,0.04329018095259848,0.042252278908000464,0.07424400498469672,0.07975200812021892,0.0,0.0,0.009943897724151612,False,False
1.995,-4.377026557922363,9.70190143585205,-1.4813416004180908,-1.600095711150139,0.865794025546277,0.9601000000000044,0.039899999999995606,0.0,633,591,0.7829056635529374,1.2170943364470626,47.0,47,3.0,24.0,0.040252652019262314,20.877825114406008,15.450466703229443,0.0,0.0,0.0,-0.27136792055882825,1.0,0.8260521292686462,0.04168150946497917,0.004087865352630615,0.043550795116461635,0.04251096460316312,0.07383499915401141,0.07929482807715735,0.0,0.0,0.010089052915573122,False,False
2.0,-4.422667980194092,9.573638916015625,-1.4952894449234009,-1.5895924399658843,0.6149754392009953,0.9600000000000044,0.039999999999995595,0.0,649,619,0.8009968582568594,1.1990031417431406,53.0,53,9.0,24.0,0.040172938257455826,19.13800635487217,14.162927811293656,0.0,0.0,0.0,-0.24875392717892578,1.0,0.8260918259620667,0.04181971400976181,0.004102051258087158,0.04360647447640058,0.04256703304375194,0.07452530475954215,0.08006359140078227,0.0,0.0,0.019956141710281372,False,False
2.005,-4.454047203063965,9.555991172790527,-1.506858468055725,-1.6698480577366193,0.7741962487756058,0.9599000000000044,0.040099999999995584,0.0,529,492,1.1509137867354544,0.8490862132645456,19.0,19,3.0,22.0,0.04008769989013672,17.543172491966157,21.316017160352516,0.0,0.0,0.0,0.18864223341931793,1.0,0.8260872960090637,0.04174689203500748,0.00411611795425415,0.04361258881787441,0.04255469453831496,0.07494010652105014,0.08053537458181381,0.0,0.0,0.013160951137542726,False,False
2.0100000000000002,-4.488834381103516,9.577380180358887,-1.5573017597198486,-1.9219416424796203,0.7619794054915413,0.9598000000000044,0.04019999999999557,0.0,604,562,1.4716709711741662,0.5283290288258338,14.0,14,1.0,22.0,0.04017753154039383,16.081241450968978,27.873015730323136,0.0,0.0,0.0,0.5895887139677078,1.0,0.826043426990509,0.041624799370765686,0.004130184650421143,0.04342285649478417,0.042332655492238525,0.07588650720814864,0.08162802395721278,0.0,0.0,0.013222138881683351,False,False
2.015,-4.528114318847656,9.516305923461914,-1.582650899887085,-1.3038054163568162,0.5858551297488107,0.9597000000000044,0.04029999999999556,0.0,629,600,1.5,0.2343016097570142,22.0,22,3.0,28.0,0.04011907801032066,14.741137996721562,33.883597752796206,0.0,0.0,0.0,0.9571229878037322,1.0,0.826007604598999,0.04155496880412102,0.004144132137298584,0.04338530518518122,0.042281257480382736,0.0764659761140744,0.08227290896077952,0.0,0.0,0.02194159507751465,False,False
2.02,-4.536216735839844,9.488171577453613,-1.6177045106887817,-1.2174416289168233,0.7722365551137228,0.9596000000000044,0.04039999999999555,0.0,674,639,1.5,0.2981098089439298,29.0,29,6.0,36.0,0.040099989622831345,13.512709830328099,31.059964606729853,0.0,0.0,0.0,0.8773627388200878,1.0,0.826002836227417,0.04154049605131149,0.004158198833465576,0.04333131730370205,0.042210649329547906,0.07695668997863929,0.08283539054294428,0.0,0.0,0.022681858539581302,False,False
2.025,-4.543951511383057,9.396379470825195,-1.580238699913025,-1.5124529989411586,0.7944774032604774,0.9595000000000045,0.04049999999999554,0.0,653,608,1.5,0.35660065819860254,40.0,40,4.0,24.0,0.04029226303100586,12.386650677800757,28.471634222835696,0.0,0.0,0.0,0.8042491772517468,1.0,0.8260064125061035,0.04158575460314751,0.004172205924987793,0.043576902430504376,0.04247120033204537,0.07640345953404903,0.08218289042512576,0.0,0.0,0.020582866668701173,False,False
2.0300000000000002,-4.65821647644043,9.268126487731934,-1.5664973258972168,-1.4964553023217881,0.6670709102030613,0.9594000000000045,0.04059999999999553,0.0,649,614,1.5,0.41021727001538555,43.0,43,4.0,20.0,0.0402170866727829,11.354429787984026,26.098998037599387,0.0,0.0,0.0,0.737228412480768,1.0,0.8259677886962891,0.041669923812150955,0.004186153411865234,0.04358366855575375,0.04249254115391504,0.07727003035446009,0.08307656894127528,0.0,0.0,0.016308701038360594,False,False
2.035,-4.730289459228516,9.146384239196777,-1.5753053426742554,-2.2612300177265188,0.9316703973214411,0.9593000000000045,0.04069999999999552,0.0,590,559,1.5,0.45936583084743676,19.0,19,5.0,29.0,0.04015596583485603,10.408227305652023,23.924081534466104,0.0,0.0,0.0,0.6757927114407041,1.0,0.8259369730949402,0.04157370328903198,0.0042002201080322266,0.043578695729995585,0.04248396973342927,0.07790994209547839,0.08373204618692398,0.0,0.0,0.014081928730010986,False,False
2.04,-4.668605804443359,9.024871826171875,-1.547967553138733,-1.1115149227785637,0.9861362536004814,0.9592000000000045,0.040799999999995507,0.0,597,556,1.495581321723183,0.504418678276817,24.0,24,4.0,29.0,0.040171608328819275,9.54087503018102,21.930408073260594,0.0,0.0,0.0,0.6194766521539787,1.0,0.8259881138801575,0.041536081582307816,0.004214107990264893,0.04405223517399263,0.042957108361646346,0.07643711753189564,0.08202810150881609,0.0,0.0,0.013246358633041383,False,False
2.045,-4.604912281036377,8.955021858215332,-1.5291156768798828,-1.5049886814381577,0.8895762456583295,0.9591000000000045,0.040899999999995496,0.0,793,747,1.1209495449129177,0.8790504550870822,74.0,74,6.0,39.0,0.0401679202914238,17.0791354443326,20.102874067155543,0.0,0.0,0.0,0.15118693114114717,1.0,0.8260430693626404,0.04184342548251152,0.004228174686431885,0.0444522675399977,0.04335739576195659,0.07519973752399287,0.08060341080029806,0.0,0.0,0.019148783683776857,False,False
2.05,-4.600666522979736,8.971626281738281,-1.495018482208252,-1.9167608835559542,0.8848201031488833,0.9590000000000045,0.040999999999995485,0.0,742,701,1.4442037495035078,0.5557962504964922,44.0,44,6.0,34.0,0.040181953459978104,15.655874157304883,26.76096789489258,0.0,0.0,0.0,0.5552546868793848,1.0,0.826054036617279,0.04193912446498871,0.004242241382598877,0.044518435573826044,0.043446910332888174,0.07495960220694542,0.08033052086830139,0.0,0.0,0.01330207586288452,False,False
2.055,-4.560510635375977,8.921147346496582,-1.4695866107940674,-1.1136117230217235,0.8364246937716192,0.9589000000000045,0.041099999999995473,0.0,647,616,1.0738534370448822,0.9261465629551178,18.0,18,3.0,24.0,0.04036036133766174,22.68455131086281,24.530887236984864,0.0,0.0,0.0,0.09231679630610276,1.0,0.82607102394104,0.041849177330732346,0.004256308078765869,0.04473233925178628,0.043670344734564236,0.0741908730318149,0.07946661983927092,0.0,0.0,0.018326598405838012,False,False
2.06,-4.52879524230957,8.859962463378906,-1.4517852067947388,-1.6794071914946254,0.7360659049295564,0.9588000000000045,0.04119999999999546,0.0,640,601,1.0676989839578086,0.9323010160421913,27.0,27,3.0,28.0,0.04030665010213852,20.794172034957572,22.48664663390279,0.0,0.0,0.0,0.08462372994726089,1.0,0.8261682987213135,0.04178503900766373,0.004270315170288086,0.044963280290675464,0.04390620790033893,0.07344282853106658,0.0785935390740633,0.0,0.0,0.02543160676956177,False,False
2.065,-4.530433654785156,8.811100006103516,-1.447143793106079,-0.8870645236288822,0.8613715632237301,0.9587000000000045,0.04129999999999545,0.0,556,520,1.0620574019613247,0.9379425980386753,32.0,32,3.0,17.0,0.0405595637857914,19.061324365377775,20.612759414410892,0.0,0.0,0.0,0.07757175245165585,1.0,0.8262165188789368,0.041794393211603165,0.004284381866455078,0.045083435416221423,0.04402775481902044,0.07323962636291981,0.07833239311973254,0.0,0.0,0.015849808454513552,False,False
2.07,-4.439414024353027,8.688426971435547,-1.492853045463562,-1.919223935549155,0.8271635073228195,0.9586000000000046,0.04139999999999544,0.0,546,516,1.056885951797881,0.9431140482021191,34.0,34,5.0,32.0,0.04048307612538338,17.47288066826296,18.895029463209983,0.0,0.0,0.0,0.07110743974735119,1.0,0.8262233138084412,0.041805416345596313,0.00429844856262207,0.04540804857155289,0.044310559311881464,0.07257892129321894,0.07769566029310226,0.0,0.0,0.014046045541763304,False,False
2.075,-4.311798572540283,8.604219436645508,-1.484330654144287,-1.4410825934200437,0.8310111478306837,0.9585000000000046,0.04149999999999543,0.0,627,597,1.0521454558147243,0.9478545441852758,32.0,32,4.0,34.0,0.04041652753949165,16.016807279241046,17.32044367460915,0.0,0.0,0.0,0.06518181976840527,1.0,0.8261899948120117,0.041801851242780685,0.004312396049499512,0.04587467639800141,0.044771225287578806,0.07094395036498706,0.07586188924809298,0.0,0.0,0.018269445896148685,False,False
2.08,-4.334275722503662,8.527782440185547,-1.4951558113098145,-1.8786334957773378,0.8886534351971904,0.9584000000000046,0.04159999999999542,0.0,641,595,1.0478000011634971,0.9521999988365029,34.0,34,2.0,31.0,0.04037460312247276,14.682073339304292,15.877073368391722,0.0,0.0,0.0,0.05975000145437148,1.0,0.8261179327964783,0.04181201756000519,0.0043264031410217285,0.045908780434789555,0.04480191414322064,0.07110551620523135,0.07603732558588187,0.0,0.0,0.01873645782470703,False,False
2.085,-4.4486985206604,8.468358993530273,-1.545897364616394,-1.0827218186391636,0.8921831122127152,0.9583000000000046,0.04169999999999541,0.0,603,569,1.0438166677332057,0.9561833322667943,17.0,17,4.0,37.0,0.040296684950590134,13.458567227695601,14.553983921025745,0.0,0.0,0.0,0.05477083466650719,1.0,0.8261260986328125,0.04171999171376228,0.004340171813964844,0.04565509111434202,0.04452696141600589,0.07277519131700198,0.07794423960149288,0.0,0.0,0.023065609931945803,False,False
2.09,-4.48278284072876,8.462296485900879,-1.578644037246704,-1.5725077671818166,0.6483050376150643,0.9582000000000046,0.041799999999995396,0.0,661,623,0.7068319454221053,1.2931680545778947,38.0,38,7.0,21.0,0.04023781046271324,20.6703532920543,13.341151927606932,0.0,0.0,0.0,-0.3664600682223685,1.0,0.8260883092880249,0.04175103083252907,0.004354000091552734,0.04556373093587637,0.044416600705900346,0.07345814568301043,0.07873046832780044,0.0,0.0,0.0182971465587616,False,False
2.095,-4.491111755371094,8.40412712097168,-1.6235380172729492,-1.867101249660106,0.7055264167959635,0.9581000000000046,0.041899999999995385,0.0,655,615,1.064595949970263,0.935404050029737,22.0,22,4.0,26.0,0.04018627852201462,18.947823851049776,20.56272260030635,0.0,0.0,0.0,0.08074493746282876,1.0,0.8260118365287781,0.04167661443352699,0.004367649555206299,0.04555285740612676,0.04438231969096989,0.07382786522308986,0.07916840724647045,0.0,0.0,0.021141662597656253,False,False
2.1,-4.524289608001709,8.299944877624512,-1.6552414894104004,-1.9463695827209868,0.9230828383867725,0.9580000000000046,0.041999999999995374,0.0,669,633,1.0592129541394077,0.9407870458605924,52.0,52,3.0,17.0,0.040142592042684555,17.36883853012896,18.849162383614154,0.0,0.0,0.0,0.0740161926742596,1.0,0.8259491324424744,0.04182218015193939,0.004381358623504639,0.04553000689204762,0.04435280860820766,0.07434048379460971,0.07976160074273746,0.0,0.0,0.03504247188568115,False,False
2.105,-4.530816555023193,8.304744720458984,-1.6855518817901611,-1.9789839529273061,0.841278147993452,0.9579000000000046,0.04209999999999536,0.0,673,634,1.054278541294457,0.9457214587055429,52.0,52,6.0,21.0,0.040238071233034134,15.92143531928488,17.27839885164631,0.0,0.0,0.0,0.06784817661807141,1.0,0.8259637951850891,0.042006973177194595,0.004395246505737305,0.04543939031039655,0.04424992592073957,0.07479253535469374,0.08028880382577579,0.0,0.0,0.017979460954666137,False,False
2.11,-4.583898067474365,8.173742294311523,-1.6353195905685425,-1.5527945652112214,0.8351818043606851,0.9578000000000046,0.04219999999999535,0.0,609,569,1.0497553295199191,0.950244670480081,25.0,25,5.0,24.0,0.04029868170619011,14.594649042677807,15.838532280675782,0.0,0.0,0.0,0.06219416189989877,1.0,0.8259834051132202,0.04196866601705551,0.004409074783325195,0.04565935784981877,0.044494455065267585,0.07426897684733073,0.07961685458819072,0.0,0.0,0.013132455348968505,False,False
2.115,-4.695957183837891,7.948282718658447,-1.6238069534301758,-1.9390507437065934,0.8018934405937599,0.9577000000000047,0.04229999999999534,0.0,616,583,1.0456090520599257,0.9543909479400743,43.0,43,2.0,30.0,0.040272679179906845,13.378428289121322,14.518654590619466,0.0,0.0,0.0,0.0570113150749072,1.0,0.8259598612785339,0.042021095752716064,0.0044228434562683105,0.04578265537228415,0.04463285372313092,0.07449529133737087,0.07975644121567409,0.0,0.0,0.024495713710784912,False,False
2.12,-4.749605178833008,7.832474231719971,-1.6207592487335205,-1.2064328968256757,0.9086353833058269,0.9576000000000047,0.04239999999999533,0.0,678,632,0.7084749643882653,1.2915250356117347,38.0,38,7.0,38.0,0.040290482342243195,20.596892598361208,13.308766708067843,0.0,0.0,0.0,-0.36440629451466827,1.0,0.8259482383728027,0.042090825736522675,0.004436612129211426,0.045861691581706006,0.044714398927520764,0.07452337381740412,0.07970605976879597,0.0,0.0,0.017292002439498903,False,False
2.125,-4.671099662780762,7.754926681518555,-1.5839604139328003,-1.5690522608516886,0.7265463987286955,0.9575000000000047,0.04249999999999532,0.0,658,619,0.73276871735591,1.2672312826440901,48.0,48,3.0,27.0,0.04023516923189163,18.880484881831105,12.199702815728855,0.0,0.0,0.0,-0.3340391033051125,1.0,0.826012134552002,0.04218791425228119,0.004450500011444092,0.046334274773796195,0.045192729270706375,0.07292113887766997,0.07786340080201626,0.0,0.0,0.018929333686828614,False,False
2.13,-4.61604642868042,7.738857746124268,-1.5583010911941528,-1.7001584368591973,0.654914677035492,0.9574000000000047,0.04259999999999531,0.0,621,580,0.7550379909095842,1.2449620090904157,33.0,33,4.0,34.0,0.04017072543501854,17.30711114167851,11.183060914418117,0.0,0.0,0.0,-0.3062025113630197,1.0,0.826028048992157,0.042184870690107346,0.004464328289031982,0.046609744289889725,0.0454780847299842,0.07209837747116885,0.07694199370841186,0.0,0.0,0.01616214394569397,False,False
2.1350000000000002,-4.593865871429443,7.756915092468262,-1.5177949666976929,-1.8106196374650443,0.9015603791979003,0.9573000000000047,0.0426999999999953,0.0,574,549,0.44211815833378565,1.5,11.0,11,5.0,30.0,0.0401265025138855,24.1981852132053,10.25113917154994,0.0,0.0,0.0,-0.6973523020827679,1.0,0.8260544538497925,0.04206115007400513,0.004478096961975098,0.046725515770104815,0.0456161307549723,0.07163807128866514,0.0764024971673886,0.0,0.0,0.013987222909927368,False,False
2.14,-4.55702543258667,7.69036340713501,-1.4779078960418701,-2.1093420302481283,0.8609132736105337,0.9572000000000047,0.042799999999995286,0.0,630,594,0.4886083118059702,1.5,17.0,17,5.0,25.0,0.04006025940179825,22.181669778771525,9.39687757392078,0.0,0.0,0.0,-0.6392396102425373,1.0,0.8260373473167419,0.04195772483944893,0.004491925239562988,0.0470235757290694,0.04593299143156016,0.07068333216011524,0.07527704040209453,0.0,0.0,0.019937264919281005,False,False
2.145,-4.5292439460754395,7.660815238952637,-1.4345638751983643,-1.5625058306837196,0.8815651319946729,0.9571000000000047,0.042899999999995275,0.0,727,682,0.19999999999999996,1.5,39.0,39,4.0,26.0,0.04004352539777756,28.666530630540564,8.613804442760713,0.0,0.0,0.0,-1.0,1.0,0.8260983228683472,0.04198348522186279,0.004505515098571777,0.047267444944008974,0.0461995982825754,0.0698364960650603,0.07423791103065014,0.0,0.0,0.029192767143249514,False,False
2.15,-4.518986701965332,7.566924571990967,-1.4550437927246094,-1.7673369147058204,0.5130407409565922,0.9570000000000047,0.042999999999995264,0.0,692,650,0.26473337311473877,1.5,39.0,39,3.0,25.0,0.04003342241048813,26.277653077995517,7.895987405863987,0.0,0.0,0.0,-0.9190832836065764,1.0,0.8261112570762634,0.042013730853796005,0.004519224166870117,0.0474021837520411,0.046319621836611174,0.06964588537812233,0.0740608045210441,0.0,0.0,0.018795244693756104,False,False
2.1550000000000002,-4.403566837310791,7.458056926727295,-1.4607380628585815,-1.7858074666200179,0.771210947165243,0.9569000000000047,0.04309999999999525,0.0,580,553,0.32600559202184387,1.5,25.0,25,2.0,33.0,0.04027942195534706,24.087848654829223,7.237988455375321,0.0,0.0,0.0,-0.842493009972695,1.0,0.8260834813117981,0.04199271649122238,0.004532933235168457,0.047850766237824936,0.0467518673169735,0.06833132977286975,0.07264452675978343,0.0,0.0,0.017086154222488402,False,False
2.16,-4.339321136474609,7.370355129241943,-1.4429548978805542,-2.3076066274859124,0.17950493920982724,0.9568000000000048,0.04319999999999524,0.0,514,479,0.3821717926866902,1.5,30.0,30,5.0,31.0,0.04023883491754532,22.080527933593455,6.634822750760711,0.0,0.0,0.0,-0.7722852591416371,1.0,0.826016366481781,0.04198640584945679,0.004546701908111572,0.04817213827092179,0.047084388384595305,0.06739970296621323,0.07157545536756516,0.0,0.0,0.014421565532684328,False,False
2.165,-4.392110824584961,7.219205379486084,-1.4560143947601318,-1.2075031746883815,0.6710527348942944,0.9567000000000048,0.04329999999999523,0.0,567,531,0.43365747662946597,1.5,26.0,26,3.0,28.0,0.0401931069791317,20.240483939127333,6.081920854863985,0.0,0.0,0.0,-0.7079281542131675,1.0,0.8259111642837524,0.04193013906478882,0.004560291767120361,0.04825007813175498,0.0471675594250359,0.06758699814478557,0.07176701600352924,0.0,0.0,0.011172332763671876,False,False
2.17,-4.430072784423828,7.139444828033447,-1.484566569328308,-1.0991297404440017,0.8609828419068668,0.9566000000000048,0.04339999999999522,0.0,579,544,0.4808526869103439,1.5,22.0,22,5.0,21.0,0.04025639221072197,18.553776944200056,5.5750941169586525,0.0,0.0,0.0,-0.6489341413620702,1.0,0.8258408308029175,0.041870176792144775,0.004573941230773926,0.04823363798406574,0.04714174273951579,0.0679619082560142,0.07221610595782599,0.0,0.0,0.016880977153778075,False,False
2.1750000000000003,-4.426298141479492,7.171311378479004,-1.515137791633606,-1.4681703714730732,0.7721400782246514,0.9565000000000048,0.04349999999999521,0.0,721,674,0.8574482963344817,1.1425517036655182,30.0,30,5.0,30.0,0.040307167917490005,17.00762886551672,13.443836273878762,0.0,0.0,0.0,-0.1781896295818978,1.0,0.8258262276649475,0.04186015948653221,0.004587531089782715,0.048187019590288184,0.047066512017510616,0.06817090325057507,0.07250162772834301,0.0,0.0,0.013025728464126588,False,False
2.18,-4.479904651641846,7.1112775802612305,-1.5368462800979614,-1.8257806765812574,0.7954930263207297,0.9564000000000048,0.0435999999999952,0.0,852,807,0.869327604973275,1.130672395026725,66.0,66,6.0,41.0,0.040384989231824875,15.59032646005699,12.323516584388866,0.0,0.0,0.0,-0.16334049378340626,1.0,0.8258182406425476,0.04211799055337906,0.004601240158081055,0.0481264989916233,0.04699633898834366,0.06851821206510067,0.0728876143693924,0.0,0.0,0.016039929389953612,False,False
2.185,-4.501655578613281,7.038955211639404,-1.5446113348007202,-1.5635933183425075,0.7093015430837973,0.9563000000000048,0.04369999999999519,0.0,661,634,0.8802169712255021,1.1197830287744979,30.0,30,4.0,40.0,0.040503304451704025,14.291132588385574,11.296556869023126,0.0,0.0,0.0,-0.1497287859681224,1.0,0.8258188366889954,0.04212641343474388,0.004614830017089844,0.048180428277080044,0.047049401865030115,0.06848852150142193,0.07284372113645077,0.0,0.0,0.026130697727203372,False,False
2.19,-4.484198093414307,7.016057968139648,-1.5478007793426514,-1.3729678416282483,0.716215797383865,0.9562000000000048,0.043799999999995176,0.0,565,527,0.8901988902900436,1.1098011097099565,23.0,23,7.0,31.0,0.04042711853981018,13.100204872686776,10.355177129937866,0.0,0.0,0.0,-0.1372513871374455,1.0,0.8258481621742249,0.04207208752632141,0.004628539085388184,0.04823255257401594,0.047102909837383564,0.06838773687680563,0.07275192687908809,0.0,0.0,0.01804876923561096,False,False
2.195,-4.5577392578125,6.877085208892822,-1.4939000606536865,-0.9984762816997746,0.7855035315889651,0.9561000000000048,0.043899999999995165,0.0,588,556,0.8993489827658733,1.1006510172341268,26.0,26,3.0,28.0,0.040403757244348526,12.008521133296211,9.492245702443043,0.0,0.0,0.0,-0.12581377154265844,1.0,0.8258786201477051,0.04202108457684517,0.004642128944396973,0.04846567263267912,0.047374004247287695,0.06789392170806727,0.07202643901109695,0.0,0.0,0.023995420932769775,False,False
2.2,-4.689454555511475,6.758817672729492,-1.510798692703247,-1.422512260604906,0.8167767213764797,0.9560000000000048,0.043999999999995154,0.0,654,607,0.5744032342020506,1.4255967657979494,28.0,28,3.0,38.0,0.040469635277986526,19.34114437218819,8.701225227239455,0.0,0.0,0.0,-0.5319959572474368,1.0,0.8258653879165649,0.04196934029459953,0.004655778408050537,0.048262785145391805,0.04717900048010029,0.06880795893569788,0.07299975492060184,0.0,0.0,0.022192275524139403,False,False
2.205,-4.646112442016602,6.689483642578125,-1.4785164594650269,-1.7547459805052064,0.7610686310032679,0.9559000000000049,0.04409999999999514,0.0,682,653,0.6098696313518798,1.3901303686481201,38.0,38,4.0,35.0,0.040429793298244476,17.729382341172506,7.9761231249695,0.0,0.0,0.0,-0.48766296081015026,1.0,0.8258121013641357,0.04199790954589844,0.004669249057769775,0.04853469880297758,0.04746103243902304,0.06793413621683916,0.07198571227490902,0.0,0.0,0.02256798028945923,False,False
2.21,-4.518203258514404,6.687138557434082,-1.4206762313842773,-1.1735839092850393,0.8806492048826124,0.9558000000000049,0.04419999999999513,0.0,685,638,0.30904716207255656,1.5,38.0,38,5.0,35.0,0.040384504944086075,24.585267146074795,7.311446197888708,0.0,0.0,0.0,-0.8636910474093042,1.0,0.8258429765701294,0.04205554723739624,0.00468289852142334,0.04911425292476368,0.04806286822678499,0.06624750482539336,0.07002050367494425,0.0,0.0,0.020616014003753663,False,False
2.215,-4.474603652954102,6.7085442543029785,-1.3795385360717773,-1.105425082862212,0.8721811757827963,0.9557000000000049,0.04429999999999512,0.0,769,732,0.3666265652331768,1.5,67.0,67,8.0,23.0,0.04038698971271515,22.536494883901895,6.702159014731316,0.0,0.0,0.0,-0.791716793458529,1.0,0.8258723616600037,0.042318131774663925,0.004696547985076904,0.04933663840188312,0.048309495977436286,0.06565873511135578,0.06930170891185602,0.0,0.0,0.018755838871002198,False,False
2.22,-4.454237461090088,6.677353858947754,-1.323185920715332,-1.3599699749496896,0.959638696435961,0.9556000000000049,0.04439999999999511,0.0,679,641,0.7527410181304122,1.2472589818695878,29.0,29,4.0,21.0,0.040413159877061844,20.658453643576735,14.476979096837038,0.0,0.0,0.0,-0.30907372733698485,1.0,0.825857937335968,0.04229488596320152,0.004710257053375244,0.04957519581448264,0.04858797507639952,0.06498652820785841,0.06843436819811663,0.0,0.0,0.020679309368133548,False,False
2.225,-4.370785236358643,6.557282447814941,-1.261275291442871,-1.9382780983251044,0.49668317779976084,0.9555000000000049,0.0444999999999951,0.0,598,575,0.4400125999528779,1.5,16.0,16,3.0,21.0,0.040485531091690063,27.27024917327867,13.270564172100618,0.0,0.0,0.0,-0.6999842500589026,1.0,0.8258033990859985,0.042177800089120865,0.004723966121673584,0.05014444370691952,0.049194158107042085,0.06337493347624938,0.06649551292260489,0.0,0.0,0.03937240600585938,False,False
2.23,-4.326028823852539,6.482608795166016,-1.2312172651290894,-2.6331594888280314,0.6562039360326153,0.9554000000000049,0.04459999999999509,0.0,563,522,0.4866782166234713,1.5,17.0,17,4.0,20.0,0.040406063199043274,24.997728408838782,12.164683824425566,0.0,0.0,0.0,-0.6416522292206608,1.0,0.8257817625999451,0.042080964893102646,0.004737555980682373,0.0504337823980796,0.04950102585212615,0.06252334142724673,0.06547708064317703,0.0,0.0,0.02390150785446167,False,False
2.235,-4.255349159240723,6.3584818840026855,-1.2474373579025269,-1.0403546821573706,0.9243118213385905,0.9553000000000049,0.04469999999999508,0.0,599,572,0.5294550319048488,1.4705449680951512,34.0,34,3.0,36.0,0.04032610356807709,22.914584374768882,11.150960172390102,0.0,0.0,0.0,-0.588181210118939,1.0,0.8257167339324951,0.04209210351109505,0.0047512054443359375,0.05083088409714377,0.049875420886091655,0.06169689198335012,0.06462029181420803,0.0,0.0,0.019449697732925417,False,False
2.24,-4.114108085632324,6.241464138031006,-1.2262024879455566,-1.2902998527944947,0.8218491964439631,0.9552000000000049,0.044799999999995066,0.0,582,548,0.902000445912778,1.097999554087222,40.0,40,5.0,37.0,0.040246058255434036,21.005035676871476,18.555046824690926,0.0,0.0,0.0,-0.12249944260902748,1.0,0.8256592750549316,0.042135369032621384,0.0047647953033447266,0.05146331599773815,0.05051330066379136,0.060273188476761184,0.06303787541886172,0.0,0.0,0.008750043511390687,False,False
2.245,-4.033329010009766,6.121502876281738,-1.227715015411377,-1.242624401039903,0.972296239881276,0.955100000000005,0.044899999999995055,0.0,521,488,0.9101670754200465,1.0898329245799534,23.0,23,3.0,29.0,0.040179669857025146,19.254616037132184,17.008792922633347,0.0,0.0,0.0,-0.11229115572494183,1.0,0.8255608677864075,0.042081162333488464,0.00477832555770874,0.05184981556485072,0.050902960889041185,0.05940388267238935,0.06207611411809921,0.0,0.0,0.014161615371704104,False,False
2.25,-4.064235687255859,6.015214920043945,-1.2557631731033325,-1.134208368173504,0.3359669534987754,0.955000000000005,0.044999999999995044,0.0,648,607,0.917653152468376,1.082346847531624,22.0,22,5.0,40.0,0.040220458060503006,25.983398034037833,23.924726845747234,0.0,0.0,0.0,-0.10293355941452997,1.0,0.8254762887954712,0.04199820011854172,0.004791855812072754,0.05188590406905835,0.05093230898492015,0.05942951266964277,0.06213681151469549,0.0,0.0,0.020875463485717775,False,False
2.255,-4.110182285308838,5.9991912841796875,-1.2707974910736084,-1.370711102897053,0.7495348356483169,0.954900000000005,0.04509999999999503,0.0,657,618,0.9245153897626781,1.075484610237322,22.0,22,4.0,27.0,0.0403716042637825,23.818114864534678,21.93099960860163,0.0,0.0,0.0,-0.09435576279665234,1.0,0.825423002243042,0.04195229709148407,0.004805445671081543,0.05184680661962654,0.05087336041809346,0.05967202906807264,0.06242929957807064,0.0,0.0,0.014415545463562014,False,False
2.2600000000000002,-4.145195484161377,6.01845645904541,-1.3137598037719727,-1.1289697986859046,0.8116065530639287,0.954800000000005,0.04519999999999502,0.0,671,639,0.5974724406157884,1.4025275593842115,26.0,26,6.0,23.0,0.040332112461328506,30.166605292490118,20.103416307884828,0.0,0.0,0.0,-0.5031594492302645,1.0,0.8253273367881775,0.04191567003726959,0.004818856716156006,0.05167958031579207,0.050666867865714935,0.06012200998763244,0.06300338233510654,0.0,0.0,0.013621101379394531,False,False
2.265,-4.161341667175293,5.920753002166748,-1.325103521347046,-1.5530126556904977,0.44058659313196896,0.954700000000005,0.04529999999999501,0.0,686,646,0.6310164038978061,1.368983596102194,66.0,66,3.0,33.0,0.04030834510922432,27.65272151811594,18.428131615561092,0.0,0.0,0.0,-0.46122949512774236,1.0,0.8252402544021606,0.042135290801525116,0.004832267761230469,0.05180207363516068,0.05078265152871585,0.059887925162911415,0.06273787468671799,0.0,0.0,0.016465066671371462,False,False
2.27,-4.1489362716674805,5.862203121185303,-1.3407233953475952,-1.5175414996724221,0.7880952217855632,0.954600000000005,0.045399999999995,0.0,716,679,0.6617650369063223,1.3382349630936776,36.0,36,4.0,32.0,0.04026232287287712,25.348328058272944,16.892453980931002,0.0,0.0,0.0,-0.42279370386709714,1.0,0.8252359628677368,0.042209748178720474,0.004845917224884033,0.05189363989482299,0.05086531159824978,0.059692797561486564,0.0625507440418005,0.0,0.0,0.030688347816467287,False,False
2.275,-4.134964942932129,5.814208507537842,-1.3117904663085938,-1.5699843074840998,0.7018336384607218,0.954500000000005,0.04549999999999499,0.0,632,593,0.35661795049746214,1.5,22.0,22,3.0,33.0,0.040220364928245544,31.56930072008353,15.484749482520085,0.0,0.0,0.0,-0.8042275618781722,1.0,0.8251851797103882,0.04215201735496521,0.004859328269958496,0.052102796842343854,0.05109489862279322,0.05925479965905349,0.06200411977867286,0.0,0.0,0.0228037428855896,False,False
2.2800000000000002,-4.216418743133545,5.671412944793701,-1.274173617362976,-1.8679412808285014,0.7384813477035352,0.954400000000005,0.04559999999999498,0.0,682,645,0.4102331212893403,1.5,39.0,39,3.0,28.0,0.04040445387363434,28.938525660076568,14.194353692310077,0.0,0.0,0.0,-0.7372085983883245,1.0,0.8250954151153564,0.04219160974025726,0.004872739315032959,0.05221695670858,0.051257085464894526,0.059081610913077995,0.061662582059701286,0.0,0.0,0.021667470932006837,False,False
2.285,-4.281560897827148,5.57293701171875,-1.289273738861084,-1.6927621778679003,0.7304479406948627,0.954300000000005,0.04569999999999497,0.0,684,643,0.4593803611818954,1.5,36.0,36,6.0,24.0,0.04038536548614502,26.526981855070186,13.01149088461757,0.0,0.0,0.0,-0.6757745485226307,1.0,0.8250139355659485,0.04221825674176216,0.004886150360107422,0.052114210933446634,0.05115027643615977,0.05934569053351879,0.06195543333888054,0.0,0.0,0.022233433723449707,False,False
2.29,-4.18567419052124,5.540472030639648,-1.2433674335479736,-0.5652438113688933,0.9570039080548027,0.954200000000005,0.045799999999994956,0.0,620,584,0.5044319977500707,1.4955680022499291,23.0,23,6.0,22.0,0.04031485319137573,24.316400033814336,11.927199977566106,0.0,0.0,0.0,-0.6194600028124115,1.0,0.8250150680541992,0.04215417057275772,0.00489962100982666,0.05255948641818613,0.051619912335804104,0.05838462772468726,0.06083354353904724,0.0,0.0,0.02193535327911377,False,False
2.295,-4.084089279174805,5.558990478515625,-1.184022307395935,-1.0558108370553807,0.8706915603153402,0.954100000000005,0.045899999999994945,0.0,617,586,0.21239599793756492,1.5,26.0,26,5.0,15.0,0.04023658111691475,30.62336669766314,10.933266646102263,0.0,0.0,0.0,-0.9845050025780437,1.0,0.8249694108963013,0.04210537672042847,0.004912912845611572,0.053061417952179654,0.05215726847201561,0.057410262525081635,0.05966344537834327,0.0,0.0,0.02279030799865723,False,False
2.3000000000000003,-4.06464147567749,5.577792167663574,-1.1374672651290894,-1.0174454177250474,0.7128058469681704,0.9540000000000051,0.045999999999994934,0.0,563,530,0.27802966477610125,1.5,25.0,25,2.0,26.0,0.040244098752737045,28.071419472857876,10.022161092260408,0.0,0.0,0.0,-0.9024629190298734,1.0,0.8248845338821411,0.0420505590736866,0.00492626428604126,0.05320196865716303,0.05233798130570576,0.057155874868234,0.0592987642933925,0.0,0.0,0.024367003440856936,False,False
2.305,-4.0019073486328125,5.549612522125244,-1.0809379816055298,-1.4483294479359095,0.6250706122679699,0.9539000000000051,0.04609999999999492,0.0,612,577,0.33819385937809276,1.5,43.0,43,4.0,31.0,0.04018194600939751,34.06546785011972,17.52031433457204,0.0,0.0,0.0,-0.827257675777384,1.0,0.8247617483139038,0.042131416499614716,0.0049394965171813965,0.05356106473443383,0.0527393335414427,0.05643294503291448,0.058402776097257934,0.0,0.0,0.032186377048492434,False,False
2.31,-3.896026372909546,5.481184482574463,-1.0128720998764038,-1.2014170910105348,0.7792050643397039,0.9538000000000051,0.04619999999999491,0.0,705,668,0.7266777044299184,1.2733222955700816,26.0,26,3.0,53.0,0.04014132171869278,31.226678862609738,24.3936214733577,0.0,0.0,0.0,-0.34165286946260187,1.0,0.824648380279541,0.04206470400094986,0.004952847957611084,0.05408176835393507,0.0533134777611119,0.05530630859235923,0.05703244668742021,0.0,0.0,0.043916993141174324,False,False
2.315,-3.8417606353759766,5.391895294189453,-1.013216257095337,-1.58224818228838,0.8824901225288242,0.9537000000000051,0.0462999999999949,0.0,782,727,1.0827878957274253,0.9172121042725747,36.0,36,6.0,28.0,0.04012173414230347,28.624455624058925,30.694153017244556,0.0,0.0,0.0,0.10348486965928157,1.0,0.8246185779571533,0.0421140119433403,0.0049661993980407715,0.0544010750325394,0.053621950928121546,0.054683166866501175,0.05635472635428111,0.0,0.0,0.02397622346878052,False,False
2.32,-3.6981589794158936,5.282222747802734,-1.017693281173706,-0.9176239088969782,0.9303725500069502,0.9536000000000051,0.04639999999999489,0.0,806,758,1.0758889044168065,0.9241110955831935,88.0,88,6.0,35.0,0.04025335982441902,26.239084322054012,28.136306932474174,0.0,0.0,0.0,0.09486113052100809,1.0,0.8245430588722229,0.04256045073270798,0.004979610443115234,0.055060257581062345,0.0542569269286466,0.0535946370412906,0.055230011542638145,0.0,0.0,0.011473708152770996,False,False
2.325,-3.533104658126831,5.210654258728027,-0.9973362684249878,-1.3019292309089128,0.739616524644063,0.9535000000000051,0.04649999999999488,0.0,611,583,1.0695648290487394,0.9304351709512606,29.0,29,7.0,28.0,0.04021749645471573,24.052493961882842,25.791614688101326,0.0,0.0,0.0,0.08695603631092422,1.0,0.824480414390564,0.04251644015312195,0.0049929022789001465,0.05570531255006763,0.054909774497151106,0.05249838810414076,0.054031445955236755,0.0,0.0,0.012006572484970094,False,False
2.33,-3.4660260677337646,5.099625110626221,-1.012270450592041,-1.0263160047874549,0.6978131766020809,0.9534000000000051,0.04659999999999487,0.0,514,488,1.0637677599613446,0.9362322400386555,28.0,28,3.0,27.0,0.04027491435408592,22.04811946505927,23.642313464092883,0.0,0.0,0.0,0.07970969995168069,1.0,0.8243765830993652,0.0424775555729866,0.005006253719329834,0.05603450206263585,0.055239303825267635,0.05193834813932578,0.05344569683074951,0.0,0.0,0.018385897874832156,False,False
2.335,-3.4433462619781494,4.946315765380859,-1.033693552017212,-1.391433215881772,0.9004688329915104,0.9533000000000051,0.04669999999999486,0.0,603,561,1.058453779964566,0.9415462200354341,23.0,23,3.0,27.0,0.04042510688304901,20.21077617630433,21.672120675418476,0.0,0.0,0.0,0.07306722495570739,1.0,0.8243531584739685,0.04240203648805618,0.005019664764404297,0.05641610904907159,0.055592589000239695,0.05139561525235574,0.05289746137956779,0.0,0.0,0.020661010742187503,False,False
2.34,-3.4423437118530273,4.945276260375977,-1.0641639232635498,-1.2717225007542647,0.5883579521338382,0.9532000000000052,0.046799999999994846,0.0,620,579,1.0535826316341854,0.9464173683658146,47.0,47,2.0,41.0,0.040348488837480545,18.52654482827897,19.866110619133604,0.0,0.0,0.0,0.06697828954273177,1.0,0.824284017086029,0.042506106197834015,0.005032896995544434,0.05647214762214544,0.05559899577498409,0.05137771523247163,0.052947341464459896,0.0,0.0,0.014213303327560425,False,False
2.345,-3.4764134883880615,4.93842077255249,-1.1083821058273315,-1.1801962344625847,0.8486972674375193,0.9531000000000052,0.046899999999994835,0.0,632,595,1.0491174123313367,0.9508825876686633,31.0,31,8.0,28.0,0.040275879204273224,16.982666092589053,18.21060140087247,0.0,0.0,0.0,0.06139676541417085,1.0,0.8241763710975647,0.042480774223804474,0.005046248435974121,0.05632034538686248,0.055403002011279,0.051626733814676605,0.05329033670326074,0.0,0.0,0.012917280197143555,False,False
2.35,-3.490288257598877,4.8334832191467285,-1.1329154968261719,-1.2030880077326918,0.867370848741889,0.9530000000000052,0.046999999999994824,0.0,746,710,1.0450242946370587,0.9549757053629413,45.0,45,3.0,26.0,0.04039520397782326,23.900777251539964,25.02638461746643,0.0,0.0,0.0,0.056280368296323324,1.0,0.8240827322006226,0.04252682998776436,0.005059599876403809,0.05640181475132676,0.055469066467446315,0.05149001566072305,0.05316913748780887,0.0,0.0,0.028114912509918218,False,False
2.355,-3.47469162940979,4.797606945037842,-1.144587516784668,-1.165867194715681,0.7509819549607573,0.9529000000000052,0.04709999999999481,0.0,682,644,1.0412722700839705,0.9587277299160296,51.0,51,6.0,32.0,0.04054727777838707,21.909045813911632,22.940852566010893,0.0,0.0,0.0,0.05159033760496303,1.0,0.823948860168457,0.04265233129262924,0.005072832107543945,0.05649186973459991,0.05554972995072576,0.051344300930698715,0.05303202817837398,0.0,0.0,0.01994520664215088,False,False
2.36,-3.4632699489593506,4.721323013305664,-1.1044726371765137,-1.3842209974705495,0.743773800792847,0.9528000000000052,0.0471999999999948,0.0,619,584,0.7044995809103063,1.2955004190896937,28.0,28,2.0,42.0,0.04052899777889252,28.416625329418995,21.02911485217665,0.0,0.0,0.0,-0.3693755238621172,1.0,0.8238963484764099,0.04266493022441864,0.005086064338684082,0.0567959426182009,0.05588143093946052,0.05086833921571573,0.05243280902504921,0.0,0.0,0.022364234924316405,False,False
2.365,-3.5333712100982666,4.556429862976074,-1.111491322517395,-1.0861580569342326,0.8245105745201664,0.9527000000000052,0.04729999999999479,0.0,577,534,0.7291246158344473,1.2708753841655527,16.0,16,6.0,45.0,0.04046711325645447,26.04857321863408,19.276688614495264,0.0,0.0,0.0,-0.3385942302069408,1.0,0.8237990736961365,0.04254772141575813,0.005099296569824219,0.056873397740224714,0.0559694032793241,0.05076946225017309,0.052286822659273945,0.0,0.0,0.008621373772621154,False,False
2.37,-3.538635492324829,4.43884801864624,-1.1111456155776978,-1.2037054150761128,0.9692378724865203,0.9526000000000052,0.04739999999999478,0.0,653,620,0.7516975645149101,1.24830243548509,27.0,27,3.0,29.0,0.040415916591882706,23.877858783747904,17.670297896620657,0.0,0.0,0.0,-0.31037804435636235,1.0,0.8237154483795166,0.04249965399503708,0.0051125288009643555,0.056959592966362556,0.05606216748338165,0.05059852420041959,0.05210122559219599,0.0,0.0,0.01873316049575806,False,False
2.375,-3.4231975078582764,4.423807144165039,-1.0432610511779785,-0.967393483212271,0.8329207931576239,0.9525000000000052,0.04749999999999477,0.0,654,622,0.4390561008053343,1.5,39.0,39,7.0,31.0,0.04037000983953476,30.22137055176891,16.19777307190227,0.0,0.0,0.0,-0.701179873993332,1.0,0.8236629366874695,0.0425301194190979,0.005125701427459717,0.0575832730724163,0.05672223787258041,0.04973302440096935,0.051064013193051025,0.0,0.0,0.01860167980194092,False,False
2.38,-3.3458282947540283,4.471536159515381,-0.9972013831138611,-1.1982998027374427,0.8845265099613997,0.9524000000000052,0.04759999999999476,0.0,683,637,0.48580142573822316,1.5,55.0,55,3.0,26.0,0.04043525084853172,27.702923005788165,14.847958649243745,0.0,0.0,0.0,-0.642748217827221,1.0,0.8235678672790527,0.042675357311964035,0.0051389336585998535,0.05795699282704513,0.05712859246414126,0.049296687357127666,0.05052952251086633,0.0,0.0,0.01855682969093323,False,False
2.3850000000000002,-3.334311008453369,4.4887566566467285,-0.9645829200744629,-0.8438281377193123,0.639208271971917,0.9523000000000053,0.04769999999999475,0.0,663,627,0.5286513069267047,1.4713486930732953,32.0,32,3.0,40.0,0.0404147207736969,25.39434608863915,13.610628761806765,0.0,0.0,0.0,-0.5891858663416192,1.0,0.8234811425209045,0.04266595467925072,0.005152285099029541,0.058033793952315754,0.05724056486785384,0.04922411714990934,0.05040427980323633,0.0,0.0,0.017587528228759766,False,False
2.39,-3.287869453430176,4.43820858001709,-0.9305756688117981,-1.2015902203559183,0.8849900169313527,0.9522000000000053,0.047799999999994736,0.0,632,602,0.9012636980161459,1.098736301983854,25.0,25,5.0,35.0,0.04047558084130287,23.278150581252554,20.8097430316562,0.0,0.0,0.0,-0.12342037747981767,1.0,0.8233543038368225,0.04260439798235893,0.005165398120880127,0.058331172963914484,0.057567560131661304,0.04880837009598812,0.04990132370342811,0.0,0.0,0.017668607234954836,False,False
2.395,-3.220656633377075,4.402039527893066,-0.8748157024383545,-0.7680566308869164,0.8223087146518719,0.9521000000000053,0.047899999999994725,0.0,659,624,0.909491723181467,1.090508276818533,33.0,33,3.0,42.0,0.040469806641340256,21.338304699481508,19.07559777901818,0.0,0.0,0.0,-0.11313534602316633,1.0,0.8231908679008484,0.04260207340121269,0.005178570747375488,0.058722564794122876,0.058003800235688394,0.04827836062759161,0.04923331240812938,0.0,0.0,0.026992967128753664,False,False
2.4,-3.1801350116729736,4.3240814208984375,-0.9007877707481384,-1.2667164997988252,0.4660479098367792,0.9520000000000053,0.047999999999994714,0.0,633,598,0.9170340795830114,1.0829659204169886,22.0,22,5.0,52.0,0.040539808571338654,19.56011264119138,17.485964630766667,0.0,0.0,0.0,-0.10370740052123573,1.0,0.8230637311935425,0.04252205416560173,0.005191624164581299,0.05895917899161548,0.05820246662571997,0.04793729167431593,0.04891851140807073,0.0,0.0,0.022325165271759033,False,False
2.4050000000000002,-3.033492088317871,4.286439418792725,-0.8757849335670471,-0.40356133511603537,0.8784879468551322,0.9519000000000053,0.0480999999999947,0.0,708,665,0.923947906284427,1.0760520937155729,32.0,32,2.0,24.0,0.0404931902885437,17.930103254425433,16.02880091153611,0.0,0.0,0.0,-0.09506511714446617,1.0,0.8228965997695923,0.04252437874674797,0.00520479679107666,0.059537400851646764,0.058787263010938666,0.04720949102193117,0.04815029601256053,0.0,0.0,0.012844363451004029,False,False
2.41,-2.8846004009246826,4.222594261169434,-0.8589900135993958,-0.8175165067127405,0.422492222379086,0.9518000000000053,0.04819999999999469,0.0,674,639,0.9302855807607249,1.0697144192392751,23.0,23,6.0,28.0,0.0404665544629097,16.435927983223312,14.693067502241433,0.0,0.0,0.0,-0.08714302404909394,1.0,0.8227403163909912,0.04246366396546364,0.005217909812927246,0.0601562376782916,0.05940656187136938,0.04646629405518373,0.047352006658911705,0.0,0.0,0.013632726669311524,False,False
2.415,-2.8360533714294434,4.090741157531738,-0.9044587016105652,-0.6005271264444546,0.9043535721625096,0.9517000000000053,0.04829999999999468,0.0,683,654,0.9360951156973311,1.0639048843026688,52.0,52,4.0,33.0,0.04056451842188835,15.066267317954702,13.46864521038798,0.0,0.0,0.0,-0.07988110537833615,1.0,0.8225973844528198,0.042576707899570465,0.005230963230133057,0.06046049319580167,0.05966985883563727,0.046074131193260356,0.047005332695941135,0.0,0.0,0.01501845955848694,False,False
2.42,-2.8556342124938965,4.009061813354492,-0.9380794167518616,-2.020839452459027,0.5682030980326558,0.9516000000000053,0.04839999999999467,0.0,655,615,0.9414205227225534,1.0585794772774466,50.0,50,3.0,28.0,0.04050217941403389,22.14407837479181,20.679591442855646,0.0,0.0,0.0,-0.07322434659680824,1.0,0.8224160671234131,0.042713411152362823,0.005244016647338867,0.060551821381784665,0.05972485811791042,0.04596942725280921,0.04694671525309484,0.0,0.0,0.019770336151123048,False,False
2.4250000000000003,-2.896251678466797,4.027522563934326,-0.9719482064247131,-0.9783971472309786,0.832511659723651,0.9515000000000053,0.04849999999999466,0.0,658,612,0.612968812495674,1.387031187504326,26.0,26,6.0,41.0,0.04046470299363136,28.632071843559157,18.956292155951008,0.0,0.0,0.0,-0.4837889843804074,1.0,0.8222716450691223,0.042680054903030396,0.005257070064544678,0.06043648509308665,0.05956197369843691,0.046152135667701565,0.04719162515054147,0.0,0.0,0.011517062187194825,False,False
2.43,-2.9159576892852783,3.9687747955322266,-0.9930662512779236,-1.2892432985538427,0.7049631933241729,0.9514000000000054,0.04859999999999465,0.0,740,699,0.645221411454368,1.354778588545632,28.0,28,5.0,42.0,0.04040767252445221,26.24606585659589,17.37660114295509,0.0,0.0,0.0,-0.4434732356820401,1.0,0.8221850991249084,0.04265289753675461,0.005270183086395264,0.0604368334589523,0.05954440465662598,0.04612338884423177,0.04717713066687187,0.0,0.0,0.018541738986968995,False,False
2.435,-2.8594260215759277,3.8637256622314453,-1.0055311918258667,-1.1514389516995127,0.6949205793939847,0.9513000000000054,0.048699999999994636,0.0,740,697,0.6747862938331706,1.3252137061668294,44.0,44,6.0,31.0,0.040380336344242096,24.058893701879565,15.928551047708831,0.0,0.0,0.0,-0.40651713270853673,1.0,0.8221071362495422,0.0427248440682888,0.005283236503601074,0.06077746201741168,0.05986818339365194,0.045695078248778984,0.046741136660178505,0.0,0.0,0.030239536762237552,False,False
2.44,-2.822157859802246,3.8422625064849854,-1.0105109214782715,-1.0628663009202408,0.7275152566022637,0.9512000000000054,0.048799999999994625,0.0,628,598,0.7018874360137397,1.2981125639862603,28.0,28,3.0,35.0,0.040374331176280975,22.0539858933896,14.601171793733094,0.0,0.0,0.0,-0.37264070498282537,1.0,0.822060227394104,0.04270237684249878,0.005296289920806885,0.06091581932237962,0.06000210451241552,0.045529636554419994,0.046581740801533066,0.0,0.0,0.015918192863464357,False,False
2.445,-2.817824363708496,3.6897244453430176,-0.9621143937110901,-1.4169453710216373,0.921954072349423,0.9511000000000054,0.048899999999994614,0.0,593,558,0.7267301496792614,1.2732698503207387,26.0,26,3.0,29.0,0.04091028496623039,20.216153735607133,13.384407477588669,0.0,0.0,0.0,-0.3415873129009232,1.0,0.8219707012176514,0.04264456778764725,0.005309402942657471,0.06133555431663959,0.06047418219596117,0.04506020961950223,0.04598416232814392,0.0,0.0,0.023669974803924562,False,False
2.45,-2.872302532196045,3.489128589630127,-0.9787139296531677,-0.8841407645791028,0.8736587792744751,0.9510000000000054,0.0489999999999946,0.0,613,581,0.7495026372059896,1.2504973627940104,22.0,22,3.0,18.0,0.040843673050403595,18.53147425763987,12.269040187789612,0.0,0.0,0.0,-0.313121703492513,1.0,0.8218434453010559,0.04256495088338852,0.005322396755218506,0.061388715273389904,0.060538706616187786,0.04494120366871357,0.045848810113966465,0.0,0.0,0.01963553547859192,False,False
2.455,-2.8150742053985596,3.406494379043579,-0.9452805519104004,-1.1321347887225268,0.716042799286386,0.9509000000000054,0.04909999999999459,0.0,648,610,0.7703774174388238,1.2296225825611762,31.0,31,4.0,33.0,0.04085320234298706,16.98718473616988,11.246620172140476,0.0,0.0,0.0,-0.28702822820147017,1.0,0.8217769265174866,0.042546410113573074,0.0053351521492004395,0.06170691099328268,0.06087276524243224,0.04458672677477201,0.04543809375415246,0.0,0.0,0.019240489006042482,False,False
2.46,-2.6782851219177246,3.418870210647583,-0.8729956150054932,-2.7027515274573446,0.9976005273849373,0.9508000000000054,0.04919999999999458,0.0,663,617,0.7895126326522552,1.2104873673477448,56.0,56,6.0,27.0,0.04079249128699303,15.571586008155723,10.309401824462103,0.0,0.0,0.0,-0.263109209184681,1.0,0.8217388391494751,0.04270422086119652,0.005348145961761475,0.062438266477547265,0.061643761568702445,0.043932373325030014,0.044657999339203044,0.0,0.0,0.019210311174392702,False,False
2.465,-2.6469714641571045,3.470139503479004,-0.8400698304176331,-0.7110944298760568,0.6046682769670835,0.9507000000000054,0.04929999999999457,0.0,693,646,0.8070532465979007,1.1929467534020994,60.0,60,5.0,22.0,0.040732938796281815,22.607287174142744,17.78361833909026,0.0,0.0,0.0,-0.24118344175262418,1.0,0.8216578364372253,0.042919158935546875,0.005361080169677734,0.06262108759457835,0.06185842697943219,0.04381921608000994,0.04449732912083467,0.0,0.0,0.01841876745223999,False,False
2.47,-2.6222031116485596,3.474752426147461,-0.8111240863800049,-1.136202273148517,0.4943576520278884,0.9506000000000054,0.04939999999999456,0.0,682,645,1.1564654760480755,0.8435345239519245,28.0,28,6.0,42.0,0.040705420076847076,20.723346576297516,24.634983477499404,0.0,0.0,0.0,0.1955818450600944,1.0,0.8215388059616089,0.04288577288389206,0.0053740739822387695,0.0627503149298327,0.06201707463090587,0.043714387963215515,0.04435743670910597,0.0,0.0,0.021456573009490967,False,False
2.475,-2.510157346725464,3.4228782653808594,-0.7553290724754333,-0.5866131722331062,0.670362829363841,0.9505000000000055,0.04949999999999455,0.0,699,667,1.1434266863774025,0.8565733136225974,25.0,25,1.0,33.0,0.04078015312552452,18.99640102827272,22.582068187707787,0.0,0.0,0.0,0.17928335797175327,1.0,0.8213830590248108,0.04284443333745003,0.00538712739944458,0.06332316277362374,0.06261969699338046,0.0431713213523229,0.04371431656181812,0.0,0.0,0.021761667728424073,False,False
2.48,-2.4444406032562256,3.404092788696289,-0.7157421112060547,-1.0652086752869336,0.7233190894199595,0.9504000000000055,0.04959999999999454,0.0,749,708,1.131474462512619,0.868525537487381,30.0,30,5.0,27.0,0.0407264418900013,17.413367609249995,20.70022917206547,0.0,0.0,0.0,0.1643430781407737,1.0,0.8211917877197266,0.04281746968626976,0.0054000020027160645,0.06359758759227858,0.06292601651046392,0.042876124692459903,0.043359609941641494,0.0,0.0,0.017380318641662597,False,False
2.485,-2.388960123062134,3.376722812652588,-0.7289592623710632,-0.7137716971458294,0.5821145720541928,0.9503000000000055,0.049699999999994526,0.0,640,597,1.120518257303234,0.879481742696766,24.0,24,4.0,23.0,0.04081450030207634,15.962253641812495,18.975210074393345,0.0,0.0,0.0,0.1506478216290425,1.0,0.8210839033126831,0.04273471608757973,0.005412876605987549,0.0638493200143175,0.06315140930811532,0.042621021469434105,0.04312611495455106,0.0,0.0,0.02208813190460205,False,False
2.49,-2.268899917602539,3.3586342334747314,-0.6904681921005249,-1.0957787881953744,0.7345708017649835,0.9502000000000055,0.049799999999994515,0.0,567,540,1.1104750691946312,0.8895249308053688,25.0,25,6.0,33.0,0.0407608225941658,14.63206583832812,17.3939425681939,0.0,0.0,0.0,0.13809383649328896,1.0,0.8209332227706909,0.04268482327461243,0.005425751209259033,0.06439850755222108,0.06372559951432016,0.0421852245926857,0.04264286098380884,0.0,0.0,0.015412006378173828,False,False
2.495,-2.1252448558807373,3.3037900924682617,-0.6946988105773926,-0.7231263479056663,0.79416130741523,0.9501000000000055,0.049899999999994504,0.0,700,656,0.7679354800950786,1.2320645199049214,61.0,61,4.0,42.0,0.04073299840092659,21.746060351800775,15.944447354177742,0.0,0.0,0.0,-0.2900806498811517,1.0,0.8207980394363403,0.04288509488105774,0.005438625812530518,0.06499225795703596,0.06429273793411719,0.041682886270185314,0.04214019514620304,0.0,0.0,0.012065300941467285,False,False
2.5,-2.0533370971679688,3.191614866256714,-0.7572594285011292,-1.5741893955912285,0.25273629329760683,0.9500000000000055,0.04999999999999449,0.0,690,650,1.1206075234204886,0.8793924765795113,51.0,51,5.0,28.0,0.04083826020359993,19.933888655817377,22.949076741329595,0.0,0.0,0.0,0.1507594042756109,1.0,0.8206753730773926,0.04304925724864006,0.005451560020446777,0.0653648256162799,0.06458843311760541,0.04130408478279909,0.04183317068964243,0.0,0.0,0.019762357473373415,False,False
2.505,-2.0746686458587646,3.153815984725952,-0.792617917060852,-1.197805976098089,0.8705140926304729,0.9499000000000055,0.05009999999999448,0.0,592,558,1.1105568964687813,0.8894431035312187,23.0,23,5.0,34.0,0.040767744183540344,18.272731267832594,21.036653679552128,0.0,0.0,0.0,0.1381961205859767,1.0,0.8206313848495483,0.04297858849167824,0.0054645538330078125,0.06539625814184512,0.06456768978387084,0.041276997265716396,0.04185456006477277,0.0,0.0,0.018554884195327758,False,False
2.5100000000000002,-2.1456010341644287,3.147102117538452,-0.8199589252471924,-0.9744803338519877,0.6750883541873685,0.9498000000000055,0.05019999999999447,0.0,670,637,1.1013438217630496,0.8986561782369504,31.0,31,3.0,29.0,0.040726009756326675,25.08333699551321,27.61693253958945,0.0,0.0,0.0,0.1266797772038119,1.0,0.8205424547195435,0.04292380064725876,0.005477428436279297,0.06518269471917267,0.06432152629395292,0.04146706312894821,0.04207474024345478,0.0,0.0,0.016063555479049686,False,False
2.515,-2.123359441757202,3.0473625659942627,-0.8358279466629028,-1.7496135889025517,0.8518272448071235,0.9497000000000055,0.05029999999999446,0.0,673,637,1.0928985032827954,0.9071014967172046,23.0,23,5.0,30.0,0.04072447493672371,22.993058912553774,25.31552149462366,0.0,0.0,0.0,0.11612312910349427,1.0,0.8204670548439026,0.042861100286245346,0.0054901838302612305,0.06540192347144053,0.06452002261516915,0.041246749460697174,0.0418563714871804,0.0,0.0,0.023531243801116944,False,False
2.52,-2.063976764678955,3.0133771896362305,-0.8717936873435974,-0.9939321594189005,0.8846432501405923,0.9496000000000056,0.05039999999999445,0.0,734,695,1.0851569613425625,0.9148430386574375,28.0,28,4.0,34.0,0.04069558531045914,21.07697066984096,23.205894703405022,0.0,0.0,0.0,0.10644620167820307,1.0,0.8203510046005249,0.04283181577920914,0.005502939224243164,0.0655877687875178,0.06465841453615542,0.04105415505667528,0.04170866527905067,0.0,0.0,0.03579742431640625,False,False
2.525,-1.9990687370300293,2.9744255542755127,-0.8410633206367493,-1.321865444609965,0.5462386896152077,0.9495000000000056,0.05049999999999444,0.0,691,653,1.0780605478973488,0.9219394521026512,39.0,39,7.0,23.0,0.040655579417943954,19.320556447354214,21.272070144787936,0.0,0.0,0.0,0.09757568487168608,1.0,0.8203158974647522,0.04285610094666481,0.0055158138275146484,0.06597888751327957,0.06506858282784587,0.04075760021805763,0.04136980356027683,0.0,0.0,0.023642539978027344,False,False
2.5300000000000002,-2.009326457977295,2.7830629348754883,-0.8283292055130005,-0.7835352436819053,0.8988837622909369,0.9494000000000056,0.05059999999999443,0.0,658,618,1.0715555022392365,0.9284444977607634,42.0,42,1.0,42.0,0.04075532779097557,17.71051007674136,19.499397632722275,0.0,0.0,0.0,0.08944437779904568,1.0,0.8202866911888123,0.042922500520944595,0.005528628826141357,0.06622436668258125,0.06534106596683428,0.0405000305424134,0.041059025873740516,0.0,0.0,0.015066143274307253,False,False
2.535,-2.0005953311920166,2.6216862201690674,-0.8387252688407898,-1.3625564271340336,0.7475947184302948,0.9493000000000056,0.050699999999994416,0.0,631,601,1.0655925437193003,0.9344074562806998,24.0,24,5.0,23.0,0.04084431752562523,24.567967570346244,26.20778116332875,0.0,0.0,0.0,0.08199067964912529,1.0,0.8202152848243713,0.04288339242339134,0.005541384220123291,0.06634915097057784,0.06546171539835598,0.040325752149025604,0.040884390473365784,0.0,0.0,0.0179155969619751,False,False
2.54,-1.868804931640625,2.5957202911376953,-0.8007118701934814,-1.0617407541706296,0.8966307047941724,0.9492000000000056,0.050799999999994405,0.0,567,533,1.0601264984093586,0.9398735015906415,34.0,34,4.0,22.0,0.04085129499435425,22.520636939484056,24.02379939971802,0.0,0.0,0.0,0.07515812301169814,1.0,0.8201055526733398,0.04286549985408783,0.005554258823394775,0.06705598399415577,0.06615842086387143,0.03985316803057989,0.040364686089257404,0.0,0.0,0.017310270071029664,False,False
2.545,-1.7807577848434448,2.650233030319214,-0.7609534859657288,-0.3684245748867845,0.8637096611475072,0.9491000000000056,0.050899999999994394,0.0,659,614,1.3884492902085785,0.6115507097914215,31.0,31,10.0,17.0,0.04079066589474678,20.643917194527052,30.355149449741514,0.0,0.0,0.0,0.48556161276072307,1.0,0.8200764656066895,0.04286060854792595,0.005566954612731934,0.06757466122508013,0.06668733073150084,0.03957751362274091,0.04004401620477438,0.0,0.0,0.022704141139984133,False,False
2.5500000000000003,-1.7699666023254395,2.6718130111694336,-0.7316370606422424,-0.5974187072572695,1.0,0.9490000000000056,0.05099999999999438,0.0,681,644,1.3560785160245303,0.6439214839754697,39.0,39,3.0,29.0,0.040753692388534546,18.9235907616498,27.825553662263054,0.0,0.0,0.0,0.4450981450306628,1.0,0.8200531005859375,0.04292807728052139,0.005579829216003418,0.06770177555829252,0.06684860301297123,0.03953814351310333,0.03997499433656534,0.0,0.0,0.016774941682815552,False,False
2.555,-1.7045676708221436,2.6152477264404297,-0.7115241289138794,-0.8213769431592889,0.603807384771233,0.9489000000000056,0.05109999999999437,0.0,623,585,1.3264053063558194,0.6735946936441806,31.0,31,2.0,34.0,0.04080096259713173,17.346624864845648,25.506757523741133,0.0,0.0,0.0,0.40800663294477424,1.0,0.8200385570526123,0.0429137647151947,0.005592525005340576,0.06804475898854398,0.0672031499538567,0.039284578524529934,0.03969759990771612,0.0,0.0,0.02215826988220215,False,False
2.56,-1.633943796157837,2.555523633956909,-0.6827710270881653,-0.9978096648193348,0.9353959423207622,0.9488000000000056,0.05119999999999436,0.0,629,595,1.299204864159501,0.7007951358404989,26.0,26,3.0,31.0,0.040959279984235764,15.901072792775176,23.381194396762705,0.0,0.0,0.0,0.3740060801993764,1.0,0.8199812173843384,0.04287305474281311,0.0056053996086120605,0.0684509430965405,0.06762110862322115,0.03900195782383283,0.03937733359634876,0.0,0.0,0.03573329448699951,False,False
2.565,-1.6125506162643433,2.5241875648498535,-0.6844658851623535,-0.9189773275960365,0.9276284553106444,0.9487000000000056,0.05129999999999435,0.0,651,618,1.5,0.39239554118712394,28.0,28,6.0,36.0,0.04089248925447464,14.575983393377244,29.766094863699145,0.0,0.0,0.0,0.759505573516095,1.0,0.820007860660553,0.042830564081668854,0.005618274211883545,0.06861831267178023,0.0677787462472912,0.038894525108238064,0.03926653414964676,0.0,0.0,0.01957791805267334,False,False
2.57,-1.4484299421310425,2.4929308891296387,-0.7301799654960632,-1.299584924599773,0.6976814092231968,0.9486000000000057,0.05139999999999434,0.0,797,746,1.5,0.19999999999999996,54.0,54,4.0,30.0,0.04086044803261757,13.361318110595807,43.95225362505755,0.0,0.0,0.0,1.0,1.0,0.8200328946113586,0.04297558218240738,0.005630970001220703,0.06931003364703271,0.06836272884625905,0.03842732713868221,0.03886180774619182,0.0,0.0,0.0202487850189209,False,False
2.575,-1.2781224250793457,2.5360686779022217,-0.7258322238922119,-1.2680724588366414,0.7169148272993638,0.9485000000000057,0.05149999999999433,0.0,777,730,1.5,0.19999999999999996,36.0,36,6.0,26.0,0.04098277539014816,12.247874934712822,40.28956582296942,0.0,0.0,0.0,1.0,1.0,0.8200140595436096,0.04297666624188423,0.0056438446044921875,0.06994329661938015,0.06896642801475986,0.0380768021568656,0.03851369954645634,0.0,0.0,0.02090315580368042,False,False
2.58,-1.24116849899292,2.473966121673584,-0.7559225559234619,-0.9561479521858154,0.6668907250349932,0.9484000000000057,0.05159999999999432,0.0,696,667,1.5,0.19999999999999996,23.0,23,4.0,25.0,0.041102297604084015,11.22721869015342,36.93210200438863,0.0,0.0,0.0,1.0,1.0,0.8200266361236572,0.042934536933898926,0.005656540393829346,0.07004698643460833,0.06904158972669355,0.03797796399643024,0.038434749779601894,0.0,0.0,0.018396966457366944,False,False
2.585,-1.2865417003631592,2.3531434535980225,-0.8093993663787842,-0.8329983141868504,0.7167693217340418,0.9483000000000057,0.051699999999994306,0.0,683,629,1.5,0.3908209451447089,37.0,37,5.0,15.0,0.04103512689471245,18.624950465973967,33.85442683735624,0.0,0.0,0.0,0.7614738185691138,1.0,0.8199944496154785,0.042912036180496216,0.005669295787811279,0.07002014351015252,0.06895461526513062,0.03794305181751649,0.03844692216565212,0.0,0.0,0.01935937285423279,False,False
2.59,-1.3394246101379395,2.323744773864746,-0.8520766496658325,-0.43447541430405706,0.49542905215128763,0.9482000000000057,0.051799999999994295,0.0,611,573,0.8917474669506836,1.1082525330493163,34.0,34,4.0,19.0,0.04101617634296417,33.7395379271428,31.03322460090989,0.0,0.0,0.0,-0.13531566631164543,1.0,0.8199685215950012,0.042951419949531555,0.005682110786437988,0.069895144594212,0.06878292480887188,0.038017709739506245,0.038558654487133026,0.0,0.0,0.021733732223510743,False,False
2.595,-1.3232473134994507,2.289710760116577,-0.8822539448738098,-1.0138023486619154,0.998739003102794,0.9481000000000057,0.051899999999994284,0.0,715,675,0.90076851137146,1.0992314886285401,34.0,34,6.0,34.0,0.040972985327243805,30.927909766547565,28.447122550834063,0.0,0.0,0.0,-0.12403936078567508,1.0,0.8199003338813782,0.04294890910387039,0.005694866180419922,0.07000264327041768,0.06884973108395896,0.03794345694283645,0.03850431336710851,0.0,0.0,0.02444194793701172,False,False
2.6,-1.2667737007141113,2.186659097671509,-0.922021746635437,-0.9314804308305348,0.6690425125299763,0.9480000000000057,0.05199999999999427,0.0,657,618,0.9090378020905052,1.0909621979094948,28.0,28,3.0,26.0,0.04091467708349228,36.68391728600193,34.40986233826456,0.0,0.0,0.0,-0.11370274738686845,1.0,0.8200186491012573,0.04290143772959709,0.0057076215744018555,0.07016088456070634,0.06897891386070562,0.03776359682281812,0.038353692119320236,0.0,0.0,0.024169790744781493,False,False
2.605,-1.219539999961853,2.0859215259552,-0.9584565758705139,-1.2414927800470648,0.6744123289186805,0.9479000000000057,0.05209999999999426,0.0,633,602,0.9166179852496299,1.08338201475037,36.0,36,5.0,36.0,0.04086963087320328,33.6269241788351,31.542373810075844,0.0,0.0,0.0,-0.10422751843796263,1.0,0.8200811147689819,0.04292209818959236,0.0057204365730285645,0.07024116646498403,0.0690460951626297,0.03761256424089273,0.038225771859288216,0.0,0.0,0.01657356381416321,False,False
2.61,-1.1976873874664307,2.0216734409332275,-0.9153748154640198,-0.8871071977944349,0.8079043872362451,0.9478000000000057,0.05219999999999425,0.0,666,618,0.9235664864788273,1.0764335135211727,52.0,52,2.0,30.0,0.04083745554089546,30.824680497265504,28.913842659236188,0.0,0.0,0.0,-0.09554189190146581,1.0,0.8201465606689453,0.043025340884923935,0.005733191967010498,0.07051350534986667,0.0693566323667761,0.03744792037953933,0.038016047328710556,0.0,0.0,0.015654377937316895,False,False
2.615,-1.1913294792175293,1.9221317768096924,-0.9507545828819275,-1.092885199433349,0.6019862977798147,0.9477000000000058,0.05229999999999424,0.0,673,639,0.9299359459389251,1.0700640540610749,31.0,31,6.0,38.0,0.04095050320029259,36.58929045582671,34.83768910429984,0.0,0.0,0.0,-0.08758006757634362,1.0,0.8201664686203003,0.04300811141729355,0.005746066570281982,0.07062591665424368,0.06943360696174167,0.03734964566926162,0.03793188681205114,0.0,0.0,0.01800308704376221,False,False
2.62,-1.1383028030395508,1.786112666130066,-0.9705585837364197,-0.7007777317180951,0.8633869555559988,0.9476000000000058,0.05239999999999423,0.0,589,556,0.9357746171106814,1.0642253828893187,26.0,26,6.0,35.0,0.04097248986363411,33.54018291784115,31.934548345608185,0.0,0.0,0.0,-0.08028172861164826,1.0,0.8202163577079773,0.04295952990651131,0.005758762359619141,0.07090227452758661,0.06969073765290243,0.03714419125268857,0.03773042776932319,0.0,0.0,0.012121826410293579,False,False
2.625,-1.026036262512207,1.6910836696624756,-0.9125495553016663,-0.8937398990655565,0.7500474765197893,0.9475000000000058,0.05249999999999422,0.0,510,484,0.9411267323514579,1.0588732676485422,30.0,30,1.0,25.0,0.04094703495502472,30.74516767468772,29.27333598347417,0.0,0.0,0.0,-0.0735915845606776,1.0,0.8202199339866638,0.0429273396730423,0.005771636962890625,0.0716872993335124,0.07047679080441556,0.03673112175116937,0.037257520792384945,0.0,0.0,0.018005938529968263,False,False
2.63,-0.9897613525390625,1.6934200525283813,-0.8607811331748962,-1.187272031374085,0.608280831422468,0.9474000000000058,0.05259999999999421,0.0,576,536,0.9460328379888365,1.0539671620111635,22.0,22,6.0,42.0,0.040977463126182556,28.183070368463742,26.833891318184655,0.0,0.0,0.0,-0.06745895251395435,1.0,0.8202283382415771,0.04284112527966499,0.005784332752227783,0.07206262044298113,0.07087976317076596,0.036585034492115184,0.03706504901250204,0.0,0.0,0.020192642211914063,False,False
2.6350000000000002,-0.9792154431343079,1.748363971710205,-0.8295367956161499,-0.8628687034744239,0.8976755956031944,0.9473000000000058,0.052699999999994196,0.0,680,635,0.9505301014897668,1.049469898510233,31.0,31,4.0,41.0,0.040906406939029694,25.834481171091763,24.597733708335934,0.0,0.0,0.0,-0.061837373137791474,1.0,0.8201930522918701,0.042824625968933105,0.005797207355499268,0.07213511535028577,0.07097995709131123,0.036593751671413585,0.03705911183108886,0.0,0.0,0.012250615358352663,False,False
2.64,-0.8935664296150208,1.7392600774765015,-0.8205308318138123,-0.46373589720606245,0.8962927080582344,0.9472000000000058,0.052799999999994185,0.0,760,710,0.621319259698953,1.378680740301047,49.0,49,5.0,34.0,0.0408879853785038,32.01494107350078,22.547922565974606,0.0,0.0,0.0,-0.4733509253763087,1.0,0.8202405571937561,0.04293608292937279,0.005809903144836426,0.0725134203163903,0.07133967498037926,0.03639853869875272,0.03686167144527038,0.0,0.0,0.023644711971282963,False,False
2.645,-0.8496273756027222,1.6904577016830444,-0.7916973233222961,-1.458766802630267,0.4525633002640179,0.9471000000000058,0.052899999999994174,0.0,773,740,0.6528759880573736,1.3471240119426264,47.0,47,3.0,19.0,0.04084451496601105,29.347029317375714,20.668929018810054,0.0,0.0,0.0,-0.433905014928283,1.0,0.820239245891571,0.04305277392268181,0.005822658538818359,0.07282368403673131,0.07166217492024064,0.03623818513005972,0.036673457361757755,0.0,0.0,0.02874430656433106,False,False
2.65,-0.8156065940856934,1.6206026077270508,-0.8206470012664795,-0.8370374701319637,0.8629150739797767,0.9470000000000058,0.05299999999999416,0.0,599,569,0.6818029890525925,1.3181970109474075,32.0,32,8.0,24.0,0.040782857686281204,26.901443540927737,18.94651826724255,0.0,0.0,0.0,-0.39774626368425936,1.0,0.8201967477798462,0.0430418998003006,0.005835473537445068,0.07299371571248979,0.07179691598626436,0.03612222149968147,0.03657365217804909,0.0,0.0,0.022501440048217775,False,False
2.6550000000000002,-0.6397968530654907,1.6011234521865845,-0.8363118767738342,-0.8251768485682079,0.8110112930330774,0.9469000000000058,0.05309999999999415,0.0,621,579,0.708319406631543,1.291680593368457,26.0,26,4.0,40.0,0.04078573361039162,24.659656579183757,17.367641744972335,0.0,0.0,0.0,-0.3646007417105711,1.0,0.820160448551178,0.042989060282707214,0.005848228931427002,0.0736967140249904,0.07243249964900275,0.03577474970370531,0.036246905413766704,0.0,0.0,0.019058240652084352,False,False
2.66,-0.5221899747848511,1.5838861465454102,-0.8257943391799927,-1.8964804047996426,0.5883648125272561,0.9468000000000059,0.05319999999999414,0.0,606,568,0.3992927894122479,1.5,40.0,40,3.0,39.0,0.04081462696194649,30.93801853091844,15.92033826622464,0.0,0.0,0.0,-0.7508840132346901,1.0,0.8201534748077393,0.04304410144686699,0.005861043930053711,0.07418427982988417,0.07290333432269554,0.03555367235094309,0.03601641394197941,0.0,0.0,0.01565730571746826,False,False
2.665,-0.5064451694488525,1.4445394277572632,-0.8472388386726379,-1.073702418422953,0.8133403254303398,0.9467000000000059,0.05329999999999413,0.0,579,546,0.449351723627894,1.5,13.0,13,1.0,46.0,0.040767211467027664,28.35985032000857,14.59364341070592,0.0,0.0,0.0,-0.6883103454651325,1.0,0.8201019167900085,0.0429135225713253,0.0058737993240356445,0.07427241263662734,0.07299805463726282,0.03545235376805067,0.035920861798028156,0.0,0.0,0.014358193874359132,False,False
2.67,-0.5297333002090454,1.3394417762756348,-0.8820236325263977,-1.0946893777062645,0.8756319989480859,0.9466000000000059,0.05339999999999412,0.0,614,576,0.19999999999999996,1.5,20.0,20,8.0,37.0,0.04068812355399132,34.329862793341185,13.377506459813759,0.0,0.0,0.0,-1.0,1.0,0.8200107216835022,0.042819201946258545,0.005886554718017578,0.0742042347267266,0.07292782323341777,0.035438102980454765,0.03592486493289471,0.0,0.0,0.02097394704818726,False,False
2.6750000000000003,-0.5401182770729065,1.343467354774475,-0.910950243473053,-0.27524729425985817,0.7198452549017641,0.9465000000000059,0.05349999999999411,0.0,732,691,0.23174693443732763,1.5,75.0,75,3.0,33.0,0.040677912533283234,31.469040893896086,12.262714254829278,0.0,0.0,0.0,-0.9603163319533404,1.0,0.8199273347854614,0.04309898242354393,0.005899369716644287,0.07417539265627622,0.07286392133496661,0.03546164991954963,0.03596699951837461,0.0,0.0,0.014975504875183107,False,False
2.68,-0.5083568096160889,1.281144380569458,-0.9262514114379883,-1.0293065630168645,0.6706677603168308,0.9464000000000059,0.0535999999999941,0.0,699,666,0.295768023234217,1.5,56.0,56,6.0,23.0,0.041184403002262115,28.846620819404745,11.240821400260172,0.0,0.0,0.0,-0.8802899709572287,1.0,0.8199259638786316,0.04328765347599983,0.005912125110626221,0.07429503403138328,0.07296802110038657,0.03537218241641919,0.03588110984613498,0.0,0.0,0.017746260166168214,False,False
2.685,-0.46546781063079834,1.1891919374465942,-0.9434107542037964,-1.0066895371093005,1.0,0.9463000000000059,0.053699999999994086,0.0,629,595,0.3544540212980324,1.5,20.0,20,2.0,16.0,0.041125744581222534,26.442735751121013,10.304086283571824,0.0,0.0,0.0,-0.8069324733774594,1.0,0.8198773264884949,0.04322878643870354,0.005924999713897705,0.07444903042167385,0.07312058320641476,0.03525707870721817,0.035770321264863014,0.0,0.0,0.027603018283843993,False,False
2.69,-0.43238523602485657,1.175612211227417,-0.9332274794578552,-1.0156921955751452,0.8250815669563574,0.9462000000000059,0.053799999999994075,0.0,529,499,0.19999999999999996,1.5,13.0,13,3.0,20.0,0.041094861924648285,32.57250777186093,9.445412426607504,0.0,0.0,0.0,-1.0,1.0,0.819788932800293,0.04309966415166855,0.0059378743171691895,0.07463635138856826,0.07330797108262736,0.03518340022613605,0.035690742855270706,0.0,0.0,0.01859563231468201,False,False
2.695,-0.43300801515579224,1.0357540845870972,-0.8917760848999023,-0.9493344328593523,0.49633078276798304,0.9461000000000059,0.053899999999994064,0.0,621,580,0.19999999999999996,1.5,22.0,22,6.0,27.0,0.0410265289247036,38.19146545753918,8.658294724390212,0.0,0.0,0.0,-1.0,1.0,0.819713294506073,0.04301577806472778,0.005950570106506348,0.0748398019839074,0.0735557739144808,0.03505211013058822,0.03551927705605825,0.0,0.0,0.022395670413970947,False,False
2.7,-0.4940932095050812,0.9280116558074951,-0.9080373048782349,-0.5387980175437616,0.9765761147930059,0.946000000000006,0.05399999999999405,0.0,666,630,0.19999999999999996,1.5,70.0,70,3.0,27.0,0.04095923900604248,35.00884333607758,7.93677016402436,0.0,0.0,0.0,-1.0,1.0,0.8196679353713989,0.04326966404914856,0.005963444709777832,0.07450929996650624,0.07327296647429425,0.03513609680036704,0.035604978911578655,0.0,0.0,0.021031770706176758,False,False
2.705,-0.4229441285133362,0.919840395450592,-0.8774092197418213,-0.8955176865776542,0.7513579857706962,0.945900000000006,0.05409999999999404,0.0,657,604,0.19999999999999996,1.5,30.0,30,5.0,37.0,0.040899571031332016,32.09143972473778,7.2753726503556635,0.0,0.0,0.0,-1.0,1.0,0.8196252584457397,0.043238360434770584,0.005976259708404541,0.07487957028051176,0.07362632079049904,0.03499765880405903,0.035451852406064674,0.0,0.0,0.021639976501464844,False,False
2.71,-0.31097903847694397,0.9713103175163269,-0.7982750535011292,-1.2063301939814675,0.5289647690009758,0.945800000000006,0.05419999999999403,0.0,625,603,0.19999999999999996,1.5,30.0,30,3.0,29.0,0.04083825647830963,37.750486414342966,6.669091596159358,0.0,0.0,0.0,-1.0,1.0,0.8195403814315796,0.04320420324802399,0.005989015102386475,0.0757352197030555,0.07446952433977234,0.0347412982955575,0.035152630880475044,0.0,0.0,0.020474705696105957,False,False
2.715,-0.27373647689819336,0.9895387291908264,-0.7501298785209656,-1.0788672509010373,0.8083732164224621,0.945700000000006,0.05429999999999402,0.0,669,632,0.19999999999999996,1.5,18.0,18,5.0,36.0,0.04078305885195732,34.60461254648105,6.113333963146078,0.0,0.0,0.0,-1.0,1.0,0.8194885849952698,0.0431085079908371,0.006001710891723633,0.07613270612806039,0.07488320493884343,0.034632851990560695,0.03501743543893099,0.0,0.0,0.02349602460861206,False,False
2.72,-0.24541154503822327,0.956358790397644,-0.7124131917953491,-0.6793502173362171,0.9661601924849119,0.945600000000006,0.05439999999999401,0.0,702,661,0.19999999999999996,1.5,26.0,26,4.0,31.0,0.04074420407414436,31.720894834274294,5.603889466217238,0.0,0.0,0.0,-1.0,1.0,0.8194959163665771,0.043069988489151,0.006014466285705566,0.07638575153083808,0.07516665233516404,0.03454660531133413,0.03491054444263379,0.0,0.0,0.026332631111145022,False,False
2.725,-0.1176011860370636,0.9227269291877747,-0.6130236983299255,-0.6585518269314007,0.8179798275369313,0.945500000000006,0.054499999999994,0.0,739,705,0.19999999999999996,1.5,49.0,49,6.0,33.0,0.04088885337114334,29.0774869314181,5.136898677365801,0.0,0.0,0.0,-1.0,1.0,0.819502592086792,0.04315102845430374,0.006027162075042725,0.07727072243392423,0.07607838457822756,0.0342519162222743,0.03455190764119228,0.0,0.0,0.032819039821624756,False,False
2.73,0.012826637364923954,0.9015774130821228,-0.5508784055709839,-1.3178511195864457,0.3843609959257386,0.945400000000006,0.05459999999999399,0.0,665,625,0.19999999999999996,1.5,48.0,48,4.0,22.0,0.04099974408745766,34.98769635379992,4.708823787585318,0.0,0.0,0.0,-1.0,1.0,0.8194653987884521,0.043290283530950546,0.006039977073669434,0.0779440808948125,0.07675107344519304,0.03399910250057777,0.034262139039735004,0.0,0.0,0.028272438049316406,False,False
2.735,0.17471157014369965,0.8939840793609619,-0.5493581891059875,-0.8325885183017954,0.7997151242916114,0.945300000000006,0.054699999999993976,0.0,628,591,0.19999999999999996,1.5,30.0,30,6.0,39.0,0.04100419208407402,32.072054990983254,4.316421805286541,0.0,0.0,0.0,-1.0,1.0,0.8193879723548889,0.04326465725898743,0.006052613258361816,0.07882860514397377,0.0775610980664686,0.03371945427109798,0.033994438126683235,0.0,0.0,0.01628044128417969,False,False
2.74,0.36348891258239746,0.8927720189094543,-0.5402625203132629,-0.6229615647093008,0.6647188322658997,0.945200000000006,0.054799999999993965,0.0,621,580,0.19999999999999996,1.5,22.0,22,4.0,39.0,0.04094071686267853,29.39938374173465,3.9567199881793287,0.0,0.0,0.0,-1.0,1.0,0.8193432688713074,0.043200187385082245,0.006065428256988525,0.07978155339602336,0.07846688214099612,0.033431276679039,0.033711278811097145,0.0,0.0,0.011054474115371703,False,False
2.745,0.48595130443573,0.8345754146575928,-0.5404534339904785,-0.8222587029985725,0.7067339143099951,0.945100000000006,0.054899999999993954,0.0,598,566,0.19999999999999996,1.5,35.0,35,3.0,39.0,0.04087439551949501,26.949435096590094,3.626993322497718,0.0,0.0,0.0,-1.0,1.0,0.8193011283874512,0.04317939653992653,0.006078124046325684,0.08033959577232554,0.07900674083456352,0.03323426625380914,0.03351718342552583,0.0,0.0,0.017633497714996338,False,False
2.75,0.5293498039245605,0.7180327773094177,-0.5376745462417603,-1.1164332235349899,0.564454287392259,0.9450000000000061,0.05499999999999394,0.0,773,736,0.19999999999999996,1.5,59.0,59,4.0,38.0,0.04082559421658516,33.03698217187425,3.3247438789562413,0.0,0.0,0.0,-1.0,1.0,0.8192678093910217,0.04337340220808983,0.006090879440307617,0.08052991570159747,0.07919698680036967,0.03312482809027036,0.03340989196052154,0.0,0.0,0.024989659786224368,False,False
2.755,0.5216591954231262,0.6940643191337585,-0.5333889722824097,-0.5216706736469247,0.9688747809652366,0.9449000000000061,0.05509999999999393,0.0,741,695,0.19999999999999996,1.5,45.0,45,5.0,25.0,0.040787473320961,30.28390032421806,3.047681889043221,0.0,0.0,0.0,-1.0,1.0,0.819263219833374,0.043419670313596725,0.006103575229644775,0.08063108463150714,0.07927858152737174,0.033102468587458134,0.03338818438351154,0.0,0.0,0.02708660364151001,False,False
2.7600000000000002,0.5363010764122009,0.6972552537918091,-0.5705382823944092,-0.7063964916536946,0.9180014419560276,0.9448000000000061,0.05519999999999392,0.0,573,548,0.19999999999999996,1.5,15.0,15,7.0,21.0,0.04082151874899864,27.760241963866555,2.793708398289619,0.0,0.0,0.0,-1.0,1.0,0.8192137479782104,0.04332316294312477,0.006116390228271484,0.08060858331620648,0.07920344308949963,0.03309336490929127,0.033400263637304306,0.0,0.0,0.02160651683807373,False,False
2.765,0.5702678561210632,0.6337615847587585,-0.5835530757904053,-0.6172616966872713,0.5732501951471127,0.9447000000000061,0.05529999999999391,0.0,616,569,0.19999999999999996,1.5,28.0,28,3.0,25.0,0.04088267683982849,25.446888466877674,2.5608993650988174,0.0,0.0,0.0,-1.0,1.0,0.8191244006156921,0.04326474294066429,0.006129026412963867,0.08068286552031789,0.07925046217441513,0.03303147852420807,0.03334494307637215,0.0,0.0,0.031042788028717044,False,False
2.77,0.5591002702713013,0.5983214378356934,-0.5783116221427917,-0.44334153926421876,0.6813905127427027,0.9446000000000061,0.0553999999999939,0.0,634,599,0.4941803996014419,1.5,29.0,29,2.0,32.0,0.04083925485610962,23.3263144279712,10.680824418007248,0.0,0.0,0.0,-0.6322745004981977,1.0,0.8190425038337708,0.04326240345835686,0.006141841411590576,0.08063125395774795,0.07920795669313474,0.03303032834082842,0.03334017936140299,0.0,0.0,0.025111818313598634,False,False
2.775,0.5819782614707947,0.5611869692802429,-0.5235855579376221,-0.33564771523935905,0.8181667193285707,0.9445000000000061,0.05549999999999389,0.0,601,563,0.5363320329679884,1.4636679670320116,24.0,24,3.0,38.0,0.040897853672504425,21.382454892306935,9.790755716506643,0.0,0.0,0.0,-0.5795849587900146,1.0,0.8190423250198364,0.04320584610104561,0.006154537200927734,0.08103164231777145,0.07964125260338141,0.03294456284493208,0.033226438487569496,0.0,0.0,0.02353449583053589,False,False
2.7800000000000002,0.6116683483123779,0.4290560781955719,-0.4664057791233063,-1.0478435889468383,0.5611552556379742,0.9444000000000061,0.05559999999999388,0.0,664,626,0.9083043635539891,1.0916956364460109,36.0,36,9.0,33.0,0.040853794664144516,27.93391698461469,25.64152607346442,0.0,0.0,0.0,-0.11461954555751355,1.0,0.8189945220947266,0.04319443553686142,0.006167113780975342,0.08129163611214561,0.07996020017036502,0.03285151906311512,0.03309656245013078,0.0,0.0,0.023967573642730715,False,False
2.785,0.6247261166572571,0.35612037777900696,-0.5105333924293518,-0.5836068865864683,0.7439561565794338,0.9443000000000061,0.055699999999993866,0.0,824,771,0.5826123332578236,1.4173876667421763,71.0,71,2.0,51.0,0.04085506126284599,33.93942390256346,23.50473223400905,0.0,0.0,0.0,-0.5217345834277205,1.0,0.8189579248428345,0.04347340017557144,0.006179988384246826,0.08096934255088323,0.07959867913896794,0.03287489525973797,0.03314715034017961,0.0,0.0,0.04094823837280274,False,False
2.79,0.7026759386062622,0.4047752022743225,-0.46052709221839905,-0.6623487982849801,0.8028281204621341,0.9442000000000061,0.055799999999993855,0.0,795,759,0.6173946388196716,1.3826053611803284,29.0,29,9.0,36.0,0.04114176705479622,31.111138577349838,21.54600454784163,0.0,0.0,0.0,-0.4782567014754104,1.0,0.8189756274223328,0.04345430061221123,0.006192684173583984,0.08168558031879318,0.08032512046303554,0.03274407392988603,0.0329955496514837,0.0,0.0,0.025730123519897462,False,False
2.795,0.7586464285850525,0.4619406759738922,-0.38932010531425476,-1.2296950499166388,0.32033029748783376,0.9441000000000062,0.055899999999993844,0.0,629,604,0.6492784189180324,1.3507215810819675,18.0,18,1.0,46.0,0.04108833521604538,28.518543695904018,19.750504168854828,0.0,0.0,0.0,-0.4384019763524595,1.0,0.8190180063247681,0.04336828365921974,0.006205439567565918,0.08255669600702774,0.08123873292095912,0.03260937053710222,0.032826660511394344,0.0,0.0,0.021872127056121828,False,False
2.8000000000000003,0.7760412693023682,0.47424399852752686,-0.3516523838043213,-0.9617880636568873,0.994778142361389,0.9440000000000062,0.05599999999999383,0.0,605,573,0.6785052173415298,1.3214947826584702,22.0,22,2.0,25.0,0.041008416563272476,26.141998387912015,18.10462882145026,0.0,0.0,0.0,-0.4018684783230878,1.0,0.819013774394989,0.04329086095094681,0.006218135356903076,0.08285431192039154,0.08157818825573923,0.032560041484733425,0.03275960683822632,0.0,0.0,0.02944382905960083,False,False
2.805,0.8484174013137817,0.48448625206947327,-0.2998168468475342,-0.9231624404986923,0.798050652801392,0.9439000000000062,0.05609999999999382,0.0,709,666,0.7052964492297358,1.2947035507702642,53.0,53,4.0,34.0,0.04096238315105438,23.963498522252678,16.59590975299607,0.0,0.0,0.0,-0.36837943846283033,1.0,0.8189679980278015,0.04339509457349777,0.006230950355529785,0.08348964303731869,0.082251062393188,0.032436250088115536,0.032611582428216934,0.0,0.0,0.03945996522903443,False,False
2.81,0.9075407385826111,0.5056048631668091,-0.27809134125709534,-0.4419309030136819,0.3328837078375354,0.9438000000000062,0.05619999999999381,0.0,694,648,0.7298550784605911,1.270144921539409,39.0,39,7.0,23.0,0.04091038182377815,21.966540312064954,15.212917273579732,0.0,0.0,0.0,-0.33768115192426107,1.0,0.8188820481300354,0.04343350976705551,0.006243705749511719,0.08392221205929866,0.0826885303311666,0.03234959362695615,0.03251517191529274,0.0,0.0,0.045827388763427734,False,False
2.815,0.9807822704315186,0.4912320375442505,-0.2927856743335724,-0.7074453480463456,0.47350450500450075,0.9437000000000062,0.0562999999999938,0.0,640,614,0.7523671552555419,1.2476328447444582,23.0,23,4.0,34.0,0.040891390293836594,20.13599528605954,13.945174167448087,0.0,0.0,0.0,-0.30954105593057263,1.0,0.8188749551773071,0.04336022958159447,0.006256401538848877,0.08426770896899155,0.08296882473056467,0.03225216021140417,0.032427591892580196,0.0,0.0,0.020636281967163085,False,False
2.82,1.1863760948181152,0.5098369717597961,-0.2817232310771942,-0.3737955706058116,0.6753145158997812,0.9436000000000062,0.05639999999999379,0.0,625,590,0.43966989231758,1.5,19.0,19,3.0,30.0,0.04114269092679024,26.791329012221244,12.783076320160745,0.0,0.0,0.0,-0.7004126346030249,1.0,0.8188205361366272,0.04326406493782997,0.006269097328186035,0.08556035796552847,0.08419154342170755,0.031966605844597026,0.032151831934849426,0.0,0.0,0.014351551532745362,False,False
2.825,1.3787736892700195,0.5568646192550659,-0.2619912326335907,-1.5416067215269922,0.46083852410969417,0.9435000000000062,0.05649999999999378,0.0,671,633,0.48636406795778175,1.5,73.0,73,7.0,17.0,0.04108143970370293,24.558718261202806,11.717819960147349,0.0,0.0,0.0,-0.6420449150527728,1.0,0.8187261819839478,0.04354500025510788,0.006281793117523193,0.08702169501781412,0.0855884563451007,0.031684914914270244,0.031868432027598224,0.0,0.0,0.011821377277374267,False,False
2.83,1.5138241052627563,0.5108969807624817,-0.2752078175544739,-0.683367762432235,0.7124946659949688,0.9434000000000062,0.056599999999993766,0.0,660,625,0.5291670622946332,1.4708329377053668,44.0,44,2.0,19.0,0.04106225073337555,22.51215840610257,10.741334963468402,0.0,0.0,0.0,-0.5885411721317084,1.0,0.8185932636260986,0.043636057525873184,0.006294548511505127,0.087699944817771,0.0862229719897727,0.03150493372231722,0.03170299033323924,0.0,0.0,0.021808583736419678,False,False
2.835,1.601626992225647,0.4074338674545288,-0.27519336342811584,-0.49983569533910954,0.8886765876860241,0.9433000000000062,0.056699999999993755,0.0,662,621,0.5684031404367471,1.4315968595632529,30.0,30,8.0,31.0,0.041001107543706894,20.636145205594023,9.846223716512702,0.0,0.0,0.0,-0.539496074454066,1.0,0.8185458779335022,0.04359884187579155,0.006307244300842285,0.08824732009693928,0.08669105822034129,0.03136854153126478,0.031579400723179184,0.0,0.0,0.026499567031860356,False,False
2.84,1.5871754884719849,0.3967193365097046,-0.2798287570476532,-0.5809047225793691,0.9055844976769614,0.9432000000000063,0.056799999999993744,0.0,625,585,0.6043695454003517,1.3956304545996483,20.0,20,6.0,32.0,0.040953680872917175,18.916466438461185,9.025705073469977,0.0,0.0,0.0,-0.4945380682495604,1.0,0.8185495138168335,0.04350006952881813,0.006319940090179443,0.0883271099977811,0.08671533047811389,0.03136838010201852,0.031584808602929115,0.0,0.0,0.013537383079528809,False,False
2.845,1.5830992460250854,0.3798464238643646,-0.3213355541229248,-0.6878035208145943,0.43126238559999613,0.9431000000000063,0.05689999999999373,0.0,639,603,0.304005416616989,1.5,37.0,37,2.0,32.0,0.04112736135721207,25.673427568589418,8.273562984014145,0.0,0.0,0.0,-0.8699932292287637,1.0,0.818557620048523,0.04351601377129555,0.006332695484161377,0.08814586173742957,0.0864514453485603,0.03138336663444837,0.031621024633447334,0.0,0.0,0.020407190322875978,False,False
2.85,1.6439247131347656,0.3175208270549774,-0.32178178429603577,-0.9561217652516639,0.5530991414298273,0.9430000000000063,0.05699999999999372,0.0,656,617,0.36200496523224,1.5,40.0,40,5.0,31.0,0.04106593504548073,31.8673086045403,15.9174327353463,0.0,0.0,0.0,-0.7974937934597,1.0,0.8185212016105652,0.04355065897107124,0.006345391273498535,0.08850174116343208,0.08674625831935504,0.031296374897162124,0.03153756105651458,0.0,0.0,0.019814319610595703,False,False
2.855,1.6719156503677368,0.28532925248146057,-0.29223108291625977,-0.4323927059502858,0.692503800954161,0.9429000000000063,0.05709999999999371,0.0,694,651,0.19999999999999996,1.5,28.0,28,6.0,42.0,0.04114565998315811,37.54503288749527,14.590980007400773,0.0,0.0,0.0,-1.0,1.0,0.8185157775878906,0.04354025796055794,0.006358087062835693,0.08875416601387111,0.08703726993252783,0.03124162399520477,0.03147123381495476,0.0,0.0,0.025667386054992674,False,False
2.86,1.7287442684173584,0.20373862981796265,-0.25851139426231384,-0.5445422959090459,0.9677280961225978,0.9428000000000063,0.0571999999999937,0.0,770,727,0.19999999999999996,1.5,36.0,36,5.0,31.0,0.041241031140089035,42.74961348020399,13.375065006784041,0.0,0.0,0.0,-1.0,1.0,0.818562388420105,0.0435391329228878,0.0063707828521728516,0.08928769241459615,0.08756816608613927,0.031145002382496994,0.03135980262110631,0.0,0.0,0.020582294464111327,False,False
2.865,1.8040419816970825,0.06488317996263504,-0.25781863927841187,-0.2557130935840884,0.8156865488246203,0.9427000000000063,0.05729999999999369,0.0,693,657,0.19999999999999996,1.5,43.0,43,2.0,18.0,0.041311293840408325,39.18714569018699,12.260476256218704,0.0,0.0,0.0,-1.0,1.0,0.818560779094696,0.04357963055372238,0.006383538246154785,0.08942538657411879,0.08767924481630274,0.03107973374426365,0.03130030042181413,0.0,0.0,0.014179278612136841,False,False
2.87,1.8442093133926392,0.029170338064432144,-0.25279197096824646,-0.6483105396771086,0.592839207219115,0.9426000000000063,0.05739999999999368,0.0,520,488,0.19999999999999996,1.5,19.0,19,5.0,20.0,0.04124874621629715,35.92155021600474,11.23876990153381,0.0,0.0,0.0,-1.0,1.0,0.8185173869132996,0.043493159115314484,0.006396174430847168,0.08942183537160305,0.08767334572349934,0.0310606819887956,0.03128299955278635,0.0,0.0,0.021715354919433594,False,False
2.875,1.8893417119979858,0.1087980717420578,-0.1684149205684662,0.1842060180086631,0.8981974737942297,0.9425000000000063,0.05749999999999367,0.0,557,525,0.19999999999999996,1.5,31.0,31,0.0,18.0,0.041172727942466736,32.92808769800434,10.30220574307266,0.0,0.0,0.0,-1.0,1.0,0.8184334635734558,0.0434592105448246,0.006408870220184326,0.09053015159256703,0.0888985607108717,0.03094215256472429,0.03112189471721649,0.0,0.0,0.018432121276855472,False,False
2.88,1.9226075410842896,0.1874152272939682,-0.10047434270381927,0.10288590419804462,0.7875173540292069,0.9424000000000063,0.057599999999993656,0.0,600,567,0.19999999999999996,1.5,25.0,25,5.0,21.0,0.0411083810031414,30.18408038983731,9.443688597816605,0.0,0.0,0.0,-1.0,1.0,0.8183104991912842,0.043403737246990204,0.006421446800231934,0.09148512091487593,0.08997332020662673,0.030848708314200245,0.030992344642678898,0.0,0.0,0.020883674621582034,False,False
2.8850000000000002,1.9525036811828613,0.18611477315425873,-0.06805844604969025,-0.7991288285198791,0.5676208366089455,0.9423000000000064,0.057699999999993645,0.0,621,590,0.2395189676259074,1.5,27.0,27,2.0,28.0,0.041062258183956146,27.668740357350867,8.656714547998554,0.0,0.0,0.0,-0.9506012904676157,1.0,0.8182674050331116,0.04338161274790764,0.006434023380279541,0.09190331788361017,0.09045061668256865,0.030797265159587067,0.03092830845465263,0.0,0.0,0.0253446626663208,False,False
2.89,2.0441482067108154,0.1542978137731552,-0.03379637748003006,0.3284695021273163,0.4331820448195378,0.9422000000000064,0.057799999999993634,0.0,659,618,0.969559053657082,1.030440946342918,39.0,39,5.0,31.0,0.041037485003471375,25.363011994238292,24.60198833566534,0.0,0.0,0.0,-0.03805118292864762,1.0,0.8181780576705933,0.043399788439273834,0.006446540355682373,0.09265392195464367,0.09123836134498264,0.030681281350553036,0.030799793700377148,0.0,0.0,0.02840133190155029,False,False
2.895,2.1110832691192627,0.14064110815525055,-0.006117881741374731,0.2128240444766013,0.91118808471404,0.9421000000000064,0.05789999999999362,0.0,599,563,0.6387624658523252,1.3612375341476748,21.0,21,9.0,27.0,0.04108406975865364,31.58276099471843,22.55182264102656,0.0,0.0,0.0,-0.4515469176845935,1.0,0.8180497288703918,0.04331778362393379,0.006459057331085205,0.09317252814024632,0.09179844984412137,0.030599557794630527,0.030704455760618053,0.0,0.0,0.013961455821990968,False,False
2.9,2.205065965652466,0.164484903216362,-0.008443833328783512,-0.7307276840181447,0.45637531135428544,0.9420000000000064,0.05799999999999361,0.0,605,570,0.3355322603646316,1.5,21.0,21,0.0,24.0,0.041154030710458755,37.28419757849189,20.67250408760768,0.0,0.0,0.0,-0.8305846745442105,1.0,0.8179553747177124,0.04323669895529747,0.006471574306488037,0.09375565268502825,0.09232017859940674,0.030488815779487293,0.030600264047582947,0.0,0.0,0.017617340087890627,False,False
2.9050000000000002,2.2570478916168213,0.257696270942688,0.016801049932837486,0.04930067456425204,0.45134650538845755,0.9419000000000064,0.0580999999999936,0.0,632,599,0.19999999999999996,1.5,23.0,23,5.0,28.0,0.041201699525117874,42.51051444695089,18.949795413640373,0.0,0.0,0.0,-1.0,1.0,0.8178187608718872,0.04318096488714218,0.006484091281890869,0.09447520092750533,0.0931072905287141,0.03039211966097355,0.030492612471183143,0.0,0.0,0.019619992971420287,False,False
2.91,2.3790602684020996,0.31090790033340454,0.05429666116833687,-0.9926062478333666,0.37062990919278826,0.9418000000000064,0.05819999999999359,0.0,645,607,0.19999999999999996,1.5,22.0,22,1.0,13.0,0.04124729335308075,47.30130490970498,17.370645795837007,0.0,0.0,0.0,-1.0,1.0,0.8176908493041992,0.043121419847011566,0.006496548652648926,0.09582463395502361,0.09452268721628877,0.030214372090995312,0.030300836078822613,0.0,0.0,0.012073740959167481,False,False
2.915,2.4996590614318848,0.2646358907222748,0.03136857599020004,0.0565876956597289,0.08094338877987807,0.9417000000000064,0.05829999999999358,0.0,734,692,0.19999999999999996,1.5,65.0,65,8.0,19.0,0.04120341315865517,43.3595295005629,15.923091979517256,0.0,0.0,0.0,-1.0,1.0,0.8175742030143738,0.04333840683102608,0.006509065628051758,0.09671699051621001,0.09524821580015065,0.030065285973250866,0.030173594132065773,0.0,0.0,0.013744351863861085,False,False
2.92,2.507207155227661,0.2132125347852707,0.018270887434482574,-0.5850527872642984,0.6536581246192772,0.9416000000000064,0.05839999999999357,0.0,701,662,0.19999999999999996,1.5,52.0,52,5.0,35.0,0.04116164892911911,39.74623537551599,14.596167647890818,0.0,0.0,0.0,-1.0,1.0,0.8174886703491211,0.04351116344332695,0.00652158260345459,0.09671222977215987,0.09516503185033741,0.03005295371015867,0.03017376953115066,0.0,0.0,0.01622002959251404,False,False
2.9250000000000003,2.478238582611084,0.18965063989162445,-0.015293843112885952,-0.5184400193362653,0.4665535717069621,0.9415000000000064,0.05849999999999356,0.0,592,555,0.19999999999999996,1.5,20.0,20,6.0,25.0,0.041131384670734406,36.434049094222985,13.379820343899915,0.0,0.0,0.0,-1.0,1.0,0.8174629807472229,0.04343424737453461,0.006534099578857422,0.09646467901021184,0.09480124104022923,0.030081414928038917,0.03022179783632358,0.0,0.0,0.01935773253440857,False,False
2.93,2.54074764251709,0.1497415006160736,-0.03505893051624298,-0.23579904592032933,0.9558139222608638,0.9414000000000065,0.058599999999993546,0.0,615,578,0.19999999999999996,1.5,24.0,24,4.0,25.0,0.04111089929938316,33.397878336371065,12.264835315241589,0.0,0.0,0.0,-1.0,1.0,0.8173912167549133,0.04337373748421669,0.006546616554260254,0.09679243822737228,0.09501128585232985,0.03001033173253139,0.03016369106868903,0.0,0.0,0.021906590461730956,False,False
2.935,2.5858397483825684,0.12922799587249756,-0.032497771084308624,0.06479479828180104,0.786634344968674,0.9413000000000065,0.058699999999993535,0.0,739,705,0.22512175589191907,1.5,35.0,35,3.0,27.0,0.041139811277389526,30.614721808340143,11.242765705638122,0.0,0.0,0.0,-0.9685978051351011,1.0,0.817326009273529,0.04337058216333389,0.006558895111083984,0.09710660624938648,0.09529974427012049,0.02995549390713374,0.030111038746933144,0.0,0.0,0.07369771480560303,False,False
2.94,2.611891984939575,0.11752242594957352,-0.011618886142969131,-1.1237636601358412,0.3151924685490821,0.9412000000000065,0.058799999999993524,0.0,654,616,0.19999999999999996,1.5,23.0,23,3.0,39.0,0.04109356179833412,36.3968283243118,10.305868563501612,0.0,0.0,0.0,-1.0,1.0,0.8172903656959534,0.043285634368658066,0.006571352481842041,0.09742806250136288,0.09566883397847356,0.02992179555197557,0.030071493238210678,0.0,0.0,0.015220985412597657,False,False
2.945,2.707176685333252,0.04600461199879646,0.0796423926949501,-0.7902678735162172,0.9801562695875623,0.9411000000000065,0.05889999999999351,0.0,686,648,0.3766648087702933,1.5,43.0,43,4.0,39.0,0.041084468364715576,33.36375929728581,17.780379516543142,0.0,0.0,0.0,-0.7791689890371334,1.0,0.8172007203102112,0.043341685086488724,0.0065836310386657715,0.09826861638824086,0.09673853889728527,0.029819314368069172,0.029920325614511967,0.0,0.0,0.023398520946502688,False,False
2.95,2.772067070007324,-0.03495259955525398,0.06712924689054489,0.05876736553723617,0.7294029085689036,0.9410000000000065,0.0589999999999935,0.0,649,612,0.4286094080394355,1.5,49.0,49,4.0,23.0,0.04104062542319298,30.583446022511993,16.29868122349788,0.0,0.0,0.0,-0.7142382399507057,1.0,0.8170816898345947,0.04347096011042595,0.0065958499908447266,0.0980990673834452,0.09647170032622855,0.029790219850838184,0.029905270785093307,0.0,0.0,0.027568900585174562,False,False
2.955,2.791189670562744,0.003091258928179741,0.08600348979234695,-0.25047051382264723,0.6871329864412016,0.9409000000000065,0.05909999999999349,0.0,600,561,0.19999999999999996,1.5,26.0,26,3.0,30.0,0.041185762733221054,36.36815885396932,14.94045778820639,0.0,0.0,0.0,-1.0,1.0,0.8169650435447693,0.043411847203969955,0.006608009338378906,0.09847645055502594,0.09690645240247191,0.029761878152688347,0.029867636039853096,0.0,0.0,0.028522465229034427,False,False
2.96,2.801632881164551,0.09285891056060791,0.15861928462982178,-1.01732025392436,0.6773909818204136,0.9408000000000065,0.05919999999999348,0.0,676,644,0.21431762758869266,1.5,25.0,25,6.0,23.0,0.04148045554757118,33.33747894947187,13.69541963918919,0.0,0.0,0.0,-0.9821029655141341,1.0,0.8169355392456055,0.04336283355951309,0.006620168685913086,0.09973563023408194,0.09842525587075641,0.029692060003678005,0.029754824936389923,0.0,0.0,0.026416769027709962,False,False
2.965,2.8021223545074463,0.14651177823543549,0.20816314220428467,0.2438435278479657,0.9083621984936481,0.9407000000000065,0.05929999999999347,0.0,744,696,0.2797911586229682,1.5,32.0,32,4.0,18.0,0.04145583137869835,30.55935570368255,12.554134669256756,0.0,0.0,0.0,-0.9002610517212897,1.0,0.8168600797653198,0.043350111693143845,0.00663226842880249,0.10032465971509555,0.09921378103891948,0.02966301515698433,0.029697700714071594,0.0,0.0,0.031885409355163576,False,False
2.97,2.8289527893066406,0.18323053419589996,0.25625160336494446,0.36985527848564004,0.8785713817354295,0.9406000000000065,0.05939999999999346,0.0,684,653,0.33980856207105425,1.5,34.0,34,7.0,24.0,0.04141628369688988,28.01274272837567,11.507956780152027,0.0,0.0,0.0,-0.8252392974111821,1.0,0.8167451620101929,0.04334520921111107,0.006644308567047119,0.1009716729512432,0.10004540444165406,0.02961699695636829,0.02962465553234021,0.0,0.0,0.038836483955383305,False,False
2.975,2.879197359085083,0.27035096287727356,0.33453696966171265,0.2518903585900962,0.8380661087182917,0.9405000000000066,0.05949999999999345,0.0,781,733,0.39482451523179973,1.5,50.0,50,3.0,24.0,0.04137681797146797,25.67834750101103,10.548960381806024,0.0,0.0,0.0,-0.7564693559602502,1.0,0.8166637420654297,0.043477460741996765,0.006656348705291748,0.10186301717782952,0.10129502316874701,0.02955297784258922,0.02950729802250862,0.0,0.0,0.04583003520965576,False,False
2.98,2.964877128601074,0.3168763518333435,0.3659125864505768,0.5073096308730476,0.4920079766047116,0.9404000000000066,0.059599999999993436,0.0,730,691,0.4452558056291498,1.5,58.0,58,7.0,24.0,0.04131879284977913,23.53848520926011,9.669880349988855,0.0,0.0,0.0,-0.6934302429635627,1.0,0.8166880011558533,0.043683622032403946,0.0066683292388916016,0.10282047146310345,0.10237268396653172,0.02944620947043101,0.02938035409897566,0.0,0.0,0.025955777168273925,False,False
2.985,3.083753824234009,0.396879106760025,0.36338120698928833,0.5505814450023897,0.42016752125143647,0.9403000000000066,0.059699999999993425,0.0,630,593,0.49148448849338744,1.5,27.0,27,4.0,32.0,0.04127822443842888,21.5769447751551,8.864056987489784,0.0,0.0,0.0,-0.6356443893832657,1.0,0.8166622519493103,0.04362238198518753,0.006680309772491455,0.10460365325212415,0.10408475532755192,0.029270554271837078,0.0292124692350626,0.0,0.0,0.01402333378791809,False,False
2.99,3.1732168197631836,0.5233379602432251,0.3925532400608063,-0.2670045131870568,0.7920213957729667,0.9402000000000066,0.059799999999993414,0.0,628,587,0.20052744778560516,1.5,52.0,52,7.0,37.0,0.04121628403663635,28.112199377225505,8.125385571865635,0.0,0.0,0.0,-0.9993406902679934,1.0,0.8166465759277344,0.0437355637550354,0.006692230701446533,0.10623625288189634,0.10589546195200268,0.029133716598153114,0.02906132023781538,0.0,0.0,0.007930262088775637,False,False
2.995,3.2892954349517822,0.5769491195678711,0.3842344880104065,0.334652258403472,0.4898761593073566,0.9401000000000066,0.0598999999999934,0.0,584,549,0.26715016047013806,1.5,18.0,18,4.0,42.0,0.04117199406027794,25.769516095790046,7.4482701075434985,0.0,0.0,0.0,-0.9160622994123273,1.0,0.8166584968566895,0.043634600937366486,0.006704211235046387,0.10809176370625628,0.10766592895798319,0.02895026312520107,0.02888816253592571,0.0,0.0,0.011204293966293336,False,False
3.0,3.375758409500122,0.5341898798942566,0.36463406682014465,0.4695415318393552,0.860755123939779,0.9400000000000066,0.05999999999999339,0.0,661,620,0.6615543137642932,1.3384456862357068,23.0,23,3.0,34.0,0.04111763462424278,23.622056421140876,15.160914265248206,0.0,0.0,0.0,-0.4230571077946335,1.0,0.8166705965995789,0.04355337470769882,0.0067157745361328125,0.10917256471607766,0.1085370739437633,0.028819927635292213,0.028778547421097755,0.0,0.0,0.017175995111465454,False,False
3.005,3.3634438514709473,0.48876941204071045,0.3583730161190033,-0.4395441372221087,0.6459727349102731,0.9399000000000066,0.06009999999999338,0.0,679,640,0.6897581209506021,1.310241879049398,51.0,51,3.0,27.0,0.04112989082932472,21.653551719379134,13.897504743144188,0.0,0.0,0.0,-0.38780234881174735,1.0,0.8166379928588867,0.04366941750049591,0.00672757625579834,0.1090631141016874,0.1083556490018957,0.028828720872600876,0.028794991473356884,0.0,0.0,0.0167911970615387,False,False
3.0100000000000002,3.3776655197143555,0.4696042537689209,0.3156143128871918,0.16006341474546504,0.8299745466533619,0.9398000000000066,0.06019999999999337,0.0,639,614,0.382278277538052,1.5,48.0,48,7.0,36.0,0.04109671711921692,28.18242240943087,12.73937934788217,0.0,0.0,0.0,-0.772152153077435,1.0,0.8165643811225891,0.043746475130319595,0.006739020347595215,0.10912358728268426,0.10815492247914207,0.028807266304890316,0.02879869658499956,0.0,0.0,0.01715582013130188,False,False
3.015,3.456461191177368,0.46423694491386414,0.3007071912288666,-0.29270919005338225,0.4074617762424862,0.9397000000000066,0.06029999999999336,0.0,697,655,0.43375508774321436,1.5,31.0,31,4.0,32.0,0.041258376091718674,25.833887208644963,11.677764402225323,0.0,0.0,0.0,-0.707806140320982,1.0,0.8165227770805359,0.04371931776404381,0.006750524044036865,0.10997474735788933,0.10885943644121222,0.02870442345738411,0.02870661672204733,0.0,0.0,0.021063063144683838,False,False
3.02,3.4831464290618896,0.4618447721004486,0.29772260785102844,-0.16290376255331976,0.8941676381357043,0.9396000000000067,0.06039999999999335,0.0,712,665,0.4809421637646133,1.5,30.0,30,5.0,32.0,0.04124423861503601,23.681063274591214,10.704617368706545,0.0,0.0,0.0,-0.6488222952942334,1.0,0.8164830207824707,0.043699610978364944,0.006762027740478516,0.11036026124097338,0.10920294300187311,0.028662256275614105,0.028669334327181183,0.0,0.0,0.0121628737449646,False,False
3.025,3.5279760360717773,0.4638462960720062,0.3554738759994507,0.396541248567633,0.6409904884047993,0.9395000000000067,0.06049999999999334,0.0,668,631,0.5241969834508955,1.4758030165491045,20.0,20,6.0,32.0,0.04127250239253044,21.707641335041945,9.812565921314333,0.0,0.0,0.0,-0.5947537706863806,1.0,0.816502571105957,0.043601877987384796,0.006773412227630615,0.11108225983257027,0.11022132863104274,0.028616950536767643,0.028592225474615894,0.0,0.0,0.02220630645751953,False,False
3.0300000000000002,3.6498541831970215,0.40625739097595215,0.4092174470424652,0.13867265030152112,0.5893818479618242,0.9394000000000067,0.060599999999993326,0.0,658,623,0.5638472348299877,1.4361527651700123,51.0,51,2.0,37.0,0.041214849799871445,19.898671223788448,8.994852094538137,0.0,0.0,0.0,-0.5451909564625155,1.0,0.8164743185043335,0.043710172176361084,0.0067847371101379395,0.11199145687743951,0.11134805728681317,0.028517302125692368,0.02846665525188049,0.0,0.0,0.017764868736267092,False,False
3.035,3.7163076400756836,0.37172284722328186,0.37784963846206665,0.33747145461361644,0.41760559008139414,0.9393000000000067,0.060699999999993315,0.0,716,683,0.6001932985941553,1.3998067014058448,55.0,55,5.0,28.0,0.04115372896194458,18.240448621806078,8.24528108665996,0.0,0.0,0.0,-0.4997583767573059,1.0,0.8165276646614075,0.043883517384529114,0.006796121597290039,0.11215573245162695,0.11123827724469136,0.028462380481263004,0.028437872727711998,0.0,0.0,0.02651968479156494,False,False
3.04,3.719266891479492,0.45055657625198364,0.42241039872169495,-0.3532398590946284,0.833083541543437,0.9392000000000067,0.060799999999993304,0.0,641,611,0.30017719037797563,1.5,33.0,33,1.0,34.0,0.04109746217727661,25.053744569988904,7.5581743294382955,0.0,0.0,0.0,-0.8747785120275304,1.0,0.8165310025215149,0.04388034716248512,0.006807267665863037,0.11313622491713542,0.11252144065623412,0.02843348930279414,0.028379419818520546,0.0,0.0,0.025002117156982424,False,False
3.045,3.7071828842163086,0.5416380763053894,0.4984319806098938,0.653553584557504,0.6396884914458378,0.9391000000000067,0.06089999999999329,0.0,678,633,0.3584957578464778,1.5,29.0,29,9.0,28.0,0.041058529168367386,22.965932522489826,6.928326468651771,0.0,0.0,0.0,-0.8018803026919027,1.0,0.8165380954742432,0.04382830485701561,0.006818413734436035,0.11428070846199917,0.1142343671619885,0.02842027849207322,0.028316342892746132,0.0,0.0,0.0272319769859314,False,False
3.0500000000000003,3.7041921615600586,0.566757321357727,0.54117351770401,-0.035708955965754796,0.34599475445552835,0.9390000000000067,0.06099999999999328,0.0,655,617,0.7452877780259379,1.254712221974062,19.0,19,4.0,23.0,0.0411912240087986,21.05210481228234,14.68429926293079,0.0,0.0,0.0,-0.3183902774675776,1.0,0.8165004849433899,0.04372375085949898,0.006829440593719482,0.11464457413429943,0.1149031837551537,0.028418018482625484,0.02829106990247965,0.0,0.0,0.035624303817749024,False,False
3.055,3.723088502883911,0.627991259098053,0.5872284173965454,0.11809240263913645,0.9226416871822204,0.9389000000000067,0.06109999999999327,0.0,691,650,0.7665137965237765,1.2334862034762235,23.0,23,5.0,14.0,0.04116860032081604,19.297762744592145,13.460607657686557,0.0,0.0,0.0,-0.2918577543452794,1.0,0.8164934515953064,0.043651554733514786,0.0068402886390686035,0.11532943887635992,0.11593346497043894,0.028392093566556774,0.02823632365713517,0.0,0.0,0.03538068771362305,False,False
3.06,3.7547695636749268,0.6832431554794312,0.6287340521812439,0.24888942362218172,0.8558729832423707,0.9388000000000067,0.06119999999999326,0.0,711,677,1.1193043134801284,0.8806956865198716,25.0,25,4.0,22.0,0.0411788672208786,17.689615849209467,20.672223686212675,0.0,0.0,0.0,0.1491303918501604,1.0,0.8164409399032593,0.043574798852205276,0.0068509578704833984,0.11594819315895365,0.1168889385592185,0.028364164754748344,0.028178561478853226,0.0,0.0,0.04720998764038086,False,False
3.065,3.830256223678589,0.7271667122840881,0.6313643455505371,0.49696400438861876,0.9896428606935265,0.9387000000000068,0.06129999999999325,0.0,631,594,1.1093622873567843,0.8906377126432157,30.0,30,4.0,22.0,0.041278306394815445,16.215481195108676,18.949538379028283,0.0,0.0,0.0,0.13670285919598033,1.0,0.8164451122283936,0.043565914034843445,0.006861686706542969,0.11730591651052162,0.11827505603929286,0.028268047608435154,0.02807727394004663,0.0,0.0,0.017438220977783202,False,False
3.0700000000000003,3.9073753356933594,0.8807601928710938,0.6359431147575378,-0.041480462374296145,0.26090696289536525,0.9386000000000068,0.06139999999999324,0.0,692,653,1.4335820967437187,0.5664179032562812,67.0,67,2.0,23.0,0.04143849387764931,14.864191095516286,25.703743514109256,0.0,0.0,0.0,0.5419776209296485,1.0,0.8164020776748657,0.043757837265729904,0.0068724751472473145,0.11953218125179334,0.12060779166407806,0.028115049935877323,0.02792713542779287,0.0,0.0,0.012157384157180786,False,False
3.075,3.957932710647583,1.0290440320968628,0.648328959941864,0.6843544754628743,0.8830440758571695,0.9385000000000068,0.06149999999999323,0.0,662,628,1.5,0.2692164113182578,36.0,36,9.0,20.0,0.04137662425637245,13.625508504223262,31.895098221266817,0.0,0.0,0.0,0.9134794858521778,1.0,0.8163897395133972,0.043811045587062836,0.0068833231925964355,0.12153723385929985,0.12285794348269623,0.028000161983072758,0.027804762745896976,0.0,0.0,0.012134544849395752,False,False
3.08,4.046234607696533,1.0870338678359985,0.6419052481651306,0.16018730128746653,0.8449022452381939,0.9384000000000068,0.061599999999993216,0.0,577,545,1.3365516229582637,0.6634483770417363,17.0,17,4.0,35.0,0.04133021831512451,20.823382795537988,29.23717336949458,0.0,0.0,0.0,0.42068952869782966,1.0,0.8163319826126099,0.0437115840613842,0.0068939924240112305,0.1236358277189227,0.12495979233644823,0.02785329396526019,0.027664670099814735,0.0,0.0,0.014458317756652832,False,False
3.085,4.1463470458984375,1.0741313695907593,0.614597737789154,0.6957871606883048,0.6235686778744527,0.9383000000000068,0.061699999999993205,0.0,581,539,1.3085056543784084,0.6914943456215916,19.0,19,4.0,36.0,0.04125914350152016,19.08810089590982,26.800742255370032,0.0,0.0,0.0,0.38563206797301053,1.0,0.8163360953330994,0.04361620172858238,0.006904661655426025,0.12587240120768467,0.12690591395894607,0.02768960160513719,0.027525578625500202,0.0,0.0,0.019053614139556883,False,False
3.09,4.130313873291016,1.0339069366455078,0.5692179799079895,-2.3549976926812075,0.16471127706881286,0.9382000000000068,0.061799999999993194,0.0,637,593,1.2827968498468745,0.7172031501531256,41.0,41,5.0,38.0,0.04120747745037079,17.49742582125067,24.567347067422528,0.0,0.0,0.0,0.35349606230859293,1.0,0.8164103627204895,0.04364582151174545,0.00691533088684082,0.1259924773070953,0.1265587809458367,0.02768487979968389,0.027548546592394512,0.0,0.0,0.011215822696685791,False,False
3.095,4.1610307693481445,1.007896065711975,0.5364405512809753,-0.088305247912069,0.8752055539397201,0.9381000000000068,0.06189999999999318,0.0,724,687,1.2592304456929682,0.7407695543070318,54.0,54,1.0,16.0,0.04125107824802399,16.039307002813114,22.520068145137316,0.0,0.0,0.0,0.3240380571162101,1.0,0.8164339661598206,0.04380731284618378,0.006926178932189941,0.12658963505923668,0.12683636679003554,0.027638160002728306,0.02751899107048909,0.0,0.0,0.015310381650924684,False,False
3.1,4.241854190826416,1.008020281791687,0.5079838633537292,-0.17487555556168255,0.5707220780875987,0.9380000000000068,0.06199999999999317,0.0,682,645,0.9042945752185539,1.095705424781446,40.0,40,8.0,24.0,0.041321009397506714,23.036031419245354,20.643395799709204,0.0,0.0,0.0,-0.11963178097680753,1.0,0.8164654970169067,0.04384669288992882,0.006936609745025635,0.12824384320899762,0.12818525654077448,0.027515990659594536,0.02741759022076925,0.0,0.0,0.025097527503967286,False,False
3.105,4.273696422576904,1.027877688407898,0.48108425736427307,-0.44975019465839755,0.9999999999999999,0.9379000000000068,0.06209999999999316,0.0,562,528,0.9122700272836746,1.0877299727163254,17.0,17,4.0,20.0,0.04127073287963867,21.11636213430824,18.923112816400103,0.0,0.0,0.0,-0.10966246589540685,1.0,0.8164509534835815,0.04373737797141075,0.006947219371795654,0.12892357159405865,0.12862106289714492,0.02745958200345437,0.02737870284666618,0.0,0.0,0.01704282283782959,False,False
3.11,4.388600826263428,1.0524073839187622,0.5316807627677917,1.2152100164632835,1.0,0.9378000000000069,0.06219999999999315,0.0,572,540,0.9195808583433684,1.0804191416566316,20.0,20,3.0,10.0,0.04123273864388466,19.35666528978255,17.34618674836676,0.0,0.0,0.0,-0.10052392707078947,1.0,0.8163943886756897,0.04363638907670975,0.006957709789276123,0.131297852865109,0.13139317469609196,0.02732725658764442,0.027219421851138275,0.0,0.0,0.02101707696914673,False,False
3.115,4.5618743896484375,1.0145472288131714,0.5251317620277405,0.26550939168813564,0.62138722411803,0.9377000000000069,0.06229999999999314,0.0,550,508,0.926282453481421,1.073717546518579,20.0,20,3.0,12.0,0.04118028283119202,17.74360984896734,15.900671186002864,0.0,0.0,0.0,-0.09214693314822373,1.0,0.8164148926734924,0.0435524582862854,0.006968080997467041,0.1345451707268746,0.13440661625439837,0.02713229817648729,0.027033208558956783,0.0,0.0,0.013470976352691653,False,False
3.12,4.697916507720947,1.0348187685012817,0.5242297649383545,0.35106686988771624,0.9349296963754599,0.9376000000000069,0.06239999999999313,0.0,588,558,0.9324255823579692,1.0675744176420308,47.0,47,1.0,16.0,0.04110884293913841,16.264975694886726,14.575615253835958,0.0,0.0,0.0,-0.08446802205253841,1.0,0.8163864016532898,0.04365469515323639,0.006978392601013184,0.13704468536190603,0.13672116328775794,0.026981881819665432,0.026891400727132957,0.0,0.0,0.019038289785385132,False,False
3.125,4.705018520355225,1.1498239040374756,0.5852234959602356,0.32057308752825475,0.5418666163416942,0.9375000000000069,0.06249999999999312,0.0,684,641,0.9380567838281385,1.0619432161718614,61.0,61,7.0,29.0,0.04105202853679657,23.242894386979497,21.69431398268296,0.0,0.0,0.0,-0.07742902021482685,1.0,0.8163163065910339,0.043816663324832916,0.0069887638092041016,0.13876566457748324,0.13918114240964163,0.026942372011641662,0.026810530883570514,0.0,0.0,0.01903091907501221,False,False
3.13,4.64750337600708,1.2154475450515747,0.6153075695037842,0.03640400569401539,0.9242315767792914,0.9374000000000069,0.0625999999999931,0.0,613,579,0.9432187185091269,1.0567812814908732,14.0,14,2.0,28.0,0.04104677960276604,21.305986521397873,19.886454484126045,0.0,0.0,0.0,-0.07097660186359142,1.0,0.8162059187889099,0.043710410594940186,0.006999075412750244,0.13898191624320955,0.13991273435143045,0.026973195684452854,0.02681789919734001,0.0,0.0,0.02021223783493042,False,False
3.1350000000000002,4.634836196899414,1.2327848672866821,0.6465077996253967,0.38555010744213486,0.4727110675109166,0.9373000000000069,0.0626999999999931,0.0,599,563,0.9479504919666997,1.0520495080333003,28.0,28,3.0,25.0,0.04111253097653389,19.530487644614716,18.229249943782207,0.0,0.0,0.0,-0.06506188504162544,1.0,0.8161283135414124,0.04367682337760925,0.007009267807006836,0.1391038290746501,0.14039254301413803,0.026984053353468578,0.026814245308438938,0.0,0.0,0.01964791178703308,False,False
3.14,4.7181830406188965,1.3115335702896118,0.6756638288497925,0.5527330678643106,0.3300239331790479,0.9372000000000069,0.06279999999999308,0.0,718,680,0.9522879509694746,1.0477120490305254,49.0,49,8.0,26.0,0.04106399789452553,17.90294700756349,16.710145781800357,0.0,0.0,0.0,-0.05964006128815669,1.0,0.8160532712936401,0.04375823959708214,0.007019460201263428,0.14151818993439186,0.14318373764554568,0.02687482008089622,0.026688971556723118,0.0,0.0,0.020879406929016114,False,False
3.145,4.766009330749512,1.360446572303772,0.7065842747688293,0.8250891374799603,0.44967779061547436,0.9371000000000069,0.06289999999999307,0.0,738,698,0.9562639550553518,1.0437360449446482,27.0,27,5.0,29.0,0.04114651679992676,16.411034756933198,15.317633633316992,0.0,0.0,0.0,-0.054670056180810264,1.0,0.8159870505332947,0.04373519495129585,0.007029533386230469,0.14261663508663483,0.1446616807679326,0.026824607824285827,0.02662036567926407,0.0,0.0,0.027962348461151126,False,False
3.15,4.8408026695251465,1.3996598720550537,0.6833095550537109,0.3716938603786589,0.5362907779599879,0.9370000000000069,0.06299999999999306,0.0,683,642,0.9599086254674059,1.0400913745325941,31.0,31,4.0,19.0,0.041281286627054214,15.043448527188763,14.041164163873908,0.0,0.0,0.0,-0.050114218165742755,1.0,0.8158779144287109,0.04369569569826126,0.007039546966552734,0.1454378406386813,0.1472703750338396,0.026689277340968452,0.02649875357747078,0.0,0.0,0.02344144582748413,False,False
3.1550000000000002,4.876119613647461,1.5675016641616821,0.6961365938186646,0.65793394996821,0.9569422468264804,0.936900000000007,0.06309999999999305,0.0,689,649,0.963249573345122,1.036750426654878,44.0,44,4.0,23.0,0.04125914350152016,13.7898278165897,12.87106715021775,0.0,0.0,0.0,-0.04593803331859751,1.0,0.8158526420593262,0.043804194778203964,0.007049560546875,0.14854239654416745,0.15075413317729933,0.026573711074888706,0.02637820007900397,0.0,0.0,0.012654514312744142,False,False
3.16,4.909346103668213,1.7236255407333374,0.6997353434562683,0.7180482611454878,0.9435868632051833,0.936800000000007,0.06319999999999304,0.0,649,616,0.9663121088996952,1.033687891100305,43.0,43,5.0,23.0,0.041191622614860535,12.640675498540558,11.798478221032937,0.0,0.0,0.0,-0.04210986387538105,1.0,0.8158767819404602,0.04384302720427513,0.007059574127197266,0.15071001208511395,0.15330025660060245,0.02649169725676378,0.02629008454581102,0.0,0.0,0.011431655883789063,False,False
3.165,5.046506881713867,1.7635494470596313,0.6514583230018616,0.09857202482133542,0.4075175493040604,0.936700000000007,0.06329999999999303,0.0,652,612,0.9691194331580539,1.030880566841946,51.0,51,3.0,19.0,0.04116196557879448,11.587285873662177,10.815271702613526,0.0,0.0,0.0,-0.03860070855243256,1.0,0.8158527612686157,0.04397829249501228,0.007069587707519531,0.155776269569992,0.15782533933222193,0.026263316006710134,0.02609437797218561,0.0,0.0,0.017363754510879518,False,False
3.17,5.1409220695495605,1.7360161542892456,0.6192029714584351,0.7859403651847655,0.975425861716245,0.936600000000007,0.06339999999999302,0.0,678,642,1.3050261470615494,0.6949738529384506,52.0,52,8.0,31.0,0.04119427502155304,10.621678717523661,18.247332394062397,0.0,0.0,0.0,0.3812826838269368,1.0,0.8157868981361389,0.04414880648255348,0.0070795416831970215,0.15956651741762853,0.1609891997190803,0.026109273700664442,0.02596706540013353,0.0,0.0,0.01928501963615418,False,False
3.1750000000000003,5.115187644958496,1.690699577331543,0.5872854590415955,-0.12867306748184373,0.48215232146864634,0.936500000000007,0.063499999999993,0.0,602,564,1.2796073014730869,0.720392698526913,31.0,31,2.0,23.0,0.04115431010723114,9.736538824396689,16.726721361223863,0.0,0.0,0.0,0.3495091268413587,1.0,0.8157522082328796,0.04412795603275299,0.007089376449584961,0.1590677804263919,0.15993213437373335,0.026132299099117517,0.02600680726269881,0.0,0.0,0.01419096827507019,False,False
3.18,5.176839351654053,1.6740933656692505,0.5493178963661194,-0.5185200548781528,0.2816475338898107,0.936400000000007,0.063599999999993,0.0,612,569,0.922973359683663,1.0770266403163369,21.0,21,4.0,32.0,0.04108184203505516,17.25849392236363,15.332827914455207,0.0,0.0,0.0,-0.09628330039542118,1.0,0.8156725168228149,0.04403672367334366,0.00709909200668335,0.1610208608116944,0.16128265961073232,0.02604612226908406,0.025940872728824615,0.0,0.0,0.01692821264266968,False,False
3.185,5.269954204559326,1.6909136772155762,0.506291925907135,-0.03957833762238062,0.8533384148563982,0.936300000000007,0.06369999999999298,0.0,748,711,0.5960589130433579,1.403941086956642,29.0,29,3.0,30.0,0.041153017431497574,24.153619428833323,14.055092254917271,0.0,0.0,0.0,-0.5049263586958026,1.0,0.8155987858772278,0.043996408581733704,0.007108747959136963,0.1641900068446983,0.16373665637771181,0.02590240677818656,0.02582784043624997,0.0,0.0,0.033161883354187016,False,False
3.19,5.272106647491455,1.7099052667617798,0.4607865810394287,0.566796107453418,0.9924189472325285,0.936200000000007,0.06379999999999297,0.0,738,689,0.6297206702897449,1.3702793297102551,23.0,23,8.0,21.0,0.04125560447573662,22.140817809763877,12.883834567007499,0.0,0.0,0.0,-0.4628491621378189,1.0,0.8155337572097778,0.0439174585044384,0.007118523120880127,0.1643221753748744,0.1632507963590313,0.02588549085582296,0.02583538880571723,0.0,0.0,0.021851093769073487,False,False
3.1950000000000003,5.346232891082764,1.7318248748779297,0.48391616344451904,1.151823291938466,1.0,0.936100000000007,0.06389999999999296,0.0,699,657,0.6605772810989328,1.3394227189010672,47.0,47,3.0,23.0,0.04129562899470329,20.29574965895022,11.81018168642354,0.0,0.0,0.0,-0.42427839862633404,1.0,0.8154973983764648,0.04399501532316208,0.0071280598640441895,0.16655189655348548,0.1657821568809439,0.025793846386174362,0.025732697298129402,0.0,0.0,0.01866098999977112,False,False
3.2,5.423915386199951,1.657655954360962,0.46696433424949646,-0.6933152065481266,0.5284363260003028,0.936000000000007,0.06399999999999295,0.0,650,620,0.6888625076740216,1.3111374923259784,44.0,44,5.0,29.0,0.04134296625852585,18.604437187371037,10.825999879221579,0.0,0.0,0.0,-0.3889218654074729,1.0,0.8154160380363464,0.04408201202750206,0.0071378350257873535,0.16773928023377946,0.16644610963885872,0.02572732667128245,0.025677226173381012,0.0,0.0,0.021614952087402346,False,False
3.205,5.554487228393555,1.7244516611099243,0.46016982197761536,0.7101871061038673,0.4835952279633192,0.9359000000000071,0.06409999999999294,0.0,620,587,0.7147906320345199,1.2852093679654801,49.0,49,5.0,30.0,0.041300173848867416,17.054067421756784,9.92383322261978,0.0,0.0,0.0,-0.35651170995685016,1.0,0.8153406977653503,0.04420720413327217,0.007147490978240967,0.17336952139933792,0.1717750864724307,0.025549152245124183,0.025505663361400366,0.0,0.0,0.016645921468734743,False,False
3.21,5.645951271057129,1.8308684825897217,0.5419954657554626,0.39378722541827904,0.5466910222746992,0.9358000000000071,0.06419999999999293,0.0,606,568,0.40522474603164327,1.5,25.0,25,6.0,30.0,0.04123344644904137,23.966228469943715,9.096847120734799,0.0,0.0,0.0,-0.7434690674604458,1.0,0.8152740597724915,0.044129878282547,0.00715714693069458,0.17923764535412073,0.17898016505315784,0.025419883119563263,0.02532940513143937,0.0,0.0,0.017694008350372315,False,False
3.215,5.634789943695068,1.8257790803909302,0.6036304235458374,0.09163775578035457,0.7592962850708935,0.9357000000000071,0.06429999999999292,0.0,720,676,0.19999999999999996,1.5,24.0,24,2.0,46.0,0.0411868579685688,30.302376097448402,8.338776527340231,0.0,0.0,0.0,-1.0,1.0,0.8152360916137695,0.04404600337147713,0.007166683673858643,0.17879674695556244,0.1796740475743997,0.02545501959199707,0.02532890299335122,0.0,0.0,0.016655627489089966,False,False
3.22,5.62255334854126,1.8555744886398315,0.6409187912940979,0.684994127147564,0.6264033278838855,0.9356000000000071,0.06439999999999291,0.0,875,828,0.5280013490960338,1.4719986509039662,38.0,38,6.0,26.0,0.04120540991425514,27.777178089327702,15.977211816728545,0.0,0.0,0.0,-0.5899983136299578,1.0,0.8152043223381042,0.04408222436904907,0.0071762800216674805,0.17917705650937937,0.1808116685561824,0.025460158940404654,0.025315433740615845,0.0,0.0,0.020884225368499758,False,False
3.225,5.6544013023376465,1.952046513557434,0.675014317035675,0.6316709595006472,0.7029881379310958,0.9355000000000071,0.0644999999999929,0.0,796,750,0.5673345700046977,1.4326654299953023,38.0,38,4.0,19.0,0.04125247523188591,25.46241324855039,14.645777498667833,0.0,0.0,0.0,-0.5408317874941279,1.0,0.8152971863746643,0.0441153421998024,0.007185816764831543,0.1817326235845673,0.18416633055359005,0.025402716516206663,0.02523817432423433,0.0,0.0,0.026008512973785404,False,False
3.23,5.724216938018799,1.9801177978515625,0.690132737159729,0.09420076037704486,0.7011003609532753,0.9354000000000071,0.06459999999999289,0.0,686,646,0.6033900225043063,1.3966099774956937,71.0,71,5.0,22.0,0.041425954550504684,23.340545477837857,13.425296040445513,0.0,0.0,0.0,-0.4957624718696172,1.0,0.8153359293937683,0.0443841814994812,0.007195591926574707,0.18459731472656007,0.1873417810288556,0.02532260802884897,0.025148851952205103,0.0,0.0,0.015720728635787964,False,False
3.235,5.789522171020508,2.0893046855926514,0.6858706474304199,0.19953911185050482,0.9464338558623744,0.9353000000000071,0.06469999999999287,0.0,558,529,0.6364408539622808,1.3635591460377192,23.0,23,3.0,20.0,0.0414210669696331,21.395500021351367,12.306521370408387,0.0,0.0,0.0,-0.454448932547149,1.0,0.8153305649757385,0.04430048540234566,0.0072051286697387695,0.1895080161876964,0.19240585879733038,0.025182669827093683,0.025015209491054218,0.0,0.0,0.021362502574920655,False,False
3.24,5.827685356140137,2.304716110229492,0.7158185839653015,0.7358102230674697,0.6399419226023514,0.9352000000000071,0.06479999999999286,0.0,648,603,0.33340411613209087,1.5,25.0,25,2.0,22.0,0.04134734347462654,27.945875019572085,11.280977922874355,0.0,0.0,0.0,-0.8332448548348864,1.0,0.8152825832366943,0.04424586519598961,0.007214903831481934,0.19538837670720985,0.1996164503507303,0.025060224967698257,0.024875760233650606,0.0,0.0,0.015494866371154787,False,False
3.245,5.938409805297852,2.470163583755493,0.7042874097824097,0.5120789745029165,0.48892335314168117,0.9351000000000071,0.06489999999999285,0.0,591,556,0.7222871064544165,1.2777128935455835,28.0,28,6.0,41.0,0.04130953177809715,25.61705210127441,18.674229762634823,0.0,0.0,0.0,-0.34714111693197935,1.0,0.8151933550834656,0.044186029583215714,0.007224440574645996,0.20337937003373963,0.2081258903890834,0.02486744352305929,0.02468602809434136,0.0,0.0,0.011167764663696289,False,False
3.25,6.086635112762451,2.5140247344970703,0.6584115028381348,0.7250959402193153,0.784423044014932,0.9350000000000072,0.06499999999999284,0.0,696,657,0.7454298475832151,1.254570152416785,30.0,30,2.0,32.0,0.041258588433265686,23.48229775950154,17.11804394908192,0.0,0.0,0.0,-0.3182126905209811,1.0,0.8151819109916687,0.04415840655565262,0.007233977317810059,0.2131036948331928,0.21707426732157523,0.024623041196415823,0.02447337688257297,0.0,0.0,0.020738365650177004,False,False
3.255,6.103669166564941,2.4710731506347656,0.6483221650123596,0.9416333098158716,0.46945469814497975,0.9349000000000072,0.06509999999999283,0.0,683,647,0.7666440269512805,1.2333559730487194,23.0,23,7.0,42.0,0.041232239454984665,21.52543961287641,15.691540286658425,0.0,0.0,0.0,-0.2916949663108993,1.0,0.8151221871376038,0.044091545045375824,0.0072435736656188965,0.215219933353363,0.21852202219888422,0.02458476151029269,0.024446931201964617,0.0,0.0,0.016847429275512697,False,False
3.2600000000000002,6.106400966644287,2.4074466228485107,0.623877763748169,0.36882384167605725,0.9317114327440714,0.9348000000000072,0.06519999999999282,0.0,684,641,0.7860903580386739,1.213909641961326,33.0,33,2.0,18.0,0.04122377932071686,19.73165297847004,14.38391192943689,0.0,0.0,0.0,-0.2673870524516576,1.0,0.8150215744972229,0.04407700151205063,0.007253110408782959,0.21466135783493373,0.21705782711071128,0.024598263359318178,0.024471361345301073,0.0,0.0,0.01584789752960205,False,False
3.265,6.195034027099609,2.40913987159729,0.5997903347015381,-0.09842085804196755,0.5667448573057445,0.9347000000000072,0.06529999999999281,0.0,680,645,0.8039161615354511,1.196083838464549,47.0,47,6.0,18.0,0.04127059504389763,18.087348563597537,13.185252601983814,0.0,0.0,0.0,-0.24510479808068614,1.0,0.8149325847625732,0.04417582228779793,0.007262587547302246,0.21898187406112604,0.22067452075083904,0.02449091523885727,0.024377570177117985,0.0,0.0,0.01978188157081604,False,False
3.27,6.250621318817139,2.4528446197509766,0.5854530930519104,0.8115184713833089,0.28192938085998487,0.9346000000000072,0.0653999999999928,0.0,696,659,1.1535898147408303,0.8464101852591698,43.0,43,5.0,22.0,0.041219815611839294,16.580069516631074,20.41981488515183,0.0,0.0,0.0,0.1919872684260378,1.0,0.8149188756942749,0.04425814747810364,0.007272064685821533,0.22369696403480915,0.22510296900756507,0.02438907666752736,0.024285655623922747,0.0,0.0,0.021020727157592775,False,False
3.275,6.312814712524414,2.4664225578308105,0.6164432168006897,0.07636661216684083,0.5315060609873782,0.9345000000000072,0.06549999999999279,0.0,652,612,0.8074573301790943,1.1925426698209058,37.0,37,6.0,37.0,0.041223540902137756,23.53173039024515,18.71816364472251,0.0,0.0,0.0,-0.24067833727613214,1.0,0.8149080872535706,0.044302355498075485,0.007281661033630371,0.22766517018278287,0.22980648421247646,0.024318205347905558,0.0241989572532475,0.0,0.0,0.01552556395530701,False,False
3.2800000000000002,6.468818187713623,2.4400596618652344,0.6445834636688232,1.2325523627990589,0.5182482645845723,0.9344000000000072,0.06559999999999278,0.0,652,613,0.49016921933083657,1.5,28.0,28,1.0,26.0,0.04118432477116585,29.904086191058052,17.158316674328965,0.0,0.0,0.0,-0.6372884758364543,1.0,0.814852237701416,0.044275324791669846,0.007291018962860107,0.2356504304458682,0.23825005523860293,0.024162641105552517,0.024031271071483694,0.0,0.0,0.018780869245529175,False,False
3.285,6.595067024230957,2.4283041954040527,0.6267125606536865,0.5636892117860279,0.8030866302906134,0.9343000000000072,0.06569999999999276,0.0,738,691,0.5326551177199335,1.4673448822800665,45.0,45,8.0,33.0,0.041155796498060226,27.41207900846988,15.728456951468218,0.0,0.0,0.0,-0.5841811028500832,1.0,0.8148065209388733,0.04435764253139496,0.007300376892089844,0.24112105035781697,0.24260938525199727,0.02404533016184966,0.023928519027928512,0.0,0.0,0.01982534170150757,False,False
3.29,6.61212158203125,2.529108762741089,0.6795429587364197,0.7041171077816165,0.978536399549014,0.9342000000000072,0.06579999999999275,0.0,773,729,0.5716005245766057,1.4283994754233942,41.0,41,3.0,27.0,0.04149063304066658,25.12773909109739,14.417752205512532,0.0,0.0,0.0,-0.5354993442792428,1.0,0.8148345351219177,0.044415220618247986,0.007309675216674805,0.24550418680657776,0.24905188238993117,0.02400567832713326,0.02386002646138271,0.0,0.0,0.016914038658142092,False,False
3.295,6.58055305480957,2.6374082565307617,0.7405955791473389,0.3336554034868345,0.38923270422957057,0.9341000000000073,0.06589999999999274,0.0,747,711,0.6073004808618885,1.3926995191381115,35.0,35,8.0,25.0,0.041456181555986404,23.03376083350594,13.216272855053154,0.0,0.0,0.0,-0.49087439892263934,1.0,0.8148128390312195,0.04442968592047691,0.007318973541259766,0.24861195776114692,0.2550177449459814,0.024001160636544228,0.023819231428205967,0.0,0.0,0.02093141555786133,False,False
3.3000000000000003,6.551347732543945,2.6526200771331787,0.7874734401702881,-0.084618289914117,0.8713739872277595,0.9340000000000073,0.06599999999999273,0.0,650,606,0.9733587741233977,1.0266412258766022,23.0,23,4.0,21.0,0.04139827564358711,21.114280764047113,20.448250117132055,0.0,0.0,0.0,-0.03330153234575288,1.0,0.8148000836372375,0.044339366257190704,0.007328152656555176,0.24768323497474026,0.2558407799340767,0.02403775928542018,0.023832456208765507,0.0,0.0,0.023127057552337647,False,False
3.305,6.582516193389893,2.698992967605591,0.8204532265663147,0.89558695354387,0.9673506955321035,0.9339000000000073,0.06609999999999272,0.0,614,564,1.3089122096131147,0.6910877903868853,28.0,28,5.0,17.0,0.04134247079491615,19.354757367043185,27.07756260737105,0.0,0.0,0.0,0.3861402620163933,1.0,0.8147422075271606,0.044293973594903946,0.0073372721672058105,0.2501844092955175,0.25965461857616723,0.024002086526403826,0.023781954466054838,0.0,0.0,0.022098851203918458,False,False
3.31,6.621495246887207,2.7639613151550293,0.8413062691688538,0.7254043596916434,0.5939136128272808,0.9338000000000073,0.06619999999999271,0.0,654,613,1.2831695254786883,0.7168304745213117,43.0,43,4.0,31.0,0.04128854721784592,17.741860919789584,24.821099056756793,0.0,0.0,0.0,0.3539619068483605,1.0,0.8147148489952087,0.04436686262488365,0.007346451282501221,0.252866607602684,0.2633152581540229,0.023960440885275602,0.02372725478683909,0.0,0.0,0.02619982957839966,False,False
3.315,6.649683952331543,2.8129165172576904,0.849481999874115,2.902719185194596,0.8205485152134521,0.9337000000000073,0.0662999999999927,0.0,706,667,1.259572065022131,0.7404279349778691,46.0,46,2.0,25.0,0.04122868925333023,16.26337250980712,22.752674135360394,0.0,0.0,0.0,0.3244650812776637,1.0,0.8146879076957703,0.04444633796811104,0.0073555707931518555,0.2551502342000586,0.2660958100706321,0.023914489429444075,0.023677321150898933,0.0,0.0,0.01994885325431824,False,False
3.3200000000000003,6.6939215660095215,2.945964813232422,0.854393720626831,0.3806351460686038,0.4157938941591043,0.9336000000000073,0.06639999999999269,0.0,654,617,1.23794105960362,0.76205894039638,46.0,46,5.0,34.0,0.04117140918970108,23.241424800656524,29.189951290747025,0.0,0.0,0.0,0.29742632450452505,1.0,0.8146165609359741,0.04453742504119873,0.007364749908447266,0.2638655601429425,0.27621865322564854,0.02378973877057433,0.023554107174277306,0.0,0.0,0.01987083196640015,False,False
3.325,6.715429306030273,3.1088755130767822,0.8731160163879395,-0.34080462889609425,0.24577093705199055,0.9335000000000073,0.06649999999999268,0.0,681,639,0.8847793046366518,1.1152206953633483,21.0,21,8.0,33.0,0.041136305779218674,29.637972733935147,26.75745534985144,0.0,0.0,0.0,-0.1440258692041853,1.0,0.8145557045936584,0.04447562247514725,0.007373929023742676,0.269836898982523,0.284247261563935,0.02371869826068481,0.023471671156585217,0.0,0.0,0.006795118451118469,False,False
3.33,6.7934112548828125,3.2149338722229004,0.8479661345481873,0.5892885877823903,0.8492008634764446,0.9334000000000073,0.06659999999999267,0.0,783,731,0.894381029250264,1.105618970749736,45.0,45,3.0,34.0,0.04128484055399895,27.168141672773885,24.527667404030485,0.0,0.0,0.0,-0.13202371343717,1.0,0.8146201372146606,0.04453885182738304,0.007382988929748535,0.2799362238496523,0.2948511474765817,0.02356866995493571,0.023333796610434852,0.0,0.0,0.01723600149154663,False,False
3.335,6.914442539215088,3.2231624126434326,0.7948659062385559,1.1917424655610043,0.39563122922697136,0.9333000000000073,0.06669999999999265,0.0,819,772,0.9031826101460753,1.0968173898539246,59.0,59,5.0,17.0,0.04142185300588608,24.904129866709393,22.483695120361276,0.0,0.0,0.0,-0.12102173731740588,1.0,0.8146310448646545,0.04473764821887016,0.007391989231109619,0.2965076607316712,0.31015693352619594,0.023355318699032068,0.023155345115810633,0.0,0.0,0.020060338973999024,False,False
3.34,6.938256740570068,3.1833677291870117,0.7666902542114258,0.4653220396800609,0.8743163195947204,0.9332000000000074,0.06679999999999264,0.0,649,613,0.9112507259672357,1.0887492740327642,33.0,33,5.0,26.0,0.041599374264478683,22.828785711150275,20.610053860331167,0.0,0.0,0.0,-0.11093659254095538,1.0,0.8146496415138245,0.04470643773674965,0.007400989532470703,0.30138870137184653,0.31349046486864274,0.023313845352580152,0.023129686402777832,0.0,0.0,0.01521167278289795,False,False
3.345,6.953754901885986,3.160698175430298,0.7479878664016724,0.3529149347008265,1.0000000000000002,0.9331000000000074,0.06689999999999263,0.0,639,595,0.5853131654699661,1.4146868345300339,29.0,29,6.0,18.0,0.041556183248758316,29.25972023522108,18.892549371970237,0.0,0.0,0.0,-0.5183585431625423,1.0,0.8146935701370239,0.044661495834589005,0.007409989833831787,0.3022537107914665,0.31340583561360624,0.023306260506312054,0.023126713155458372,0.0,0.0,0.014908260107040406,False,False
3.35,7.076268672943115,3.201960563659668,0.7174864411354065,0.7193719185107649,0.9962253439415747,0.9330000000000074,0.06699999999999262,0.0,692,643,0.6198704016808023,1.3801295983191977,33.0,33,3.0,21.0,0.04151448979973793,26.821410215619323,17.318170257639384,0.0,0.0,0.0,-0.475161997898997,1.0,0.8147353529930115,0.044715382158756256,0.007418990135192871,0.3171750575080492,0.32749850854029033,0.023129514884203672,0.022968809741238754,0.0,0.0,0.03501523733139038,False,False
3.355,7.095475673675537,3.236284017562866,0.7065932154655457,0.8065995419998118,0.9780492922714359,0.9329000000000074,0.06709999999999261,0.0,681,635,0.6515478682074022,1.3484521317925977,33.0,33,4.0,19.0,0.041451457887887955,24.586292697651047,15.874989402836102,0.0,0.0,0.0,-0.43556516474074725,1.0,0.8147302865982056,0.04469015449285507,0.00742793083190918,0.32088385999202507,0.3310376898323473,0.023083636381973825,0.022929591747621696,0.0,0.0,0.022728593349456788,False,False
3.36,7.190321922302246,3.2708606719970703,0.7361580729484558,-2.7447886761162907,0.4011814191093423,0.9328000000000074,0.0671999999999926,0.0,718,679,0.34725221252345206,1.5,40.0,40,5.0,25.0,0.0413932166993618,30.870768306180125,14.552073619266427,0.0,0.0,0.0,-0.8159347343456849,1.0,0.8146820664405823,0.04470154270529747,0.007436871528625488,0.33135128945857056,0.3434281210675812,0.02297764178365469,0.022808227998514972,0.0,0.0,0.024016420841217044,False,False
3.365,7.361713409423828,3.2500147819519043,0.7328198552131653,0.6324577870589996,1.0,0.9327000000000074,0.06729999999999259,0.0,679,636,0.4016478614798311,1.5,27.0,27,5.0,18.0,0.041389625519514084,36.63153761399845,21.672734150994224,0.0,0.0,0.0,-0.7479401731502111,1.0,0.814663827419281,0.04467126354575157,0.007445693016052246,0.34920963491995893,0.3608242518703118,0.02280660904943943,0.022642240704347692,0.0,0.0,0.01695599675178528,False,False
3.37,7.449855804443359,3.2784817218780518,0.7407206296920776,0.6983158356553725,0.881079198212326,0.9326000000000074,0.06739999999999258,0.0,762,715,0.4515105396898451,1.5,37.0,37,3.0,26.0,0.04135210067033768,33.57890947949858,19.866672971744705,0.0,0.0,0.0,-0.6856118253876936,1.0,0.8145993947982788,0.04468346759676933,0.007454514503479004,0.3576704348996257,0.3694842113591705,0.022723797398308914,0.02256019040942192,0.0,0.0,0.020517516136169433,False,False
3.375,7.416021823883057,3.389178514480591,0.8016117811203003,0.9161238983965011,0.3960332153422272,0.9325000000000074,0.06749999999999257,0.0,743,691,0.8305513280490247,1.1694486719509753,62.0,62,6.0,15.0,0.04131096228957176,30.780667022873693,26.54445022409931,0.0,0.0,0.0,-0.21181083993871913,1.0,0.8145909905433655,0.04496080055832863,0.007463335990905762,0.36013735547661535,0.37739487540721633,0.02272973768413067,0.022533235605806112,0.0,0.0,0.020656545162200928,False,False
3.38,7.339147567749023,3.4589452743530273,0.8535698056221008,0.8083352932827699,0.9783434825693034,0.9324000000000074,0.06759999999999255,0.0,832,784,0.8446720507116059,1.155327949288394,67.0,67,7.0,20.0,0.04143316298723221,28.21561143763422,24.332412705424368,0.0,0.0,0.0,-0.1941599366104926,1.0,0.8146575689315796,0.04522094503045082,0.0074721574783325195,0.3558437974813059,0.3775714594249898,0.02279231402402123,0.022568012742946546,0.0,0.0,0.020318546295166016,False,False
3.3850000000000002,7.3308939933776855,3.467986822128296,0.8803273439407349,1.0551433551067027,0.6001706288914871,0.9323000000000075,0.06769999999999254,0.0,660,619,0.8576160464856387,1.1423839535143612,29.0,29,7.0,33.0,0.041386377066373825,25.864310484498034,22.304711646639003,0.0,0.0,0.0,-0.17797994189295158,1.0,0.8147237300872803,0.04518205672502518,0.007480978965759277,0.3561676471481696,0.3796997487048282,0.022795355568329494,0.022562926945587,0.0,0.0,0.0188082754611969,False,False
3.39,7.384114742279053,3.5808486938476562,0.9362823963165283,0.5418557346427394,0.9911177673375664,0.9322000000000075,0.06779999999999253,0.0,614,574,0.8694813759451687,1.1305186240548313,25.0,25,5.0,28.0,0.041331492364406586,23.70895127745653,20.44598567608575,0.0,0.0,0.0,-0.16314828006853901,1.0,0.8147417902946472,0.04512399062514305,0.007489800453186035,0.3626386332400118,0.39115466874837607,0.022736014798283577,0.02247601669902603,0.0,0.0,0.021109461784362793,False,False
3.395,7.440700531005859,3.6893062591552734,0.9784591794013977,2.4487630781383514,0.3503293261233264,0.9321000000000075,0.06789999999999252,0.0,635,592,0.880357927949738,1.119642072050262,33.0,33,3.0,20.0,0.04127407446503639,21.733205337668487,18.742153536411937,0.0,0.0,0.0,-0.14955259006282748,1.0,0.8147002458572388,0.045114725828170776,0.007498443126678467,0.3653040614699299,0.39688430503258826,0.02268393368770679,0.02240164903923869,0.0,0.0,0.02549954414367676,False,False
3.4,7.502776622772217,3.7653119564056396,0.9574581384658813,1.1383158200127839,0.7420119698600642,0.9320000000000075,0.06799999999999251,0.0,683,631,0.8903281006205931,1.1096718993794068,35.0,35,2.0,26.0,0.04135490581393242,19.92210489286278,17.180307408377608,0.0,0.0,0.0,-0.1370898742242586,1.0,0.8146779537200928,0.04511863738298416,0.0075070858001708984,0.379564874056724,0.4122646470467221,0.022564169485121965,0.02229166217148304,0.0,0.0,0.019057565927505495,False,False
3.4050000000000002,7.513794422149658,3.9052343368530273,0.9684737920761108,0.6801183741203392,0.997346707686971,0.9319000000000075,0.0680999999999925,0.0,766,717,0.899467425568877,1.100532574431123,41.0,41,5.0,25.0,0.04134724289178848,18.261929485124213,15.74861512434614,0.0,0.0,0.0,-0.12566571803890367,1.0,0.8146823048591614,0.045176997780799866,0.00751572847366333,0.3897502624988529,0.42667249307036104,0.022488103713840246,0.022212859864036243,0.0,0.0,0.008919275999069215,False,False
3.41,7.525714874267578,4.054291248321533,0.9808469414710999,1.0810292861284767,0.6862965045048351,0.9318000000000075,0.06819999999999249,0.0,706,655,1.2411784734381373,0.7588215265618626,42.0,42,6.0,16.0,0.04140818864107132,16.740102028030527,22.76956386398396,0.0,0.0,0.0,0.3014730917976717,1.0,0.8146906495094299,0.045263130217790604,0.007524371147155762,0.395189789871372,0.4358773933860132,0.022424838971346617,0.022144070050368708,0.0,0.0,0.011963126659393312,False,False
3.415,7.6197357177734375,4.143876552581787,0.9508858323097229,1.151823291938466,1.0,0.9317000000000075,0.06829999999999248,0.0,710,653,1.2210802673182926,0.7789197326817073,45.0,45,5.0,17.0,0.04143208637833595,15.345093525694649,20.872100208651965,0.0,0.0,0.0,0.2763503341478658,1.0,0.81463623046875,0.04535440355539322,0.007533013820648193,0.41909547838320044,0.4627185749933091,0.022244701006760202,0.021980535238981247,0.0,0.0,0.018559415340423584,False,False
3.42,7.703617095947266,4.140929222106934,0.9072222113609314,2.400772675361233,0.31631920715884765,0.9316000000000075,0.06839999999999247,0.0,766,716,1.202656911708435,0.7973430882915652,61.0,61,4.0,13.0,0.041381314396858215,22.399669065220095,27.466091857930966,0.0,0.0,0.0,0.25332113963554354,1.0,0.814602255821228,0.04557586461305618,0.007541656494140625,0.44512448263540555,0.488948699355122,0.022098748789479337,0.021859373276432358,0.0,0.0,0.018637689352035525,False,False
3.4250000000000003,7.6991496086120605,4.0807271003723145,0.8739922642707825,0.7965653885651772,0.17276646337509985,0.9315000000000075,0.06849999999999246,0.0,757,712,1.1857688357327318,0.814231164267268,30.0,30,6.0,35.0,0.04151241108775139,20.533029976451754,25.177250869770052,0.0,0.0,0.0,0.2322110446659149,1.0,0.8145787119865417,0.04558410868048668,0.007550299167633057,0.44860644169151465,0.48904758928219133,0.02210542947674791,0.02187878281498949,0.0,0.0,0.013417689800262454,False,False
3.43,7.767490386962891,4.087352275848389,0.8532152771949768,0.9076388793758486,0.3510321036164763,0.9314000000000076,0.06859999999999244,0.0,745,691,1.170288099421671,0.8297119005783291,21.0,21,4.0,37.0,0.041487809270620346,18.821944145080774,23.079146630622546,0.0,0.0,0.0,0.21286012427708859,1.0,0.8145250082015991,0.04551978409290314,0.0075591206550598145,0.46348467366148705,0.5036917997524106,0.02202181067938606,0.02180243842303753,0.0,0.0,0.023203592300415042,False,False
3.435,7.828320503234863,4.129764556884766,0.8186612129211426,1.8667317989742431,0.7551532224318904,0.9313000000000076,0.06869999999999243,0.0,823,780,1.156097424469865,0.8439025755301351,57.0,57,5.0,21.0,0.04147111624479294,17.253448799657377,21.155884411404,0.0,0.0,0.0,0.1951217805873311,1.0,0.8145319223403931,0.04565173387527466,0.007567703723907471,0.4817610251530971,0.5213296313583814,0.02191115946819385,0.02170982382570704,0.0,0.0,0.03302193641662598,False,False
3.44,7.844996929168701,4.178095817565918,0.821747362613678,1.151823291938466,1.0,0.9312000000000076,0.06879999999999242,0.0,820,759,1.1430893057640428,0.8569106942359572,54.0,54,8.0,10.0,0.041436951607465744,15.81566139968593,19.392894043787,0.0,0.0,0.0,0.1788616322050535,1.0,0.8146588206291199,0.04586184769868851,0.007576406002044678,0.4904124529063667,0.5323404086828194,0.021864475371936958,0.021664538265516363,0.0,0.0,0.015761216878890993,False,False
3.4450000000000003,7.9982008934021,4.2380218505859375,0.859373927116394,0.24755761560529577,0.5594052504113215,0.9311000000000076,0.06889999999999241,0.0,738,684,1.1311651969503727,0.8688348030496275,41.0,41,5.0,13.0,0.04141763597726822,14.497689616378768,17.77681954013808,0.0,0.0,0.0,0.16395649618796568,1.0,0.8147295713424683,0.0459195040166378,0.0075852274894714355,0.5209216745694442,0.5707729366620342,0.02170874970033765,0.02149148378521204,0.0,0.0,0.020516860485076904,False,False
3.45,8.178332328796387,4.240871906280518,0.8444443941116333,0.8662178427758699,0.2828964722736324,0.9310000000000076,0.0689999999999924,0.0,752,709,0.7869014305378416,1.2130985694621585,51.0,51,4.0,12.0,0.04136962816119194,21.622882148347202,16.29541791179324,0.0,0.0,0.0,-0.2663732118276981,1.0,0.8147542476654053,0.04609067365527153,0.007594048976898193,0.562703082613643,0.6127570452168541,0.02153481589630246,0.021328586153686047,0.0,0.0,0.015248309373855592,False,False
3.455,8.240677833557129,4.347367286682129,0.8757475018501282,0.5304194811684166,0.596989639318153,0.9309000000000076,0.06909999999999239,0.0,843,774,0.8046596446596881,1.195340355340312,94.0,94,8.0,22.0,0.04134347289800644,19.8209753026516,14.937466419143803,0.0,0.0,0.0,-0.2441754441753899,1.0,0.814811110496521,0.04662836715579033,0.0076029300689697266,0.5782253728806931,0.634937226225928,0.021458806780477367,0.021241278542826574,0.0,0.0,0.016928845643997194,False,False
3.46,8.211280822753906,4.471484661102295,0.9214175343513489,0.9539243830472706,0.9717757908643051,0.9308000000000076,0.06919999999999238,0.0,717,663,0.8209380076047141,1.1790619923952859,44.0,44,6.0,32.0,0.04129428416490555,26.502560694097298,22.02601088421515,0.0,0.0,0.0,-0.22382749049410738,1.0,0.8147988319396973,0.046702105551958084,0.00761181116104126,0.5778939901689648,0.6460015338112866,0.021449754325052105,0.02120750257745385,0.0,0.0,0.01871156215667725,False,False
3.465,8.163483619689941,4.481999397277832,0.9542646408081055,1.2513565081497098,0.5434481463637163,0.9307000000000076,0.06929999999999237,0.0,658,616,1.1691931736376546,0.8308068263623454,42.0,42,2.0,21.0,0.04123285412788391,24.294013969589187,28.52384331053055,0.0,0.0,0.0,0.21149146704706823,1.0,0.8148084878921509,0.046767350286245346,0.007620751857757568,0.5675116568505724,0.6410820459723426,0.021497509442269802,0.021239120978862047,0.0,0.0,0.017218675613403324,False,False
3.47,8.153942108154297,4.498104572296143,0.9812461733818054,0.20012575397490265,0.33398644481941353,0.9306000000000076,0.06939999999999236,0.0,629,585,1.1550937425011834,0.8449062574988165,19.0,19,9.0,18.0,0.041165791451931,22.269512805456753,26.146856367986338,0.0,0.0,0.0,0.19386717812647927,1.0,0.8147717714309692,0.046674326062202454,0.007629573345184326,0.5637379380166491,0.6410585118383123,0.021506062087913357,0.021238898237546287,0.0,0.0,0.016583502292633057,False,False
3.475,8.184330940246582,4.612551689147949,1.0091426372528076,1.0810292861284767,0.6862965045048351,0.9305000000000077,0.06949999999999235,0.0,849,776,1.142169263959418,0.8578307360405819,39.0,39,4.0,28.0,0.04115821048617363,20.41372007166869,23.96795167065414,0.0,0.0,0.0,0.17771157994927264,1.0,0.8148152232170105,0.04669857770204544,0.007638216018676758,0.5682255324572284,0.6518014097064687,0.021452708169817924,0.02117359545081854,0.0,0.0,0.030300953388214112,False,False
3.48,8.217035293579102,4.647821426391602,1.0374996662139893,0.8206770833052389,0.7408896666555101,0.9304000000000077,0.06959999999999233,0.0,805,754,1.1303218252961331,0.8696781747038668,38.0,38,5.0,21.0,0.04114772379398346,18.712576732362965,21.970622364766296,0.0,0.0,0.0,0.16290228162016654,1.0,0.8148073554039001,0.04676075652241707,0.007647156715393066,0.5674254116043408,0.6533352382108523,0.02143762695292632,0.021146664706369243,0.0,0.0,0.021963424682617187,False,False
3.485,8.255270957946777,4.730870246887207,0.9964298009872437,0.6004595361082627,0.8741121576893383,0.9303000000000077,0.06969999999999232,0.0,785,713,1.1194616731881222,0.8805383268118778,50.0,50,3.0,27.0,0.04117073863744736,17.153195337999385,20.13973716770244,0.0,0.0,0.0,0.1493270914851527,1.0,0.8148530721664429,0.046910129487514496,0.0076558589935302734,0.5909289392828899,0.6794415243466647,0.021323361434042454,0.021048852552970253,0.0,0.0,0.02071910858154297,False,False
3.49,8.23714828491211,4.873784065246582,1.0054572820663452,1.0371586567664117,0.986777836834684,0.9302000000000077,0.06979999999999231,0.0,865,797,1.1095065337557786,0.8904934662442213,86.0,86,7.0,19.0,0.041111066937446594,15.723762393166103,18.46142573706057,0.0,0.0,0.0,0.13688316719472332,1.0,0.814948558807373,0.04729821905493736,0.007664859294891357,0.5889849410206037,0.6837180353403043,0.02126628843446573,0.020990956109017134,0.0,0.0,0.02368008613586426,False,False
3.495,8.266036033630371,4.985188961029053,1.0196424722671509,1.0256813216814868,0.9634947085694746,0.9301000000000077,0.0698999999999923,0.0,714,653,1.1003809892761305,0.8996190107238695,21.0,21,7.0,21.0,0.041051000356674194,14.41344886040226,16.92297359230552,0.0,0.0,0.0,0.12547623659516302,1.0,0.8149928450584412,0.04724176600575447,0.007673799991607666,0.59158871735632,0.6916771279573392,0.02121396129950881,0.020932150849451624,0.0,0.0,0.016259937286376955,False,False
3.5,8.391505241394043,5.023717880249023,0.9533788561820984,-0.7194673442389574,0.1508957199880647,0.9300000000000077,0.06999999999999229,0.0,816,742,1.4253492401697863,0.5746507598302137,63.0,63,5.0,22.0,0.04111357778310776,13.212328122035405,23.84605912628006,0.0,0.0,0.0,0.5316865502122328,1.0,0.8149914145469666,0.04749290645122528,0.007682740688323975,0.6589528819794409,0.769861880473787,0.021006187113622826,0.02075543704753121,0.0,0.0,0.015854907035827637,False,False
3.505,8.44192123413086,5.010694980621338,0.906416654586792,0.9272803158062787,0.9588338282108891,0.9299000000000077,0.07009999999999228,0.0,787,725,1.3899034701556374,0.6100965298443626,103.0,103,7.0,17.0,0.04109296575188637,12.111300778532454,21.858887532423388,0.0,0.0,0.0,0.48737933769454667,1.0,0.8149917721748352,0.048111263662576675,0.007691621780395508,0.7038708612322757,0.8192385368049085,0.020905483203629654,0.0206776917912066,0.0,0.0,0.019973759651184083,False,False
3.5100000000000002,8.447071075439453,4.990748882293701,0.8658722639083862,,0.0,0.9298000000000077,0.07019999999999227,0.0,756,706,1.024078180976001,0.9759218190239991,44.0,44,7.0,22.0,0.04105565696954727,19.435359046988083,20.037313571388104,0.0,0.0,0.0,0.030097726220001064,1.0,0.8150683045387268,0.04821394756436348,0.007700562477111816,0.722819473788137,0.8352343106791318,0.020876103856911264,0.020664455369114876,0.0,0.0,0.019593154191970826,False,False
3.515,8.528478622436523,5.017202854156494,0.833807647228241,0.5915768722965875,0.2535271646499175,0.9297000000000077,0.07029999999999226,0.0,875,794,1.0220716658946674,0.9779283341053326,43.0,43,10.0,27.0,0.041002433747053146,17.81574579307241,18.367537440439094,0.0,0.0,0.0,0.02758958236833422,1.0,0.8150918483734131,0.04827049747109413,0.0077095627784729,0.7671648300737087,0.8838645593027211,0.020762373848507803,0.02056477979446451,0.0,0.0,0.027597665786743164,False,False
3.52,8.586995124816895,5.054437637329102,0.7936719655990601,0.9319685875887818,0.5288269883222798,0.9296000000000078,0.07039999999999225,0.0,953,874,1.3535656937367784,0.6464343062632216,69.0,69,1.0,25.0,0.04101219400763512,16.331100310316373,25.170242653735833,0.0,0.0,0.0,0.441957117170973,1.0,0.8151417374610901,0.04859789088368416,0.0077187418937683105,0.8117893233448208,0.9321885487735204,0.020655587626000248,0.020479463661710422,0.0,0.0,0.03341889619827271,False,False
3.525,8.647103309631348,5.1369428634643555,0.8182291388511658,1.5838963681871903,0.2810431709988297,0.9295000000000078,0.07049999999999224,0.0,886,796,1.3241018859253804,0.6758981140746196,68.0,68,7.0,20.0,0.04125088453292847,14.970175284456674,23.07272243259118,0.0,0.0,0.0,0.40512735740672534,1.0,0.8151981830596924,0.04892629012465477,0.0077277421951293945,0.8347154309749543,0.970590132355683,0.020572216405222814,0.02038678231959542,0.0,0.0,0.019472594261169436,False,False
3.5300000000000002,8.784525871276855,5.133317947387695,0.8202551007270813,0.2872128070367704,0.8264583520370933,0.9294000000000078,0.07059999999999222,0.0,912,815,1.2970933954315984,0.7029066045684015,79.0,79,7.0,31.0,0.04124109074473381,13.722660677418618,21.14999556320858,0.0,0.0,0.0,0.3713667442894981,1.0,0.8152514696121216,0.04936810955405235,0.00773698091506958,0.8952758254234925,1.0,0.020446220878511667,0.02025912826259931,0.0,0.0,0.018004504442214967,False,False
3.535,8.905375480651855,5.185920238494873,0.8004679679870605,0.80628604996253,1.0,0.9293000000000078,0.07069999999999221,0.0,902,813,1.2723356124789653,0.7276643875210347,77.0,77,9.0,31.0,0.0411987341940403,12.579105620967066,19.3874959329412,0.0,0.0,0.0,0.34041951559870665,1.0,0.8153071999549866,0.04974094778299332,0.00774616003036499,0.9652702407687832,1.0,0.02031047750885288,0.020134923979640007,0.0,0.0,0.015940593481063844,False,False
3.54,8.948163986206055,5.328518867492676,0.836596667766571,0.712625803132071,0.9461361351971036,0.9292000000000078,0.0707999999999922,0.0,843,745,1.249640978105718,0.7503590218942818,67.0,67,4.0,18.0,0.04113658145070076,11.53084681921981,17.771871271862764,0.0,0.0,0.0,0.3120512226321477,1.0,0.8153855204582214,0.05002123862504959,0.0077553391456604,0.9765439369901945,1.0,0.020234837041546903,0.02004430318872134,0.0,0.0,0.011861910820007326,False,False
3.545,8.950739860534668,5.4154558181762695,0.8686830401420593,1.5676374837190923,0.5936738330203292,0.9291000000000078,0.07089999999999219,0.0,909,818,1.2288375632635749,0.7711624367364251,67.0,67,7.0,15.0,0.04108187183737755,18.903276250951492,24.624215332540864,0.0,0.0,0.0,0.28604695407946856,1.0,0.815510094165802,0.05032261461019516,0.007764577865600586,0.968196114440752,1.0,0.020202030427753925,0.019995650121321283,0.0,0.0,0.018444769382476807,False,False
3.5500000000000003,8.926156044006348,5.391955852508545,0.9057835340499878,0.7057423690122765,0.3790756962839571,0.9290000000000078,0.07099999999999218,0.0,914,824,1.2097677663249438,0.7902322336750564,69.0,69,8.0,32.0,0.04106437787413597,17.328003230038867,22.572197388162458,0.0,0.0,0.0,0.26220970790617953,1.0,0.8155808448791504,0.05065247043967247,0.007773756980895996,0.9491048744047613,1.0,0.020244955085217953,0.020022501703351736,0.0,0.0,0.013411269187927247,False,False
3.555,8.919605255126953,5.469974994659424,0.930677592754364,0.9330327620346338,0.5258843579228673,0.9289000000000078,0.07109999999999217,0.0,825,750,1.1922871191311983,0.8077128808688017,56.0,56,7.0,28.0,0.04105714336037636,15.88400296086896,20.691180939148918,0.0,0.0,0.0,0.2403588989139979,1.0,0.8156759738922119,0.05084887519478798,0.007783114910125732,0.9286753356456688,1.0,0.020227981731295586,0.01999703391144673,0.0,0.0,0.02068630933761597,False,False
3.56,8.9440279006958,5.542508602142334,0.939004123210907,,0.0,0.9288000000000078,0.07119999999999216,0.0,840,764,1.1762631925369318,0.8237368074630682,55.0,55,5.0,21.0,0.04102025553584099,14.560336047463213,18.96691586088651,0.0,0.0,0.0,0.2203289906711648,1.0,0.8157193660736084,0.05105231702327728,0.007792413234710693,0.9302040367523762,1.0,0.020178303432961307,0.019944220936546724,0.0,0.0,0.022395069599151614,False,False
3.565,8.993104934692383,5.5957255363464355,0.9353174567222595,1.6319482423325746,0.16447642915911664,0.9287000000000079,0.07129999999999215,0.0,790,713,1.1615745931588541,0.8384254068411459,66.0,66,5.0,29.0,0.04095211997628212,13.346974710174612,17.386339539145965,0.0,0.0,0.0,0.20196824144856765,1.0,0.8157162070274353,0.051334839314222336,0.007801711559295654,0.9527219496369292,1.0,0.020109068136662245,0.019876679871231318,0.0,0.0,0.014186526536941529,False,False
3.5700000000000003,8.992569923400879,5.720668792724609,0.8942830562591553,0.4281821274290356,1.0,0.9286000000000079,0.07139999999999214,0.0,823,742,1.4814433770622828,0.5185566229377171,57.0,57,4.0,20.0,0.04088803753256798,12.23472681766006,24.270811244217132,0.0,0.0,0.0,0.6018042213278536,1.0,0.8156680464744568,0.05154421180486679,0.007811188697814941,0.9710144112035561,1.0,0.020008900513251625,0.019796121244629226,0.0,0.0,0.02213132381439209,False,False
3.575,8.958621978759766,5.854243755340576,0.9158348441123962,0.552176019966141,0.8745777843483786,0.9285000000000079,0.07149999999999213,0.0,849,778,1.1079897623070927,0.8920102376929074,59.0,59,6.0,22.0,0.04096810892224312,19.548499582855055,22.24824364053237,0.0,0.0,0.0,0.13498720288386573,1.0,0.8156479597091675,0.05178214609622955,0.007820665836334229,0.9124611250112388,1.0,0.020009028570105634,0.019786349342515074,0.0,0.0,0.020095450878143312,False,False
3.58,9.025372505187988,5.8899970054626465,0.8966884016990662,0.5519299465614459,0.6412184337832262,0.9284000000000079,0.07159999999999211,0.0,845,775,1.4323239487815014,0.5676760512184986,35.0,35,7.0,32.0,0.04129936546087265,17.919457950950466,28.727556670488003,0.0,0.0,0.0,0.5404049359768768,1.0,0.8156309723854065,0.051812175661325455,0.007830023765563965,0.9517831045637458,1.0,0.019925495920081936,0.019710431806743145,0.0,0.0,0.018559826612472536,False,False
3.585,9.157746315002441,5.861698627471924,0.8315972685813904,0.8695237222123704,0.9470837936569362,0.9283000000000079,0.0716999999999921,0.0,966,877,1.3962969530497098,0.6037030469502903,119.0,119,3.0,25.0,0.04134702309966087,16.42616978837126,26.333593614614003,0.0,0.0,0.0,0.4953711913121371,1.0,0.8155667781829834,0.052496425807476044,0.007839560508728027,1.0,1.0,0.019740615971386433,0.019557246317466102,0.0,0.0,0.022719390392303467,False,False
3.59,9.175393104553223,5.832423686981201,0.7913122177124023,-0.17139545263546524,0.25357049167010254,0.9282000000000079,0.07179999999999209,0.0,838,768,1.3632722069622338,0.6367277930377662,42.0,42,8.0,25.0,0.041361499577760696,15.05732230600699,24.139127480062836,0.0,0.0,0.0,0.4540902587027923,1.0,0.8156282305717468,0.05260432884097099,0.007848978042602539,1.0,1.0,0.019698549682895344,0.019532299290100735,0.0,0.0,0.02102160692214966,False,False
3.595,9.209766387939453,5.848065376281738,0.7493770718574524,0.24448375147253298,0.8290188952552217,0.9281000000000079,0.07189999999999208,0.0,819,736,1.3329995230487142,0.6670004769512857,47.0,47,7.0,30.0,0.04130984842777252,13.802545447173074,22.12753352339093,0.0,0.0,0.0,0.4162494038108928,1.0,0.8156340718269348,0.05272211506962776,0.007858514785766602,1.0,1.0,0.019635516994943224,0.01948493610446652,0.0,0.0,0.02819851875305176,False,False
3.6,9.312363624572754,5.883997440338135,0.6948882937431335,0.4146110316957591,0.9044679846691503,0.9280000000000079,0.07199999999999207,0.0,920,839,1.5,0.361417103872012,72.0,72,8.0,28.0,0.04129303991794586,12.652333326575317,28.616905729775016,0.0,0.0,0.0,0.798228620159985,1.0,0.8155942559242249,0.05306867137551308,0.00786811113357544,1.0,1.0,0.01949264823148648,0.019368802507718406,0.0,0.0,0.04155467510223389,False,False
3.605,9.337118148803711,5.906304836273193,0.6655070781707764,0.7317061999668799,0.6409030906869259,0.9279000000000079,0.07209999999999206,0.0,954,860,1.5,0.4146323452160108,70.0,70,4.0,32.0,0.041346967220306396,19.931305549360705,34.565496918960434,0.0,0.0,0.0,0.7317095684799865,1.0,0.8155563473701477,0.05336534231901169,0.007877767086029053,1.0,1.0,0.019446262158453465,0.0193375318000714,0.0,0.0,0.03042517900466919,False,False
3.61,9.481939315795898,5.995305061340332,0.6871103644371033,0.8894308473227829,0.5351991036294437,0.927800000000008,0.07219999999999205,0.0,835,752,1.5,0.19999999999999996,50.0,50,4.0,35.0,0.0412975437939167,18.27036342024731,40.01837217571373,0.0,0.0,0.0,1.0,1.0,0.8155896663665771,0.053473904728889465,0.007887303829193115,1.0,1.0,0.019290560546020668,0.01917287784939011,0.0,0.0,0.0231076455116272,False,False
3.615,9.720584869384766,5.988285064697266,0.6539186835289001,0.8573554286660364,0.4757399687282463,0.927700000000008,0.07229999999999204,0.0,805,731,1.5,0.20257301229956448,75.0,75,8.0,37.0,0.041254281997680664,16.7478331352267,36.683507827737586,0.0,0.0,0.0,0.9967837346255444,1.0,0.815570592880249,0.0537935309112072,0.007896959781646729,1.0,1.0,0.019062884772817295,0.01896214360992114,0.0,0.0,0.010446075201034546,False,False
3.62,9.88685417175293,6.049505710601807,0.6547818183898926,0.4714169737827949,0.8637428037270409,0.927600000000008,0.07239999999999203,0.0,857,761,1.5,0.2690252612746007,38.0,38,7.0,35.0,0.04118240997195244,15.352180373957808,33.62654884209279,0.0,0.0,0.0,0.913718423406749,1.0,0.8155117034912109,0.053874555975198746,0.007906675338745117,1.0,1.0,0.0188974275564154,0.018801193218678236,0.0,0.0,0.017195430994033815,False,False
3.625,9.927162170410156,6.199869632720947,0.6802459359169006,-0.04841762997878549,0.9205412512508445,0.927500000000008,0.07249999999999202,0.0,924,830,1.336726843831616,0.663273156168384,86.0,86,4.0,25.0,0.04126353934407234,22.406165342794655,30.824336438585053,0.0,0.0,0.0,0.42090855478951994,1.0,0.8154600858688354,0.05433870106935501,0.007916450500488281,1.0,1.0,0.018803381826728582,0.018696216866374016,0.0,0.0,0.018201929330825806,False,False
3.63,9.890166282653809,6.245657920837402,0.6850947141647339,0.49696400438861876,0.9896428606935265,0.927400000000008,0.072599999999992,0.0,949,844,1.3086662735123147,0.6913337264876853,71.0,71,4.0,16.0,0.04125872254371643,20.538984897561765,28.255641735369633,0.0,0.0,0.0,0.3858328418903934,1.0,0.8154796957969666,0.05465471372008324,0.00792616605758667,1.0,1.0,0.018799440003931522,0.018687006862213217,0.0,0.0,0.014707181453704834,False,False
3.6350000000000002,9.835654258728027,6.2279767990112305,0.725282609462738,0.5282937317517783,0.9804206230291141,0.927300000000008,0.072699999999992,0.0,893,795,1.2829440840529551,0.7170559159470449,80.0,80,12.0,16.0,0.04145769402384758,18.82740282276495,25.901004924088827,0.0,0.0,0.0,0.3536801050661939,1.0,0.815447211265564,0.05499646067619324,0.007936060428619385,1.0,1.0,0.01886584796011448,0.018736782173315685,0.0,0.0,0.015006417036056518,False,False
3.64,9.866463661193848,6.32719087600708,0.7571660876274109,1.3123211625317823,0.36118944817205495,0.927200000000008,0.07279999999999198,0.0,861,769,1.2593654103818757,0.7406345896181243,35.0,35,5.0,17.0,0.041410937905311584,17.258452587534535,23.742587847081424,0.0,0.0,0.0,0.32420676297734446,1.0,0.8153752088546753,0.05502805486321449,0.007945895195007324,1.0,1.0,0.018814632979532085,0.018674335442483425,0.0,0.0,0.029729044437408446,False,False
3.645,9.89012622833252,6.36337947845459,0.7672686576843262,0.5640286579464121,0.9446372404012079,0.927100000000008,0.07289999999999197,0.0,892,787,0.9044182928500527,1.0955817071499474,58.0,58,5.0,22.0,0.04136745631694794,24.15358153857332,21.764038859824637,0.0,0.0,0.0,-0.11947713393743413,1.0,0.8153772354125977,0.05521076172590256,0.007955610752105713,1.0,1.0,0.0187837736060222,0.01863928201297919,0.0,0.0,0.024412622451782228,False,False
3.65,9.930474281311035,6.406154155731201,0.7290416359901428,1.0208225275652658,0.7630123308832031,0.927000000000008,0.07299999999999196,0.0,989,889,1.2457167684458816,0.7542832315541185,119.0,119,8.0,30.0,0.04132761061191559,22.140783077025542,28.28370228817258,0.0,0.0,0.0,0.30714596055735194,1.0,0.8153787851333618,0.055906835943460464,0.007965385913848877,1.0,1.0,0.018694244014720123,0.018566844519227743,0.0,0.0,0.018881791830062868,False,False
3.6550000000000002,9.938831329345703,6.584156513214111,0.7174879312515259,-0.9846723167848158,0.23555706148730782,0.926900000000008,0.07309999999999195,0.0,903,823,1.2252403710753914,0.7747596289246086,73.0,73,7.0,33.0,0.041312605142593384,20.295717820606747,25.926727097491533,0.0,0.0,0.0,0.2815504638442393,1.0,0.8153319358825684,0.05625393986701965,0.007975280284881592,1.0,1.0,0.018594360444694757,0.018475130200386047,0.0,0.0,0.021415243148803713,False,False
3.66,9.9478120803833,6.718242645263672,0.7376040816307068,-0.3945776576062901,0.4164351530739404,0.9268000000000081,0.07319999999999194,0.0,933,830,1.2064703401524421,0.7935296598475579,57.0,57,6.0,32.0,0.04134204238653183,18.60440800222285,23.766166506033905,0.0,0.0,0.0,0.2580879251905527,1.0,0.8152406811714172,0.05644974857568741,0.007985234260559082,1.0,1.0,0.018571283047397934,0.018440399629374347,0.0,0.0,0.022111709117889407,False,False
3.665,10.051939010620117,6.6920671463012695,0.67641282081604,0.2254559669607626,0.8360074564357642,0.9267000000000081,0.07329999999999193,0.0,881,792,1.189264478473072,0.810735521526928,59.0,59,7.0,35.0,0.04154609888792038,17.05404066870428,21.78565263053108,0.0,0.0,0.0,0.23658059809134002,1.0,0.815224289894104,0.05660448968410492,0.007995128631591797,1.0,1.0,0.01845784097289046,0.018353055541714035,0.0,0.0,0.02031390190124512,False,False
3.67,10.143121719360352,6.6138739585876465,0.6234245300292969,1.8731915417799823,0.7912281821921787,0.9266000000000081,0.07339999999999192,0.0,1114,989,1.173492438600316,0.826507561399684,64.0,64,5.0,19.0,0.04166422784328461,15.632870612978921,19.97018157798682,0.0,0.0,0.0,0.216865548250395,1.0,0.8165382146835327,0.05683600530028343,0.008005738258361816,1.0,1.0,0.018353513441979885,0.018274225294589996,1.0,0.0,0.02299740791320801,True,False
3.6750000000000003,10.162941932678223,6.600446701049805,0.5927025675773621,0.3286056822145446,0.7442559304713724,0.9265000000000081,0.0734999999999919,0.0,1111,960,1.4923680687169563,0.5076319312830437,84.0,84,6.0,15.0,0.0417034886777401,14.330131395230678,26.639333113154585,0.0,0.0,0.0,0.6154600858961954,1.0,0.8189530968666077,0.05721819028258324,0.00801759958267212,1.0,1.0,0.018318237271159887,0.018250421465684973,1.0,0.0,0.022299766540527344,True,False
3.68,10.232903480529785,6.6338019371032715,0.5389344096183777,2.7079658610970325,0.47609570798684925,0.9264000000000081,0.0735999999999919,0.0,1005,876,1.4513373963238765,0.5486626036761234,32.0,32,3.0,14.0,0.041827231645584106,13.135953778961454,24.41938868705837,0.0,0.0,0.0,0.5641717454048457,1.0,0.8223046064376831,0.057217586785554886,0.008031368255615234,1.0,1.0,0.01822585084786018,0.01818037824705243,1.0,0.0,0.01649656057357788,True,False
3.685,10.334345817565918,6.654646396636963,0.49343341588974,0.3529149347008265,1.0000000000000002,0.9263000000000081,0.07369999999999188,0.0,1176,1033,1.41372594663022,0.5862740533697799,89.0,89,8.0,11.0,0.041840534657239914,12.041290964047999,22.384439629803502,0.0,0.0,0.0,0.5171574332877752,1.0,0.8262960314750671,0.057639386504888535,0.008047759532928467,1.0,1.0,0.018117630388587713,0.018093692294011515,1.0,0.0,0.026095874309539795,True,False
3.69,10.424187660217285,6.66363000869751,0.48608410358428955,0.6393506151492738,1.0,0.9262000000000081,0.07379999999999187,0.0,1173,1040,1.0459154510777018,0.9540845489222982,97.0,97,8.0,22.0,0.04184436798095703,19.371183383710665,20.51906966065321,0.0,0.0,0.0,0.05739431384712716,1.0,0.8311483860015869,0.05814967304468155,0.00806725025177002,1.0,1.0,0.01803398597985506,0.018014703722049795,1.0,0.0,0.021516542434692386,True,False
3.6950000000000003,10.573997497558594,6.675889492034912,0.4871448278427124,0.09255998079937966,0.6238906411281109,0.9261000000000081,0.07389999999999186,0.0,1104,956,1.0420891634878933,0.9579108365121067,43.0,43,10.0,21.0,0.041845791041851044,26.090251435068108,27.14248052226544,0.0,0.0,0.0,0.052611454359866625,1.0,0.8365390300750732,0.05824119597673416,0.008090615272521973,1.0,1.0,0.01790826829771201,0.017887239033977192,1.0,0.0,0.018470914363861085,True,False
3.7,10.723365783691406,6.673499584197998,0.46276557445526123,0.556049818459807,0.9929459048915042,0.9260000000000081,0.07399999999999185,0.0,1037,902,1.0385817331972356,0.9614182668027645,54.0,54,2.0,19.0,0.04185698181390762,23.9160638154791,24.880607145409986,0.0,0.0,0.0,0.04822716649654435,1.0,0.8426976203918457,0.058366809040308,0.008118391036987305,1.0,1.0,0.017786570824682713,0.01777657074853778,1.0,0.0,0.009393912553787232,True,False
3.705,10.819256782531738,6.734119415283203,0.4813585579395294,0.02294737212743065,0.7973533345223116,0.9259000000000082,0.07409999999999184,0.0,1131,992,0.7020332554307991,1.297966744569201,45.0,45,6.0,35.0,0.04185602813959122,30.25639183085584,22.807223216625818,0.0,0.0,0.0,-0.3724584307115011,1.0,0.8494421243667603,0.0584210529923439,0.008150994777679443,1.0,1.0,0.017689738888293505,0.01767420442774892,1.0,0.0,0.014197194576263427,True,False
3.71,10.851195335388184,6.821242332458496,0.5143387317657471,0.40309832986963184,0.999370637916997,0.9258000000000082,0.07419999999999183,0.0,1187,1033,0.7268638174782326,1.2731361825217675,75.0,75,3.0,34.0,0.0419330894947052,27.735025844951185,20.906621281907,0.0,0.0,0.0,-0.34142022815220924,1.0,0.8572338819503784,0.05872294306755066,0.00818943977355957,1.0,1.0,0.017619765518854063,0.017589892571171127,1.0,0.0,0.017290632724761966,True,False
3.715,10.811601638793945,6.824492931365967,0.5463022589683533,0.286578682589217,0.6021244286246067,0.9274500000000082,0.07254999999999179,0.0,1208,1068,0.7496251660217133,1.2503748339782867,103.0,103,11.0,26.0,0.041973598301410675,25.423773691205252,19.164402841748082,0.0,0.0,200.0,-0.3129685424728585,1.0,0.8660637736320496,0.05927784740924835,0.008234500885009766,1.0,1.0,0.017643431201577187,0.017599632653097313,1.0,0.0,0.012421994209289551,True,False
3.72,10.804070472717285,6.871285915374756,0.5844335556030273,1.0522086204744048,0.8239471460115777,0.9273500000000082,0.07264999999999178,0.0,1172,1025,0.7704897355199039,1.2295102644800961,63.0,63,10.0,33.0,0.04200413450598717,23.305125883604813,17.56736927160241,0.0,0.0,0.0,-0.2868878306001202,1.0,0.8756978511810303,0.05947265774011612,0.008286654949188232,1.0,1.0,0.01763637876138091,0.01757926695669691,1.0,0.0,0.015348985195159915,True,False
3.725,10.853178977966309,6.941314220428467,0.6078611612319946,1.0213874343116498,0.5850341260288763,0.9272500000000082,0.07274999999999177,0.0,1196,1061,1.1229489242265784,0.8770510757734216,60.0,60,3.0,26.0,0.042055703699588776,21.36303205997108,24.43675516563554,0.0,0.0,0.0,0.153686155283223,1.0,0.8860751390457153,0.059639979153871536,0.008346199989318848,1.0,1.0,0.017570652222881716,0.017505596236636244,1.0,0.0,0.024263644218444826,True,False
3.73,10.879223823547363,6.952301025390625,0.6271854043006897,0.5998602200836203,0.9825512471259069,0.9271500000000082,0.07284999999999175,0.0,1129,994,1.1127031805410301,0.8872968194589699,40.0,40,6.0,23.0,0.042403027415275574,19.58277938830682,22.400358901832575,0.0,0.0,0.0,0.14087897567628768,1.0,0.8976203203201294,0.05964136868715286,0.008413732051849365,1.0,1.0,0.017556309079130493,0.01748347810159127,1.0,0.0,0.021565370559692383,True,False
3.735,10.951544761657715,7.043349266052246,0.5720980763435364,2.086203042603141,0.04557111819066705,0.9270500000000083,0.07294999999999174,0.0,1154,985,0.7699779154959444,1.2300220845040557,54.0,54,8.0,21.0,0.042393751442432404,26.28421443928125,20.53366232667986,0.0,0.0,0.0,-0.2875276056300695,1.0,0.9098904728889465,0.059773195534944534,0.008489668369293213,1.0,1.0,0.017435095117737852,0.01738514673585693,1.0,0.0,0.022423410415649415,True,False
3.74,10.980361938476562,7.202608108520508,0.5828894376754761,0.9700356513508444,0.7757113980603765,0.9287000000000083,0.0712999999999917,0.0,1232,1075,0.789146422537949,1.210853577462051,128.0,128,3.0,32.0,0.04237808659672737,24.093863236007813,18.822523799456537,0.0,0.0,400.0,-0.26356697182756383,1.0,0.922487735748291,0.060493480414152145,0.008575737476348877,1.0,1.0,0.01735073048621416,0.017299188766628504,1.0,0.0,0.01474894642829895,True,False
3.745,11.060286521911621,7.289259910583496,0.5847031474113464,0.5834322223554592,0.8960879841963555,0.9286000000000083,0.07139999999999169,0.0,1126,971,0.4733842206597866,1.5,56.0,56,10.0,31.0,0.04239214211702347,30.41937463300716,17.253980149501825,0.0,0.0,0.0,-0.6582697241752667,1.0,0.9357338547706604,0.060655511915683746,0.00867164134979248,1.0,1.0,0.01727102945248286,0.017217230827858053,1.0,0.0,0.01791035532951355,True,False
3.75,11.193528175354004,7.2740702629089355,0.5381540060043335,0.00890703529982488,0.29791092868465574,0.9285000000000083,0.07149999999999168,0.0,1044,918,0.5172688689381377,1.4827311310618623,32.0,32,7.0,28.0,0.042377784848213196,27.88442674692323,15.816148470376671,0.0,0.0,0.0,-0.6034139138273279,1.0,0.9495931267738342,0.060591794550418854,0.008777618408203125,1.0,1.0,0.01713795509810249,0.01710456873600682,1.0,0.0,0.01730374813079834,True,False
3.755,11.238076210021973,7.2411208152771,0.5133343935012817,-0.8595490436058388,1.0,0.9284000000000083,0.07159999999999167,0.0,1239,1088,0.5574964631932929,1.442503536806707,96.0,96,6.0,20.0,0.042353224009275436,25.560724518012957,14.498136097845281,0.0,0.0,0.0,-0.5531294210083838,1.0,0.9642916321754456,0.06105022504925728,0.00889497995376587,1.0,1.0,0.017088781266162794,0.01706690605108937,1.0,0.0,0.016707066297531128,True,False
3.7600000000000002,11.253305435180664,7.225651741027832,0.47648605704307556,0.2722908676461995,0.49842427533638795,0.9283000000000083,0.07169999999999166,0.0,1362,1195,0.9277050912605185,1.0722949087394815,89.0,89,8.0,43.0,0.04250168055295944,23.430664141511876,21.62329142302484,0.0,0.0,0.0,-0.09036863592435189,1.0,0.9793909192085266,0.06148809939622879,0.009023964405059814,1.0,1.0,0.01706976986800631,0.017060753889381886,1.0,0.0,0.016524420976638796,True,False
3.765,11.348921775817871,7.25023889541626,0.44985881447792053,0.41131737382211586,0.8232648927547643,0.9299500000000084,0.07004999999999162,0.0,1193,1041,0.9337296669888085,1.0662703330111913,61.0,61,6.0,29.0,0.04252220690250397,29.811442129719218,28.154683804439433,0.0,0.0,200.0,-0.08283791626398926,1.0,0.9946931004524231,0.06164054572582245,0.009164392948150635,1.0,1.0,0.016981259298821293,0.016982497181743383,1.0,0.0,0.026273479461669923,True,False
3.77,11.391677856445312,7.2677483558654785,0.41909292340278625,-0.14399283701512272,0.5216259502665056,0.9298500000000084,0.07014999999999161,0.0,1106,964,0.9392521947397412,1.0607478052602588,58.0,58,6.0,28.0,0.0424751415848732,27.327155285575948,25.80846015406948,0.0,0.0,0.0,-0.07593475657532345,1.0,1.0,0.06177444010972977,0.00931692123413086,1.0,1.0,0.016934835972885292,0.016947976158310972,1.0,0.0,0.032851638793945315,True,False
3.775,11.461217880249023,7.309108257293701,0.4458363950252533,-0.26372958431098237,0.2675401169881614,0.9297500000000084,0.0702499999999916,0.0,1087,960,0.9443145118447628,1.0556854881552373,54.0,54,2.0,25.0,0.042498741298913956,25.049892345111285,23.657755141230354,0.0,0.0,0.0,-0.06960686019404658,1.0,1.0,0.061890892684459686,0.009481966495513916,1.0,1.0,0.016861946787685156,0.016866269676635664,1.0,0.0,0.021511993408203124,True,False
3.7800000000000002,11.634444236755371,7.261273384094238,0.45768702030181885,-0.4419398883012209,0.9985994616738656,0.9296500000000084,0.07034999999999159,0.0,1098,938,0.6156216358576991,1.3843783641423009,35.0,35,12.0,25.0,0.042456015944480896,31.295734649685343,21.686275546127824,0.0,0.0,0.0,-0.48047295517787597,1.0,1.0,0.06185615435242653,0.009659230709075928,1.0,1.0,0.01674682057152192,0.01674564244846503,1.0,0.0,0.00633647620677948,True,False
3.785,11.775184631347656,7.221500396728516,0.4602937698364258,-0.5697526999468902,0.5281535046760215,0.9295500000000084,0.07044999999999157,0.0,1239,1092,0.647653166202891,1.352346833797109,87.0,87,4.0,38.0,0.04243951290845871,28.687756762211563,19.879085917283838,0.0,0.0,0.0,-0.44043354224638626,1.0,1.0,0.06216588616371155,0.009850502014160156,1.0,1.0,0.016672355122864246,0.016672397032380104,1.0,0.0,0.020524792671203614,True,False
3.79,11.8243408203125,7.324922561645508,0.5024157762527466,0.40344950875061547,0.5742711861406584,0.9294500000000084,0.07054999999999156,0.0,1269,1122,0.6770154023526501,1.3229845976473498,82.0,82,6.0,41.0,0.04244022071361542,26.2971103653606,18.222495424176852,0.0,0.0,0.0,-0.4037307470591873,1.0,1.0,0.06250771135091782,0.010056555271148682,1.0,1.0,0.01659807749092579,0.016583305938790243,1.0,0.0,0.01738808870315552,True,False
3.795,11.80669116973877,7.435705661773682,0.5455477237701416,-0.19089697008811568,0.3337751297405064,0.9311000000000085,0.06889999999999152,0.0,1153,998,0.3705974521565958,1.5,43.0,43,6.0,31.0,0.04258473590016365,32.439017834913884,16.70395413882878,0.0,0.0,200.0,-0.7867531848042552,1.0,1.0,0.06258083879947662,0.01027613878250122,1.0,1.0,0.01655599723259608,0.016524094001700483,1.0,0.0,0.02012887239456177,True,False
3.8000000000000003,11.760538101196289,7.434947490692139,0.5869437456130981,0.7217298957421163,0.46001252132820925,0.9310000000000085,0.06899999999999151,0.0,1217,1053,0.42304766447687947,1.5,88.0,88,9.0,26.0,0.04259370267391205,29.73576634867106,15.311957960593048,0.0,0.0,0.0,-0.7211904194039006,1.0,1.0,0.06294729560613632,0.010510802268981934,1.0,1.0,0.01658716006204486,0.016540940074870985,1.0,0.0,0.01701885223388672,True,False
3.805,11.782674789428711,7.48322057723999,0.6224205493927002,0.8221731687201489,0.5868703288267693,0.9326500000000085,0.06734999999999147,0.0,1284,1121,0.47112702577047294,1.5,77.0,77,7.0,25.0,0.0425751619040966,27.257785819615137,14.03596146387696,0.0,0.0,200.0,-0.6610912177869088,1.0,1.0,0.06320495158433914,0.010760962963104248,1.0,1.0,0.01655619979525606,0.016499676275998354,1.0,0.0,0.025891132354736328,True,False
3.81,11.80116081237793,7.5241875648498535,0.6437804698944092,,0.0,0.9325500000000085,0.06744999999999146,0.0,1045,903,0.19999999999999996,1.5,32.0,32,9.0,12.0,0.042666956782341,33.31963700131387,12.86629800855388,0.0,0.0,0.0,-1.0,1.0,1.0,0.06313278526067734,0.011025607585906982,1.0,1.0,0.016537893873949848,0.01647286272297303,1.0,0.0,0.03015936851501465,True,False
3.815,11.83517074584961,7.546125411987305,0.6482436060905457,0.24626239630040372,0.43899897425062845,0.9342000000000086,0.06579999999999142,0.0,1052,914,0.2500442369321336,1.5,53.0,53,0.0,15.0,0.04272913932800293,30.543000584537715,11.794106507841056,0.0,0.0,200.0,-0.9374447038348329,1.0,1.0,0.06320758163928986,0.011304974555969238,1.0,1.0,0.016511743888258934,0.016443865218510233,1.0,0.0,0.02079463005065918,True,False
3.8200000000000003,11.926533699035645,7.658575057983398,0.62767094373703,0.32671035832445794,0.9029025926941959,0.9341000000000086,0.06589999999999141,0.0,1236,1081,0.3125405505211224,1.5,91.0,91,3.0,21.0,0.042706843465566635,27.99775053582624,10.8112642988543,0.0,0.0,0.0,-0.8593243118485969,1.0,1.0,0.06361190974712372,0.011600673198699951,1.0,1.0,0.016389971133321524,0.01633312553167343,1.0,0.0,0.015503661632537843,True,False
3.825,12.051621437072754,7.810886859893799,0.6444399356842041,0.42226993469053925,0.8502243292330621,0.9357500000000086,0.06424999999999137,0.0,1310,1153,0.703162171311029,1.296837828688971,83.0,83,7.0,23.0,0.042743586003780365,25.664604657840716,18.24365894061644,0.0,0.0,200.0,-0.3710472858612137,1.0,1.0,0.06393947452306747,0.011913776397705078,1.0,1.0,0.016247429884970188,0.016185876447707415,1.0,0.0,0.015283547639846804,True,False
3.83,12.15423583984375,7.898991107940674,0.6310351490974426,0.5119343356566771,0.40359842417063435,0.9374000000000087,0.06259999999999133,0.0,1179,1030,0.7278986570351098,1.2721013429648902,52.0,52,10.0,38.0,0.04272165521979332,23.525887603020657,16.723354028898402,0.0,0.0,200.0,-0.3401266787061127,1.0,1.0,0.06403587758541107,0.012243390083312988,0.9716458266600889,1.0,0.01613517679894964,0.016078494178752106,1.0,0.0,0.013702046871185303,True,False
3.835,12.26157283782959,7.9000396728515625,0.6031831502914429,0.24141460251985228,0.8385707418570865,0.9373000000000087,0.06269999999999132,0.0,1175,1020,0.4172404356155175,1.5,36.0,36,6.0,36.0,0.04269164055585861,29.898730302768932,15.329741193156869,0.0,0.0,0.0,-0.7284494554806031,1.0,1.0,0.06400331109762192,0.012588024139404297,0.9518322111964149,1.0,0.016034537305434547,0.015989887372901045,1.0,0.0,0.01769418001174927,True,False
3.84,12.268214225769043,7.857411861419678,0.5926141738891602,0.29765404276005114,0.49231094637648437,0.9389500000000087,0.06104999999999128,0.0,1231,1077,0.4658037326475576,1.5,114.0,114,3.0,25.0,0.042670853435993195,27.407169444204854,14.052262760393795,0.0,0.0,200.0,-0.6677453341905529,1.0,1.0,0.0645020604133606,0.012951552867889404,0.9771143738677025,1.0,0.016028490693618856,0.015988928886751335,1.0,0.0,0.011847871541976928,True,False
3.845,12.299042701721191,7.838598728179932,0.5645807981491089,0.7147435592002189,0.5690307335238503,0.9388500000000087,0.06114999999999127,0.0,1303,1164,0.5103200882602612,1.4896799117397388,121.0,121,15.0,26.0,0.042659442871809006,25.12323865718778,12.88124086369431,0.0,0.0,0.0,-0.6120998896746734,1.0,1.0,0.06517983227968216,0.013335168361663818,0.9787444133808136,1.0,0.016007024484376114,0.01597589502731959,1.0,0.0,0.01853358626365662,True,False
3.85,12.406380653381348,7.872854709625244,0.5539908409118652,0.04331203554291557,0.7588852805292831,0.9387500000000087,0.061249999999991256,0.0,1198,1052,0.2177934142385728,1.5,62.0,62,6.0,33.0,0.04276246577501297,31.362968769088795,11.807804125053117,0.0,0.0,0.0,-0.9777582322017839,1.0,1.0,0.06531421095132828,0.013735711574554443,0.9269490059117399,1.0,0.015913099826624,0.01588569177935521,1.0,0.0,0.025127344131469727,True,False
3.855,12.416823387145996,7.892787933349609,0.5436474680900574,0.6125703583087733,0.9303498483304838,0.9386500000000088,0.061349999999991245,0.0,1034,891,0.19999999999999996,1.5,36.0,36,6.0,19.0,0.04281005263328552,37.082721371664725,10.823820447965357,0.0,0.0,0.0,-1.0,1.0,1.0,0.06523661315441132,0.01415187120437622,0.9176460906863139,1.0,0.015893320863445602,0.015870567100743454,1.0,0.0,0.023278210163116455,True,False
3.86,12.519739151000977,7.901289463043213,0.6166921854019165,1.3314939792218736,0.5429889049972351,0.9385500000000088,0.061449999999991234,0.0,1221,1058,0.19999999999999996,1.5,71.0,71,2.0,22.0,0.04292631521821022,33.992494590692665,9.92183541063491,0.0,0.0,0.0,-1.0,1.0,1.0,0.06540199369192123,0.014585494995117188,0.8658254817550309,0.9863249334320343,0.01582682210331162,0.01577844455217322,1.0,0.0,0.016982544660568238,True,False
3.865,12.66923713684082,7.839837074279785,0.6237462759017944,-0.26683246998071897,0.3297952297558494,0.9384500000000088,0.06154999999999122,0.0,1269,1135,0.19999999999999996,1.5,91.0,91,5.0,20.0,0.042909763753414154,39.49312004146827,9.095015793082002,0.0,0.0,0.0,-1.0,1.0,1.0,0.06576413661241531,0.015038728713989258,0.8581168979555298,0.9578602217050812,0.015747214201837778,0.01569690260415276,1.0,0.0,0.021666543483734133,True,False
3.87,12.720368385314941,7.852527618408203,0.6180182695388794,0.80628604996253,1.0,0.9401000000000088,0.05989999999999118,0.0,1206,1073,0.19999999999999996,1.5,59.0,59,9.0,19.0,0.04290812835097313,36.20202670467925,8.337097810325169,0.0,0.0,200.0,-1.0,1.0,1.0,0.06587076187133789,0.015510141849517822,0.8443750279806485,0.9415271364636641,0.015722570630411308,0.015676241212834917,1.0,0.0,0.023407509326934816,True,False
3.875,12.67304801940918,7.952536582946777,0.6778656840324402,0.47530029283846487,0.5389057761677317,0.9400000000000088,0.05999999999999117,0.0,828,759,0.19999999999999996,1.5,25.0,25,7.0,30.0,0.042887695133686066,33.185191145955976,7.642339659464738,0.0,0.0,200.0,-1.0,1.0,1.0,0.06570599973201752,0.015996932983398438,0.8088988859131866,0.899904210068278,0.015716761505852144,0.015650144778192043,0.0,0.0,0.021904771327972413,False,False
3.88,12.625981330871582,8.021231651306152,0.7446164488792419,0.6279877386270173,0.6680385406227727,0.9399000000000088,0.06009999999999116,0.0,917,836,0.19999999999999996,1.5,68.0,68,3.0,38.0,0.042900361120700836,38.753091883792976,7.0054780211760095,0.0,0.0,0.0,-1.0,1.0,1.0,0.0658353939652443,0.016499340534210205,0.7846973026792143,0.8677613154053616,0.015725543877730768,0.01563792737821738,0.0,0.0,0.02500072717666626,False,False
3.8850000000000002,12.625844955444336,8.050577163696289,0.793664276599884,0.5785404357375329,0.7190613823454279,0.9398000000000089,0.06019999999999115,0.0,884,808,0.19999999999999996,1.5,81.0,81,5.0,23.0,0.042988236993551254,35.52366756014356,6.421688186078009,0.0,0.0,0.0,-1.0,1.0,1.0,0.06612855941057205,0.01701885461807251,0.7682815022841032,0.8426705782388578,0.015722737492372595,0.0156207747446994,0.0,0.0,0.034325780868530276,False,False
3.89,12.65194320678711,8.14810562133789,0.8776034712791443,1.2212254226564634,0.6773187895007337,0.9397000000000089,0.06029999999999114,0.0,974,886,0.19999999999999996,1.5,61.0,61,8.0,28.0,0.04304739087820053,40.89669526346492,5.886547503904841,0.0,0.0,0.0,-1.0,1.0,1.0,0.0662815123796463,0.017554759979248047,0.7158459608852804,0.7700053091794189,0.015711454519381128,0.015580674322942894,0.0,0.0,0.03800599813461304,False,False
3.895,12.67848014831543,8.260369300842285,0.9632524251937866,-2.6415412311794038,0.33366992335881557,0.9396000000000089,0.06039999999999113,0.0,807,758,0.19999999999999996,1.5,31.0,31,9.0,30.0,0.042992133647203445,45.82197065817617,5.396001878579437,0.0,0.0,200.0,-1.0,1.0,1.0,0.0661606416106224,0.018103599548339844,0.6607813713798866,0.6975872493485552,0.015715042439599834,0.015557142905890942,0.0,0.0,0.02074826002120972,False,False
3.9,12.739896774291992,8.365493774414062,0.9525251388549805,0.09563143970900682,0.854929382352896,0.9395000000000089,0.060499999999991116,0.0,775,708,0.19999999999999996,1.5,32.0,32,4.0,12.0,0.043083805590867996,50.33680643666149,4.946335055364483,0.0,0.0,200.0,-1.0,1.0,1.0,0.0660490095615387,0.01866471767425537,0.6188204232652931,0.6523659310936873,0.015625699888914824,0.015472036320716143,0.0,0.0,0.018276095390319824,False,False
3.9050000000000002,12.746318817138672,8.509757995605469,0.9610336422920227,0.8998811617042839,0.9477048043745607,0.9394000000000089,0.060599999999991105,0.0,709,652,0.19999999999999996,1.5,50.0,50,1.0,11.0,0.04305156320333481,46.142072566939696,12.867473800750775,0.0,0.0,0.0,-1.0,1.0,1.0,0.06603895127773285,0.0192376971244812,0.5787643584608984,0.612022207751865,0.015565267143150171,0.015410569806893667,0.0,0.0,0.00976776957511902,False,False
3.91,12.768122673034668,8.601449966430664,0.9819674491882324,1.796634487712663,0.7992132615052454,0.9393000000000089,0.060699999999991094,0.0,772,721,0.19999999999999996,1.5,69.0,69,4.0,9.0,0.043051138520240784,42.29689985302805,20.12851765068821,0.0,0.0,0.0,-1.0,1.0,1.0,0.06619928032159805,0.01982438564300537,0.5517734387169236,0.5815699389328511,0.015521831810474396,0.01536178169772029,0.0,0.0,0.01793354034423828,False,False
3.915,12.893651962280273,8.656295776367188,0.9913841485977173,0.5303199572440176,0.9947884648449377,0.9392000000000089,0.06079999999999108,0.0,815,743,0.19999999999999996,1.5,45.0,45,9.0,15.0,0.043011173605918884,47.10549153194238,18.451141179797524,0.0,0.0,0.0,-1.0,1.0,1.0,0.06616543978452682,0.020422160625457764,0.524045959256585,0.5472967724973912,0.01540768270691236,0.015247239886472624,0.0,0.0,0.023505272865295412,False,False
3.92,12.955860137939453,8.691373825073242,0.9971058368682861,0.28654028518561636,0.49566667278091214,0.9391000000000089,0.06089999999999107,0.0,732,684,0.28267382042135525,1.5,36.0,36,3.0,21.0,0.04295206442475319,43.18003390428051,25.246879414814394,0.0,0.0,0.0,-0.8966577244733059,1.0,1.0,0.06609433889389038,0.021028459072113037,0.5078169492483097,0.5280959179401353,0.015342442008356254,0.015182110170523327,0.0,0.0,0.021726851463317872,False,False
3.9250000000000003,12.932607650756836,8.704364776611328,0.9510207772254944,0.6985471515365486,0.9434063046278539,0.9390000000000089,0.06099999999999106,0.0,761,712,0.342451002052909,1.5,48.0,48,4.0,23.0,0.042886726558208466,39.58169774559047,23.142972796913195,0.0,0.0,0.0,-0.8219362474338636,1.0,1.0,0.0661519467830658,0.021629631519317627,0.5075397683531003,0.5329134817471063,0.015330436484267315,0.015183649181077879,0.0,0.0,0.019716767072677614,False,False
3.93,12.992169380187988,8.728399276733398,0.9325471520423889,0.5901492676250021,0.4927593938693718,0.938900000000009,0.06109999999999105,0.0,635,589,0.7305800852151667,1.2694199147848333,34.0,34,3.0,28.0,0.04281550273299217,36.28322293345793,29.547725063837095,0.0,0.0,0.0,-0.3367748934810416,1.0,1.0,0.06604614853858948,0.022215068340301514,0.49462193037072405,0.5186352548003152,0.015278438416620096,0.015136647659043472,0.0,0.0,0.017539242506027224,False,False
3.935,13.0559720993042,8.721382141113281,0.9399383068084717,-0.3001136762792794,0.4695088609218404,0.938800000000009,0.06119999999999104,0.0,790,729,0.4196984114472363,1.5,27.0,27,5.0,19.0,0.042743369936943054,41.59295435566976,27.08541464185067,0.0,0.0,0.0,-0.7253769856909547,1.0,1.0,0.06589164584875107,0.022797226905822754,0.487146222308274,0.5076313646659213,0.01523416101311644,0.015090718710174164,0.0,0.0,0.04807581424713135,False,False
3.94,13.070116996765137,8.713987350463867,0.9394023418426514,0.80628604996253,1.0,0.938700000000009,0.06129999999999103,0.0,872,813,0.4680568771599667,1.5,86.0,86,7.0,18.0,0.042698152363300323,46.460208159363944,33.16163008836311,0.0,0.0,0.0,-0.6649289035500416,1.0,1.0,0.06618992239236832,0.0233842134475708,0.4874371296763379,0.5079415179491,0.015219631604850292,0.015077475303163132,0.0,0.0,0.016552060842514038,False,False
3.9450000000000003,13.164260864257812,8.758688926696777,1.0275988578796387,-0.13950101718488817,0.31159490637802345,0.938600000000009,0.06139999999999102,0.0,680,643,0.5123854707299695,1.4876145292700305,27.0,27,3.0,24.0,0.04272085800766945,42.588524146083614,30.398160914332852,0.0,0.0,0.0,-0.6095181615875381,1.0,1.0,0.06608115136623383,0.02397102117538452,0.46918294477586553,0.47878756134211614,0.015191522737344107,0.01502365805208683,0.0,0.0,0.025827553272247318,False,False
3.95,13.27094554901123,8.759772300720215,1.004069447517395,0.6645803821807111,0.6800135832510282,0.938500000000009,0.061499999999991006,0.0,704,650,0.5530200148358055,1.4469799851641945,34.0,34,3.0,27.0,0.042876504361629486,39.03948046724331,27.864980838138447,0.0,0.0,0.0,-0.5587249814552431,1.0,1.0,0.06597986817359924,0.024554848670959473,0.4610079120546541,0.4697007528096398,0.015124066267162561,0.014965722803026438,0.0,0.0,0.026937267780303958,False,False
3.955,13.258957862854004,8.811841011047363,1.0201531648635864,-2.2718470330251437,0.40466403078742763,0.938400000000009,0.061599999999990995,0.0,778,720,0.5902683469328218,1.4097316530671782,45.0,45,5.0,28.0,0.04281024634838104,35.78619042830636,25.542899101626908,0.0,0.0,0.0,-0.5121645663339727,1.0,1.0,0.06591363251209259,0.025131523609161377,0.4545453370114129,0.4632735713633359,0.015120640552292269,0.014958047928909462,0.0,0.0,0.025357117652893068,False,False
3.96,13.191926002502441,8.89135456085205,1.10015070438385,0.3529149347008265,1.0000000000000002,0.938300000000009,0.061699999999990984,0.0,699,653,0.29107931802175335,1.5,20.0,20,2.0,15.0,0.042987480759620667,41.137341225947495,23.41432417649133,0.0,0.0,0.0,-0.8861508524728082,1.0,1.0,0.06575500220060349,0.025705575942993164,0.44663824350634834,0.4517115519543451,0.015156243462115526,0.014970074407756329,0.0,0.0,0.027605552673339844,False,False
3.9650000000000003,13.16360855102539,8.918136596679688,1.1455246210098267,2.407369929354783,0.37534778276293335,0.938200000000009,0.06179999999999097,0.0,659,614,0.19999999999999996,1.5,21.0,21,5.0,13.0,0.04293062165379524,46.04256279045187,21.463130495117053,0.0,0.0,0.0,-1.0,1.0,1.0,0.06559281796216965,0.026276826858520508,0.4435848248079382,0.44650068637728313,0.015177639822165172,0.014979610374818247,0.0,0.0,0.03342553853988648,False,False
3.97,13.150093078613281,8.954950332641602,1.1941063404083252,1.0584013476867846,0.9839189856283654,0.938100000000009,0.06189999999999096,0.0,798,745,0.4320874825043901,1.5,80.0,80,0.0,18.0,0.042849816381931305,42.20568255791421,28.007869620523962,0.0,0.0,0.0,-0.7098906468695123,1.0,1.0,0.06583523750305176,0.026847362518310547,0.4380450598051114,0.43865968063721683,0.015191261190921068,0.014982129602382582,0.0,0.0,0.04490382671356201,False,False
3.975,13.104185104370117,9.059707641601562,1.263683795928955,0.7845994515007323,0.47838998342666555,0.938000000000009,0.06199999999999095,0.0,807,768,0.4794135256290244,1.5,46.0,46,10.0,18.0,0.04285450279712677,38.68854234475469,25.673880485480296,0.0,0.0,0.0,-0.6507330929637195,1.0,1.0,0.06583410501480103,0.027414262294769287,0.4241300156973266,0.42157856168100877,0.015236050045738619,0.015008268722643455,0.0,0.0,0.05343147277832031,False,False
3.98,13.123968124389648,9.161608695983887,1.2992194890975952,0.4748895113627284,0.3855298704967933,0.9379000000000091,0.06209999999999094,0.0,728,683,0.19999999999999996,1.5,24.0,24,6.0,21.0,0.042787984013557434,43.79783048269179,23.534390445023604,0.0,0.0,0.0,-1.0,1.0,1.0,0.06569333374500275,0.027975022792816162,0.4066717424243654,0.4018439599871601,0.015226479930182299,0.014989635286231836,0.0,0.0,0.027305619716644285,False,False
3.985,13.128551483154297,9.35062313079834,1.2965062856674194,1.3734698578263869,0.4378260297848577,0.9378000000000091,0.06219999999999093,0.0,681,639,0.25700719861883314,1.5,57.0,57,1.0,22.0,0.042724642902612686,48.48134460913414,29.90652457460497,0.0,0.0,0.0,-0.9287410017264586,1.0,1.0,0.06577456742525101,0.02853381633758545,0.37759548402949844,0.37466389755159296,0.01514834041396777,0.01491357572376728,0.0,0.0,0.010865061283111573,False,False
3.99,13.077152252197266,9.529608726501465,1.3186520338058472,0.6367354305677053,0.9999908508969574,0.9377000000000091,0.06229999999999092,0.0,665,626,0.19999999999999996,1.5,59.0,59,2.0,22.0,0.042686671018600464,52.77456589170629,27.414314193387888,0.0,0.0,0.0,-1.0,1.0,1.0,0.06588499248027802,0.02909266948699951,0.35582449154307144,0.3537950236623456,0.015126147773116827,0.014887386156866949,0.0,0.0,0.010636755228042603,False,False
3.995,13.091146469116211,9.667597770690918,1.3261533975601196,0.9559445399274515,0.4946080421440138,0.9376000000000091,0.06239999999999091,0.0,641,602,0.19999999999999996,1.5,37.0,37,6.0,14.0,0.0426061786711216,48.376685400730764,25.129788010605562,0.0,0.0,0.0,-1.0,1.0,1.0,0.06579851359128952,0.029649794101715088,0.3369077529720933,0.3350312312841387,0.015063215978443623,0.01482453274851044,0.0,0.0,0.014845709800720216,False,False
4.0,13.197504043579102,9.765202522277832,1.3337911367416382,-2.7997248817515357,0.9108483851013769,0.9375000000000091,0.062499999999990896,0.0,638,595,0.19999999999999996,1.5,10.0,10,4.0,22.0,0.04255164414644241,44.34529495066987,23.035639009721763,0.0,0.0,0.0,-1.0,1.0,1.0,0.06556340306997299,0.030203819274902344,0.31973799832661676,0.31695835288365415,0.014950289235760769,0.01471282293399175,0.0,0.0,0.021461002826690674,False,False
4.005,13.225445747375488,9.764090538024902,1.3352595567703247,2.1339477233720445,0.5144255225336989,0.9374000000000091,0.06259999999999089,0.0,579,548,0.2186459488319028,1.5,44.0,44,1.0,22.0,0.04245592653751373,40.64985370478071,21.11600242557828,0.0,0.0,0.0,-0.9766925639601215,1.0,1.0,0.06554853916168213,0.030755937099456787,0.31774284240479,0.3147332059840335,0.01492813074340423,0.014691052492707968,0.0,0.0,0.018760552406311037,False,False
4.01,13.220925331115723,9.751337051391602,1.2894556522369385,0.5491847513509788,0.6797993469626098,0.9373000000000091,0.06269999999999087,0.0,563,524,0.2837587864292441,1.5,37.0,37,5.0,23.0,0.04235221445560455,37.26236589604898,19.35633555678009,0.0,0.0,0.0,-0.8953015169634447,1.0,1.0,0.06548076868057251,0.03130543231964111,0.3181415736451718,0.3170606278330061,0.014908237693210443,0.014681070266912382,0.0,0.0,0.019416670799255374,False,False
4.015,13.283387184143066,9.803069114685059,1.2681348323822021,2.9475377951241706,0.24547289038526965,0.9372000000000091,0.06279999999999086,0.0,608,564,0.3434455542268071,1.5,19.0,19,1.0,30.0,0.042343780398368835,34.1571687380449,17.74330759371508,0.0,0.0,0.0,-0.8206930572164911,1.0,1.0,0.06530698388814926,0.031850337982177734,0.30978185834362837,0.3089723890125725,0.01484355190768838,0.014621173807730278,0.0,0.0,0.02219625234603882,False,False
4.0200000000000005,13.309995651245117,9.80434799194336,1.276303768157959,0.6004237683203955,0.9825290648535028,0.9371000000000091,0.06289999999999085,0.0,626,596,0.3981584247079065,1.5,28.0,28,5.0,21.0,0.04246431961655617,31.31073800987449,16.264698627572155,0.0,0.0,0.0,-0.7523019691151168,1.0,1.0,0.06518090516328812,0.03239172697067261,0.3082176660398616,0.3067678192853901,0.014830870398630699,0.014606782545646032,0.0,0.0,0.02287448883056641,False,False
4.025,13.329387664794922,9.828542709350586,1.3231514692306519,1.2487729843822932,0.7912498175610347,0.9370000000000092,0.06299999999999084,0.0,657,619,0.19999999999999996,1.5,31.0,31,3.0,22.0,0.04246867075562477,37.03484317571828,14.909307075274475,0.0,0.0,0.0,-1.0,1.0,1.0,0.06506793200969696,0.03293108940124512,0.30512477722763753,0.3017431109994624,0.014832796684155863,0.014598854662229618,0.0,0.0,0.020569727420806885,False,False
4.03,13.45085620880127,9.9083833694458,1.3901370763778687,2.3783447343290467,0.6818091785036755,0.9369000000000092,0.06309999999999083,0.0,683,644,0.19999999999999996,1.5,29.0,29,5.0,26.0,0.04242108762264252,33.948606244408424,13.666864819001601,0.0,0.0,0.0,-1.0,1.0,1.0,0.06496664881706238,0.033449411392211914,0.295059842281041,0.2880533905203119,0.014779940247535706,0.014533037319779396,0.0,0.0,0.024000866413116457,False,False
4.035,13.533956527709961,9.938886642456055,1.3640780448913574,2.53435294566632,0.38186360098786215,0.9368000000000092,0.06319999999999082,0.0,602,567,0.2563361477350833,1.5,19.0,19,1.0,29.0,0.04234842211008072,31.119555724041053,12.527959417418133,0.0,0.0,0.0,-0.9295798153311459,1.0,1.0,0.06479732692241669,0.03392297029495239,0.29082054026176285,0.2845615406508223,0.014711298669377964,0.014473255723714828,0.0,0.0,0.026200804710388187,False,False
4.04,13.454590797424316,9.979351043701172,1.4198967218399048,2.05330075751972,0.6930608693784285,0.9367000000000092,0.06329999999999081,0.0,652,610,0.3183081354238263,1.5,41.0,41,0.0,20.0,0.042335476726293564,28.5262594137043,11.483962799299954,0.0,0.0,0.0,-0.8521148307202171,1.0,1.0,0.06475766748189926,0.0342942476272583,0.291161401033399,0.2836997843384718,0.014778243688245615,0.014527123421430588,0.0,0.0,0.02449410915374756,False,False
4.045,13.367692947387695,9.9978666305542,1.4921419620513916,-0.015346031244124179,0.8706866834658921,0.9366000000000092,0.0633999999999908,0.0,633,597,0.375115790805174,1.5,22.0,22,6.0,19.0,0.04225609451532364,26.14907112922894,10.526965899358292,0.0,0.0,0.0,-0.7811052614935324,1.0,1.0,0.06461416929960251,0.03461885452270508,0.2920880356058453,0.28282308597738304,0.014857094114025434,0.014590374194085598,0.0,0.0,0.021965453624725344,False,False
4.05,13.3402738571167,10.013312339782715,1.5333800315856934,1.71161941421312,0.6163703721635116,0.9365000000000092,0.06349999999999079,0.0,659,614,0.19999999999999996,1.5,24.0,24,5.0,18.0,0.042221799492836,32.3033152017932,9.649718741078434,0.0,0.0,0.0,-1.0,1.0,1.0,0.06449088454246521,0.03492850065231323,0.29134185615678376,0.28119150413572547,0.01488584481800596,0.014612492329130571,0.0,0.0,0.030690412521362308,False,False
4.055,13.314769744873047,10.070707321166992,1.5818397998809814,2.1930371325376257,0.6222464029540542,0.9364000000000092,0.06359999999999078,0.0,745,698,0.5027014631071254,1.4972985368928746,61.0,61,3.0,21.0,0.0421505868434906,29.61137226831043,17.178908845988563,0.0,0.0,0.0,-0.6216231711160933,1.0,1.0,0.06464365869760513,0.035223960876464844,0.28780727626755587,0.27663107972591877,0.014914513255159061,0.014633398968726397,0.0,0.0,0.030044610500335696,False,False
4.0600000000000005,13.276362419128418,10.104875564575195,1.6118977069854736,1.952443477703475,0.4385972438278944,0.9363000000000092,0.06369999999999076,0.0,723,692,0.5441430078481981,1.4558569921518019,65.0,65,2.0,37.0,0.042078569531440735,27.143757912617893,15.747333108822849,0.0,0.0,0.0,-0.5698212401897522,1.0,1.0,0.06481948494911194,0.03550595045089722,0.28666593305766336,0.27496535577376446,0.01494974596425891,0.0146637794872125,0.0,0.0,0.0399071216583252,False,False
4.065,13.240056991577148,10.21971321105957,1.6426122188568115,1.5392686888922043,0.5364856279148752,0.9362000000000092,0.06379999999999075,0.0,623,585,0.9154644238608483,1.0845355761391517,14.0,14,4.0,36.0,0.041990552097558975,24.881778086566403,22.768388683087608,0.0,0.0,0.0,-0.10566947017393975,1.0,1.0,0.0646117702126503,0.035774052143096924,0.2794679984462734,0.26721540200337535,0.014982319747408232,0.014689514258255562,0.0,0.0,0.024095697402954103,False,False
4.07,13.169843673706055,10.41399097442627,1.641086220741272,2.38442429430679,0.9959409121603646,0.9361000000000093,0.06389999999999074,0.0,722,680,0.9225090552057774,1.0774909447942225,16.0,16,5.0,26.0,0.04226166382431984,22.808296579352536,20.871022959496973,0.0,0.0,0.0,-0.09686368099277817,1.0,1.0,0.06439913809299469,0.03603237867355347,0.2629919619038678,0.2528301432877757,0.01493779942393303,0.014647372687856357,0.0,0.0,0.013335032463073732,False,False
4.075,13.077213287353516,10.594303131103516,1.6528664827346802,1.849180436034436,0.6271596434142169,0.9360000000000093,0.06399999999999073,0.0,716,667,0.9289666339386293,1.0710333660613707,45.0,45,4.0,12.0,0.042466651648283005,20.907605197739823,19.131771046205557,0.0,0.0,0.0,-0.08879170757671329,1.0,1.0,0.06439197063446045,0.03627908229827881,0.24965584104259592,0.2406324074889202,0.014943652010212343,0.014651208960761627,0.0,0.0,0.009286172389984132,False,False
4.08,13.05462646484375,10.712408065795898,1.6237410306930542,2.704937712626444,0.9875774721135696,0.9359000000000093,0.06409999999999072,0.0,662,632,0.9348860811104103,1.0651139188895897,57.0,57,5.0,9.0,0.04241177439689636,19.165304764594836,17.537456792355094,0.0,0.0,0.0,-0.0813923986119871,1.0,1.0,0.06450065970420837,0.03651398420333862,0.23982552687326858,0.232191674609977,0.01488923483217756,0.014602328495432934,0.0,0.0,0.015704874992370606,False,False
4.085,13.13555908203125,10.756185531616211,1.5758033990859985,0.32791981710532725,0.7767927453648651,0.9358000000000093,0.06419999999999071,0.0,596,543,0.9403122410178761,1.0596877589821239,21.0,21,6.0,11.0,0.042380448430776596,17.568196034211933,16.076002059658837,0.0,0.0,0.0,-0.07460969872765481,1.0,1.0,0.06433316320180893,0.03674137592315674,0.23354017608053781,0.22716113003343147,0.01478670242552956,0.014507934295882782,0.0,0.0,0.01570821285247803,False,False
4.09,13.207596778869629,10.692877769470215,1.5710864067077637,0.80628604996253,1.0,0.9357000000000093,0.0642999999999907,0.0,563,531,0.6119528875997198,1.3880471124002802,32.0,32,1.0,19.0,0.04238429293036461,24.437513031360936,14.736335221353933,0.0,0.0,0.0,-0.48505889050035017,1.0,1.0,0.0642477497458458,0.036955416202545166,0.23586640927319522,0.229227250593402,0.014758458516250055,0.01448057359084487,0.0,0.0,0.011145442724227905,False,False
4.095,13.288588523864746,10.645844459533691,1.526444911956787,1.298735361426109,0.22779818695926632,0.9356000000000093,0.06439999999999069,0.0,598,563,0.6442901469664097,1.3557098530335903,40.0,40,1.0,12.0,0.042299192398786545,30.73438694541419,21.841640619574434,0.0,0.0,0.0,-0.44463731629198777,1.0,1.0,0.06422291696071625,0.03716248273849487,0.23640391453852053,0.2303182759657482,0.014696962510546049,0.014426095100740593,0.0,0.0,0.019900583028793335,False,False
4.1,13.334696769714355,10.738227844238281,1.5218485593795776,1.4282593460929456,0.6849712948542731,0.9355000000000093,0.06449999999999068,0.0,607,567,0.673932634719209,1.326067365280791,26.0,26,3.0,29.0,0.04221899434924126,28.17318803329634,20.021503901276564,0.0,0.0,0.0,-0.4075842066009889,1.0,1.0,0.06410834193229675,0.03736543655395508,0.22859711223095455,0.22277478585392044,0.014633294194936752,0.014364234327028196,0.0,0.0,0.024808576107025148,False,False
4.105,13.302156448364258,10.80441951751709,1.5182323455810547,1.4676529719025595,0.6773514704429348,0.9354000000000093,0.06459999999999066,0.0,652,618,0.7011049151592748,1.2988950848407252,39.0,39,8.0,15.0,0.04213310033082962,25.82542236385498,18.35304524283685,0.0,0.0,0.0,-0.3736188560509065,1.0,1.0,0.06404604017734528,0.0375593900680542,0.22424766321355905,0.2190518061723541,0.014619206388791403,0.014351844632377228,0.0,0.0,0.02243966341018677,False,False
4.11,13.360836029052734,10.884220123291016,1.5806046724319458,-3.026027817772777,0.37110372052484547,0.9353000000000093,0.06469999999999065,0.0,806,750,1.0593461722293354,0.9406538277706648,29.0,29,5.0,35.0,0.0420701690018177,23.67330383353373,25.15695813926711,0.0,0.0,0.0,0.07418271528666906,1.0,1.0,0.0639123022556305,0.03774380683898926,0.21939079650615462,0.21258326015124532,0.01460427495961388,0.014326884411275387,0.0,0.0,0.021168332099914554,False,False
4.115,13.49928092956543,11.00129222869873,1.5948227643966675,2.7203345002857344,0.6120352096201703,0.9352000000000094,0.06479999999999064,0.0,688,646,0.7210673245435573,1.2789326754564427,40.0,40,1.0,22.0,0.04202017933130264,30.033861847405916,23.06054496099485,0.0,0.0,0.0,-0.3486658443205533,1.0,1.0,0.06392641365528107,0.037924766540527344,0.21091073513030822,0.203610941000281,0.014493328053504229,0.014217117180426916,0.0,0.0,0.023299179077148437,False,False
4.12,13.512823104858398,11.06838321685791,1.5825669765472412,0.9064969466470217,0.3680809048798017,0.9351000000000094,0.06489999999999063,0.0,716,676,0.7443117141649276,1.2556882858350724,42.0,42,3.0,34.0,0.04201561212539673,27.531040026788755,21.138832880911945,0.0,0.0,0.0,-0.3196103572938405,1.0,1.0,0.06392234563827515,0.038100361824035645,0.20726236861447314,0.200557903736828,0.014453398374219736,0.014180428503702085,0.0,0.0,0.018444207906723024,False,False
4.125,13.403069496154785,11.11529541015625,1.640553593635559,3.076269619581592,0.8400329145778841,0.9350000000000094,0.06499999999999062,0.0,675,638,0.43228573798451697,1.5,59.0,59,6.0,22.0,0.04197965934872627,33.57012002455636,19.377263474169283,0.0,0.0,0.0,-0.7096428275193538,1.0,1.0,0.06406096369028091,0.03827434778213501,0.20634207629350146,0.19895004537701433,0.014542517407486837,0.014258590526878834,0.0,0.0,0.018245097398757938,False,False
4.13,13.3291654586792,11.132055282592773,1.7028121948242188,2.4735774467235854,0.6002026866368416,0.9349000000000094,0.06509999999999061,0.0,602,563,0.8129285931524738,1.187071406847526,22.0,22,7.0,28.0,0.041920434683561325,30.772610022509994,26.09582485132184,0.0,0.0,0.0,-0.2338392585594077,1.0,1.0,0.06388993561267853,0.038446664810180664,0.20706170508637844,0.1986361643299443,0.014628019804755848,0.014334095176309347,0.0,0.0,0.023071389198303226,False,False
4.135,13.330122947692871,11.161843299865723,1.7304519414901733,2.1140720722274997,0.57036169013181,0.9348000000000094,0.0651999999999906,0.0,648,609,0.8285178770564343,1.1714821229435657,31.0,31,2.0,19.0,0.041851695626974106,28.208225853967495,23.921172780378352,0.0,0.0,0.0,-0.2143526536794571,1.0,1.0,0.06380236148834229,0.03861439228057861,0.20553978024547118,0.1967705042126261,0.014627447817474604,0.014330956619232893,0.0,0.0,0.02228125333786011,False,False
4.14,13.328540802001953,11.294001579284668,1.7514359951019287,2.972007464256354,0.7790077338573662,0.9347000000000094,0.06529999999999059,0.0,630,596,0.8428080539683981,1.157191946031602,28.0,28,3.0,24.0,0.041791874915361404,25.85754036613687,21.927741715346823,0.0,0.0,0.0,-0.19648993253950237,1.0,1.0,0.06366811692714691,0.03877556324005127,0.1982283826867722,0.18967445650199882,0.014594377328952154,0.014296562876552343,0.0,0.0,0.023347408771514894,False,False
4.1450000000000005,13.264740943908691,11.409239768981934,1.8149257898330688,2.109793251474294,0.8207150433169894,0.9346000000000094,0.06539999999999058,0.0,544,516,0.855907382804365,1.144092617195635,22.0,22,1.0,9.0,0.041724808514118195,23.702745335625462,20.100429905734586,0.0,0.0,0.0,-0.18011577149454377,1.0,1.0,0.06353386491537094,0.03893226385116577,0.1943605431523157,0.1851038300413622,0.014658192327866953,0.01435288538535436,0.0,0.0,0.03136693000793457,False,False
4.15,13.17524242401123,11.508893966674805,1.8095741271972656,1.4331453744586922,0.2512061442042662,0.9345000000000094,0.06549999999999057,0.0,599,558,0.5345817675706679,1.4654182324293321,29.0,29,7.0,25.0,0.04166293516755104,30.060849890990006,18.4253940802567,0.0,0.0,0.0,-0.5817727905366652,1.0,1.0,0.06340648233890533,0.039085328578948975,0.18893489882846506,0.1805509167114878,0.014674121824403604,0.014368066719422739,0.0,0.0,0.021330270767211914,False,False
4.155,13.047986030578613,11.630960464477539,1.8062342405319214,,0.0,0.9344000000000094,0.06559999999999055,0.0,570,541,0.573366620273112,1.426633379726888,27.0,27,2.0,8.0,0.041634898632764816,27.55577906674084,16.88994457356864,0.0,0.0,0.0,-0.53329172465861,1.0,1.0,0.0632803738117218,0.03923594951629639,0.18313063997154275,0.17572836449990514,0.014699652480582397,0.014393636956810951,0.0,0.0,0.011555378437042237,False,False
4.16,12.970451354980469,11.755837440490723,1.8115748167037964,2.399164967615623,0.6436303769106733,0.9343000000000095,0.06569999999999054,0.0,584,540,0.6089194019170194,1.3910805980829806,40.0,40,4.0,11.0,0.04163888469338417,25.259464144512435,15.48244919243792,0.0,0.0,0.0,-0.4888507476037257,1.0,1.0,0.0632869154214859,0.039382338523864746,0.1779349567294105,0.17095689994096605,0.01470434246584773,0.014398477505892515,0.0,0.0,0.009622009992599488,False,False
4.165,12.965397834777832,11.890681266784668,1.7957947254180908,2.805959190424492,0.5166062422807794,0.9342000000000095,0.06579999999999053,0.0,694,655,0.30817611842393455,1.5,69.0,69,5.0,9.0,0.04157676547765732,31.48784213246973,14.192245093068093,0.0,0.0,0.0,-0.8647798519700818,1.0,1.0,0.06348956376314163,0.03952378034591675,0.17067671190264175,0.16446198189072164,0.014634821563959122,0.014333315193653107,0.0,0.0,0.018941099643707278,False,False
4.17,12.99447250366211,11.962748527526855,1.785787582397461,1.571915127227798,0.5971106353627688,0.9341000000000095,0.06589999999999052,0.0,646,613,0.6991614418886065,1.3008385581113935,25.0,25,5.0,11.0,0.041531145572662354,28.863855288097252,21.342891335312416,0.0,0.0,0.0,-0.3760481976392418,1.0,1.0,0.06337378174066544,0.03965836763381958,0.1663190181155985,0.16057231310382342,0.01458154059946537,0.014281642312804859,0.0,0.0,0.016932048797607423,False,False
4.175,13.02122974395752,11.945453643798828,1.7628672122955322,0.8375217338002889,0.3355174924554615,0.9340000000000095,0.06599999999999051,0.0,612,576,0.39089798839788914,1.5,28.0,28,3.0,21.0,0.04157591611146927,34.79186734742248,19.564317057369713,0.0,0.0,0.0,-0.7613775145026385,1.0,1.0,0.06325998157262802,0.0397869348526001,0.1664460103940204,0.160952109014614,0.01456093043088913,0.014262165253361067,0.0,0.0,0.013504856824874878,False,False
4.18,13.060579299926758,11.989234924316406,1.7359591722488403,2.755031972761042,0.8801010396737687,0.9339000000000095,0.0660999999999905,0.0,583,546,0.4416564893647319,1.5,38.0,38,0.0,13.0,0.04174700751900673,31.892545068470607,17.933957302588905,0.0,0.0,0.0,-0.6979293882940851,1.0,1.0,0.06323900073766708,0.03991234302520752,0.16395778341839568,0.1588209033384905,0.014509614557027817,0.014212988317012787,0.0,0.0,0.020668673515319824,False,False
4.1850000000000005,13.084731101989746,12.050342559814453,1.729174256324768,1.2809699045793548,0.4242588456326785,0.9338000000000095,0.06619999999999049,0.0,592,567,0.4881851152510043,1.5,46.0,46,2.0,16.0,0.041717980057001114,29.23483297943139,16.439460860706497,0.0,0.0,0.0,-0.6397686059362446,1.0,1.0,0.06324081867933273,0.04003626108169556,0.16107598444260512,0.15611874469307424,0.014468890149146318,0.014173492478827637,0.0,0.0,0.03045822620391846,False,False
4.19,13.080288887023926,12.086058616638184,1.738364577293396,2.258188860671676,0.8810840901687559,0.9337000000000095,0.06629999999999048,0.0,635,611,0.530836355646754,1.4691636443532459,28.0,28,8.0,24.0,0.04166383296251297,26.798596897812104,15.069505788980955,0.0,0.0,0.0,-0.5864545554415574,1.0,0.9995478391647339,0.06311959773302078,0.040156543254852295,0.15962350110336998,0.15467720235138993,0.01445902433867256,0.014163611146310966,0.0,0.0,0.01726384997367859,False,False
4.195,13.14403247833252,12.219767570495605,1.8213555812835693,2.58164030601002,0.9999999999999999,0.9336000000000095,0.06639999999999047,0.0,583,547,0.5699333260095245,1.4300666739904755,27.0,27,1.0,16.0,0.04158847779035568,24.565380489661095,13.813713639899207,0.0,0.0,0.0,-0.5375833424880944,1.0,0.9986491799354553,0.06299879401922226,0.04027444124221802,0.15567917141628623,0.14958152091751364,0.014451023501654467,0.014146916413058838,0.0,0.0,0.018283114433288575,False,False
4.2,13.241280555725098,12.323793411254883,1.8066316843032837,1.430058913359248,0.3091811114017871,0.9335000000000095,0.06649999999999046,0.0,536,505,0.6057722155087308,1.3942277844912692,28.0,28,0.0,32.0,0.04150385037064552,22.518265448856003,12.662570836574274,0.0,0.0,0.0,-0.49278473061408645,1.0,0.9972726702690125,0.06288530677556992,0.040389835834503174,0.15181138700246674,0.1459464651197182,0.01435266419624289,0.014053260286649069,0.0,0.0,0.02196589469909668,False,False
4.205,13.196094512939453,12.367024421691895,1.8221254348754883,0.689946167864094,0.25577681989543144,0.9334000000000096,0.06659999999999044,0.0,512,481,0.9719578642163366,1.0280421357836635,21.0,21,1.0,15.0,0.041417550295591354,20.641743328118,19.940689933526414,0.0,0.0,0.0,-0.0350526697295793,1.0,0.9957948327064514,0.06272374838590622,0.040502846240997314,0.15106298804283008,0.1452065746765571,0.014378180106480917,0.014076825852195423,0.0,0.0,0.020342032909393314,False,False
4.21,13.072295188903809,12.397594451904297,1.8802770376205444,2.8589836334719134,0.8219661404222589,0.9333000000000096,0.06669999999999043,0.0,537,511,0.9742947088649752,1.0257052911350248,30.0,30,0.0,16.0,0.04134168103337288,18.921598050774833,18.27896577239921,0.0,0.0,0.0,-0.032131613918781096,1.0,0.9938435554504395,0.06261564791202545,0.040611982345581055,0.15065696592877176,0.14434232135489453,0.014486664440482855,0.014177316334098577,0.0,0.0,0.0214029598236084,False,False
4.215,13.037628173828125,12.40421199798584,1.9213286638259888,2.19296994245328,0.6895749059866223,0.9332000000000096,0.06679999999999042,0.0,536,499,0.9764368164595606,1.0235631835404393,19.0,19,1.0,13.0,0.04125925526022911,17.34479821321026,16.755718624699277,0.0,0.0,0.0,-0.02945397942554919,1.0,0.9914522767066956,0.06244434043765068,0.04071742296218872,0.15082074959638084,0.1440955990360416,0.014532749385883411,0.014219977116833132,0.0,0.0,0.01859294891357422,False,False
4.22,13.023537635803223,12.437482833862305,1.9570608139038086,2.0428819738995316,0.5864443389475638,0.9331000000000096,0.06689999999999041,0.0,633,593,0.6450670817545973,1.3549329182454026,24.0,24,5.0,20.0,0.04122665524482727,24.232731695442737,15.35940873930767,0.0,0.0,0.0,-0.4436661478067534,1.0,0.9890402555465698,0.06230157986283302,0.040820956230163574,0.15007603987306223,0.1430639883205282,0.014551981973151367,0.014237478220214447,0.0,0.0,0.024363453388214114,False,False
4.225,12.97213077545166,12.493095397949219,1.9832364320755005,2.6498025656008806,0.395568209929367,0.9330000000000096,0.0669999999999904,0.0,701,656,0.6746448249417141,1.325355175058286,24.0,24,2.0,32.0,0.0412394180893898,22.213337387489176,14.07945801103203,0.0,0.0,0.0,-0.40669396882285735,1.0,0.986542820930481,0.06215940788388252,0.040923237800598145,0.14867207464948162,0.1415662164812274,0.014588841392348211,0.014272282520929973,0.0,0.0,0.029945335388183596,False,False
4.23,12.934931755065918,12.538719177246094,2.010768413543701,1.7986393352084358,0.09234307820664946,0.9329000000000096,0.06709999999999039,0.0,616,587,0.36842442286323795,1.5,17.0,17,7.0,25.0,0.04118543118238449,28.695559271865076,12.906169843446026,0.0,0.0,0.0,-0.7894694714209525,1.0,0.9840831160545349,0.06200521066784859,0.041024208068847656,0.14801571154345938,0.14066834907978645,0.014627583635350069,0.014309235848486423,0.0,0.0,0.012602763175964357,False,False
4.235,12.842423439025879,12.663427352905273,1.990198016166687,2.294292869728708,1.0000000000000002,0.9328000000000096,0.06719999999999038,0.0,736,705,0.19999999999999996,1.5,84.0,84,4.0,27.0,0.04112410917878151,34.63759599920965,11.830655689825523,0.0,0.0,0.0,-1.0,1.0,0.9812248945236206,0.06232333928346634,0.041123032569885254,0.1432267573438572,0.13666848389431713,0.014625263089934986,0.01430638289699952,0.0,0.0,0.02114278793334961,False,False
4.24,12.711569786071777,12.732195854187012,2.0139567852020264,-3.1409508348648587,0.4886915209801476,0.9327000000000096,0.06729999999999037,0.0,633,590,0.19999999999999996,1.5,42.0,42,1.0,17.0,0.04130537435412407,31.75112966594218,10.844767715673395,0.0,0.0,0.0,-1.0,1.0,0.9786271452903748,0.06233617663383484,0.04121959209442139,0.14121707415580623,0.13484458352128545,0.014692957047373056,0.014372461009770632,0.0,0.0,0.01118875026702881,False,False
4.245,12.643181800842285,12.854049682617188,2.0224685668945312,2.1134959698562366,0.35514786295674533,0.9326000000000096,0.06739999999999036,0.0,539,506,0.23343339515681116,1.5,17.0,17,7.0,12.0,0.04126188904047012,29.105202193780332,9.941037072700611,0.0,0.0,0.0,-0.958208256053986,1.0,0.9755809307098389,0.0621684268116951,0.04131209850311279,0.13749173128418501,0.1313751818245886,0.01469681349893411,0.014376319789638123,0.0,0.0,0.011533669233322144,False,False
4.25,12.642719268798828,13.009861946105957,2.004347324371338,2.3766679669531965,0.6648173019261909,0.9325000000000097,0.06749999999999035,0.0,506,484,0.29731394556041035,1.5,29.0,29,0.0,20.0,0.04124656319618225,26.67976867763197,9.112617316642227,0.0,0.0,0.0,-0.8783575680494871,1.0,0.9721806049346924,0.06205931305885315,0.04140162467956543,0.13175802280381205,0.126270579099654,0.014616347228487333,0.01429879649852713,0.0,0.0,0.018997827768325808,False,False
4.255,12.653773307800293,13.03670597076416,1.9906967878341675,2.525369256707053,0.9986609080284312,0.9324000000000097,0.06759999999999033,0.0,561,514,0.3558711167637094,1.5,28.0,28,1.0,17.0,0.04116089269518852,24.45645462116264,8.353232540255375,0.0,0.0,0.0,-0.8051611040453632,1.0,0.9683903455734253,0.06195452809333801,0.04148918390274048,0.13036013247134667,0.125131796626373,0.014592687754581373,0.014275217739244303,0.0,0.0,0.016715484857559203,False,False
4.26,12.687349319458008,13.017552375793457,1.952985405921936,2.1029974677332817,0.6771957976012061,0.9323000000000097,0.06769999999999032,0.0,596,563,0.409548523700067,1.5,31.0,31,6.0,17.0,0.041139714419841766,22.41841673606575,7.6571298285674265,0.0,0.0,0.0,-0.7380643453749162,1.0,0.9647020101547241,0.06184200569987297,0.04157388210296631,0.1305106684242674,0.12552952457715955,0.014558786060661077,0.014241940031449001,0.0,0.0,0.015054370164871217,False,False
4.265,12.711102485656738,13.107836723327637,1.9383317232131958,2.043760920154363,0.5796222468810596,0.9322000000000097,0.06779999999999031,0.0,652,618,0.45875281339172813,1.5,23.0,23,4.0,30.0,0.0411982461810112,20.550215341393603,7.019035676186808,0.0,0.0,0.0,-0.6765589832603398,1.0,0.9609720706939697,0.061686623841524124,0.041655898094177246,0.12784951435960715,0.12307091515324899,0.01450942053149144,0.014193020761013031,0.0,0.0,0.0223577618598938,False,False
4.2700000000000005,12.695250511169434,13.165745735168457,1.9406791925430298,2.7516625227989837,0.8790865421964877,0.9321000000000097,0.0678999999999903,0.0,646,614,0.8371900789424174,1.1628099210575826,18.0,18,1.0,24.0,0.04122340306639671,18.83769739627747,14.767449369837905,0.0,0.0,0.0,-0.20351240132197823,1.0,0.9572544693946838,0.06152336671948433,0.041736066341400146,0.12600505221386638,0.12136131915449987,0.014496799558401108,0.014180669095367193,0.0,0.0,0.029045505523681642,False,False
4.275,12.691689491271973,13.21469497680664,1.9770671129226685,1.0240489196691478,0.01320455669879791,0.9320000000000097,0.06799999999999029,0.0,588,555,0.8507575723638825,1.1492424276361175,37.0,37,2.0,22.0,0.04115688428282738,17.267889279921015,13.536828589018079,0.0,0.0,0.0,-0.1865530345451468,1.0,0.9531431794166565,0.06149861961603165,0.04181474447250366,0.12514355658180898,0.12021119847893606,0.01451616951574882,0.014197658747434616,0.0,0.0,0.014154616594314575,False,False
4.28,12.750139236450195,13.360474586486816,2.0152883529663086,2.7689898762852763,0.8826608406305301,0.9319000000000097,0.06809999999999028,0.0,640,604,1.1965277746668923,0.8034722253331076,66.0,66,3.0,20.0,0.041171517223119736,15.828898506594262,20.74209287326657,0.0,0.0,0.0,0.24565971833361547,1.0,0.9486719965934753,0.061674099415540695,0.04189032316207886,0.12191124923527132,0.11672479949891461,0.014464182313531637,0.01414602544779579,0.0,0.0,0.02229581117630005,False,False
4.285,12.789934158325195,13.449848175048828,1.993908405303955,2.29247412902129,0.4127438387829995,0.9318000000000097,0.06819999999999027,0.0,638,601,1.180150460111318,0.819849539888682,37.0,37,6.0,27.0,0.04111355543136597,14.509823631044739,19.01358513382769,0.0,0.0,0.0,0.22518807513914751,1.0,0.9442120790481567,0.06163696572184563,0.041962265968322754,0.11979338457311084,0.11490182898503935,0.0143940180229644,0.01407852473979195,0.0,0.0,0.020228815078735352,False,False
4.29,12.686720848083496,13.482513427734375,2.0289907455444336,2.319503822935558,0.4779992650651851,0.9317000000000097,0.06829999999999026,0.0,670,631,1.1651379217687081,0.8348620782312919,27.0,27,7.0,32.0,0.04105987399816513,13.30067166179101,17.429119706008713,0.0,0.0,0.0,0.2064224022108851,1.0,0.9398180842399597,0.061549339443445206,0.042032063007354736,0.11942333812018127,0.11439879877492681,0.014474524650722742,0.014155344882359108,0.0,0.0,0.018457903861999515,False,False
4.295,12.578164100646973,13.496123313903809,2.0774757862091064,2.0441510904683793,0.5099918153583782,0.9316000000000098,0.06839999999999025,0.0,645,606,1.1513764282879824,0.8486235717120176,37.0,37,0.0,30.0,0.041061386466026306,12.19228235664176,15.976693063841319,0.0,0.0,0.0,0.18922053535997793,1.0,0.9351477026939392,0.06149961054325104,0.042100369930267334,0.11934110714681338,0.11405871517583624,0.014582365596046051,0.014259373613943657,0.0,0.0,0.020446357727050782,False,False
4.3,12.575130462646484,13.496328353881836,2.1127703189849854,2.458000701185866,0.9998629688241978,0.9315000000000098,0.06849999999999024,0.0,606,580,0.8054283925973171,1.1945716074026829,33.0,33,2.0,21.0,0.04107460379600525,19.509592160254947,14.645301975187875,0.0,0.0,0.0,-0.24321450925335358,1.0,0.9304937720298767,0.06145060807466507,0.04216820001602173,0.1196084441492944,0.11405733212828532,0.014607349876314402,0.014284229061255854,0.0,0.0,0.02014777660369873,False,False
4.305,12.519567489624023,13.551145553588867,2.1503536701202393,2.588581827578465,0.23182996050148205,0.9314000000000098,0.06859999999999022,0.0,576,540,0.4883093598808741,1.5,27.0,27,2.0,20.0,0.0409921258687973,26.217126146900366,13.424860143922219,0.0,0.0,0.0,-0.6396133001489074,1.0,0.9258438348770142,0.06135600060224533,0.04223513603210449,0.11870082010514926,0.11300865128946698,0.014652349054813385,0.014328580194463333,0.0,0.0,0.028890199661254883,False,False
4.3100000000000005,12.451056480407715,13.587676048278809,2.1940112113952637,-2.8386326925929732,0.8613484074174569,0.9313000000000098,0.06869999999999021,0.0,670,636,0.5309502465574679,1.469049753442532,43.0,43,2.0,18.0,0.04095450043678284,24.032365634658667,12.306121798595367,0.0,0.0,0.0,-0.5863121918031651,1.0,0.9211527109146118,0.06134233623743057,0.04230070114135742,0.11861037121713054,0.11265900430641965,0.014723360848923525,0.014398999822636446,0.0,0.0,0.04222784042358398,False,False
4.315,12.413006782531738,13.639219284057617,2.192276954650879,1.9203747288127007,0.3660318176478471,0.9312000000000098,0.0687999999999902,0.0,621,592,0.5700377260110123,1.4299622739889877,27.0,27,5.0,14.0,0.040891457349061966,22.02966849843711,11.28061164871242,0.0,0.0,0.0,-0.5374528424862346,1.0,0.9164711833000183,0.06122288480401039,0.042364418506622314,0.11735621991691383,0.11152565354481238,0.01473614014685154,0.014410942482451599,0.0,0.0,0.018497632741928102,False,False
4.32,12.263565063476562,13.737824440002441,2.1907148361206055,2.375345421581633,0.6179327454308744,0.9311000000000098,0.06889999999999019,0.0,505,476,0.6058679155100946,1.3941320844899054,11.0,11,1.0,23.0,0.04079757258296013,20.193862790234018,10.340560677986383,0.0,0.0,0.0,-0.49266510561238175,1.0,0.9118694067001343,0.0610203891992569,0.042427122592926025,0.11449521038929518,0.10909422963857551,0.014790510758757591,0.014462952967733145,0.0,0.0,0.01654139280319214,False,False
4.325,12.092381477355957,13.785787582397461,2.2119264602661133,2.4152576138012054,0.3347932154679667,0.9310000000000098,0.06899999999999018,0.0,569,535,0.9720455892175868,1.0279544107824132,50.0,50,2.0,14.0,0.040780648589134216,18.51104089104785,17.812180621487517,0.0,0.0,0.0,-0.03494301347801656,1.0,0.9069125652313232,0.061045754700899124,0.04248911142349243,0.11344596753083065,0.10814159156661382,0.014898514685531458,0.014570235119511684,0.0,0.0,0.010836434364318848,False,False
4.33,12.019744873046875,13.910884857177734,2.190211772918701,3.0709075236623256,0.5061239004668984,0.9309000000000098,0.06909999999999017,0.0,646,601,0.9743751234494544,1.0256248765505456,57.0,57,2.0,25.0,0.04086806997656822,16.968454150127194,16.327832236363555,0.0,0.0,0.0,-0.032031095688181924,1.0,0.9016806483268738,0.0611860528588295,0.042549967765808105,0.10999862949984668,0.10514266272075377,0.014875277411192656,0.014547974181671938,0.0,0.0,0.015270761251449586,False,False
4.335,12.022273063659668,14.036246299743652,2.1613357067108154,-2.619299277134125,0.3972434561436775,0.9308000000000098,0.06919999999999016,0.0,621,588,1.3098438631619997,0.6901561368380003,22.0,22,5.0,21.0,0.04079984873533249,15.55441630428326,23.300512883333255,0.0,0.0,0.0,0.38730482895249974,1.0,0.8965399861335754,0.061042871326208115,0.042610108852386475,0.10645648002872768,0.10207652029426054,0.014803094478944939,0.014475986051062744,0.0,0.0,0.01861789703369141,False,False
4.34,12.050342559814453,14.024545669555664,2.130323648452759,-1.5679834001352893,0.4840843900257687,0.9307000000000099,0.06929999999999015,0.0,573,548,1.284023541231833,0.715976458768167,23.0,23,6.0,15.0,0.04072166979312897,14.258214945592988,21.358803476388815,0.0,0.0,0.0,0.35502942653979136,1.0,0.8914251923561096,0.060886725783348083,0.04266858100891113,0.1062311670072367,0.10207130755484012,0.014774753556897243,0.014445800334215164,0.0,0.0,0.012589249610900879,False,False
4.345,12.095953941345215,14.030184745788574,2.0818588733673096,2.6969487777220054,0.9862906463034907,0.9306000000000099,0.06939999999999014,0.0,593,555,0.9270215794625137,1.0729784205374862,31.0,31,5.0,23.0,0.040800854563713074,21.403363700126903,19.578903186689747,0.0,0.0,0.0,-0.0912230256718578,1.0,0.8863388299942017,0.06078802049160004,0.04272586107254028,0.10580881827169313,0.10189893973090904,0.014717597514390945,0.01438748324289918,0.0,0.0,0.013567829132080078,False,False
4.3500000000000005,12.099790573120117,14.138031005859375,2.061762809753418,2.676145940218787,0.9279756997373768,0.9305000000000099,0.06949999999999013,0.0,698,660,0.9331031145073042,1.0668968854926957,59.0,59,2.0,18.0,0.04086408391594887,19.61975005844966,17.947327921132267,0.0,0.0,0.0,-0.0836211068658697,1.0,0.8813528418540955,0.06093001738190651,0.04278242588043213,0.10338528992235566,0.09971147913361499,0.014666242059320211,0.014336132444441319,0.0,0.0,0.02758255243301392,False,False
4.355,12.076038360595703,14.164673805236816,2.0414586067199707,-2.8642363953965013,0.3315976124163419,0.9304000000000099,0.06959999999999011,0.0,697,664,0.9386778549650289,1.061322145034971,45.0,45,2.0,25.0,0.040784042328596115,17.984770886912187,16.45171726103791,0.0,0.0,0.0,-0.07665268129371387,1.0,0.8763439059257507,0.06096881628036499,0.042837440967559814,0.10237849897239262,0.09895548192318437,0.014646806133290132,0.014318207589288553,0.0,0.0,0.025944991111755373,False,False
4.36,12.052391052246094,14.26731014251709,2.0821189880371094,2.1945380584849583,0.7528485489825846,0.9303000000000099,0.0696999999999901,0.0,595,560,0.9437880337179432,1.0562119662820568,20.0,20,5.0,25.0,0.04073725640773773,24.819373313002835,23.414074155951415,0.0,0.0,0.0,-0.070264957852571,1.0,0.8710542321205139,0.06080415099859238,0.04289054870605469,0.10085453984141257,0.09721960543841034,0.014671411675711473,0.014340109967937073,0.0,0.0,0.019747185707092284,False,False
4.365,12.11548900604248,14.442166328430176,2.082839012145996,-1.487816339993944,0.1513443196216234,0.9302000000000099,0.06979999999999009,0.0,632,597,0.948472364241448,1.0515276357585521,22.0,22,2.0,21.0,0.040704742074012756,22.75109220358593,21.46290130962213,0.0,0.0,0.0,-0.06440954469819005,1.0,0.8658230304718018,0.0606553889811039,0.04294252395629883,0.09792187562119126,0.09434602019904716,0.014578395057469606,0.014248841907829046,0.0,0.0,0.015258469581604006,False,False
4.37,12.100685119628906,14.559354782104492,2.0832059383392334,2.8318088088528666,0.8905182939860254,0.9301000000000099,0.06989999999999008,0.0,623,584,0.9527663338879939,1.047233666112006,25.0,25,2.0,22.0,0.04074492305517197,20.855167853287103,19.674326200486952,0.0,0.0,0.0,-0.05904208264000754,1.0,0.8606804013252258,0.06053180620074272,0.042993366718292236,0.09606992060877295,0.09262402082979594,0.014544342799733084,0.014215413636217516,0.0,0.0,0.017808107137680055,False,False
4.375,11.975120544433594,14.579619407653809,2.1349315643310547,2.4969784642900934,0.32449998745998593,0.9300000000000099,0.06999999999999007,0.0,607,570,0.6233691393973277,1.3766308606026723,45.0,45,3.0,31.0,0.04066607356071472,27.450570532179842,18.034799017113038,0.0,0.0,0.0,-0.4707885757533402,1.0,0.8552642464637756,0.06053927168250084,0.04304319620132446,0.09591130924317896,0.09226117623317902,0.014673167218764624,0.01434046697492401,0.0,0.0,0.019019595384597777,False,False
4.38,11.90050983428955,14.530216217041016,2.1821346282958984,2.663125648426082,0.9260679517179355,0.9299000000000099,0.07009999999999006,0.0,595,563,0.32142171111421713,1.5,39.0,39,3.0,34.0,0.040624506771564484,33.49635632116485,16.531899099020283,0.0,0.0,0.0,-0.8482228611072286,1.0,0.8499417901039124,0.06051580235362053,0.04309266805648804,0.0968732877013575,0.09295178133373373,0.01478233840316534,0.014447761544336876,0.0,0.0,0.01929901719093323,False,False
4.385,11.907382011413574,14.501212120056152,2.210615634918213,2.5249840586423713,0.9997543248140744,0.92980000000001,0.07019999999999005,0.0,645,609,0.37796990185469914,1.5,25.0,25,7.0,22.0,0.04068772494792938,30.704993294401113,15.154240840768592,0.0,0.0,0.0,-0.7775376226816261,1.0,0.8447161912918091,0.0604105219244957,0.04314142465591431,0.097384020603261,0.09332766541745428,0.01479427485416333,0.014461101964116096,0.0,0.0,0.017438498735427858,False,False
4.39,11.820555686950684,14.55137825012207,2.2587411403656006,2.4906912581379395,0.6723864042968835,0.92970000000001,0.07029999999999004,0.0,723,679,0.42980574336680755,1.5,48.0,48,4.0,20.0,0.04070005565881729,28.14624385320102,13.89138743737121,0.0,0.0,0.0,-0.7127428207914905,1.0,0.8394935131072998,0.060468968003988266,0.04318952560424805,0.09688115541202237,0.09265398522031719,0.014878076811631521,0.014544737835725149,0.0,0.0,0.028205015659332276,False,False
4.3950000000000005,11.776816368103027,14.57521915435791,2.3124496936798096,2.447841322755859,0.5547879733769919,0.92960000000001,0.07039999999999003,0.0,605,568,0.810655264752907,1.1893447352470932,34.0,34,2.0,23.0,0.040780190378427505,25.800723532100935,21.06710515092361,0.0,0.0,0.0,-0.2366809190588663,1.0,0.8343732953071594,0.060391806066036224,0.04323685169219971,0.09726984720646004,0.09272203851770523,0.014949377315739792,0.014618067846943935,0.0,0.0,0.02204368591308594,False,False
4.4,11.739250183105469,14.635885238647461,2.265207290649414,,0.0,0.92950000000001,0.07049999999999002,0.0,583,550,0.8264339926901647,1.1735660073098353,28.0,28,4.0,12.0,0.040817566215991974,23.65066323775919,19.311513055013307,0.0,0.0,0.0,-0.2169575091372941,1.0,0.8289906978607178,0.060301538556814194,0.04328346252441406,0.09558060753345402,0.09141660435497675,0.01491243795802196,0.014577935604999464,0.0,0.0,0.01589900255203247,False,False
4.405,11.529205322265625,14.778542518615723,2.261308193206787,2.1009619678141442,0.36064700137352756,0.92940000000001,0.07059999999999,0.0,617,587,0.5075644932993176,1.4924355067006823,24.0,24,3.0,26.0,0.04084671661257744,30.01310796794592,17.702220300428863,0.0,0.0,0.0,-0.6155443833758529,1.0,0.8236854076385498,0.06016021966934204,0.043328702449798584,0.09242493042567039,0.08864262780795412,0.014987539034336805,0.014651254750788212,0.0,0.0,0.013445199728012086,False,False
4.41,11.318245887756348,14.890092849731445,2.286283016204834,2.9159292744468206,0.36791683317074886,0.92930000000001,0.07069999999999,0.0,595,553,0.5486007855243746,1.4513992144756254,20.0,20,4.0,21.0,0.04076995328068733,27.51201563728376,16.227035275393124,0.0,0.0,0.0,-0.5642490180945318,1.0,0.818200409412384,0.06001494824886322,0.04337203502655029,0.09030640002650435,0.08664594879435916,0.015101681929081678,0.014767187337080639,0.0,0.0,0.015207016468048095,False,False
4.415,11.24217414855957,15.00925350189209,2.224302291870117,2.442169969040216,0.7042688212110982,0.92920000000001,0.07079999999998998,0.0,602,574,0.5862173867306766,1.4137826132693234,48.0,48,3.0,18.0,0.04068295285105705,25.219347667510114,14.874782335777029,0.0,0.0,0.0,-0.5172282665866542,1.0,0.8127952218055725,0.060047633945941925,0.04341387748718262,0.08785540563985623,0.08461222939845095,0.015050255072613558,0.01471587922424078,0.0,0.0,0.014562418460845947,False,False
4.42,11.27274227142334,15.077681541442871,2.170792579650879,3.11568118239701,0.8607572340912667,0.92910000000001,0.07089999999998997,0.0,597,559,0.6206992711697867,1.3793007288302133,60.0,60,0.0,18.0,0.04059648886322975,23.11773536188427,13.635217141128942,0.0,0.0,0.0,-0.47412591103776647,1.0,0.8074567914009094,0.060209088027477264,0.043454885482788086,0.08631645823890884,0.0834211957678191,0.01497700655212005,0.014637744364639124,0.0,0.0,0.012599462270736694,False,False
4.425,11.340230941772461,15.069613456726074,2.178117513656616,2.483408935506199,0.5469034851979406,0.92900000000001,0.07099999999998996,0.0,627,603,0.9856409985723046,1.0143590014276953,23.0,23,8.0,31.0,0.040514349937438965,21.19125741506058,20.832282379368195,0.0,0.0,0.0,-0.017948751784619254,1.0,0.8018720149993896,0.060090072453022,0.04349488019943237,0.08644463043411492,0.08350194936276646,0.014961080936094126,0.014618067846943935,0.0,0.0,0.016086591482162477,False,False
4.43,11.376081466674805,15.133671760559082,2.148745059967041,2.683250110413202,0.5779121433231988,0.92890000000001,0.07109999999998995,0.0,702,654,0.9868375820246126,1.0131624179753873,21.0,21,4.0,38.0,0.040484391152858734,19.425319297138863,19.09625884775418,0.0,0.0,0.0,-0.01645302246923421,1.0,0.7964955568313599,0.059933606535196304,0.043533921241760254,0.08520641648210506,0.08244672479107899,0.014896711024145286,0.014552792999893427,0.0,0.0,0.02234414577484131,False,False
4.4350000000000005,11.355578422546387,15.190197944641113,2.1375732421875,2.8396595651636205,0.6149553886910625,0.9288000000000101,0.07119999999998994,0.0,639,598,0.9879344501892282,1.0120655498107718,41.0,41,3.0,23.0,0.040439970791339874,17.806542689043958,17.504903943774664,0.0,0.0,0.0,-0.015081937263464695,1.0,0.7911831140518188,0.05990898981690407,0.043572306632995605,0.08425802106410187,0.08160277345621261,0.014882054335127275,0.014537728081146877,0.0,0.0,0.026556215286254885,False,False
4.44,11.327186584472656,15.225054740905762,2.1434526443481445,3.048468985278707,0.5871652288656566,0.9287000000000101,0.07129999999998993,0.0,673,638,0.6556065793401258,1.3443934206598742,41.0,41,4.0,26.0,0.04038339480757713,24.65599746495696,16.046161948460107,0.0,0.0,0.0,-0.4304917758248427,1.0,0.7858935594558716,0.059910036623477936,0.04361015558242798,0.08369614615042927,0.08106543516615951,0.014887298457324505,0.014543385865787666,0.0,0.0,0.015318583250045778,False,False
4.445,11.326980590820312,15.39093017578125,2.224247932434082,3.0213525743160305,0.8915109581794742,0.9286000000000101,0.07139999999998992,0.0,574,541,0.35097269772844863,1.5,25.0,25,4.0,21.0,0.04057379066944122,30.934664342877213,14.70898178608843,0.0,0.0,0.0,-0.8112841278394392,1.0,0.7806757092475891,0.05978661775588989,0.04364722967147827,0.08211641795560641,0.07915222426969484,0.01491355864952008,0.014569546716908615,0.0,0.0,0.01452171564102173,False,False
4.45,11.380095481872559,15.568947792053223,2.2013370990753174,2.055823825034254,0.6505347508764148,0.9285000000000101,0.0714999999999899,0.0,623,587,0.40505830625107786,1.5,25.0,25,2.0,30.0,0.040738750249147415,28.356775647637445,13.483233303914393,0.0,0.0,0.0,-0.7436771171861526,1.0,0.775526225566864,0.05966860428452492,0.04368388652801514,0.07986174467143839,0.07709053520547775,0.014784966285030048,0.014443260927995047,0.0,0.0,0.021194298267364502,False,False
4.455,11.318164825439453,15.601629257202148,2.2246339321136475,3.033109522296588,0.10744422467374819,0.9284000000000101,0.0715999999999899,0.0,600,570,0.7879701140634882,1.212029885936512,50.0,50,6.0,31.0,0.04069220647215843,25.993711010334323,20.692963861921527,0.0,0.0,0.0,-0.26503735742063983,1.0,0.7700859308242798,0.05970374122262001,0.04371994733810425,0.07964111916099911,0.07682415290114708,0.014835079200565815,0.014492408372461796,0.0,0.0,0.02129159688949585,False,False
4.46,11.199838638305664,15.555977821350098,2.284026622772217,2.901355150356321,0.832400119522104,0.9283000000000101,0.07169999999998988,0.0,562,526,0.8056392712248641,1.1943607287751359,40.0,40,1.0,14.0,0.04072704166173935,23.827568426139795,18.9685502067614,0.0,0.0,0.0,-0.24295091096891977,1.0,0.7643833756446838,0.0597035251557827,0.04375571012496948,0.08019850264117047,0.07715435702353643,0.01499302452430129,0.014648937309781711,0.0,0.0,0.018181459903717043,False,False
4.465,11.15816879272461,15.522665977478027,2.3251545429229736,2.4614891977050295,0.997471370447922,0.9282000000000101,0.07179999999998987,0.0,488,455,0.48850266528945874,1.5,21.0,21,1.0,19.0,0.04063849151134491,30.17527105729481,17.38783768953128,0.0,0.0,0.0,-0.6393716683881765,1.0,0.758428692817688,0.05955536291003227,0.04379093647003174,0.08067711902658069,0.07747375547140764,0.01506957303111752,0.014726628238956135,0.0,0.0,0.019579520225524904,False,False
4.47,11.133024215698242,15.54685115814209,2.362450361251831,2.58088650551485,0.9652885466065825,0.9281000000000101,0.07189999999998986,0.0,458,431,0.5311274431820039,1.4688725568179961,18.0,18,0.0,32.0,0.04054407775402069,27.660665135853577,15.938851215403673,0.0,0.0,0.0,-0.5860906960224952,1.0,0.7525438070297241,0.05940292403101921,0.043825626373291016,0.08054746552122061,0.07722957667646237,0.015103610542913279,0.014763142292698225,0.0,0.0,0.023278412818908693,False,False
4.4750000000000005,11.09444522857666,15.574677467346191,2.394672155380249,2.9364018203005093,0.7920726187222035,0.9280000000000102,0.07199999999998985,0.0,524,489,0.5702001562501702,1.4297998437498298,21.0,21,0.0,19.0,0.04045776277780533,25.355609707865778,14.610613614120034,0.0,0.0,0.0,-0.5372498046872872,1.0,0.7464466094970703,0.059259042143821716,0.04385972023010254,0.08044329259078874,0.07701637432817297,0.01514887282003959,0.014810410793870687,0.0,0.0,0.020133917331695558,False,False
4.48,11.016739845275879,15.583072662353516,2.4497644901275635,2.691328760999402,0.35615622118465573,0.9279000000000102,0.07209999999998984,0.0,620,589,0.6060168098959895,1.3939831901040105,31.0,31,2.0,34.0,0.04037851840257645,23.242642232210294,13.39306247961003,0.0,0.0,0.0,-0.4924789876300132,1.0,0.7404707670211792,0.05915088206529617,0.043893277645111084,0.08091906646887385,0.07726084048549262,0.015257359482347965,0.014922895934432745,0.0,0.0,0.013797155618667603,False,False
4.485,10.888227462768555,15.644549369812012,2.4214494228363037,2.3598349365110582,0.7896476536322684,0.9278000000000102,0.07219999999998983,0.0,606,574,0.9721820757379903,1.0278179242620096,19.0,19,5.0,29.0,0.04030522331595421,21.3057553795261,20.61030727297586,0.0,0.0,0.0,-0.034772405327512065,1.0,0.734670102596283,0.05899922177195549,0.0439261794090271,0.07938837057103638,0.0760060735857107,0.015296881708006065,0.014956168209513029,0.0,0.0,0.020174882411956786,False,False
4.49,10.729581832885742,15.67936897277832,2.4434714317321777,2.6589276960296413,0.9113407939623208,0.9277000000000102,0.07229999999998982,0.0,607,568,0.9745002360931578,1.0254997639068422,37.0,37,4.0,23.0,0.04032944515347481,19.53027576456559,18.892781666894535,0.0,0.0,0.0,-0.031874704883552776,1.0,0.7286530137062073,0.058976441621780396,0.04395812749862671,0.07862131918035374,0.07529320833831954,0.015407380803177755,0.015067301380137604,0.0,0.0,0.01236088752746582,False,False
4.495,10.62142276763916,15.742647171020508,2.448826313018799,0.9854841356760875,0.06738306310756967,0.9276000000000102,0.0723999999999898,0.0,619,580,0.6432918830853945,1.3567081169146054,31.0,31,4.0,22.0,0.04024258628487587,26.236086117518457,17.31838319465332,0.0,0.0,0.0,-0.4458851461432568,1.0,0.7227591276168823,0.058904748409986496,0.04398918151855469,0.0775917527809111,0.07434340720158,0.015461590761939686,0.015121730199704569,0.0,0.0,0.01141066074371338,False,False
4.5,10.58626651763916,15.854475975036621,2.4162933826446533,3.0104609679877457,0.43481355351668877,0.9275000000000102,0.0724999999999898,0.0,668,639,0.673017559494945,1.326982440505055,48.0,48,7.0,21.0,0.040191393345594406,24.049745607725253,15.875184595098878,0.0,0.0,0.0,-0.4087280506313188,1.0,0.7169705033302307,0.05899016559123993,0.04401981830596924,0.07564047268902191,0.07265897324432861,0.015406282618641853,0.01506473170593381,0.0,0.0,0.020967509746551517,False,False
4.505,10.592750549316406,15.898334503173828,2.395595073699951,2.822371876893728,0.9068528196147057,0.9274000000000102,0.07259999999998978,0.0,638,600,0.36693276287036636,1.5,42.0,42,3.0,28.0,0.040311846882104874,30.378933473748145,14.552252545507304,0.0,0.0,0.0,-0.791334046412042,1.0,0.7113567590713501,0.05903170257806778,0.04404979944229126,0.07483721764292496,0.07199238161556354,0.015386117156594992,0.015039184751609962,0.0,0.0,0.015554004907608032,False,False
4.51,10.606619834899902,15.911555290222168,2.3601670265197754,2.294292869728708,1.0000000000000002,0.9273000000000102,0.07269999999998977,0.0,592,562,0.41968836596450254,1.5,23.0,23,1.0,24.0,0.040573541074991226,27.847355684269132,13.339564833381695,0.0,0.0,0.0,-0.7253895425443718,1.0,0.7055262327194214,0.05890049785375595,0.04407930374145508,0.07452432598546076,0.07179425558385683,0.015356888373692831,0.015004964079707861,0.0,0.0,0.015879763364791872,False,False
4.515,10.568342208862305,15.998298645019531,2.353074312210083,3.045257517382137,0.4137643461153361,0.9272000000000102,0.07279999999998976,0.0,670,632,0.46804766880079396,1.5,30.0,30,2.0,15.0,0.04050389304757118,25.526742710580038,12.227934430599888,0.0,0.0,0.0,-0.6649404139990075,1.0,0.69981849193573,0.058817967772483826,0.04410809278488159,0.07345004410110344,0.07079187242810858,0.015353586059063673,0.014999411068856716,0.0,0.0,0.021650850772857666,False,False
4.5200000000000005,10.547983169555664,16.036954879760742,2.3393642902374268,2.8033446674495273,0.3282028210352443,0.9271000000000102,0.07289999999998975,0.0,617,585,0.19999999999999996,1.5,23.0,23,3.0,17.0,0.040459297597408295,31.732847484698365,11.208939894716563,0.0,0.0,0.0,-1.0,1.0,0.6941695213317871,0.0586780346930027,0.044136106967926025,0.0728097128123038,0.07024333919584684,0.015341618563979864,0.014986098588754734,0.0,0.0,0.024838812351226806,False,False
4.525,10.513418197631836,16.09891700744629,2.3767600059509277,3.0179549159524015,0.4079920300366803,0.9270000000000103,0.07299999999998974,0.0,531,503,0.24745672170066735,1.5,23.0,23,2.0,22.0,0.04051100090146065,29.088443527640166,10.27486157015685,0.0,0.0,0.0,-0.9406790978741657,1.0,0.6887192726135254,0.05855376645922661,0.04416358470916748,0.07229171479089738,0.06963445640851988,0.015377961099147797,0.015024184249341488,0.0,0.0,0.015397527217864993,False,False
4.53,10.515510559082031,16.25588607788086,2.4240264892578125,2.9920944789526915,0.6068807368815817,0.9269000000000103,0.07309999999998973,0.0,580,554,0.19999999999999996,1.5,36.0,36,5.0,29.0,0.04042142629623413,34.99773990033682,9.418623105977112,0.0,0.0,0.0,-1.0,1.0,0.6830053925514221,0.058504361659288406,0.044190168380737305,0.0710202397964888,0.06825126414187187,0.015354948894431194,0.01500633079558611,0.0,0.0,0.02098118305206299,False,False
4.535,10.527113914489746,16.34995460510254,2.3991382122039795,1.6284780924283715,0.34391146100052733,0.9268000000000103,0.07319999999998972,0.0,569,523,0.19999999999999996,1.5,30.0,30,4.0,25.0,0.0403432697057724,32.08126157530875,8.633737847145685,0.0,0.0,0.0,-1.0,1.0,0.6774900555610657,0.05842763930559158,0.044215381145477295,0.07013512865733289,0.06748329139500793,0.01528541867931684,0.01493500778451562,0.0,0.0,0.02230780363082886,False,False
4.54,10.443896293640137,16.319564819335938,2.4450173377990723,-2.992584815712132,0.4910236190080875,0.9267000000000103,0.0732999999999897,0.0,617,586,0.19999999999999996,1.5,13.0,13,2.0,31.0,0.040259573608636856,29.407823110699688,7.914259693216878,0.0,0.0,0.0,-1.0,1.0,0.6720752716064453,0.05822891369462013,0.0442391037940979,0.07051314685741994,0.06773113473877246,0.015397112195690473,0.015048912415901821,0.0,0.0,0.02251736640930176,False,False
4.545,10.368732452392578,16.251733779907227,2.515894889831543,-2.886610934182669,0.3321092495976741,0.9266000000000103,0.0733999999999897,0.0,733,698,0.21190267469229696,1.5,62.0,62,7.0,30.0,0.040200017392635345,26.957171184808047,7.254738052115472,0.0,0.0,0.0,-0.9851216566346288,1.0,0.666452169418335,0.05838458985090256,0.04426252841949463,0.07138701686418238,0.06838298014271939,0.015552231731514137,0.015210080115745466,0.0,0.0,0.02075122594833374,False,False
4.55,10.348868370056152,16.22629737854004,2.558903217315674,2.6539414715485505,0.967336705966437,0.9265000000000103,0.07349999999998968,0.0,652,611,0.6109107851346055,1.3890892148653946,38.0,38,3.0,17.0,0.04013153165578842,24.71074025274071,14.983509881105848,0.0,0.0,0.0,-0.4863615185817431,1.0,0.6609622240066528,0.058384235948324203,0.044285595417022705,0.07180598006769946,0.06868678670749002,0.015609140197436016,0.015272532279292744,0.0,0.0,0.029238367080688478,False,False
4.555,10.2835111618042,16.224231719970703,2.6105432510375977,2.968637782729361,0.3720230557752502,0.9264000000000103,0.07359999999998967,0.0,610,581,0.6433348863733883,1.3566651136266117,33.0,33,3.0,21.0,0.040204063057899475,30.98484523167898,22.06821739101369,0.0,0.0,0.0,-0.4458313920332646,1.0,0.6556395292282104,0.05833596736192703,0.04430842399597168,0.07206625585909864,0.06881677452629988,0.01570348239814242,0.015373406155655783,0.0,0.0,0.036718592643737794,False,False
4.5600000000000005,10.158937454223633,16.228046417236328,2.700319528579712,2.5433716357229006,0.7059952329406255,0.9263000000000103,0.07369999999998966,0.0,658,617,1.0063903125089393,0.9936096874910608,28.0,28,3.0,28.0,0.04028354957699776,28.40277479570573,28.562532608429212,0.0,0.0,0.0,0.007987890636174022,1.0,0.6503904461860657,0.05826345086097717,0.04433077573776245,0.07284243075052828,0.06928093122939204,0.01587431955461701,0.015560220150897901,0.0,0.0,0.04445829391479492,False,False
4.565,10.110898971557617,16.278335571289062,2.697784662246704,2.9120232309615086,0.8271211094407297,0.9262000000000103,0.07379999999998965,0.0,592,559,1.339191119799861,0.6608088802001391,32.0,32,0.0,31.0,0.04023098573088646,26.035876896063588,34.51565489106011,0.0,0.0,0.0,0.42398889974982606,1.0,0.6449575424194336,0.058180298656225204,0.044352948665618896,0.07234320533741197,0.0688151894314208,0.015900713236381613,0.015585455112159252,0.0,0.0,0.02141355037689209,False,False
4.57,10.022418022155762,16.289106369018555,2.708921194076538,-2.712664188816877,0.2931697376014489,0.9261000000000104,0.07389999999998964,0.0,563,528,1.3109251931498724,0.6890748068501276,33.0,33,3.0,29.0,0.04015848785638809,23.86622048805829,31.6393503168051,0.0,0.0,0.0,0.38865649143734055,1.0,0.6393645405769348,0.05814052000641823,0.04437464475631714,0.07183314175344935,0.06836002692145542,0.015970903914421797,0.015654907717059057,0.0,0.0,0.01988468647003174,False,False
4.575,9.853128433227539,16.280582427978516,2.7495431900024414,2.945558586923771,0.8840033424088495,0.9260000000000104,0.07399999999998963,0.0,564,537,1.2850147603873832,0.714985239612617,14.0,14,4.0,34.0,0.04008807986974716,21.877368780720097,29.002737790404673,0.0,0.0,0.0,0.3562684504842288,1.0,0.6340040564537048,0.05796300247311592,0.04439598321914673,0.07172684473171761,0.06822069163961893,0.01613309451689323,0.01582323806360364,0.0,0.0,0.011066218614578249,False,False
4.58,9.718084335327148,16.320058822631836,2.7057201862335205,-3.08500058033905,0.4424126537987034,0.9259000000000104,0.07409999999998962,0.0,646,608,1.2612635303551012,0.7387364696448989,27.0,27,2.0,37.0,0.04003902152180672,20.05425471566009,26.585842974537616,0.0,0.0,0.0,0.3265794129438763,1.0,0.6287805438041687,0.057848818600177765,0.04441690444946289,0.07040944887325101,0.06714983196929032,0.01618735957890749,0.01586710335686803,0.0,0.0,0.013557925224304199,False,False
4.585,9.664016723632812,16.4017276763916,2.6719069480895996,2.8370836197729377,0.33111212398463163,0.9258000000000104,0.07419999999998961,0.0,600,563,1.239491569492176,0.760508430507824,23.0,23,4.0,20.0,0.04001253470778465,18.383066822688416,24.370356059992815,0.0,0.0,0.0,0.2993644618652199,1.0,0.6237413883209229,0.05772018060088158,0.04443758726119995,0.06896683143762185,0.06592323650171296,0.016178432075927656,0.015849214978516102,0.0,0.0,0.023620004653930667,False,False
4.59,9.720070838928223,16.427352905273438,2.63810396194458,2.625150427436962,0.9691494729451802,0.9257000000000104,0.0742999999999896,0.0,663,621,1.2195339387011612,0.7804660612988388,48.0,48,5.0,24.0,0.03994167968630791,16.851144587464383,22.33949305499341,0.0,0.0,0.0,0.2744174233764515,1.0,0.6188333630561829,0.057790305465459824,0.044458091259002686,0.06861127460561627,0.0656575514276816,0.016123262078811727,0.015784140365819137,0.0,0.0,0.015394073724746705,False,False
4.595,9.74834156036377,16.47865104675293,2.6110281944274902,-3.026027817772777,0.37110372052484547,0.9256000000000104,0.07439999999998959,0.0,670,636,1.2012394438093976,0.7987605561906024,60.0,60,5.0,27.0,0.03990224748849869,15.446882538509017,20.47786863374396,0.0,0.0,0.0,0.2515493047617471,1.0,0.6136975288391113,0.057956889271736145,0.04447823762893677,0.06813437403365905,0.0652373788366088,0.016076990868896246,0.015732018121828638,0.0,0.0,0.01657870888710022,False,False
4.6000000000000005,9.688178062438965,16.53326988220215,2.5935463905334473,2.7547326447320524,0.31751710045909776,0.9255000000000104,0.07449999999998957,0.0,668,621,1.1844694901586146,0.8155305098413854,35.0,35,4.0,29.0,0.039910051971673965,14.1596423269666,18.771379580931963,0.0,0.0,0.0,0.2305868626982682,1.0,0.6088361144065857,0.05789102613925934,0.04449814558029175,0.06729495146373843,0.06450766731053528,0.016092092264443636,0.01574222231283784,0.0,0.0,0.026400842666625977,False,False
4.605,9.632377624511719,16.55063819885254,2.563688278198242,2.203867130209064,0.4452546690442021,0.9254000000000104,0.07459999999998956,0.0,616,575,0.8357636993120633,1.1642363006879366,37.0,37,3.0,33.0,0.03997863456606865,21.31300546638605,17.20709794918763,0.0,0.0,0.0,-0.2052953758599209,1.0,0.6040541529655457,0.05785925313830376,0.0445176362991333,0.06670849339260344,0.0640607984907298,0.016098138876259327,0.015742128404478233,0.0,0.0,0.01797728896141052,False,False
4.61,9.54377555847168,16.653057098388672,2.624751567840576,2.391484792176853,0.9952304266507792,0.9253000000000104,0.07469999999998955,0.0,623,588,1.1827833910360581,0.817216608963942,19.0,19,4.0,27.0,0.0399339385330677,19.536921677520542,24.106506453421993,0.0,0.0,0.0,0.22847923879507254,1.0,0.5990921854972839,0.05771809443831444,0.04453665018081665,0.06600395078211958,0.06324696905538378,0.01618420472368598,0.01583660254254937,0.0,0.0,0.019024505615234378,False,False
4.615,9.467195510864258,16.844602584838867,2.6263315677642822,2.474555718884872,1.0,0.9252000000000105,0.07479999999998954,0.0,600,575,1.1675514417830533,0.8324485582169467,32.0,32,3.0,22.0,0.039890021085739136,17.908844871060495,22.097630915636827,0.0,0.0,0.0,0.20943930222881663,1.0,0.5943286418914795,0.057649265974760056,0.0445554256439209,0.0643024438054605,0.06163855207866619,0.016180957512309156,0.015831806231290102,0.0,0.0,0.01816669464111328,False,False
4.62,9.394755363464355,16.93208885192871,2.6223325729370117,2.805157806438218,0.5563706156758272,0.9251000000000105,0.07489999999998953,0.0,617,576,1.1535888216344654,0.8464111783655345,36.0,36,5.0,19.0,0.040048178285360336,16.416441131805453,20.25616167266709,0.0,0.0,0.0,0.1919860270430819,1.0,0.5896944999694824,0.057598624378442764,0.044573962688446045,0.06347454611460307,0.06089541354030312,0.01619548226396243,0.015842752375950418,0.0,0.0,0.015559978485107423,False,False
4.625,9.261816024780273,16.90097427368164,2.6714513301849365,2.1692213493905244,0.43501165327428537,0.9250000000000105,0.07499999999998952,0.0,671,629,1.1407897531649267,0.8592102468350733,46.0,46,5.0,24.0,0.03997715190052986,15.048404370821665,18.568148199944833,0.0,0.0,0.0,0.17598719145615843,1.0,0.5852604508399963,0.057639919221401215,0.044592201709747314,0.06369599072635111,0.0610170742655167,0.01638304830218355,0.016035976974914472,0.0,0.0,0.015780954360961916,False,False
4.63,9.217202186584473,16.868358612060547,2.7046360969543457,3.0229013372272737,0.9004364634726558,0.9249000000000105,0.07509999999998951,0.0,617,584,1.1290572737345161,0.8709427262654839,25.0,25,5.0,15.0,0.03990653529763222,13.794370673253193,17.020802516616097,0.0,0.0,0.0,0.16132159216814523,1.0,0.5809459686279297,0.05752594769001007,0.04461008310317993,0.06400710367597577,0.061237368655080004,0.01647844988231858,0.016138138404736917,0.0,0.0,0.016126612424850466,False,False
4.635,9.228622436523438,16.851350784301758,2.740964889526367,3.0596055927303274,0.46939191657041685,0.9248000000000105,0.0751999999999895,0.0,614,583,1.1183025009233065,0.8816974990766935,37.0,37,1.0,31.0,0.03987858444452286,12.644839783815426,15.602402306898089,0.0,0.0,0.0,0.14787812615413315,1.0,0.5763933062553406,0.05746306851506233,0.044627845287323,0.0643477406306186,0.06147950718551814,0.01649585862954458,0.016164466893921297,0.0,0.0,0.014257019758224488,False,False
4.64,9.128342628479004,16.853729248046875,2.7650485038757324,2.8979857066382024,0.5901522603890103,0.9247000000000105,0.07529999999998949,0.0,592,557,0.7751106258463644,1.2248893741536357,42.0,42,3.0,28.0,0.03980543464422226,19.924436468497472,14.30220211465658,0.0,0.0,0.0,-0.28111171769204457,1.0,0.5720334053039551,0.05746188387274742,0.04464530944824219,0.06419426298141417,0.061310692310332655,0.016596557882924877,0.016267776178816955,0.0,0.0,0.02210075855255127,False,False
4.6450000000000005,9.040031433105469,16.884092330932617,2.7873237133026123,2.731716534145054,0.8991982542684956,0.9246000000000105,0.07539999999998948,0.0,658,627,0.793851407025834,1.206148592974166,46.0,46,2.0,29.0,0.03974840044975281,18.264066762789348,13.110351938435198,0.0,0.0,0.0,-0.2576857412177075,1.0,0.5677490234375,0.057533517479896545,0.04466277360916138,0.06385792406927732,0.06096751568932027,0.016681424652536712,0.016355883950988453,0.0,0.0,0.02309708833694458,False,False
4.65,8.99683952331543,16.908432006835938,2.771324396133423,2.930283400327151,0.47221220704545996,0.9245000000000105,0.07549999999998946,0.0,556,528,0.4776971231070145,1.5,18.0,18,4.0,23.0,0.03969297930598259,25.0753945325569,12.017822610232264,0.0,0.0,0.0,-0.6528785961162318,1.0,0.563589334487915,0.057372163981199265,0.04468017816543579,0.06343517501714267,0.06060848984060129,0.016711439626912277,0.01638052674631278,0.0,0.0,0.012863231897354128,False,False
4.655,8.909810066223145,16.87347412109375,2.759503126144409,-2.7540461671331142,0.86582555984241,0.9244000000000105,0.07559999999998945,0.0,528,498,0.19999999999999996,1.5,18.0,18,3.0,18.0,0.03963102400302887,31.319111654843823,11.016337392712908,0.0,0.0,0.0,-1.0,1.0,0.5593084096908569,0.057217713445425034,0.04469716548919678,0.06313328394200592,0.06039381892885953,0.0167913098509113,0.016453294859578214,0.0,0.0,0.024402050971984866,False,False
4.66,8.778120994567871,16.835851669311523,2.8055572509765625,-2.15601391860812,0.9122990926218539,0.9243000000000106,0.07569999999998944,0.0,523,494,0.25556494372186644,1.5,25.0,25,1.0,19.0,0.039565056562423706,28.709185683606837,10.098309276653499,0.0,0.0,0.0,-0.9305438203476669,1.0,0.5551636219024658,0.0570908784866333,0.04471391439437866,0.06337037686258493,0.06055648566409886,0.016951882280409336,0.01662413977707426,0.0,0.0,0.014715309143066407,False,False
4.665,8.657675743103027,16.941181182861328,2.7567856311798096,2.855786112120635,0.6019576437682582,0.9242000000000106,0.07579999999998943,0.0,597,560,0.31760119841171097,1.5,45.0,45,1.0,28.0,0.03975546732544899,26.316753543306266,9.25678350359904,0.0,0.0,0.0,-0.8529985019853612,1.0,0.5511397123336792,0.05711471661925316,0.04473048448562622,0.06179186762465724,0.059194112072077316,0.016967719420790672,0.016625469240049522,0.0,0.0,0.013825490474700927,False,False
4.67,8.609301567077637,17.023664474487305,2.7115232944488525,2.8782428525317436,0.6483083017602386,0.9241000000000106,0.07589999999998942,0.0,666,628,0.374467765210735,1.5,22.0,22,5.0,43.0,0.03981383889913559,24.123690748030743,8.48538487829912,0.0,0.0,0.0,-0.7819152934865812,1.0,0.5469214916229248,0.05698639154434204,0.04474663734436035,0.060564606362953195,0.05815916103124562,0.01694780308753252,0.016591592381397884,0.0,0.0,0.019764647483825684,False,False
4.675,8.635282516479492,17.01759147644043,2.6925177574157715,2.6582319770936653,0.4972857800801554,0.9240000000000106,0.07599999999998941,0.0,616,582,0.4265954514431739,1.5,52.0,52,2.0,32.0,0.03979230672121048,22.113383185694847,7.778269471774193,0.0,0.0,0.0,-0.7167556856960327,1.0,0.542485773563385,0.05704466998577118,0.04476284980773926,0.060550893958036506,0.05818234949931445,0.01693368811781208,0.016570760247608028,0.0,0.0,0.014207673072814942,False,False
4.68,8.604857444763184,17.081884384155273,2.6745235919952393,2.869969450214592,0.8397097826374492,0.9239000000000106,0.0760999999999894,0.0,709,672,0.47437916382290946,1.5,58.0,58,7.0,24.0,0.03972811624407768,20.270601253553608,7.130080349126343,0.0,0.0,0.0,-0.6570260452213632,1.0,0.5382473468780518,0.057220522314310074,0.04477882385253906,0.05992712765932024,0.057618956888714865,0.01692534191533923,0.016556705813854933,0.0,0.0,0.013823139667510986,False,False
4.6850000000000005,8.576292037963867,17.137056350708008,2.6648333072662354,2.680105354389723,0.9640913787770632,0.9238000000000106,0.07619999999998939,0.0,614,578,0.19999999999999996,1.5,27.0,27,5.0,23.0,0.03981849551200867,26.91471781575747,6.535906986699148,0.0,0.0,0.0,-1.0,1.0,0.5342065691947937,0.05711076781153679,0.044794678688049316,0.05935687189269753,0.057102718786335924,0.01692007916669051,0.016548129885147016,0.0,0.0,0.023199613094329836,False,False
4.69,8.535235404968262,17.147628784179688,2.6844675540924072,2.547841908065945,0.6369291488938605,0.9237000000000106,0.07629999999998938,0.0,597,564,0.25277693626786135,1.5,35.0,35,1.0,19.0,0.0398271419107914,24.671824664444348,5.991248071140886,0.0,0.0,0.0,-0.9340288296651732,1.0,0.5299727916717529,0.0570770725607872,0.04481029510498047,0.05922050373690766,0.056949546585479814,0.016970469926794372,0.016601414730151497,0.0,0.0,0.014077355861663818,False,False
4.695,8.486614227294922,17.248126983642578,2.717752456665039,-2.768736552055546,0.20439813816816485,0.9236000000000106,0.07639999999998937,0.0,567,536,0.6483788582455396,1.3516211417544604,19.0,19,2.0,24.0,0.03974989429116249,22.61583927574065,13.825310731879144,0.0,0.0,0.0,-0.43952642719307533,1.0,0.5261505246162415,0.056934941560029984,0.044825732707977295,0.058643194570205524,0.05632222302863319,0.017000812416275345,0.016638662200421095,0.0,0.0,0.017721093893051147,False,False
4.7,8.464808464050293,17.36253547668457,2.6870646476745605,2.4289589723176532,0.6529250428774528,0.9235000000000106,0.07649999999998935,0.0,660,622,1.0110139533917448,0.9889860466082553,39.0,39,3.0,19.0,0.03972683846950531,20.731186002762264,21.006534837555883,0.0,0.0,0.0,0.013767441739680919,1.0,0.5221204161643982,0.05690566450357437,0.04484093189239502,0.05769362139701787,0.055482288831844376,0.01693766564130783,0.016567521573354803,0.0,0.0,0.020328814983367922,False,False
4.705,8.382685661315918,17.364322662353516,2.7197089195251465,3.0120155628224374,0.876600321191758,0.9234000000000107,0.07659999999998934,0.0,553,527,1.0100961239424326,0.9899038760575674,35.0,35,3.0,18.0,0.03965712711215019,19.00358716919874,19.255990267759557,0.0,0.0,0.0,0.012620154928040783,1.0,0.5179188847541809,0.05684800446033478,0.04485577344894409,0.05768781432028182,0.05543131277974019,0.017034157644957304,0.01666869968175888,0.0,0.0,0.020618715286254884,False,False
4.71,8.288163185119629,17.306594848632812,2.7876620292663574,-3.0657701850073544,0.4970314927676049,0.9233000000000107,0.07669999999998933,0.0,542,513,1.0092547802805634,0.9907452197194366,25.0,25,3.0,25.0,0.03959154337644577,17.419954905098844,17.651324412112928,0.0,0.0,0.0,0.011568475350704155,1.0,0.5138646960258484,0.056732166558504105,0.044870615005493164,0.0581764812457059,0.05578312398679499,0.01723193641131123,0.016880933350572985,0.0,0.0,0.019866862297058106,False,False
4.715,8.267748832702637,17.27553939819336,2.8249993324279785,3.0110300896590814,0.6173058248567093,0.9232000000000107,0.07679999999998932,0.0,572,534,1.0084835485905164,0.9915164514094836,16.0,16,4.0,33.0,0.03952238708734512,15.968291996340607,16.180380711103517,0.0,0.0,0.0,0.01060443573814549,1.0,0.5099385976791382,0.0565619058907032,0.04488492012023926,0.058488741373642704,0.05602028776192982,0.017307859379798174,0.016966700398673616,0.0,0.0,0.02393195152282715,False,False
4.72,8.22536563873291,17.267433166503906,2.863708972930908,-2.9834022172356782,0.86984059931268,0.9231000000000107,0.07689999999998931,0.0,546,520,1.0077765862079733,0.9922234137920267,18.0,18,0.0,27.0,0.03949112072587013,14.637600996645556,14.83201565184489,0.0,0.0,0.0,0.009720732759966655,1.0,0.5061835050582886,0.05641049146652222,0.0448991060256958,0.05861968672772191,0.056092758434513654,0.017378987589230142,0.01704798312857747,0.0,0.0,0.029097895622253418,False,False
4.7250000000000005,8.133859634399414,17.256755828857422,2.900617837905884,3.133536984510783,0.2261219184721238,0.9230000000000107,0.0769999999999893,0.0,648,609,1.007128537357309,0.9928714626426912,48.0,48,4.0,29.0,0.03956523537635803,13.41780091359176,13.59601434752448,0.0,0.0,0.0,0.008910671696636018,1.0,0.502305805683136,0.056447580456733704,0.04491305351257324,0.05870237714393627,0.056122521317252955,0.017499476671218872,0.017177921254187822,0.0,0.0,0.03668838500976563,False,False
4.73,8.083477973937988,17.251243591308594,2.9225645065307617,3.0673974835591227,0.7494187242881238,0.9229000000000107,0.07709999999998929,0.0,586,545,1.006534492577533,0.9934655074224669,31.0,31,5.0,24.0,0.039596788585186005,12.299650837459113,12.46301315189744,0.0,0.0,0.0,0.008168115721916358,1.0,0.4988771975040436,0.05642144754528999,0.04492676258087158,0.05887439543381275,0.05624031673185472,0.017579023260623217,0.01726457461093863,0.0,0.0,0.024379560947418215,False,False
4.735,7.906088829040527,17.2653751373291,2.905089855194092,-3.017230888713846,0.6506421813172998,0.9228000000000107,0.07719999999998928,0.0,581,553,1.0059899515294053,0.9940100484705947,22.0,22,3.0,16.0,0.03953240439295769,11.27467993433752,11.424428722572653,0.0,0.0,0.0,0.007487439411756646,1.0,0.49523231387138367,0.05629299581050873,0.044940292835235596,0.05804456098843308,0.05553096578285664,0.017731518795092903,0.017404583437989157,0.0,0.0,0.021578698158264163,False,False
4.74,7.712939262390137,17.168664932250977,2.922588348388672,2.856112320909525,0.5946575401770544,0.9227000000000107,0.07729999999998927,0.0,591,560,1.3388241222352881,0.6611758777647119,41.0,41,3.0,40.0,0.039579540491104126,10.335123273142726,18.805726329024928,0.0,0.0,0.0,0.4235301527941101,1.0,0.49167588353157043,0.056310832500457764,0.04495364427566528,0.058170333092410785,0.0556698473549132,0.01798941909025113,0.017665096869071327,0.0,0.0,0.012314505577087404,False,False
4.745,7.57572078704834,17.145587921142578,2.907170295715332,-2.860915127585023,0.5956478939312053,0.9226000000000107,0.07739999999998926,0.0,637,605,1.3105887787156807,0.6894112212843193,20.0,20,7.0,38.0,0.03951430693268776,9.473863000380831,17.23858246827285,0.0,0.0,0.0,0.3882359733946009,1.0,0.4882388710975647,0.056171171367168427,0.04496675729751587,0.05780216940399202,0.05537084239348714,0.018118006022026144,0.017789829677591722,0.0,0.0,0.018342759609222416,False,False
4.75,7.496788024902344,17.254295349121094,2.8693623542785645,2.7639640183497374,0.7935971604608253,0.9225000000000108,0.07749999999998924,0.0,629,587,1.2847063804893741,0.7152936195106259,61.0,61,1.0,20.0,0.03946695476770401,8.68437441701576,15.802033929250111,0.0,0.0,0.0,0.35588297561171756,1.0,0.48460376262664795,0.056366536766290665,0.04497981071472168,0.056480586049456834,0.054212413087176246,0.01812995489065846,0.017784418693433206,0.0,0.0,0.02042733907699585,False,False
4.755,7.511165142059326,17.32048988342285,2.82857608795166,2.6944934577854776,0.5083437856661778,0.9224000000000108,0.07759999999998923,0.0,565,542,1.2609808487819263,0.7390191512180737,39.0,39,2.0,22.0,0.0395352765917778,7.960676548931113,14.485197768479269,0.0,0.0,0.0,0.3262260609774078,1.0,0.48117709159851074,0.05636346712708473,0.044992804527282715,0.0557767552013193,0.05362673287745512,0.018072768580168486,0.01770890938738982,0.0,0.0,0.018246629238128663,False,False
4.76,7.529630661010742,17.320302963256836,2.7938685417175293,-2.683870305134672,0.6355558003496242,0.9223000000000108,0.07769999999998922,0.0,549,504,1.2392324447167657,0.7607675552832343,28.0,28,1.0,34.0,0.03946217522025108,7.297286836520187,13.27809795443933,0.0,0.0,0.0,0.2990405558959571,1.0,0.47786232829093933,0.056265007704496384,0.04500555992126465,0.05571226058527772,0.05361069459468073,0.018047740062077842,0.017670433347423874,0.0,0.0,0.014924755096435547,False,False
4.765,7.376774311065674,17.3648681640625,2.793501377105713,-3.06305535051298,0.601593633188617,0.9222000000000108,0.07779999999998921,0.0,567,535,1.2192964076570352,0.7807035923429648,22.0,22,3.0,34.0,0.03939664363861084,6.689179600143505,12.171589791569385,0.0,0.0,0.0,0.274120509571294,1.0,0.4743480086326599,0.05615175887942314,0.04501807689666748,0.05500985851309518,0.05296067728133198,0.018198792822659016,0.017815364990383387,0.0,0.0,0.02508274555206299,False,False
4.7700000000000005,7.289371490478516,17.410654067993164,2.7455060482025146,2.622268438559307,0.9853978176141746,0.9221000000000108,0.0778999999999892,0.0,659,629,1.201021707018949,0.798978292981051,27.0,27,2.0,22.0,0.03937821462750435,6.131747966798213,11.157290642271937,0.0,0.0,0.0,0.2512771337736862,1.0,0.4706568717956543,0.05604284256696701,0.045030415058135986,0.05420679996131555,0.05229436585400201,0.01822309025252859,0.01782354898750782,0.0,0.0,0.009607043862342835,False,False
4.775,7.27440071105957,17.490999221801758,2.7432446479797363,2.7829743498679504,0.7907855650558961,0.9220000000000108,0.07799999999998919,0.0,603,567,1.1842698981007032,0.8157301018992968,21.0,21,6.0,15.0,0.03935808688402176,5.620768969565028,10.227516422082608,0.0,0.0,0.0,0.230337372625879,1.0,0.467107892036438,0.05590243637561798,0.045042574405670166,0.05372426348924583,0.051825189165304826,0.01819170080125332,0.017789884004741907,0.0,0.0,0.01869853734970093,False,False
4.78,7.211005687713623,17.62038230895996,2.744980573654175,2.555427171119664,0.1900328021889369,0.9219000000000108,0.07809999999998918,0.0,565,520,1.168914073258978,0.831085926741022,29.0,29,2.0,22.0,0.03943047672510147,5.152371555434609,9.375223386909058,0.0,0.0,0.0,0.21114259157372245,1.0,0.463369756937027,0.05581125617027283,0.045054495334625244,0.05289864337071724,0.051030410385379685,0.01821674561748902,0.01781043130904436,0.0,0.0,0.02007030487060547,False,False
4.785,7.1201171875,17.722164154052734,2.7345471382141113,3.0584003151097887,0.895122206181595,0.9218000000000108,0.07819999999998917,0.0,490,463,0.8215045671540632,1.178495432845937,24.0,24,1.0,23.0,0.03934209421277046,13.056340592481725,8.593954771333303,0.0,0.0,0.0,-0.22311929105742107,1.0,0.4597311019897461,0.05570220202207565,0.04506629705429077,0.05214696032848778,0.05034947908266087,0.0182460752936701,0.01783199841156602,0.0,0.0,0.010238633155822754,False,False
4.79,6.995915412902832,17.744789123535156,2.782344341278076,2.9950100403660476,0.4070524004861261,0.9217000000000108,0.07829999999998916,0.0,545,519,0.8363791865578912,1.1636208134421087,28.0,28,1.0,35.0,0.03926569223403931,11.968312209774913,7.877791873722194,0.0,0.0,0.0,-0.20452601680263593,1.0,0.4562225341796875,0.05562140792608261,0.0450778603553772,0.05200690482091106,0.05016177886817554,0.018414724618196487,0.01800809366007646,0.0,0.0,0.01481465816497803,False,False
4.795,6.942195892333984,17.743776321411133,2.8244569301605225,-3.0269620336139216,0.9235732038338015,0.9216000000000109,0.07839999999998915,0.0,568,531,0.8500142543447337,1.1499857456552665,35.0,35,6.0,26.0,0.03919598460197449,10.970952858960336,7.2213092175786775,0.0,0.0,0.0,-0.18748218206908293,1.0,0.4528639316558838,0.05560840293765068,0.04508918523788452,0.05200610788896007,0.05009456912334958,0.018540169888486467,0.01814624760299921,0.0,0.0,0.016461342573165894,False,False
4.8,6.937880992889404,17.709548950195312,2.8503589630126953,-2.708161255981917,0.454135250074139,0.9215000000000109,0.07849999999998913,0.0,770,729,0.8625130664826725,1.1374869335173274,50.0,50,4.0,35.0,0.03915783017873764,10.056706787380309,6.619533449447121,0.0,0.0,0.0,-0.17185866689665938,1.0,0.4493582248687744,0.055685631930828094,0.045100390911102295,0.05220458569129256,0.050237148965397965,0.01859507833917936,0.01821040719126662,0.0,0.0,0.014611182212829591,False,False
4.805,6.876667499542236,17.673099517822266,2.878080368041992,-3.1269385772240663,0.8104101097076278,0.9214000000000109,0.07859999999998912,0.0,661,623,0.8739703109424498,1.1260296890575503,18.0,18,5.0,25.0,0.039171598851680756,9.21864788843195,6.067905661993194,0.0,0.0,0.0,-0.15753711132193776,1.0,0.44634971022605896,0.05554693937301636,0.04511129856109619,0.052295878031290544,0.050293212579562756,0.018699668192615114,0.018322070439656578,0.0,0.0,0.023007876873016357,False,False
4.8100000000000005,6.808035850524902,17.67542839050293,2.9031100273132324,3.014166884993832,0.5421980295012448,0.9213000000000109,0.07869999999998911,0.0,656,624,0.5511394516972457,1.4488605483027543,32.0,32,3.0,19.0,0.039129115641117096,16.78376056439595,5.562246856827095,0.0,0.0,0.0,-0.5610756853784429,1.0,0.44307568669319153,0.055493611842393875,0.04512214660644531,0.05222297677832293,0.05019544614323675,0.018804012797772884,0.01843295137708386,0.0,0.0,0.03592945575714111,False,False
4.815,6.771465301513672,17.709121704101562,2.919100046157837,-2.897711943994397,0.49702893987078234,0.9212000000000109,0.0787999999999891,0.0,631,596,0.5885444973891419,1.411455502610858,65.0,65,1.0,21.0,0.03930137678980827,15.385113850696287,5.098726285424837,0.0,0.0,0.0,-0.5143193782635725,1.0,0.43993905186653137,0.05569300055503845,0.04513281583786011,0.05207242425562141,0.050030346307437364,0.01885033134991924,0.018484746105968952,0.0,0.0,0.020104548931121825,False,False
4.82,6.600475311279297,17.663400650024414,2.8808672428131104,2.8361078282408174,0.5703200497102239,0.9211000000000109,0.07889999999998909,0.0,540,512,0.95616578927338,1.0438342107266199,30.0,30,4.0,30.0,0.03922523930668831,14.10302102980493,13.007165761639431,0.0,0.0,0.0,-0.05479276340827495,1.0,0.43656033277511597,0.055649809539318085,0.0451434850692749,0.051526685142889106,0.04960378590039859,0.0190529297105968,0.018663378432393074,0.0,0.0,0.020072150230407714,False,False
4.825,6.4234819412231445,17.56475830078125,2.883488893508911,-2.855163617946692,0.5076892571081526,0.9210000000000109,0.07899999999998908,0.0,567,536,0.6264853068339318,1.3735146931660682,31.0,31,2.0,30.0,0.0391443707048893,21.26110261065452,11.923235281502812,0.0,0.0,0.0,-0.4668933664575853,1.0,0.43308359384536743,0.05556739866733551,0.045153796672821045,0.051526501057203335,0.04963647827024832,0.019296912165979545,0.0189057644456625,0.0,0.0,0.018218351602554323,False,False
4.83,6.311582088470459,17.610885620117188,2.859492540359497,2.9399088086968765,0.8542331175318325,0.9209000000000109,0.07909999999998907,0.0,552,520,0.6576115312644375,1.3423884687355625,15.0,15,0.0,31.0,0.03922712802886963,19.48934405976664,10.929632341377577,0.0,0.0,0.0,-0.4279855859194532,1.0,0.42970168590545654,0.05541040748357773,0.04516410827636719,0.05083217503502913,0.04902495309244792,0.019361077963064115,0.0189616228453815,0.0,0.0,0.015016683340072634,False,False
4.835,6.251397132873535,17.723024368286133,2.839728593826294,-2.5279262919074115,0.4980176822776412,0.9208000000000109,0.07919999999998906,0.0,652,607,1.0194772369924008,0.9805227630075991,29.0,29,1.0,43.0,0.03929721191525459,17.865232054786087,18.35216297959611,0.0,0.0,0.0,0.024346546240501078,1.0,0.42613860964775085,0.055311113595962524,0.04517406225204468,0.04990914446068877,0.04818808870995368,0.019372521589199703,0.018958433841665588,0.0,0.0,0.020527513027191163,False,False
4.84,6.276646137237549,17.741655349731445,2.8117241859436035,3.0258577921128316,0.7851546553642824,0.920700000000011,0.07929999999998905,0.0,574,550,1.0178541339097007,0.9821458660902992,20.0,20,4.0,27.0,0.03924335911870003,16.376462716887247,16.822816064629766,0.0,0.0,0.0,0.022317667387125973,1.0,0.42276865243911743,0.05518253147602081,0.045183777809143066,0.0497412838327383,0.04806889218961151,0.019343912911911808,0.018915356292078894,0.0,0.0,0.011056295633316041,False,False
4.845,6.268583297729492,17.774127960205078,2.7756590843200684,-3.0724575565318704,0.6217901380837305,0.920600000000011,0.07939999999998903,0.0,605,571,1.0163662894172256,0.9836337105827743,16.0,16,5.0,35.0,0.03918454796075821,15.011757490479976,15.420914725910619,0.0,0.0,0.0,0.020457861771532127,1.0,0.41952455043792725,0.05502425879240036,0.0451931357383728,0.04942899094040766,0.047819757045711835,0.019318693472693365,0.018875752575695515,0.0,0.0,0.01628220319747925,False,False
4.8500000000000005,6.224244117736816,17.828765869140625,2.7571892738342285,2.6858495853790383,0.893867254202682,0.920500000000011,0.07949999999998902,0.0,716,668,0.6816690986324568,1.3183309013675433,73.0,73,6.0,27.0,0.03916393592953682,22.094111032939978,14.135838498751399,0.0,0.0,0.0,-0.3979136267094289,1.0,0.416476845741272,0.05526295304298401,0.045202553272247314,0.048919552871025604,0.04736839341558468,0.01932108153899511,0.018869885243475437,0.0,0.0,0.020452013015747072,False,False
4.855,6.217937469482422,17.835838317871094,2.732245922088623,2.8309660406645323,0.8915364421925287,0.920400000000011,0.07959999999998901,0.0,642,610,0.7081966737464187,1.2918033262535813,41.0,41,3.0,17.0,0.039112389087677,20.252935113528313,12.957851957188781,0.0,0.0,0.0,-0.36475415781697657,1.0,0.4132324755191803,0.05527622997760773,0.045211732387542725,0.04872468636215926,0.04722907359323727,0.019296143048753343,0.018836853560060263,0.0,0.0,0.01914275646209717,False,False
4.86,6.120465278625488,17.89924430847168,2.7782669067382812,2.469224863062463,0.6671885895800648,0.920300000000011,0.079699999999989,0.0,608,575,0.7325136176008837,1.2674863823991163,14.0,14,3.0,19.0,0.03906388208270073,18.565190520734287,11.878030960756382,0.0,0.0,0.0,-0.3343579779988953,1.0,0.41012972593307495,0.05511363968253136,0.04522073268890381,0.048383968351408346,0.046830696582172836,0.019431229059894882,0.018981625325977802,0.0,0.0,0.024459617137908937,False,False
4.865,6.0521697998046875,18.049165725708008,2.7660813331604004,-3.116166391615174,0.5189475816377954,0.920200000000011,0.07979999999998899,0.0,612,577,0.7548041494674768,1.2451958505325234,56.0,56,2.0,34.0,0.03907075524330139,17.018091310673096,10.888195047360016,0.0,0.0,0.0,-0.306494813165654,1.0,0.4071493446826935,0.05524159595370293,0.045229554176330566,0.04751955848326858,0.04601608342956705,0.01941697749619683,0.01896048119912545,0.0,0.0,0.018422478437423707,False,False
4.87,5.980489730834961,18.10618019104004,2.7767138481140137,2.6720962520808955,0.9183248421932021,0.920100000000011,0.07989999999998898,0.0,676,650,0.7752371370118537,1.2247628629881464,71.0,71,5.0,21.0,0.03912512585520744,15.59991703478367,9.980845460080014,0.0,0.0,0.0,-0.28095357873518284,1.0,0.4039318263530731,0.05550139397382736,0.04523855447769165,0.047204892886491635,0.04571033606678201,0.019462050404399633,0.019004985224455595,0.0,0.0,0.020025110244750975,False,False
4.875,5.887740612030029,18.03706932067871,2.834836721420288,2.0072738901428977,0.6558784348314896,0.920000000000011,0.07999999999998897,0.0,557,523,0.7939673755941993,1.2060326244058008,17.0,17,1.0,26.0,0.03910030052065849,14.299923948551697,9.149108338406679,0.0,0.0,0.0,-0.25754078050725093,1.0,0.40094977617263794,0.05536288768053055,0.04524731636047363,0.0475007081559544,0.045920111401937434,0.019701512840886913,0.019259560698022447,0.0,0.0,0.019682154655456544,False,False
4.88,5.858518600463867,17.973052978515625,2.874293804168701,-1.9759627273290286,0.3568564549423905,0.919900000000011,0.08009999999998896,0.0,512,484,1.1444700942946826,0.8555299057053174,17.0,17,1.0,28.0,0.039051253348588943,13.108263619505722,16.720015976872787,0.0,0.0,0.0,0.18058761786835326,1.0,0.39810943603515625,0.05520562082529068,0.045255959033966064,0.04780252687632989,0.04615795724093867,0.019849122036248446,0.01942060189321637,0.0,0.0,0.02004009246826172,False,False
4.885,5.856372356414795,17.96133041381836,2.9137980937957764,2.9164424983744084,0.8126275673731045,0.919800000000011,0.08019999999998895,0.0,585,549,1.1324309197701259,0.8675690802298741,35.0,35,2.0,17.0,0.03912854939699173,20.349241651213575,23.66001464546672,0.0,0.0,0.0,0.16553864971265728,1.0,0.3950263559818268,0.055129293352365494,0.045264482498168945,0.047959531211293746,0.046262813217937473,0.019890281061331432,0.01947684291129311,0.0,0.0,0.017258944511413576,False,False
4.89,5.7500104904174805,17.95256805419922,2.947279930114746,-2.9727723230993024,0.501164321692524,0.9197000000000111,0.08029999999998894,0.0,506,476,1.1213950097892822,0.8786049902107179,16.0,16,1.0,27.0,0.03906835615634918,26.986804846945773,30.021680091677826,0.0,0.0,0.0,0.15174376223660263,1.0,0.3917742073535919,0.05497516691684723,0.0452730655670166,0.04789340795359215,0.046166644176157345,0.02006441354751587,0.019660652615129948,0.0,0.0,0.0268222713470459,False,False
4.8950000000000005,5.6992292404174805,17.959705352783203,2.9674015045166016,2.3918886757295685,0.50380608714607,0.9196000000000111,0.08039999999998892,0.0,553,520,1.1112787589735087,0.8887212410264914,25.0,25,3.0,32.0,0.03900658339262009,24.737904443033624,27.51987341737134,0.0,0.0,0.0,0.13909844871688576,1.0,0.38866928219795227,0.054870229214429855,0.04528135061264038,0.047861645303200445,0.04611200040252832,0.02013907845442494,0.019742838727931183,0.0,0.0,0.018991807699203493,False,False
4.9,5.5831828117370605,17.959115982055664,2.9503486156463623,3.0267545313068105,0.8649078307793447,0.9195000000000111,0.08049999999998891,0.0,608,568,1.1020055290590496,0.8979944709409504,31.0,31,6.0,24.0,0.03893287479877472,22.676412406114153,25.226550632590392,0.0,0.0,0.0,0.12750691132381195,1.0,0.38569214940071106,0.05481742322444916,0.04528963565826416,0.04749480434072466,0.045797771041591495,0.020275052326420944,0.019865178813536964,0.0,0.0,0.023455750942230225,False,False
4.905,5.439231872558594,17.88663673400879,2.942497968673706,-2.9720071980573572,0.311644369464879,0.9194000000000111,0.0805999999999889,0.0,605,570,1.0935050683041287,0.9064949316958711,40.0,40,3.0,23.0,0.038861941546201706,20.786711372271306,23.124338079874526,0.0,0.0,0.0,0.11688133538016103,1.0,0.38252922892570496,0.054785359650850296,0.04529780149459839,0.0473441623337562,0.04569349125648492,0.02051732192436854,0.020096221317847572,0.0,0.0,0.008751609325408936,False,False
4.91,5.322169303894043,17.843666076660156,2.954376459121704,2.887043415918608,0.7833348913987013,0.9193000000000111,0.08069999999998889,0.0,597,559,1.0857129792787847,0.9142870207212153,26.0,26,3.0,33.0,0.03879297524690628,19.05448542458203,21.19730990655165,0.0,0.0,0.0,0.10714122409848095,1.0,0.37955695390701294,0.05469923093914986,0.04530578851699829,0.04729936188273083,0.04564814051333768,0.020688537042587996,0.020272385639448963,0.0,0.0,0.014863522052764894,False,False
4.915,5.229534149169922,17.9183349609375,2.924246311187744,2.7189182534246137,0.4286650933218275,0.9192000000000111,0.08079999999998888,0.0,624,599,1.078570231005553,0.9214297689944472,38.0,38,5.0,25.0,0.03872799873352051,17.46661163920019,19.430867414339012,0.0,0.0,0.0,0.09821278875694102,1.0,0.3767797648906708,0.05473911389708519,0.04531371593475342,0.046539976473431555,0.04497454732889263,0.020739147439599037,0.0203050261673828,0.0,0.0,0.017178778648376466,False,False
4.92,5.195058345794678,18.012609481811523,2.8799808025360107,3.1339101029499385,0.7770155139526959,0.9191000000000111,0.08089999999998887,0.0,635,597,1.07202271175509,0.92797728824491,16.0,16,2.0,25.0,0.038716867566108704,16.011060669266843,17.811628463144093,0.0,0.0,0.0,0.09002838969386247,1.0,0.37411895394325256,0.05458929017186165,0.045321524143218994,0.04578243770077778,0.04431871383637144,0.020707471606632076,0.02024722673619787,0.0,0.0,0.02085305452346802,False,False
4.925,5.2245659828186035,18.02936363220215,2.8406600952148438,2.472031053122775,0.9995261446121605,0.9190000000000111,0.08099999999998886,0.0,543,512,1.0660208191088325,0.9339791808911675,33.0,33,3.0,12.0,0.03866434097290039,14.676805613494606,16.32732609121542,0.0,0.0,0.0,0.08252602388604062,1.0,0.37126269936561584,0.054530005902051926,0.045329272747039795,0.04565093307942105,0.04423770575830668,0.020652234088629484,0.020173136920978628,0.0,0.0,0.017022823095321656,False,False
4.93,5.179568767547607,18.07110023498535,2.806319236755371,-2.860592178896068,0.49291791976280114,0.9189000000000112,0.08109999999998885,0.0,681,640,1.0605190841830965,0.9394809158169035,71.0,71,5.0,34.0,0.03862003982067108,13.453738479036721,14.966715583614134,0.0,0.0,0.0,0.07564885522887063,1.0,0.36849960684776306,0.05478379875421524,0.04533696174621582,0.04527135956411514,0.04391612341316993,0.020660740168144308,0.020165434883286558,0.0,0.0,0.022486624717712404,False,False
4.9350000000000005,5.118419647216797,18.12783432006836,2.762680768966675,2.5434120473311417,0.7059981545237933,0.9188000000000112,0.08119999999998884,0.0,629,594,0.7221424938345051,1.2778575061654949,39.0,39,2.0,27.0,0.038558997213840485,20.665926939116993,13.719489284979622,0.0,0.0,0.0,-0.3473218827068686,1.0,0.365860253572464,0.05478174611926079,0.04534459114074707,0.04468036320619239,0.043419974758289306,0.020634913817048073,0.020121957641094923,0.0,0.0,0.04458765983581543,False,False
4.94,5.093016624450684,18.139846801757812,2.765218734741211,3.129120444425596,0.5759631147761368,0.9187000000000112,0.08129999999998883,0.0,520,488,0.7452972860149629,1.254702713985037,10.0,10,3.0,28.0,0.03853008151054382,18.943766360857243,12.576198511231318,0.0,0.0,0.0,-0.31837839248129624,1.0,0.3630984425544739,0.05458781123161316,0.045352160930633545,0.044574856434016964,0.043318335551768096,0.020670706095794838,0.020156054912755888,0.0,0.0,0.011168302297592164,False,False
4.945,5.019387722015381,18.20805549621582,2.798879623413086,-3.061978027570817,0.5654452262412876,0.9186000000000112,0.08139999999998881,0.0,635,601,0.7665225121803827,1.2334774878196173,25.0,25,2.0,35.0,0.03860367462038994,17.36511916411914,11.528181968628708,0.0,0.0,0.0,-0.29184685977452157,1.0,0.3604711890220642,0.054478470236063004,0.04535949230194092,0.04425048467873861,0.0429572819913733,0.02076150616630912,0.020255643563965958,0.0,0.0,0.025259528160095218,False,False
4.95,4.98715353012085,18.321746826171875,2.7540807723999023,3.0904475629403403,0.8476402657949761,0.9185000000000112,0.0814999999999888,0.0,644,606,0.7859789694986842,1.214021030501316,25.0,25,7.0,24.0,0.03894054517149925,15.918025900442544,10.567500137909649,0.0,0.0,0.0,-0.26752628812664475,1.0,0.35827499628067017,0.054384998977184296,0.04536694288253784,0.04362552222764696,0.042410175477775,0.020680493519951902,0.020156591199338436,0.0,0.0,0.015766675472259524,False,False
4.955,4.862280368804932,18.345890045166016,2.796475410461426,-3.071743968985544,0.8099383626551281,0.9184000000000112,0.08159999999998879,0.0,694,655,0.8038140553737938,1.1961859446262062,60.0,60,4.0,25.0,0.039012111723423004,14.591523742072331,9.686875126417178,0.0,0.0,0.0,-0.24523243078275767,1.0,0.35585659742355347,0.05450625717639923,0.04537409543991089,0.043456464719492494,0.042204152885824006,0.02087681709478299,0.020360020765413843,0.0,0.0,0.01725977420806885,False,False
4.96,4.760111331939697,18.29659080505371,2.861328125,-2.817803398634215,0.14848365601604888,0.9183000000000112,0.08169999999998878,0.0,674,627,0.8201628840926444,1.1798371159073557,37.0,37,5.0,23.0,0.03898210823535919,13.375563430232969,8.879635532549079,0.0,0.0,0.0,-0.2247963948841945,1.0,0.35434117913246155,0.05447440221905708,0.04538130760192871,0.04361580132444655,0.042283197859922614,0.021160986119260393,0.020663372706621885,0.0,0.0,0.019828133583068848,False,False
4.965,4.774656295776367,18.25222396850586,2.895803689956665,2.7219376681441987,0.634290167173248,0.9182000000000112,0.08179999999998877,0.0,562,535,0.8351493104182574,1.1648506895817425,13.0,13,3.0,30.0,0.03891396149992943,12.260933144380221,8.139665904836656,0.0,0.0,0.0,-0.20606336197717826,1.0,0.3543674647808075,0.05430708825588226,0.04538828134536743,0.04387602870181778,0.04249115000960063,0.02122778988753756,0.020745727233588696,0.0,0.0,0.016793848276138307,False,False
4.97,4.746201992034912,18.216215133666992,2.9280753135681152,-2.2192997751414882,0.23774531027391535,0.9181000000000112,0.08189999999998876,0.0,598,568,1.1822202012167358,0.8177797987832641,25.0,25,2.0,34.0,0.038839779794216156,11.23918871568187,15.794693746100267,0.0,0.0,0.0,0.22777525152091985,1.0,0.35419395565986633,0.05420123413205147,0.04539525508880615,0.04398359259311064,0.04257191722188101,0.021320466573039692,0.020849430778374277,0.0,0.0,0.02138426780700684,False,False
4.9750000000000005,4.6432366371154785,18.193710327148438,2.956357002258301,3.0305851502555026,0.805632709062968,0.9180000000000113,0.08199999999998875,0.0,729,689,1.5,0.49963148221799203,69.0,69,1.0,38.0,0.03881834074854851,10.302589656041713,22.81180260059191,0.0,0.0,0.0,0.6254606472275099,1.0,0.35382723808288574,0.05441644415259361,0.0454021692276001,0.04394252638270412,0.04250883717136413,0.021515528981884323,0.021052737720310688,0.0,0.0,0.028005666732788086,False,False
4.98,4.598285675048828,18.222074508666992,2.969963550567627,-2.730352039343866,0.8586121651530211,0.9179000000000113,0.08209999999998874,0.0,601,569,0.7920044746335074,1.2079955253664927,24.0,24,6.0,19.0,0.03875727578997612,26.1107071847049,20.910819050542585,0.0,0.0,0.0,-0.25999440670811574,1.0,0.35327374935150146,0.05431526526808739,0.04540896415710449,0.04384937771595969,0.042396423295139825,0.02158594938615958,0.0211290642619133,0.0,0.0,0.024344797134399417,False,False
4.985,4.475398540496826,18.21110725402832,2.9337756633758545,2.174435498682807,0.5797932752027559,0.9178000000000113,0.08219999999998873,0.0,645,606,1.1426707684140485,0.8573292315859515,21.0,21,5.0,22.0,0.03870266303420067,23.934814919312824,27.501584129664035,0.0,0.0,0.0,0.17833846051756055,1.0,0.35253971815109253,0.05421370640397072,0.04541569948196411,0.043423019161913094,0.04204896424990104,0.021718673718472324,0.02123648999258876,0.0,0.0,0.014079195261001588,False,False
4.99,4.263156414031982,18.161102294921875,2.9229824542999268,-2.8707085175296028,0.482848431781355,0.9177000000000113,0.08229999999998872,0.0,658,627,1.1307815377128776,0.8692184622871224,61.0,61,2.0,22.0,0.038671355694532394,21.94024700937009,25.20978545219203,0.0,0.0,0.0,0.163476922141097,1.0,0.3527086079120636,0.05437154695391655,0.045422494411468506,0.043011853757313936,0.0416970778321843,0.022035565537710987,0.021541997169454895,0.0,0.0,0.016551654338836673,False,False
4.995,4.15867280960083,18.1477108001709,2.9230294227600098,-2.9984511601152497,0.5998742082723497,0.9176000000000113,0.0823999999999887,0.0,568,534,1.1198830762368044,0.8801169237631956,25.0,25,2.0,25.0,0.03871096670627594,20.111893091922582,23.108969997842692,0.0,0.0,0.0,0.1498538452960055,1.0,0.3526201844215393,0.054273515939712524,0.0454292893409729,0.04283592063933566,0.04153284335633076,0.02218451350927353,0.021691319222251575,0.0,0.0,0.01718104600906372,False,False
5.0,4.099761486053467,18.25173568725586,2.8843929767608643,-2.7720398065191025,1.0,0.9175000000000113,0.0824999999999887,0.0,524,490,1.1098928198837372,0.8901071801162627,14.0,14,4.0,22.0,0.03890281170606613,18.435902000929033,21.183222498022467,0.0,0.0,0.0,0.13736602485467167,1.0,0.35233572125434875,0.05409605801105499,0.04543590545654297,0.04212854349240617,0.04090663773566442,0.022165391128510237,0.02164670110990604,0.0,0.0,0.016942355632781982,False,False
5.005,4.0980963706970215,18.307268142700195,2.8480913639068604,-1.4300908977759996,0.5997662720821946,0.9174000000000113,0.08259999999998868,0.0,509,479,0.7674017515600927,1.2325982484399072,40.0,40,0.0,12.0,0.038850534707307816,25.232910167518277,19.417953956520595,0.0,0.0,0.0,-0.2907478105498841,1.0,0.35186171531677246,0.05408559739589691,0.04544252157211304,0.04176635881885843,0.040606293082236816,0.0221181265078485,0.021575470454990864,0.0,0.0,0.017315077781677245,False,False
5.01,4.107653617858887,18.31662940979004,2.8168141841888428,-3.1200384879403176,0.765638327453817,0.9173000000000113,0.08269999999998867,0.0,537,501,0.7867849389300849,1.213215061069915,24.0,24,6.0,15.0,0.03881333768367767,23.13016765355842,17.799791126810543,0.0,0.0,0.0,-0.2665188263373938,1.0,0.3512045443058014,0.05398443341255188,0.04544907808303833,0.041662863743491034,0.040541179097878015,0.02209759782999754,0.021536563678334158,0.0,0.0,0.014595835208892825,False,False
5.015,4.026382923126221,18.377559661865234,2.7962863445281982,-2.985615145306755,0.7938550008724843,0.9172000000000113,0.08279999999998866,0.0,572,543,1.1378861940192444,0.8621138059807555,29.0,29,1.0,14.0,0.03874931484460831,21.20265368242855,24.649808532909663,0.0,0.0,0.0,0.1723577425240556,1.0,0.3503703773021698,0.05389917269349098,0.04545539617538452,0.04120754974381956,0.04012837406108114,0.022153779088209074,0.021578168186048668,0.0,0.0,0.02059727191925049,False,False
5.0200000000000005,3.9501211643218994,18.40259552001953,2.7769126892089844,-2.526688437986685,0.4419184506364739,0.9171000000000114,0.08289999999998865,0.0,536,505,1.126395677850974,0.8736043221490258,21.0,21,3.0,24.0,0.03867447003722191,19.435765875559504,22.595657821833857,0.0,0.0,0.0,0.15799459731371765,1.0,0.349365234375,0.05377570912241936,0.04546171426773071,0.04087889117312885,0.03984284410936095,0.022224518470466137,0.021636250118414562,0.0,0.0,0.02786442756652832,False,False
5.025,3.8822784423828125,18.419172286987305,2.796825885772705,2.649608442313672,0.9133042101940111,0.9170000000000114,0.08299999999998864,0.0,601,563,1.1158627046967262,0.8841372953032738,41.0,41,6.0,24.0,0.03860035538673401,17.816118719262878,20.712686336681035,0.0,0.0,0.0,0.14482838087090782,1.0,0.3492722511291504,0.05377217382192612,0.04546797275543213,0.040731415660430564,0.03967951632632522,0.02234230749309063,0.021757401215533417,0.0,0.0,0.021543476581573486,False,False
5.03,3.821964979171753,18.56745719909668,2.7899513244628906,-3.0832653364241667,0.33537772271082267,0.9169000000000114,0.08309999999998863,0.0,682,639,1.4395408126386657,0.5604591873613343,41.0,41,2.0,33.0,0.038542114198207855,16.331442159324304,27.319962475290946,0.0,0.0,0.0,0.5494260157983322,1.0,0.3489310145378113,0.05378676950931549,0.045474231243133545,0.040133745567872706,0.03909767692442943,0.022319697309285402,0.021727003622800112,0.0,0.0,0.019128739833831787,False,False
5.035,3.7299983501434326,18.677257537841797,2.7808964252471924,2.9759966530728557,0.8962888626477373,0.9168000000000114,0.08319999999998862,0.0,611,586,1.5,0.2637542550812233,26.0,26,5.0,34.0,0.03847925364971161,14.970488646047277,33.376632269016696,0.0,0.0,0.0,0.9203071811484709,1.0,0.34840258955955505,0.053708143532276154,0.045480310916900635,0.039641269260240926,0.03863791005887672,0.022346668411046267,0.02174355865766605,0.0,0.0,0.015517451763153079,False,False
5.04,3.5842864513397217,18.660924911499023,2.8270554542541504,-2.6482746632852567,0.4192622886552779,0.9167000000000114,0.0832999999999886,0.0,601,572,1.5,0.32510806715778795,27.0,27,6.0,22.0,0.038539640605449677,22.05628125887667,38.92857957993197,0.0,0.0,0.0,0.8436149160527651,1.0,0.34769320487976074,0.053636085242033005,0.045486390590667725,0.03953846126298068,0.038498394715288875,0.02267254904533426,0.02207597795252999,0.0,0.0,0.013142628669738771,False,False
5.045,3.5132672786712646,18.618091583251953,2.848680019378662,3.1038643820175134,0.8171754841957252,0.9166000000000114,0.0833999999999886,0.0,631,597,1.5,0.38134906156130555,38.0,38,1.0,17.0,0.0385049544274807,20.218257820636946,35.68453128160431,0.0,0.0,0.0,0.7733136730483681,1.0,0.3468089997768402,0.05364486202597618,0.045492351055145264,0.03953577046887908,0.03847481443826069,0.02289386078094443,0.022300844235966604,0.0,0.0,0.020610742568969727,False,False
5.05,3.514716148376465,18.597644805908203,2.88248348236084,-2.489278061522122,0.6094284754243604,0.9165000000000114,0.08349999999998858,0.0,549,519,1.5,0.4329033064311967,43.0,43,1.0,24.0,0.03859109804034233,18.533403002250534,32.710820341470615,0.0,0.0,0.0,0.7088708669610041,1.0,0.34575599431991577,0.0536678209900856,0.04549825191497803,0.03965612711105454,0.03855476884264458,0.02295913640409708,0.022381989595790706,0.0,0.0,0.015144032239913941,False,False
5.055,3.4433183670043945,18.58844757080078,2.897566556930542,2.33650647091373,0.34035402456846836,0.9164000000000114,0.08359999999998857,0.0,508,476,1.1865053024380696,0.8134946975619303,16.0,16,1.0,12.0,0.03862767294049263,25.32228608539632,29.984918646348063,0.0,0.0,0.0,0.2331316280475871,1.0,0.34453997015953064,0.05352316424250603,0.04550415277481079,0.03955713965541952,0.038452356466246986,0.02307783269012968,0.022502844221889973,0.0,0.0,0.0219110107421875,False,False
5.0600000000000005,3.3726658821105957,18.58883285522461,2.921032667160034,2.8617190969722435,0.8649750660200407,0.9163000000000114,0.08369999999998856,0.0,565,529,1.170963193901564,0.8290368060984362,20.0,20,0.0,28.0,0.03855982422828674,23.21209557827996,27.486175425819056,0.0,0.0,0.0,0.21370399237695475,1.0,0.34316661953926086,0.05339338257908821,0.04550981521606445,0.039477711366489115,0.03835635805875023,0.02322253305464983,0.022654305988301836,0.0,0.0,0.02656721591949463,False,False
5.065,3.315864086151123,18.61116600036621,2.915053606033325,-2.648909314741923,0.438851895182327,0.9162000000000114,0.08379999999998855,0.0,585,554,0.49004959440976703,1.5,31.0,31,4.0,37.0,0.03851132467389107,37.94442094675662,25.1956608070008,0.0,0.0,0.0,-0.6374380069877912,1.0,0.3427187204360962,0.053341347724199295,0.04551571607589722,0.0392795821353789,0.0381732257688414,0.02331549534574151,0.02273927442729473,0.0,0.0,0.01582437634468079,False,False
5.07,3.164612293243408,18.563241958618164,2.8752939701080322,2.594352407826186,0.6772156703801242,0.9161000000000115,0.08389999999998854,0.0,658,624,0.5325454615422864,1.4674545384577136,44.0,44,3.0,27.0,0.03845713287591934,34.782385867860235,23.096022406417397,0.0,0.0,0.0,-0.5843181730721418,1.0,0.3420355021953583,0.05338860675692558,0.045521318912506104,0.03893127058260102,0.037900269068156286,0.023567581083625555,0.022957250475883484,0.0,0.0,0.019028199911117556,False,False
5.075,3.0324583053588867,18.4674015045166,2.887646436691284,2.2089815780275934,0.3436019526726723,0.9160000000000115,0.08399999999998853,0.0,725,679,0.23816667308042927,1.5,31.0,31,9.0,33.0,0.03843146562576294,40.217187045538545,21.17135387254928,0.0,0.0,0.0,-0.9522916586494633,1.0,0.34117767214775085,0.053326670080423355,0.04552692174911499,0.03898329997248907,0.037953381033613884,0.023856771488984428,0.02325109283750256,0.0,0.0,0.017303261756896973,False,False
5.08,2.934701919555664,18.522747039794922,2.8694863319396973,2.750415839238512,0.9085304192418412,0.9159000000000115,0.08409999999998852,0.0,677,634,0.3016527836570604,1.5,18.0,18,4.0,16.0,0.03847167640924454,36.86575479174366,19.407074383170173,0.0,0.0,0.0,-0.8729340204286744,1.0,0.34122851490974426,0.053184304386377335,0.04553252458572388,0.03857250841955304,0.03757637676472426,0.02391926944255829,0.023303617102404438,0.0,0.0,0.016174018383026123,False,False
5.085,2.866687536239624,18.647838592529297,2.842810869216919,-2.8689314976119262,0.5265567248351992,0.9158000000000115,0.0841999999999885,0.0,553,526,0.3598483850189721,1.5,34.0,34,2.0,26.0,0.038684580475091934,33.79360855909835,17.789818184572656,0.0,0.0,0.0,-0.8001895187262849,1.0,0.3410276174545288,0.05317702889442444,0.04553806781768799,0.03792273946742798,0.03698414824080304,0.023922640830278397,0.023279523787399135,0.0,0.0,0.01877727508544922,False,False
5.09,2.868529796600342,18.66580581665039,2.8228774070739746,3.0206950169041367,0.6854056267191783,0.9157000000000115,0.0842999999999885,0.0,577,548,0.7465276862673911,1.253472313732609,85.0,85,0.0,32.0,0.03862057998776436,30.97747451250682,24.6406666691916,0.0,0.0,0.0,-0.31684039216576104,1.0,0.34063613414764404,0.05349854752421379,0.04554349184036255,0.0377978693144392,0.03688700984511486,0.023914265912026167,0.023255330355217062,0.0,0.0,0.013719110488891604,False,False
5.095,2.8453946113586426,18.68199348449707,2.7924954891204834,2.4977019852276365,0.5002678052906234,0.9156000000000115,0.08439999999998848,0.0,554,514,0.7676503790784419,1.232349620921558,24.0,24,2.0,34.0,0.038547348231077194,28.39601830313125,22.587277780092297,0.0,0.0,0.0,-0.29043702615194766,1.0,0.34006044268608093,0.05339694768190384,0.04554891586303711,0.03764624015117646,0.03676931121355505,0.02392052828023831,0.023243401665240526,0.0,0.0,0.016078257560729982,False,False
5.1000000000000005,2.7740025520324707,18.74502944946289,2.7759435176849365,2.765663516148849,0.6423915837650606,0.9155000000000115,0.08449999999998847,0.0,511,487,1.120346180821905,0.8796538191780949,17.0,17,1.0,16.0,0.03847268596291542,26.02968344453698,29.038337965084605,0.0,0.0,0.0,0.1504327260273813,1.0,0.33930671215057373,0.05325116217136383,0.04555433988571167,0.03729002519138118,0.03644208947072388,0.023948186232397955,0.023259343579411507,0.0,0.0,0.02392106533050537,False,False
5.105,2.7764699459075928,18.749053955078125,2.7486040592193604,2.870219477387273,0.3061631105789906,0.9154000000000115,0.08459999999998846,0.0,564,531,1.1103173324200797,0.8896826675799204,22.0,22,1.0,25.0,0.038408368825912476,23.86054315749223,26.61847646799422,0.0,0.0,0.0,0.1378966655250995,1.0,0.33838096261024475,0.05312496796250343,0.04555964469909668,0.037188891610130274,0.036378411697223396,0.023894212984790407,0.023194410217305027,0.0,0.0,0.017695622444152834,False,False
5.11,2.680508613586426,18.795900344848633,2.7935361862182617,2.9364032312362665,0.8138720560316678,0.9153000000000115,0.08469999999998845,0.0,600,569,1.101124221385073,0.8988757786149271,32.0,32,3.0,25.0,0.03852174058556557,21.872164561034545,24.40027009566137,0.0,0.0,0.0,0.12640527673134122,1.0,0.33728912472724915,0.053065087646245956,0.04556483030319214,0.03700249535310974,0.03614583075667383,0.024106802884489298,0.0234159540074567,0.0,0.0,0.015261592864990237,False,False
5.115,2.6399338245391846,18.927671432495117,2.776301145553589,2.7496219682876157,0.9528274126754507,0.9152000000000116,0.08479999999998844,0.0,631,599,1.4260305362696502,0.5739694637303498,19.0,19,3.0,21.0,0.038815539330244064,20.049484180948333,30.700247587689585,0.0,0.0,0.0,0.5325381703370626,1.0,0.3371141850948334,0.05293644964694977,0.04557007551193237,0.036560877740227544,0.03572895491092118,0.024018180556595325,0.023318615276366472,0.0,0.0,0.016468385457992556,False,False
5.12,2.574763774871826,18.96927833557129,2.770843744277954,3.0211592838785823,0.8823393452655693,0.9151000000000116,0.08489999999998843,0.0,649,601,1.0571946582471792,0.9428053417528208,34.0,34,6.0,11.0,0.038765691220760345,26.712027165869305,28.141893622048784,0.0,0.0,0.0,0.07149332280897394,1.0,0.3366956114768982,0.05290786549448967,0.04557520151138306,0.03634994882345161,0.03553577265143357,0.024058197159320116,0.023350806441158056,0.0,0.0,0.015121016502380371,False,False
5.125,2.4439096450805664,18.918643951416016,2.8153693675994873,2.9792360409344445,0.9036068709054529,0.9150000000000116,0.08499999999998842,0.0,643,599,1.052428436726581,0.9475715632734191,49.0,49,6.0,19.0,0.038744065910577774,24.48602490204686,25.796735820211385,0.0,0.0,0.0,0.06553554590822622,1.0,0.3371715843677521,0.052946772426366806,0.045580267906188965,0.036323535206572076,0.03547340833442248,0.024452678238352142,0.02374962049846848,0.0,0.0,0.01939281225204468,False,False
5.13,2.403090000152588,18.888280868530273,2.8588852882385254,-2.93246406593496,0.43288548582177877,0.9149000000000116,0.08509999999998841,0.0,597,567,1.0480594003326993,0.9519405996673008,46.0,46,5.0,28.0,0.038678452372550964,22.44552282687629,23.64700783519377,0.0,0.0,0.0,0.060074250415874,1.0,0.33738210797309875,0.053016312420368195,0.04558539390563965,0.036390375446838256,0.035497046083521964,0.02466523554176092,0.023978037449220817,0.0,0.0,0.020191848278045654,False,False
5.135,2.3917582035064697,18.87958526611328,2.903747081756592,2.8221222409306854,0.8632018902003546,0.9148000000000116,0.0851999999999884,0.0,543,520,1.0440544503049742,0.9559455496950258,17.0,17,1.0,28.0,0.038599126040935516,20.575062591303265,21.67642384892762,0.0,0.0,0.0,0.055068062881217725,1.0,0.33738866448402405,0.052872683852910995,0.04559040069580078,0.03648402792261875,0.035547984986565626,0.02475009299814701,0.024085344436268013,0.0,0.0,0.02246675729751587,False,False
5.14,2.299818515777588,18.87403678894043,2.9326977729797363,2.9086203577833487,0.37962607941751875,0.9147000000000116,0.08529999999998839,0.0,619,576,1.040383246112893,0.959616753887107,29.0,29,2.0,22.0,0.03851152956485748,18.86047404202799,19.870055194850316,0.0,0.0,0.0,0.05047905764111622,1.0,0.3382751941680908,0.052827607840299606,0.04559534788131714,0.03639786662037135,0.03544449031601312,0.024959237780421972,0.024302431847900152,0.0,0.0,0.031129162311553958,False,False
5.1450000000000005,2.254312753677368,18.863704681396484,2.966702938079834,-2.7425535279802977,0.5751608652985846,0.9146000000000116,0.08539999999998837,0.0,645,616,1.0370179756034852,0.9629820243965148,51.0,51,2.0,20.0,0.038421645760536194,17.28876787185899,18.21421726194612,0.0,0.0,0.0,0.04627246950435655,1.0,0.33888205885887146,0.052915412932634354,0.045600295066833496,0.036448179073165714,0.03546432965404006,0.025097349037726722,0.02445713927348455,0.0,0.0,0.030234756469726565,False,False
5.15,2.1509575843811035,18.882911682128906,2.943976402282715,2.6799202386592853,0.5947459159888794,0.9145000000000116,0.08549999999998836,0.0,516,479,1.0339331443031947,0.9660668556968052,30.0,30,2.0,35.0,0.03836672753095627,15.84803721587074,16.69636582345061,0.0,0.0,0.0,0.042416430378993474,1.0,0.33927109837532043,0.052844878286123276,0.04560530185699463,0.036153593908063685,0.03520401962287687,0.025266194716095924,0.024602205958217382,0.0,0.0,0.020705511569976808,False,False
5.155,1.991366982460022,18.809112548828125,2.9223618507385254,2.9116778955438103,0.8490690600332803,0.9144000000000116,0.08559999999998835,0.0,598,560,1.0311053822779286,0.9688946177220715,14.0,14,2.0,25.0,0.03829493373632431,14.527367447881511,15.305002004829724,0.0,0.0,0.0,0.03888172784741064,1.0,0.33944934606552124,0.052692558616399765,0.04561007022857666,0.035942000069189434,0.035038361826445534,0.025613528365890186,0.024919845939924322,0.0,0.0,0.01586174845695496,False,False
5.16,1.8720086812973022,18.733352661132812,2.932584285736084,2.821644292690792,0.5414436786805447,0.9143000000000117,0.08569999999998834,0.0,607,579,1.0285132670881012,0.9714867329118989,31.0,31,6.0,18.0,0.03835262358188629,13.316753493891385,14.029585171093913,0.0,0.0,0.0,0.03564158386012641,1.0,0.33942368626594543,0.052620526403188705,0.04561483860015869,0.03596271460379125,0.03505596335356397,0.025897067971527576,0.025208742202570043,0.0,0.0,0.01678792953491211,False,False
5.165,1.7781445980072021,18.82217788696289,2.8974475860595703,-2.386055964121139,0.589813155229418,0.9142000000000117,0.08579999999998833,0.0,610,569,1.0261371614974262,0.9738628385025739,29.0,29,3.0,19.0,0.03843278810381889,12.207024036067102,12.860453073502754,0.0,0.0,0.0,0.032671451871782595,1.0,0.33920079469680786,0.052543748170137405,0.04561960697174072,0.035447991529944906,0.0345934392740015,0.025919067362944286,0.025203243518869083,0.0,0.0,0.01785636901855469,False,False
5.17,1.7461172342300415,18.92784881591797,2.854482412338257,2.574131764159303,0.6265567055100887,0.9141000000000117,0.08589999999998832,0.0,677,641,0.6906257313726407,1.3093742686273593,82.0,82,2.0,23.0,0.03853657469153404,19.52310536639484,11.788748650710858,0.0,0.0,0.0,-0.38671783578419916,1.0,0.3387872278690338,0.05289069563150406,0.045624375343322754,0.03496833181070748,0.034173213418883214,0.025829759736855827,0.02507954447840651,0.0,0.0,0.01960184931755066,False,False
5.175,1.769963264465332,18.940750122070312,2.8234059810638428,3.0032172179105423,0.6715796029222628,0.9140000000000117,0.08599999999998831,0.0,632,595,0.7164069204249206,1.2835930795750794,47.0,47,6.0,33.0,0.03847285360097885,26.2295132525286,19.139686263151617,0.0,0.0,0.0,-0.3544913494688492,1.0,0.3392665982246399,0.052955035120248795,0.04562920331954956,0.03490970822563357,0.03414287242153623,0.02577062152946989,0.024999214025835197,0.0,0.0,0.013199005126953125,False,False
5.18,1.716214656829834,18.986398696899414,2.791738986968994,-2.907683291825058,0.8184259093203371,0.9139000000000117,0.0860999999999883,0.0,588,553,1.0733730103895105,0.9266269896104895,21.0,21,3.0,21.0,0.03840291500091553,24.04372048148455,25.878045741222312,0.0,0.0,0.0,0.09171626298688818,1.0,0.3394789695739746,0.052836548537015915,0.04563385248184204,0.034651638809591156,0.03391943239606881,0.025777875756224,0.024985817726701498,0.0,0.0,0.023746056556701662,False,False
5.1850000000000005,1.6752225160598755,19.034624099731445,2.760216236114502,-2.4746544271414157,0.5574374009197032,0.9138000000000117,0.08619999999998829,0.0,706,668,1.4005919261903848,0.5994080738096152,35.0,35,1.0,29.0,0.038348179310560226,22.040077108027504,32.05487526278712,0.0,0.0,0.0,0.5007399077379808,1.0,0.33948585391044617,0.05279367044568062,0.045638442039489746,0.03436413861128155,0.03367553163832017,0.025708716517935198,0.02490282990038395,0.0,0.0,0.03757585287094116,False,False
5.19,1.664115309715271,19.039464950561523,2.7454562187194824,2.396214473441448,0.6627793907382975,0.9137000000000117,0.08629999999998827,0.0,689,656,1.5,0.29945740099214735,48.0,48,7.0,26.0,0.03841690346598625,20.203404015691877,37.71696899088819,0.0,0.0,0.0,0.8756782487598157,1.0,0.3392939567565918,0.05286625400185585,0.045643150806427,0.034297709405732284,0.033626254820885396,0.025714797278245292,0.024898965687801443,0.0,0.0,0.013965598344802857,False,False
5.195,1.5678119659423828,19.13933753967285,2.7599430084228516,2.7406894274005884,0.6877434538932964,0.9136000000000117,0.08639999999998826,0.0,617,582,1.5,0.3578359509094684,32.0,32,5.0,28.0,0.038389891386032104,18.51978701438422,34.57388824164751,0.0,0.0,0.0,0.8027050613631644,1.0,0.339987188577652,0.05280072242021561,0.04564791917800903,0.033954086367040504,0.03327061340818146,0.02581781397263209,0.024999505064139765,0.0,0.0,0.024667041301727297,False,False
5.2,1.4832332134246826,19.277629852294922,2.7364823818206787,2.695477724143916,0.5755163343928523,0.9135000000000117,0.08649999999998825,0.0,595,560,1.5,0.4113496216670126,23.0,23,1.0,26.0,0.03831036388874054,16.9764714298522,31.692730888176882,0.0,0.0,0.0,0.7358129729162342,1.0,0.34040576219558716,0.052702706307172775,0.04565232992172241,0.033494645779331166,0.03284407904247408,0.025772987864911556,0.02493857483689984,0.0,0.0,0.014939837455749514,False,False
5.205,1.3569501638412476,19.31351661682129,2.763713836669922,3.086308374714435,0.4880148494271113,0.9134000000000118,0.08659999999998824,0.0,521,497,1.5,0.4604038198614282,42.0,42,0.0,25.0,0.03821931779384613,15.561765477364515,29.05166998082881,0.0,0.0,0.0,0.6744952251732147,1.0,0.34061139822006226,0.05267464742064476,0.04565697908401489,0.03329101318260619,0.032629178283580536,0.026027951389551163,0.025190042797476053,0.0,0.0,0.011716005802154542,False,False
5.21,1.2310785055160522,19.28025245666504,2.791842222213745,2.9663309164224643,0.7561033329458102,0.9133000000000118,0.08669999999998823,0.0,530,503,1.4946298317936906,0.5053701682063093,36.0,36,3.0,30.0,0.03813103958964348,14.264951687584139,26.630697482426406,0.0,0.0,0.0,0.6182872897421133,1.0,0.3406110405921936,0.052659712731838226,0.0456615686416626,0.0331890848251056,0.032509029118343837,0.026422319933772087,0.02557960261280338,0.0,0.0,0.01882195353507996,False,False
5.215,1.2408242225646973,19.256221771240234,2.817323923110962,2.9556709160734105,0.4460315130653325,0.9132000000000118,0.08679999999998822,0.0,584,545,1.4534106791442165,0.5465893208557835,19.0,19,3.0,39.0,0.038049664348363876,13.076205713618794,24.411472692224205,0.0,0.0,0.0,0.5667633489302706,1.0,0.3404114246368408,0.0525384321808815,0.04566603899002075,0.03327137067184437,0.03256348460043435,0.02650522782156865,0.025675466749817133,0.0,0.0,0.01326557993888855,False,False
5.22,1.2094850540161133,19.224693298339844,2.8479843139648438,2.832157612569959,0.7228318732441056,0.9131000000000118,0.08689999999998821,0.0,608,577,1.4156264558821983,0.5843735441178016,26.0,26,0.0,40.0,0.037970833480358124,20.319855237483893,30.710516634538852,0.0,0.0,0.0,0.5195330698527479,1.0,0.3400191366672516,0.052454374730587006,0.04567056894302368,0.03331954270601237,0.03258880942811533,0.026638939355810486,0.02581958193331957,0.0,0.0,0.014026851654052735,False,False
5.2250000000000005,1.1133787631988525,19.21439552307129,2.8577558994293213,2.816039928019717,0.7072049384099905,0.9130000000000118,0.0869999999999882,0.0,628,593,1.5,0.2856757487746515,31.0,31,4.0,30.0,0.03794432058930397,18.626533967693568,36.48464024832728,0.0,0.0,0.0,0.8929053140316856,1.0,0.33944061398506165,0.0523894838988781,0.04567497968673706,0.03319575449777731,0.032465984795242195,0.02686014088491599,0.026034630524615448,0.0,0.0,0.02306001901626587,False,False
5.23,1.0688098669052124,19.233369827270508,2.8720996379852295,-2.438424029225965,0.5824079965076376,0.9129000000000118,0.08709999999998819,0.0,626,598,1.5,0.3452027697100971,34.0,34,2.0,22.0,0.03832573443651199,17.074322803719102,33.44425356096667,0.0,0.0,0.0,0.8184965378623785,1.0,0.3386821448802948,0.052349936217069626,0.04567939043045044,0.03312889762533172,0.032389252819120536,0.026957574300467968,0.02613525992880265,0.0,0.0,0.020925915241241454,False,False
5.235,0.9678030610084534,19.2204647064209,2.8272273540496826,-3.0047946722605343,0.663846933518282,0.9128000000000118,0.08719999999998818,0.0,576,552,1.2668974610990775,0.7331025389009225,23.0,23,4.0,33.0,0.03859049081802368,23.984795903409175,30.657232430886115,0.0,0.0,0.0,0.33362182637384696,1.0,0.33774980902671814,0.05225523188710213,0.04568380117416382,0.03286775063024798,0.03218124322934662,0.02711281335602204,0.02625228526691596,0.0,0.0,0.01789052724838257,False,False
5.24,0.8112984895706177,19.127765655517578,2.81659197807312,2.853517159932235,0.611041539447106,0.9127000000000118,0.08729999999998816,0.0,665,619,1.2446560060074878,0.7553439939925123,46.0,46,7.0,36.0,0.03854640573263168,21.98606291145841,28.102463061645604,0.0,0.0,0.0,0.30582000750935967,1.0,0.3377268314361572,0.05231822282075882,0.04568803310394287,0.032769115660339236,0.03211032060161198,0.027545015327632427,0.026659409826000534,0.0,0.0,0.020622210502624513,False,False
5.245,0.732430636882782,19.112600326538086,2.817671537399292,-2.936510346698833,0.6955879680326552,0.9126000000000118,0.08739999999998815,0.0,672,629,1.2242680055068638,0.7757319944931362,56.0,56,2.0,38.0,0.03846098855137825,20.15389100217021,25.760591139841804,0.0,0.0,0.0,0.28033500688357976,1.0,0.33745285868644714,0.052474021911621094,0.0456923246383667,0.03273693926663413,0.03207437064653849,0.027689014871915184,0.026803892105817795,0.0,0.0,0.020673949718475342,False,False
5.25,0.7093549370765686,19.237781524658203,2.752849578857422,-3.0608552592844376,0.8239890664306457,0.9125000000000119,0.08749999999998814,0.0,570,539,1.2055790050479585,0.7944209949520415,34.0,34,2.0,29.0,0.03836997225880623,18.474400085322692,23.613875211521652,0.0,0.0,0.0,0.256973756309948,1.0,0.33698904514312744,0.0524551086127758,0.0456966757774353,0.032267394628996304,0.031673657049114165,0.0274577954163154,0.02653729015340408,0.0,0.0,0.019198439121246337,False,False
5.255,0.7166130542755127,19.326688766479492,2.696770668029785,-2.9770287861395417,0.6611920389863402,0.9124000000000119,0.08759999999998813,0.0,511,472,1.1884474212939617,0.8115525787060381,15.0,15,2.0,32.0,0.03827730193734169,16.934866744879134,21.64605227722818,0.0,0.0,0.0,0.23555927661745227,1.0,0.3374190032482147,0.052285294979810715,0.045700907707214355,0.03194648626958917,0.03141123807290535,0.027240985073149204,0.026294104754924774,0.0,0.0,0.022998945713043215,False,False
5.26,0.6788929104804993,19.3297061920166,2.663581132888794,2.456283777393626,0.6507866601531351,0.9123000000000119,0.08769999999998812,0.0,566,539,1.1727434695194652,0.8272565304805349,18.0,18,0.0,29.0,0.03824412450194359,15.523627849472538,19.842214587459164,0.0,0.0,0.0,0.2159293368993313,1.0,0.3375827372074127,0.05214961990714073,0.04570496082305908,0.03182269577744072,0.03132098127528991,0.027284561656415462,0.02631661326934894,0.0,0.0,0.02197617530822754,False,False
5.265,0.5345099568367004,19.401859283447266,2.6141397953033447,-2.6722954213853836,0.3109712062469939,0.9122000000000119,0.08779999999998811,0.0,642,605,1.158348180392843,0.841651819607157,30.0,30,5.0,18.0,0.03817375749349594,14.229992195349826,18.1886967051709,0.0,0.0,0.0,0.19793522549105375,1.0,0.3375418186187744,0.05210208147764206,0.045709192752838135,0.03136491797305609,0.030923361592925747,0.027331234887242317,0.026339280884712934,0.0,0.0,0.02582049608230591,False,False
5.2700000000000005,0.44652241468429565,19.490158081054688,2.5677638053894043,-2.8464469050903953,0.510715268152071,0.9121000000000119,0.0878999999999881,0.0,624,595,1.1451524986934394,0.8548475013065606,30.0,30,2.0,22.0,0.038101304322481155,13.044159512404008,16.67297197973999,0.0,0.0,0.0,0.18144062336679917,1.0,0.33730292320251465,0.05202879756689072,0.04571324586868286,0.030998826459049843,0.030604412587359214,0.027211951091885567,0.026213032348702352,0.0,0.0,0.030134296417236327,False,False
5.275,0.40011918544769287,19.587806701660156,2.569350242614746,2.5849320973988674,0.8240630017437504,0.9120000000000119,0.08799999999998809,0.0,696,645,0.7997231238023195,1.2002768761976805,28.0,28,4.0,19.0,0.03801310062408447,20.290479553037006,15.283557648094991,0.0,0.0,0.0,-0.2503460952471007,1.0,0.3368726074695587,0.05194244533777237,0.04571735858917236,0.03072867997270044,0.030334179183778336,0.027172196035583816,0.02616893034428358,0.0,0.0,0.023469440937042237,False,False
5.28,0.3486950099468231,19.742481231689453,2.5579850673675537,2.865437874351427,0.5808773897139268,0.9119000000000119,0.08809999999998808,0.0,684,648,0.8164128634854595,1.1835871365145405,45.0,45,6.0,26.0,0.03810015693306923,18.599606256950587,14.009927844087075,0.0,0.0,0.0,-0.22948392064317558,1.0,0.33625727891921997,0.05199596285820007,0.04572129249572754,0.03035511364539431,0.02996946305036512,0.02706553942213456,0.02605430859451493,0.0,0.0,0.012923235893249512,False,False
5.285,0.27196937799453735,19.863744735717773,2.5504608154296875,2.9467877077079625,0.839747633872061,0.9118000000000119,0.08819999999998807,0.0,577,542,0.19999999999999996,1.5,22.0,22,5.0,21.0,0.038123659789562225,33.716305735538036,12.842433857079818,0.0,0.0,0.0,-1.0,1.0,0.33654046058654785,0.05188734456896782,0.045725345611572266,0.030059994198381575,0.029688812890089723,0.027026111880938213,0.026009446009993553,0.0,0.0,0.010676811933517456,False,False
5.29,0.16636432707309723,19.904848098754883,2.589900255203247,2.7633492713650583,0.9130084407427533,0.911700000000012,0.08829999999998805,0.0,585,556,0.2346246977898654,1.5,20.0,20,2.0,30.0,0.0380689762532711,30.906613590909863,11.7722310356565,0.0,0.0,0.0,-0.9567191277626682,1.0,0.33656206727027893,0.0517549104988575,0.04572939872741699,0.02990328299098926,0.029507663327268934,0.02728702500462532,0.02626466021562616,0.0,0.0,0.018753000497817994,False,False
5.295,0.12303023785352707,19.88434600830078,2.629918098449707,2.701487989022078,0.5148024474496642,0.911600000000012,0.08839999999998804,0.0,591,555,0.29840597297404325,1.5,51.0,51,2.0,26.0,0.03810465335845947,28.331062458334042,10.791211782685124,0.0,0.0,0.0,-0.8769925337824459,1.0,0.3374607563018799,0.051861200481653214,0.04573333263397217,0.02988779872376439,0.02945518498836674,0.027523717532555263,0.026502983334163826,0.0,0.0,0.01814644694328308,False,False
5.3,0.14463770389556885,19.820587158203125,2.669105291366577,2.7532312123906753,0.8443590092015639,0.911500000000012,0.08849999999998803,0.0,561,531,0.3568721418928731,1.5,56.0,56,0.0,19.0,0.038023583590984344,25.970140586806203,9.89194413412803,0.0,0.0,0.0,-0.8039098226339085,1.0,0.33807697892189026,0.05203238129615784,0.04573732614517212,0.030052962385117676,0.029583226148038776,0.027669301877419155,0.02665821462869644,0.0,0.0,0.011699426174163818,False,False
5.305,0.09061666578054428,19.776290893554688,2.7001516819000244,2.499617902607148,0.9985457341160023,0.911400000000012,0.08859999999998802,0.0,542,503,0.410466130068467,1.5,44.0,44,3.0,20.0,0.03798116743564606,23.805962204572353,9.067615456284027,0.0,0.0,0.0,-0.7369173374144162,1.0,0.3384726643562317,0.05209095776081085,0.04574120044708252,0.03007803948906528,0.029587927755588963,0.027901361075540386,0.026891285864015423,0.0,0.0,0.02104736089706421,False,False
5.3100000000000005,0.042829643934965134,19.772340774536133,2.731339931488037,2.512302858887408,0.9996438623687768,0.911300000000012,0.08869999999998801,0.0,635,599,0.7929272858960947,1.2070727141039053,22.0,22,5.0,17.0,0.037898894399404526,21.82213202085799,16.645314168260356,0.0,0.0,0.0,-0.25884089262988164,1.0,0.3386549651622772,0.05197129398584366,0.045745134353637695,0.03007195194127626,0.0295587776849664,0.02807506204893192,0.0270700299491485,0.0,0.0,0.03401624917984009,False,False
5.315,-0.00484484015032649,19.798324584960938,2.746964454650879,-2.711084711379587,0.5393507588167525,0.911200000000012,0.088799999999988,0.0,569,539,0.8101833454047535,1.1898166545952467,25.0,25,1.0,19.0,0.03781659156084061,20.003621019119823,15.258204654238659,0.0,0.0,0.0,-0.2372708182440582,1.0,0.3386307954788208,0.051893558353185654,0.045748889446258545,0.03001547209219974,0.02948982159234551,0.028193298106392227,0.027188354482253395,0.0,0.0,0.01756866931915283,False,False
5.32,-0.1798354983329773,19.810527801513672,2.7112743854522705,-3.054683750814268,0.3632230751274909,0.911100000000012,0.08889999999998799,0.0,582,538,0.8260013999543574,1.1739986000456426,24.0,24,2.0,28.0,0.03773558884859085,18.336652600859836,13.98668759971877,0.0,0.0,0.0,-0.21749825005705326,1.0,0.3384069502353668,0.051783327013254166,0.045752763748168945,0.029649176741639447,0.029169945610065934,0.028436134258906048,0.027396070460478466,0.0,0.0,0.010630203485488893,False,False
5.325,-0.40154656767845154,19.772315979003906,2.7158150672912598,2.9685284439278754,0.8360148182920516,0.911000000000012,0.08899999999998798,0.0,632,602,0.8405012832914943,1.1594987167085058,42.0,42,10.0,29.0,0.03792634606361389,25.14193155078818,21.154463633075537,0.0,0.0,0.0,-0.19937339588563213,1.0,0.33906733989715576,0.051792219281196594,0.045756638050079346,0.029430164822532162,0.028960398714833885,0.02893655405690273,0.02787885100891193,0.0,0.0,0.017639962434768678,False,False
5.33,-0.5180675983428955,19.807430267333984,2.698091745376587,2.490252872460664,0.9987882859829034,0.910900000000012,0.08909999999998797,0.0,665,627,1.1871261763505363,0.8128738236494637,62.0,62,0.0,17.0,0.03798721358180046,23.046770588222497,27.724924996985905,0.0,0.0,0.0,0.2339077204381704,1.0,0.33945220708847046,0.05194946378469467,0.045760393142700195,0.029196967324241676,0.028744391198269707,0.029040472581982613,0.027975753570596378,0.0,0.0,0.015648912191390994,False,False
5.335,-0.5431137084960938,19.923765182495117,2.6280550956726074,0.9622696610402889,0.0910306813316444,0.910800000000012,0.08919999999998796,0.0,581,554,1.1715323283213248,0.8284676716786751,30.0,30,3.0,24.0,0.03793496638536453,21.12620637253729,25.414514580570412,0.0,0.0,0.0,0.2144154104016561,1.0,0.3396233320236206,0.05188775807619095,0.045764148235321045,0.02884020378650134,0.028449105294343392,0.028714784421026707,0.027632808002332847,0.0,0.0,0.012803786993026733,False,False
5.34,-0.502929151058197,19.943571090698242,2.591932773590088,2.891989565982887,0.8810807730065535,0.910700000000012,0.08929999999998794,0.0,515,489,1.1572379676278812,0.8427620323721189,10.0,10,2.0,24.0,0.03785339370369911,19.36568917482585,23.296638365522877,0.0,0.0,0.0,0.1965474595348514,1.0,0.3395876884460449,0.05171705037355423,0.04576784372329712,0.028788055852365674,0.028428196140875106,0.028602671809494495,0.02749859510610501,0.0,0.0,0.011428542137145998,False,False
5.345,-0.4895070791244507,19.977436065673828,2.5619969367980957,2.446118953213462,0.3359283827006545,0.9106000000000121,0.08939999999998793,0.0,558,518,1.1441348036588912,0.8558651963411088,26.0,26,3.0,15.0,0.037784725427627563,17.75188174359036,21.35525183506264,0.0,0.0,0.0,0.18016850457361394,1.0,0.3393520712852478,0.051616083830595016,0.04577159881591797,0.028710435010958147,0.028372681807027816,0.028479251389702163,0.027367256892224155,0.0,0.0,0.014837118387222289,False,False
5.3500000000000005,-0.5584554672241211,20.047090530395508,2.5420472621917725,2.448115855491562,0.5014613688757661,0.9105000000000121,0.08949999999998792,0.0,578,542,1.1321235700206502,0.8678764299793498,45.0,45,0.0,10.0,0.03785694018006325,16.27255826495783,19.575647515474085,0.0,0.0,0.0,0.16515446252581273,1.0,0.33892306685447693,0.0516410693526268,0.04577529430389404,0.02847599565905177,0.028157508813775763,0.02844730857759714,0.027328520081937313,0.0,0.0,0.02234548091888428,False,False
5.355,-0.5987271666526794,20.059532165527344,2.522794723510742,2.58164030601002,0.9999999999999999,0.9104000000000121,0.08959999999998791,0.0,481,458,1.1211132725189294,0.8788867274810706,21.0,21,0.0,15.0,0.037927716970443726,14.91651174287801,17.944343555851244,0.0,0.0,0.0,0.15139159064866173,1.0,0.3383071720600128,0.05152221769094467,0.045778870582580566,0.02838116094237162,0.028081965137583206,0.0284217344596982,0.027302688298126064,0.0,0.0,0.014632338285446167,False,False
5.36,-0.6676164865493774,20.136215209960938,2.5751421451568604,2.790626171361759,0.8872976788240109,0.9103000000000121,0.0896999999999879,0.0,562,530,1.1110204998090185,0.8889795001909815,14.0,14,3.0,16.0,0.03789947181940079,13.673469097638176,16.44898159286364,0.0,0.0,0.0,0.13877562476127317,1.0,0.3375106751918793,0.051386550068855286,0.04578256607055664,0.028202151000499415,0.027862534005194596,0.028593665920197964,0.027472053964932762,0.0,0.0,0.022564947605133057,False,False
5.365,-0.693788468837738,20.31293487548828,2.5574111938476562,2.891249976009398,0.3644723886432929,0.9102000000000121,0.08979999999998789,0.0,659,624,1.1017687914916003,0.8982312085083997,28.0,28,7.0,29.0,0.037926167249679565,12.53401333950166,15.078233126791668,0.0,0.0,0.0,0.12721098936450037,1.0,0.33653968572616577,0.05129922181367874,0.04578602313995361,0.027865531758715402,0.0275381651186226,0.02830089069902897,0.027184877544641495,0.0,0.0,0.015580564737319946,False,False
5.37,-0.7540982961654663,20.40086555480957,2.55488920211792,2.7428261414931825,0.7536166707874308,0.9101000000000121,0.08989999999998788,0.0,622,586,1.0932880588673004,0.9067119411326997,37.0,37,5.0,32.0,0.03783875331282616,11.48951222787652,13.821713699559028,0.0,0.0,0.0,0.11661007358412538,1.0,0.33647751808166504,0.05129159986972809,0.04578965902328491,0.027682931476117115,0.027363230692998515,0.028250544952849548,0.02713335988422235,0.0,0.0,0.016377209424972537,False,False
5.375,-0.8903184533119202,20.371173858642578,2.6072113513946533,-3.1049441739554227,0.43105010923510445,0.9100000000000121,0.08999999999998787,0.0,679,631,1.0855140539616919,0.914485946038308,47.0,47,2.0,35.0,0.037786029279232025,10.532052875553477,12.669904224595776,0.0,0.0,0.0,0.10689256745211492,1.0,0.33616381883621216,0.05139283835887909,0.045793116092681885,0.027600847069406576,0.027246492801233826,0.02876762766391039,0.02763240287701289,0.0,0.0,0.01609654426574707,False,False
5.38,-0.9359796047210693,20.317930221557617,2.644667148590088,2.837990031057774,0.7166307644984264,0.9099000000000121,0.09009999999998786,0.0,618,580,0.4117212161315511,1.5,26.0,26,9.0,31.0,0.03793051838874817,26.32104846925735,11.614078872546127,0.0,0.0,0.0,-0.7353484798355611,1.0,0.3356597423553467,0.051350951194763184,0.04579669237136841,0.027643503807484798,0.02726144088276942,0.02908908141156038,0.02794827800244093,0.0,0.0,0.01651203274726868,False,False
5.385,-0.9321209788322449,20.303220748901367,2.6858081817626953,3.0039983371869203,0.5452505289834678,0.9098000000000122,0.09019999999998785,0.0,624,598,0.4607444481205887,1.5,33.0,33,1.0,23.0,0.03808864578604698,24.1276277634859,10.646238966500617,0.0,0.0,0.0,-0.6740694398492642,1.0,0.33604896068573,0.051308054476976395,0.045800209045410156,0.027702618094704118,0.027291772900692193,0.029192911460995674,0.028063207864761353,0.0,0.0,0.014774184226989747,False,False
5.39,-1.0038474798202515,20.3090877532959,2.7267966270446777,-2.8272254823198013,0.5450253139644735,0.9097000000000122,0.09029999999998783,0.0,670,635,0.8390157441105396,1.1609842558894605,73.0,73,1.0,22.0,0.0380263552069664,22.116992116528742,18.09238571929223,0.0,0.0,0.0,-0.20123031986182555,1.0,0.33617153763771057,0.05158614367246628,0.045803725719451904,0.027660050061065398,0.02722397689381584,0.029429978070159755,0.02830354031175375,0.0,0.0,0.021831440925598144,False,False
5.3950000000000005,-1.0578771829605103,20.305585861206055,2.782360792160034,2.528098012447446,0.9985669538011216,0.9096000000000122,0.09039999999998782,0.0,674,637,0.8524310987679946,1.1475689012320054,36.0,36,7.0,15.0,0.03811916708946228,20.273909440151346,16.584686909351213,0.0,0.0,0.0,-0.18446112654000668,1.0,0.33608898520469666,0.05155797675251961,0.0458071231842041,0.02769841211397791,0.02722245890429834,0.02974259356657664,0.028626318089663982,0.0,0.0,0.026378972530364992,False,False
5.4,-1.0848840475082397,20.342931747436523,2.7660648822784424,3.1187130155095115,0.9323744897791673,0.9095000000000122,0.09049999999998781,0.0,602,568,0.8647285072039951,1.135271492796005,17.0,17,5.0,14.0,0.03831247612833977,18.5844169868054,15.202629666905278,0.0,0.0,0.0,-0.16908936599500618,1.0,0.33580806851387024,0.051424283534288406,0.045810699462890625,0.027587223432957816,0.02712466689944237,0.029683272975186508,0.02855977974832058,0.0,0.0,0.02047067165374756,False,False
5.405,-1.2420302629470825,20.299039840698242,2.779188394546509,-2.7962107733812678,0.15312689317750294,0.9094000000000122,0.0905999999999878,0.0,593,561,0.8760011316036621,1.1239988683963378,63.0,63,0.0,19.0,0.038218941539525986,17.035715571238285,13.935743861329838,0.0,0.0,0.0,-0.15499858549542234,1.0,0.33641260862350464,0.05160089209675789,0.0458141565322876,0.02744859418831735,0.026990886229322924,0.030076128120223682,0.02893654008706411,0.0,0.0,0.018855711221694948,False,False
5.41,-1.3631387948989868,20.245849609375,2.7827258110046387,2.907977526819072,0.8316386776905643,0.9093000000000122,0.09069999999998779,0.0,520,485,0.8863343706366903,1.1136656293633098,58.0,58,0.0,19.0,0.03811954706907272,15.616072606968427,12.774431872885684,0.0,0.0,0.0,-0.14208203670413716,1.0,0.33674293756484985,0.05174187198281288,0.045817673206329346,0.027416292197225932,0.02695904080554192,0.030457962614794575,0.029302157151202362,0.0,0.0,0.0147403085231781,False,False
5.415,-1.4348758459091187,20.349838256835938,2.7516634464263916,2.8156029368917155,0.516023547894174,0.9092000000000122,0.09079999999998778,0.0,492,465,0.895806506416966,1.104193493583034,20.0,20,2.0,26.0,0.03802720084786415,14.314733223054391,11.709895883478543,0.0,0.0,0.0,-0.13024186697879242,1.0,0.3368607461452484,0.05160769447684288,0.045821189880371094,0.027106888042684966,0.026676730802127173,0.030294841465850673,0.02912972743312518,0.0,0.0,0.017282283306121825,False,False
5.42,-1.4382343292236328,20.451108932495117,2.7182488441467285,-2.9338448779899213,0.7240768977632129,0.9091000000000122,0.09089999999998777,0.0,566,530,0.5711559642155524,1.4288440357844476,16.0,16,2.0,37.0,0.0379372276365757,21.455172121133188,10.734071226521998,0.0,0.0,0.0,-0.5360550447305595,1.0,0.33677297830581665,0.05145251750946045,0.045824646949768066,0.026863778483122287,0.026461621122434442,0.0300455108905832,0.028868791026373707,0.0,0.0,0.01830089569091797,False,False
5.425,-1.4112963676452637,20.446102142333984,2.6879758834838867,-2.8968751563257817,0.5224927095811789,0.9090000000000122,0.09099999999998776,0.0,654,613,0.6068929671975896,1.3931070328024104,21.0,21,2.0,32.0,0.03787305951118469,19.667241111038756,9.839565290978497,0.0,0.0,0.0,-0.49138379100301294,1.0,0.3364863991737366,0.05133870616555214,0.045828044414520264,0.026864703726333577,0.026481207759041666,0.02996799536049366,0.028778997560342155,0.0,0.0,0.014282443523406982,False,False
5.43,-1.4814802408218384,20.50506591796875,2.6680610179901123,2.3996873099480815,0.497735158494093,0.9089000000000123,0.09109999999998775,0.0,653,621,0.6396518865977905,1.3603481134022095,30.0,30,6.0,25.0,0.037880413234233856,18.028304351785525,9.019601516730289,0.0,0.0,0.0,-0.45043514175276184,1.0,0.33708488941192627,0.05127304419875145,0.04583144187927246,0.026675908397106776,0.026307614136021288,0.029966339158515137,0.028765217090646427,0.0,0.0,0.018727787733078004,False,False
5.4350000000000005,-1.5643467903137207,20.553401947021484,2.646191120147705,2.9754139166803317,0.5996324565336297,0.9088000000000123,0.09119999999998774,0.0,603,565,0.6696808960479748,1.3303191039520252,45.0,45,3.0,25.0,0.03782754763960838,16.525945655803397,8.267968057002765,0.0,0.0,0.0,-0.4128988799400316,1.0,0.33740872144699097,0.051316313445568085,0.045834898948669434,0.026484544366132172,0.02613577839103498,0.029965238645672798,0.028754269393781822,0.0,0.0,0.029212243556976318,False,False
5.44,-1.5866771936416626,20.54759407043457,2.651473045349121,2.865008320903445,0.9232430669823176,0.9087000000000123,0.09129999999998772,0.0,605,570,0.6972074880439768,1.302792511956023,53.0,53,3.0,14.0,0.0380571074783802,15.14878351781978,7.578970718919201,0.0,0.0,0.0,-0.37849063994502896,1.0,0.33751964569091797,0.05142573267221451,0.04583829641342163,0.026458346210419835,0.02611008688807458,0.03001492780943712,0.028804470784962177,0.0,0.0,0.01875119686126709,False,False
5.445,-1.68553626537323,20.683996200561523,2.686466693878174,3.070783006229694,0.49852100503239616,0.9086000000000123,0.09139999999998771,0.0,629,597,0.7224401973736454,1.2775598026263546,42.0,42,3.0,20.0,0.03798116743564606,13.886384891334798,6.947389825675933,0.0,0.0,0.0,-0.3469497532829432,1.0,0.3374246060848236,0.05144437775015831,0.04584169387817383,0.026193126384711843,0.025820330892534018,0.030102125989894073,0.028890790417790413,0.0,0.0,0.024008398056030274,False,False
5.45,-1.7257187366485596,20.859283447265625,2.6665117740631104,-2.9294607266205213,0.8162248680753135,0.9085000000000123,0.0914999999999877,0.0,580,548,0.7455701809258417,1.2544298190741583,17.0,17,4.0,21.0,0.038188617676496506,12.72918615039023,6.368440673536272,0.0,0.0,0.0,-0.3180372738426979,1.0,0.3371303975582123,0.051311396062374115,0.045844972133636475,0.02590354836825252,0.025548664059955338,0.029763076454401016,0.02856021902213494,0.0,0.0,0.01980798125267029,False,False
5.455,-1.809180498123169,20.883272171020508,2.7049248218536377,-2.926353416307671,0.6974825107429732,0.9084000000000123,0.09159999999998769,0.0,628,588,0.7667726658486882,1.2332273341513118,24.0,24,1.0,33.0,0.038108017295598984,11.66842063785771,5.837737284074915,0.0,0.0,0.0,-0.29153416768913976,1.0,0.33664363622665405,0.051203519105911255,0.045848190784454346,0.02585567767809427,0.025483751621407483,0.029979368361334007,0.02877424005419016,0.0,0.0,0.01941884517669678,False,False
5.46,-1.9172073602676392,20.82118797302246,2.766946315765381,-3.0058410863324974,0.36901661448417217,0.9083000000000123,0.09169999999998768,0.0,759,717,0.7862082770279641,1.2137917229720359,40.0,40,4.0,24.0,0.0380452498793602,19.0293855847029,13.684592510402005,0.0,0.0,0.0,-0.26723965371504477,1.0,0.33597075939178467,0.051214154809713364,0.04585152864456177,0.025862983092975824,0.025451734381417148,0.030579686475296818,0.029366210413475834,0.0,0.0,0.02025071382522583,False,False
5.465,-1.926518201828003,20.776094436645508,2.8034188747406006,-2.987699286548717,0.6044319843130012,0.9082000000000123,0.09179999999998767,0.0,665,638,0.8040242539423005,1.1959757460576994,40.0,40,6.0,33.0,0.03805159777402878,17.443603452644325,12.544209801201838,0.0,0.0,0.0,-0.24496968257212437,1.0,0.33619534969329834,0.05121026560664177,0.04585474729537964,0.025929389933589557,0.025493469152133626,0.030815759673714638,0.029608639888465405,0.0,0.0,0.0182615602016449,False,False
5.47,-1.9416773319244385,20.765104293823242,2.8304295539855957,-3.0901046590641017,0.5583863645464373,0.9081000000000123,0.09189999999998766,0.0,725,678,0.8203555661137755,1.1796444338862246,37.0,37,6.0,21.0,0.03800574690103531,15.989969831590631,11.498858984435017,0.0,0.0,0.0,-0.2245555423577807,1.0,0.3361573815345764,0.05121130123734474,0.04585796594619751,0.025940441919179963,0.025491561687395935,0.0309054475898544,0.02970665382842223,0.0,0.0,0.0212060546875,False,False
5.4750000000000005,-2.041196584701538,20.783817291259766,2.847569227218628,2.9894582729384243,0.5075383225927208,0.9080000000000124,0.09199999999998765,0.0,574,545,0.8353259356042941,1.1646740643957059,38.0,38,2.0,16.0,0.03794250637292862,14.657472345624745,10.540620735732098,0.0,0.0,0.0,-0.20584258049463236,1.0,0.33699554204940796,0.05119016766548157,0.045861244201660156,0.025836908254461693,0.02538181680068345,0.031148738538225494,0.029942640103399754,0.0,0.0,0.016614975929260256,False,False
5.48,-2.1122984886169434,20.814939498901367,2.87552809715271,2.8458193608291005,0.8606877434825794,0.9079000000000124,0.09209999999998764,0.0,541,506,0.8490487743039362,1.1509512256960637,35.0,35,2.0,29.0,0.03785328194499016,13.436016316822682,9.662235674421089,0.0,0.0,0.0,-0.18868903212007967,1.0,0.3375503420829773,0.05116980895400047,0.04586440324783325,0.025767891807481357,0.025298427389934375,0.03134326233218114,0.03014213095108668,0.0,0.0,0.012833510637283326,False,False
5.485,-2.184725522994995,20.819408416748047,2.847350597381592,2.7529040572510466,0.48976482318471565,0.9078000000000124,0.09219999999998763,0.0,598,564,0.8616280431119416,1.1383719568880584,23.0,23,3.0,34.0,0.03778831660747528,12.316348290420791,8.85704936821933,0.0,0.0,0.0,-0.17296494611007301,1.0,0.33788377046585083,0.051085036247968674,0.04586762189865112,0.02563489787986784,0.025187569127107377,0.03137873330463966,0.030153078647951286,0.0,0.0,0.024113116264343263,False,False
5.49,-2.3084638118743896,20.764122009277344,2.885956287384033,3.0168015920756943,0.8897211935175231,0.9077000000000124,0.09229999999998761,0.0,558,521,1.5,0.4601742938140536,33.0,33,3.0,28.0,0.03770064190030098,11.289985932885724,24.785628587534383,0.0,0.0,0.0,0.6747821327324329,1.0,0.338003009557724,0.05102046951651573,0.045870840549468994,0.025608423937422246,0.025146809318723495,0.0318639228741328,0.030634187472363315,0.0,0.0,0.015853174924850465,False,False
5.495,-2.4753217697143555,20.76260757446289,2.8855247497558594,2.8513554741341522,0.8888985955098391,0.9076000000000124,0.0923999999999876,0.0,566,528,1.494840230670451,0.5051597693295491,42.0,42,5.0,24.0,0.03762778639793396,10.349153771811913,22.720159538573185,0.0,0.0,0.0,0.6185502883380636,1.0,0.33791500329971313,0.05105502903461456,0.045873939990997314,0.02544415449490742,0.024988855634350046,0.03222925588488579,0.030978680588304996,0.0,0.0,0.012892680168151857,False,False
5.5,-2.575672149658203,20.834407806396484,2.817671060562134,-2.7602728235911487,0.494242408448261,0.9075000000000124,0.09249999999998759,0.0,597,561,1.4536035447812465,0.5463964552187535,34.0,34,2.0,20.0,0.03779727593064308,9.486724290827587,20.82681291035875,0.0,0.0,0.0,0.5670044309765582,1.0,0.3376266360282898,0.051020924001932144,0.04587709903717041,0.025128528227408443,0.024720187948085087,0.032050381414592266,0.030771284364163876,0.0,0.0,0.021729054450988772,False,False
5.505,-2.5328376293182373,20.885910034179688,2.7639901638031006,2.748943415536706,0.8550335475815422,0.9074000000000124,0.09259999999998758,0.0,587,550,1.4158032493828094,0.5841967506171906,23.0,23,4.0,26.0,0.03778430446982384,8.696163933258621,19.091245167828856,0.0,0.0,0.0,0.5197540617285117,1.0,0.33714452385902405,0.05092482641339302,0.04588019847869873,0.025015235471073254,0.02464084893775455,0.03171614060799281,0.030420908393959206,0.0,0.0,0.019031202793121337,False,False
5.51,-2.470924139022827,20.9258975982666,2.741408586502075,3.106089547573493,0.6287130892984998,0.9073000000000124,0.09269999999998757,0.0,724,687,1.3811529786009087,0.6188470213990913,46.0,46,4.0,27.0,0.03807586804032326,16.3048169388204,25.833641403843117,0.0,0.0,0.0,0.4764412232511358,1.0,0.33755242824554443,0.050972018390893936,0.045883357524871826,0.0250122737218623,0.024644406873732528,0.03151942044496536,0.030215995696683727,0.0,0.0,0.01773676633834839,False,False
5.515,-2.5340025424957275,20.996187210083008,2.7221882343292236,-2.721734306425517,0.2858010537913813,0.9072000000000124,0.09279999999998756,0.0,667,639,1.3493902303841663,0.6506097696158337,42.0,42,3.0,25.0,0.03817862644791603,14.9460821939187,23.680837953522857,0.0,0.0,0.0,0.43673778798020785,1.0,0.337690532207489,0.05100800096988678,0.045886337757110596,0.024836903094003316,0.024481420526435944,0.03146794158965349,0.030155004933476448,0.0,0.0,0.02622483968734741,False,False
5.5200000000000005,-2.60500168800354,21.007017135620117,2.6738901138305664,-2.8423308089322163,0.7039919962287663,0.9071000000000125,0.09289999999998755,0.0,509,477,1.3202743778521524,0.6797256221478476,22.0,22,1.0,25.0,0.038083918392658234,13.700575344425475,21.707434790729284,0.0,0.0,0.0,0.40034297231519045,1.0,0.33762046694755554,0.05088864266872406,0.04588937759399414,0.02468733890727134,0.024367821600287876,0.031381595569352314,0.03005704221626123,0.0,0.0,0.03214737892150879,False,False
5.525,-2.6936216354370117,21.0170841217041,2.703009605407715,2.5962456403535894,0.978717136920701,0.9070000000000125,0.09299999999998754,0.0,601,562,1.293584846364473,0.706415153635527,20.0,20,3.0,24.0,0.03798626363277435,12.558860732390018,19.89848189150184,0.0,0.0,0.0,0.36698105795559116,1.0,0.3373490571975708,0.050783395767211914,0.045892417430877686,0.024605139976367076,0.024273144369711824,0.031615463085472584,0.03028762216369311,0.0,0.0,0.02350106716156006,False,False
5.53,-2.76749324798584,21.2015380859375,2.708437204360962,-3.1244482450611093,0.37644478589698566,0.9069000000000125,0.09309999999998753,0.0,622,584,1.2691194425007668,0.7308805574992332,41.0,41,3.0,26.0,0.037904731929302216,11.51228900469085,18.24027506721002,0.0,0.0,0.0,0.33639930312595856,1.0,0.336883008480072,0.05079704895615578,0.04589545726776123,0.02433329097848979,0.023995542499857372,0.031438952622314296,0.030112510236601036,0.0,0.0,0.017550480365753175,False,False
5.535,-2.8545095920562744,21.345834732055664,2.700972318649292,-2.9504505247056834,0.42552710234084895,0.9068000000000125,0.09319999999998752,0.0,634,595,1.2466928222923697,0.7533071777076304,48.0,48,3.0,29.0,0.037829507142305374,10.552931587633278,16.720252144942517,0.0,0.0,0.0,0.30836602786546197,1.0,0.3362288475036621,0.05083654448390007,0.0458984375,0.024081835538148605,0.023756426055604945,0.03121461719274521,0.02989404524366061,0.0,0.0,0.016540080308914185,False,False
5.54,-2.999040365219116,21.327077865600586,2.729949951171875,-3.1091253662469294,0.5571436674242455,0.9067000000000125,0.0932999999999875,0.0,692,650,1.2261350871013388,0.7738649128986613,29.0,29,5.0,31.0,0.037803683429956436,9.673520621997172,15.32689779953064,0.0,0.0,0.0,0.28266885887667337,1.0,0.33539289236068726,0.05080079287290573,0.045901358127593994,0.023990478308871115,0.023653840565122396,0.0317106768488884,0.03036523082604011,0.0,0.0,0.016879324913024903,False,False
5.545,-3.0703227519989014,21.253751754760742,2.759535789489746,-3.114203394854647,0.5925006067208847,0.9066000000000125,0.09339999999998749,0.0,647,604,0.8739571631762273,1.1260428368237727,22.0,22,4.0,21.0,0.037734948098659515,17.200727236830737,14.049656316236419,0.0,0.0,0.0,-0.15755354602971589,1.0,0.3354586362838745,0.05068342015147209,0.04590427875518799,0.024016137591562892,0.02366182932816419,0.03220004960894585,0.030835696185628574,0.0,0.0,0.020773303508758546,False,False
5.55,-3.0460333824157715,21.228002548217773,2.789436101913452,3.137335645342105,0.4999929930450103,0.9065000000000125,0.09349999999998748,0.0,640,613,1.217794066244875,0.7822059337551251,65.0,65,5.0,22.0,0.03791068494319916,15.767333300428175,21.212184956550047,0.0,0.0,0.0,0.2722425828060936,1.0,0.3352659344673157,0.050851717591285706,0.04590725898742676,0.02407890746540673,0.023707467704545435,0.032277111895382404,0.030922781055172287,0.0,0.0,0.011455457210540771,False,False
5.555,-3.104187250137329,21.22119903564453,2.8193836212158203,-3.104307593239611,0.771170368504416,0.9064000000000125,0.09359999999998747,0.0,603,572,1.1996445607244688,0.8003554392755313,52.0,52,5.0,27.0,0.03804241493344307,14.453388858725827,19.444502876837543,0.0,0.0,0.0,0.24955570090558582,1.0,0.3348761796951294,0.050994161516427994,0.0459102988243103,0.02405529235023978,0.02367172595229904,0.03247232176363468,0.031120010341207188,0.0,0.0,0.016555360555648803,False,False
5.5600000000000005,-3.2075178623199463,21.2377872467041,2.840449810028076,3.0886671535117003,0.3405392667663735,0.9063000000000125,0.09369999999998746,0.0,580,546,1.5,0.4836591526692371,12.0,12,1.0,33.0,0.038120899349451065,13.248939787165341,26.157460970434414,0.0,0.0,0.0,0.6454260591634536,1.0,0.3342958986759186,0.05082959309220314,0.0459132194519043,0.02396515464596423,0.023573142953837643,0.03276726075758537,0.03140373465915521,0.0,0.0,0.030162198543548586,False,False
5.565,-3.197723865509033,21.263317108154297,2.8418686389923096,2.8435129878042344,0.8165370688653832,0.9062000000000126,0.09379999999998745,0.0,634,593,1.1399791100531993,0.8600208899468007,35.0,35,3.0,32.0,0.03816238418221474,20.478194804901563,23.977672556231546,0.0,0.0,0.0,0.17497388756649918,1.0,0.3346087634563446,0.05079516023397446,0.04591614007949829,0.02396339222920721,0.02356891196461678,0.032709689500431224,0.03135128412395716,0.0,0.0,0.018406804800033573,False,False
5.57,-3.2988717555999756,21.244522094726562,2.794806718826294,2.9618599133259216,0.717837955896034,0.9061000000000126,0.09389999999998744,0.0,564,539,0.7949808508820995,1.2050191491179005,20.0,20,3.0,32.0,0.038120705634355545,27.105011904493097,21.979533176545583,0.0,0.0,0.0,-0.25627393639737567,1.0,0.33465489745140076,0.05069034546613693,0.04591912031173706,0.023804579945280874,0.023442339659202574,0.032791378907859325,0.03139923792332411,0.0,0.0,0.028071477413177493,False,False
5.575,-3.463839292526245,21.17165184020996,2.821202516555786,2.848311204272489,0.60039033016774,0.9060000000000126,0.09399999999998743,0.0,561,522,0.812065779975258,1.187934220024742,36.0,36,1.0,29.0,0.03811633214354515,24.846260912452003,20.147905411833452,0.0,0.0,0.0,-0.23491777503092753,1.0,0.3344958424568176,0.05065203085541725,0.045921921730041504,0.023763400649030732,0.02339424967346686,0.033417080218593284,0.032002621640761696,0.0,0.0,0.02023169755935669,False,False
5.58,-3.559318780899048,21.217304229736328,2.7807135581970215,2.48744828753391,0.9994439578871586,0.9059000000000126,0.09409999999998742,0.0,596,564,0.8277269649773197,1.1722730350226804,61.0,61,0.0,15.0,0.038038626313209534,22.77573916974767,18.468913294180663,0.0,0.0,0.0,-0.21534129377835037,1.0,0.3341383934020996,0.050794489681720734,0.04592490196228027,0.023596854590189682,0.023249919374162688,0.03332559019327164,0.03190146914372842,0.0,0.0,0.015091904401779177,False,False
5.585,-3.605571985244751,21.340253829956055,2.7356905937194824,-2.851603236360705,0.8062625142308383,0.9058000000000126,0.0941999999999874,0.0,655,613,0.8420830512292098,1.1579169487707903,24.0,24,6.0,18.0,0.03797925263643265,20.87776090560203,16.929837186332275,0.0,0.0,0.0,-0.1973961859634878,1.0,0.3335891366004944,0.050719331949949265,0.04592782258987427,0.023333748206961633,0.023015554162207727,0.03297087736427784,0.031540148581067726,0.0,0.0,0.021048614978790285,False,False
5.59,-3.5884594917297363,21.37984848022461,2.6982367038726807,-2.5719191351842436,0.5696427312158683,0.9057000000000126,0.0942999999999874,0.0,575,540,1.1885761302934421,0.8114238697065578,22.0,22,5.0,23.0,0.037908103317022324,19.13794749680186,23.852350754137916,0.0,0.0,0.0,0.23572016286680278,1.0,0.3328545093536377,0.05061167851090431,0.045930564403533936,0.02324087966481818,0.022944606942434845,0.03276036586612463,0.03132234948376815,0.0,0.0,0.019967778921127322,False,False
5.595,-3.6003577709198,21.411087036132812,2.6610894203186035,2.761644265878419,0.474892964195596,0.9056000000000126,0.09439999999998738,0.0,591,565,0.8395281194356555,1.1604718805643446,30.0,30,2.0,28.0,0.03783803805708885,25.87645187206837,21.864654857959756,0.0,0.0,0.0,-0.20058985070543062,1.0,0.33194082975387573,0.05057370290160179,0.04593336582183838,0.023163749759861314,0.022886127515230063,0.032617789693176746,0.031174137257039547,0.0,0.0,0.020810580253601073,False,False
5.6000000000000005,-3.6439313888549805,21.46944236755371,2.6428182125091553,2.6567804288717474,0.6971746633626109,0.9055000000000126,0.09449999999998737,0.0,557,521,1.186234109482684,0.8137658905173158,37.0,37,1.0,26.0,0.0377497598528862,23.720080882729338,28.37593361979644,0.0,0.0,0.0,0.2327926368533552,1.0,0.3308541774749756,0.05057258903980255,0.04593628644943237,0.023039671942591402,0.02277379994094346,0.032460037618875504,0.031022072459260624,0.0,0.0,0.022866711616516114,False,False
5.605,-3.665797472000122,21.491376876831055,2.6265716552734375,-3.121689443616451,0.8144003273528059,0.9054000000000126,0.09459999999998736,0.0,522,488,0.8373812670257937,1.1626187329742061,30.0,30,5.0,15.0,0.037658024579286575,30.07674080916856,26.011272484813404,0.0,0.0,0.0,-0.20327341621775777,1.0,0.3306778371334076,0.0505029670894146,0.04593902826309204,0.022976765844116967,0.022721015305335684,0.03237949994703134,0.03094332292675972,0.0,0.0,0.016204289197921752,False,False
5.61,-3.7672533988952637,21.5738525390625,2.655029058456421,2.631693536734432,0.21562092691248255,0.9053000000000127,0.09469999999998735,0.0,565,537,0.8509328281069776,1.1490671718930223,22.0,22,1.0,14.0,0.037618931382894516,27.570345741737846,23.843666444412285,0.0,0.0,0.0,-0.186333964866278,1.0,0.33025145530700684,0.05040011927485466,0.045941829681396484,0.0228226967674367,0.022552766437021136,0.03246920959403118,0.031029166032870613,0.0,0.0,0.02554147481918335,False,False
5.615,-3.850306272506714,21.706819534301758,2.637690544128418,2.6915996714068973,0.8427769287858081,0.9052000000000127,0.09479999999998734,0.0,540,511,0.8633550924313961,1.1366449075686038,29.0,29,3.0,26.0,0.03755607455968857,25.272816929926357,21.85669424071126,0.0,0.0,0.0,-0.17080613446075485,1.0,0.3296361565589905,0.050337523221969604,0.04594457149505615,0.022600148662691676,0.02234071000874948,0.03227680300672849,0.03083932213485241,0.0,0.0,0.017593891620635987,False,False
5.62,-3.9199705123901367,21.779308319091797,2.6436071395874023,3.0563477689453578,0.5316183232893681,0.9051000000000127,0.09489999999998733,0.0,572,541,1.2080755013954463,0.7919244986045537,27.0,27,1.0,22.0,0.03762124851346016,23.166748852432494,28.368636387318652,0.0,0.0,0.0,0.2600943767443079,1.0,0.3288382887840271,0.05027533322572708,0.04594731330871582,0.02248537073687935,0.0222273757749545,0.03223837508509557,0.03080221824347973,0.0,0.0,0.017339608669281005,False,False
5.625,-4.025834560394287,21.738710403442383,2.6920270919799805,3.0588223790943165,0.5136751971219827,0.9050000000000127,0.09499999999998732,0.0,582,548,1.5,0.4759307903875075,27.0,27,1.0,29.0,0.037920158356428146,21.23618644806312,34.33791668837543,0.0,0.0,0.0,0.6550865120156155,1.0,0.3278641104698181,0.05020054802298546,0.04594999551773071,0.022466177315528555,0.022184714918412635,0.03278155345469713,0.03131839291503032,0.0,0.0,0.020295486450195313,False,False
5.63,-4.081267833709717,21.69845962524414,2.7143702507019043,-2.9590615172817962,0.46461619340192345,0.9049000000000127,0.0950999999999873,0.0,651,616,1.480396775478118,0.5196032245218819,28.0,28,7.0,24.0,0.037991248071193695,19.46650424405786,31.47642363101081,0.0,0.0,0.0,0.6004959693476476,1.0,0.32779693603515625,0.050137363374233246,0.045952677726745605,0.022455867554526516,0.022162366227712227,0.033123986795544624,0.03164354090889295,0.0,0.0,0.01879709243774414,False,False
5.635,-4.087815284729004,21.693401336669922,2.7452335357666016,2.9101244105049324,0.7920880002944057,0.9048000000000127,0.0951999999999873,0.0,550,521,1.4403637108549416,0.5596362891450584,28.0,28,2.0,16.0,0.037919025868177414,17.844295557053037,28.853388328426576,0.0,0.0,0.0,0.5504546385686769,1.0,0.32747647166252136,0.05008360743522644,0.04595541954040527,0.02247413714090336,0.022166707041285056,0.03321311281373104,0.031737168319523335,0.0,0.0,0.015378153324127198,False,False
5.64,-4.194573402404785,21.717164993286133,2.7642714977264404,2.3677688977975366,0.9973018508581729,0.9047000000000127,0.09529999999998728,0.0,648,614,1.4036667349503629,0.5963332650496371,70.0,70,5.0,9.0,0.03783000633120537,16.357270927298618,26.448939301057692,0.0,0.0,0.0,0.5045834186879536,1.0,0.3269639313220978,0.05030165612697601,0.045957982540130615,0.022373567047218226,0.02206096475260928,0.033410051837563515,0.031925613681475326,0.0,0.0,0.02370732307434082,False,False
5.6450000000000005,-4.257701396942139,21.73732566833496,2.7904746532440186,2.8493304229105174,0.8403085794120877,0.9046000000000127,0.09539999999998727,0.0,649,609,0.7033611737044994,1.2966388262955006,31.0,31,2.0,15.0,0.037881702184677124,31.660831683357063,24.24486102596955,0.0,0.0,0.0,-0.37079853286937575,1.0,0.32626578211784363,0.05029251426458359,0.04596054553985596,0.022331856243079273,0.022007612671935677,0.03360658263166746,0.03211654257029295,0.0,0.0,0.029890782833099365,False,False
5.65,-4.313566207885742,21.768390655517578,2.7674829959869385,-2.3439071300244465,0.2501009999206434,0.9045000000000127,0.09549999999998726,0.0,528,498,0.7280810758957912,1.2719189241042088,20.0,20,2.0,15.0,0.03779216855764389,29.022429043077306,22.224455940472087,0.0,0.0,0.0,-0.33989865513026096,1.0,0.3253883123397827,0.050166770815849304,0.04596322774887085,0.022220191992663833,0.021909016960610695,0.03356113564223051,0.03206266866376003,0.0,0.0,0.022540287971496584,False,False
5.655,-4.477430820465088,21.70963478088379,2.743988037109375,-2.654785091961047,0.7163460565697637,0.9044000000000127,0.09559999999998725,0.0,503,479,0.7507409862378085,1.2492590137621915,30.0,30,1.0,17.0,0.03770734742283821,26.60389328948753,20.372417945432744,0.0,0.0,0.0,-0.3115737672027393,1.0,0.3243376314640045,0.05011652410030365,0.04596579074859619,0.022098211669362825,0.02180787517689143,0.03392645623534918,0.0324004360785087,0.0,0.0,0.019469364881515506,False,False
5.66,-4.6211748123168945,21.654762268066406,2.7560067176818848,2.8895093469907938,0.8539709916020711,0.9043000000000128,0.09569999999998724,0.0,514,479,0.7715125707179913,1.2284874292820087,22.0,22,1.0,28.0,0.03762158751487732,24.386902182030234,18.674716449980014,0.0,0.0,0.0,-0.28560928660251095,1.0,0.3231196999549866,0.05002415180206299,0.04596829414367676,0.022070096006616694,0.02177529275789832,0.03440237448861202,0.032859849743545055,0.0,0.0,0.016212142705917358,False,False
5.665,-4.70481538772583,21.746143341064453,2.724821090698242,2.887174894142219,0.4648773873710546,0.9042000000000128,0.09579999999998723,0.0,596,559,1.1238865231581585,0.8761134768418415,24.0,24,5.0,29.0,0.03755376860499382,22.354660333527715,25.451823412481676,0.0,0.0,0.0,0.15485815394769809,1.0,0.32174035906791687,0.049923237413167953,0.0459708571434021,0.02187917903003568,0.021600371641417097,0.03416186198592186,0.032624704763293266,0.0,0.0,0.0173937726020813,False,False
5.67,-4.720731258392334,21.85201644897461,2.6877713203430176,2.9715984325617133,0.8426432298051344,0.9041000000000128,0.09589999999998722,0.0,612,575,1.4468959795616452,0.5531040204383548,28.0,28,2.0,43.0,0.03748241811990738,20.491771972400404,31.664171461441533,0.0,0.0,0.0,0.5586199744520565,1.0,0.3202052414417267,0.04986016824841499,0.04597342014312744,0.021687124650614707,0.021431213218408077,0.0337707344442606,0.03223971929401159,0.0,0.0,0.021179506778717043,False,False
5.675,-4.675841331481934,21.85926628112793,2.6500680446624756,-2.888242170442794,0.49282918813802373,0.9040000000000128,0.0959999999999872,0.0,599,563,1.409654647931508,0.590345352068492,26.0,26,2.0,31.0,0.037491220980882645,18.784124308033704,29.025490506321404,0.0,0.0,0.0,0.512068309914385,1.0,0.31959718465805054,0.04980052635073662,0.04597580432891846,0.021677238865755247,0.021438627681694675,0.033603577564160034,0.032066842541098595,0.0,0.0,0.018736547231674193,False,False
5.68,-4.6920061111450195,21.901437759399414,2.6219398975372314,2.871533962013805,0.37482136473294225,0.9039000000000128,0.0960999999999872,0.0,539,514,1.3755167606038823,0.6244832393961177,36.0,36,2.0,25.0,0.03756473585963249,17.21878061569756,26.60669963079462,0.0,0.0,0.0,0.4693959507548529,1.0,0.3187554180622101,0.049816861748695374,0.045978426933288574,0.021605995713422445,0.02137914792944963,0.03345093224197626,0.0319155693675081,0.0,0.0,0.01814331889152527,False,False
5.6850000000000005,-4.725451469421387,21.955480575561523,2.580552816390991,2.525369256707053,0.9986609080284312,0.9038000000000128,0.09619999999998718,0.0,528,492,1.3442236972202255,0.6557763027797746,22.0,22,5.0,17.0,0.03758680820465088,15.783882231056097,24.38947466156173,0.0,0.0,0.0,0.4302796215252817,1.0,0.31774064898490906,0.04972485452890396,0.045980870723724365,0.0214828737515488,0.02127944250769578,0.03313832450658083,0.031625552413364254,0.0,0.0,0.027611436843872073,False,False
5.69,-4.770908355712891,21.972064971923828,2.5742602348327637,2.9801401953839486,0.8007386667156456,0.9037000000000128,0.09629999999998717,0.0,650,617,1.31553838911854,0.6844616108814601,59.0,59,2.0,13.0,0.03750719875097275,14.468558711801421,22.357018439764918,0.0,0.0,0.0,0.39442298639817486,1.0,0.3165588080883026,0.04987771436572075,0.04598337411880493,0.02141669861879175,0.021219886469654493,0.033115193558235965,0.031608231365680695,0.0,0.0,0.014066535234451293,False,False
5.695,-4.85109281539917,22.07608985900879,2.594919443130493,-1.818251472111111,0.08938916568673262,0.9036000000000128,0.09639999999998716,0.0,651,608,1.2892435233586614,0.7107564766413386,36.0,36,3.0,17.0,0.03743792697787285,13.26284548581797,20.493933569784506,0.0,0.0,0.0,0.36155440419832685,1.0,0.31521570682525635,0.049857061356306076,0.04598575830459595,0.021276594261949014,0.021066307260965065,0.03308842424303293,0.03157429862767458,0.0,0.0,0.023622093200683595,False,False
5.7,-4.9110870361328125,22.23374366760254,2.561246156692505,2.769646585749982,0.6436904900313496,0.9035000000000128,0.09649999999998715,0.0,593,565,1.2651398964121063,0.7348601035878937,27.0,27,2.0,25.0,0.03761902078986168,12.157608361999804,18.786105772302463,0.0,0.0,0.0,0.3314248705151329,1.0,0.3137170374393463,0.04982093349099159,0.04598814249038696,0.021062211999358985,0.020868740386329347,0.03265721723437309,0.03116627379010121,0.0,0.0,0.013591897487640382,False,False
5.705,-5.03328275680542,22.29781723022461,2.594235420227051,2.8802130938246173,0.645886391599833,0.9034000000000129,0.09659999999998714,0.0,572,539,0.5763782383777643,1.4236217616222357,23.0,23,4.0,29.0,0.03777984902262688,27.811140998499816,17.220596957943922,0.0,0.0,0.0,-0.5295272020277947,1.0,0.31314554810523987,0.04971229285001755,0.04599064588546753,0.020941256018122415,0.0207361702364867,0.0328540476039052,0.03134828992187977,0.0,0.0,0.013502892255783081,False,False
5.71,-5.144654750823975,22.27576446533203,2.6317555904388428,2.6801638225034505,0.6557695741551507,0.9033000000000129,0.09669999999998713,0.0,658,620,0.6116800518462838,1.388319948153716,55.0,55,2.0,30.0,0.037838537245988846,25.4935459152915,15.785547211448595,0.0,0.0,0.0,-0.4853999351921452,1.0,0.31234049797058105,0.04982902109622955,0.045992910861968994,0.02089006906483919,0.02066832694147379,0.03330392607798179,0.03176743785540263,0.0,0.0,0.022710819244384766,False,False
5.715,-5.126086711883545,22.220054626464844,2.67436146736145,-3.0790023563004603,0.5114013083242711,0.9032000000000129,0.09679999999998712,0.0,576,546,0.6440400475257602,1.3559599524742398,20.0,20,4.0,15.0,0.03777546435594559,23.369083755683874,14.470084943827878,0.0,0.0,0.0,-0.4449499405927998,1.0,0.31243979930877686,0.04974445328116417,0.04599541425704956,0.02096813591274719,0.02072473219751046,0.03359179788579544,0.032040681689977646,0.0,0.0,0.016862790584564212,False,False
5.72,-5.139289855957031,22.178651809692383,2.709920883178711,-2.9202120321059115,0.5862141756809921,0.9031000000000129,0.09689999999998711,0.0,594,560,0.6737033768986135,1.3262966231013866,32.0,32,3.0,25.0,0.03769152611494064,21.421660109376884,13.264244531842222,0.0,0.0,0.0,-0.4078707788767331,1.0,0.3122832775115967,0.04970678687095642,0.0459977388381958,0.02101548047922527,0.020758611112832778,0.033810785971581936,0.03225303099801143,0.0,0.0,0.01905149221420288,False,False
5.7250000000000005,-5.245891571044922,22.18082618713379,2.7461931705474854,2.942195942990141,0.9048822182828818,0.9030000000000129,0.0969999999999871,0.0,688,647,0.7008947621570625,1.2991052378429375,49.0,49,6.0,49.0,0.03761857748031616,19.63652176692881,12.158890820855369,0.0,0.0,0.0,-0.37388154730367196,1.0,0.31193217635154724,0.049797285348176956,0.046000123023986816,0.020966639958709853,0.02069569976480343,0.03416350111365318,0.03258730595310529,0.0,0.0,0.031224021911621096,False,False
5.73,-5.287924289703369,22.198829650878906,2.782780170440674,0.9167063662504478,0.11198959319599706,0.9029000000000129,0.09709999999998709,0.0,656,625,0.7258201986439738,1.2741798013560262,30.0,30,2.0,26.0,0.037561576813459396,18.000144953018072,11.145649919117421,0.0,0.0,0.0,-0.3427247516950326,1.0,0.31139299273490906,0.04976309835910797,0.04600250720977783,0.020965557085970792,0.02067819794019039,0.034350197141369186,0.032769436948001385,0.0,0.0,0.023359930515289305,False,False
5.735,-5.393239498138428,22.23998260498047,2.7409446239471436,-3.039064747048905,0.8512297917081049,0.9028000000000129,0.09719999999998707,0.0,715,670,1.0820018487569762,0.9179981512430239,57.0,57,4.0,30.0,0.037772953510284424,16.5001328735999,18.550179092524303,0.0,0.0,0.0,0.1025023109462202,1.0,0.3106720447540283,0.04991482198238373,0.04600489139556885,0.02079780600685602,0.020532397743081434,0.0342695430542032,0.03267987941702207,0.0,0.0,0.020765788555145263,False,False
5.74,-5.602202415466309,22.170635223388672,2.7521700859069824,-3.016304910559162,0.4120568187670789,0.9027000000000129,0.09729999999998706,0.0,707,672,1.0751683613605614,0.9248316386394386,39.0,39,5.0,35.0,0.03774335980415344,15.125121800799906,17.004330834813942,0.0,0.0,0.0,0.09396045170070177,1.0,0.3108527660369873,0.04989686980843544,0.04600727558135986,0.020703235087605572,0.020440842627237003,0.03487836414327224,0.03325715040167173,0.0,0.0,0.0157241690158844,False,False
5.745,-5.777879238128662,22.142133712768555,2.745154619216919,-2.604510771197986,0.8234946457666567,0.902600000000013,0.09739999999998705,0.0,593,563,0.7355709979138481,1.264429002086152,30.0,30,1.0,23.0,0.037684086710214615,30.531361650733245,23.920636598579446,0.0,0.0,0.0,-0.33053625260769,1.0,0.3107750415802002,0.04985172674059868,0.046009600162506104,0.02062144212789499,0.020361907624328893,0.03526726892838876,0.03362616058439016,0.0,0.0,0.017184427976608276,False,False
5.75,-5.823027610778809,22.26910972595215,2.677428722381592,-2.9300907808410126,0.5129790975441546,0.902500000000013,0.09749999999998704,0.0,575,539,0.42427341475436076,1.5,28.0,28,2.0,28.0,0.03759769722819328,36.32041484650547,21.92725021536449,0.0,0.0,0.0,-0.719658231557049,1.0,0.3105001449584961,0.04978686571121216,0.04601186513900757,0.020393569162115214,0.02016674843942723,0.03460063133388758,0.03299967230608066,0.0,0.0,0.020627601146698,False,False
5.755,-5.77031135559082,22.364004135131836,2.6595330238342285,-2.1821753524581524,0.3191775546885743,0.902400000000013,0.09759999999998703,0.0,540,507,0.4722506301914974,1.5,20.0,20,2.0,25.0,0.037527333945035934,33.29371360929668,20.099979364084117,0.0,0.0,0.0,-0.6596867122606282,1.0,0.3100346326828003,0.04967443645000458,0.046014249324798584,0.020302661867268767,0.020086170358505486,0.03416283056139946,0.032576434314250946,0.0,0.0,0.018092157840728762,False,False
5.76,-5.73032283782959,22.381458282470703,2.651520013809204,-3.0457279086441527,0.3902491021240512,0.902300000000013,0.09769999999998702,0.0,540,504,0.516229744342206,1.4837702556577939,27.0,27,2.0,22.0,0.037457577884197235,30.51923747518862,18.424981083743774,0.0,0.0,0.0,-0.6047128195722424,1.0,0.31046217679977417,0.04960024729371071,0.046016573905944824,0.02031245867411272,0.020096280512710177,0.0340980663895607,0.03250387031584978,0.0,0.0,0.015057911872863771,False,False
5.765,-5.822617530822754,22.466978073120117,2.6223702430725098,2.8357863341937457,0.8502209589131018,0.902200000000013,0.09779999999998701,0.0,560,530,0.5565439323136888,1.443456067686311,28.0,28,3.0,16.0,0.03738095238804817,27.97596768558957,16.88956599343179,0.0,0.0,0.0,-0.554320084607889,1.0,0.31062284111976624,0.04951563850045204,0.04601883888244629,0.02014804290258302,0.019946680508088087,0.033849974473317467,0.03227224263052146,0.0,0.0,0.013688557147979738,False,False
5.7700000000000005,-5.906423568725586,22.47773551940918,2.6069881916046143,-3.0619657833733314,0.7123454362424418,0.902100000000013,0.097899999999987,0.0,585,541,0.5934986046208814,1.4065013953791186,27.0,27,4.0,19.0,0.03759077563881874,25.644637045123773,15.482102160645807,0.0,0.0,0.0,-0.5081267442238983,1.0,0.3105781674385071,0.049445755779743195,0.04602116346359253,0.02005631375468002,0.019865554109681164,0.033851622914274536,0.032281208162506424,0.0,0.0,0.023388755321502686,False,False
5.775,-5.951003551483154,22.50347900390625,2.6210689544677734,2.7361847356801605,0.512439873214384,0.902000000000013,0.09799999999998699,0.0,591,564,0.2940403875691413,1.5,37.0,37,5.0,19.0,0.03759748116135597,31.840917291363457,14.191926980591989,0.0,0.0,0.0,-0.8824495155385733,1.0,0.3103348910808563,0.049448493868112564,0.04602348804473877,0.02001696552499174,0.019819128999563944,0.03393363207578659,0.032351911067962646,0.0,0.0,0.01931534290313721,False,False
5.78,-5.97664213180542,22.662721633911133,2.6240363121032715,2.6789683757354887,0.6230747798163369,0.901900000000013,0.09809999999998698,0.0,583,533,0.35287035527171273,1.5,21.0,21,1.0,36.0,0.03764278069138527,29.18750751708317,13.009266398875988,0.0,0.0,0.0,-0.8089120559103591,1.0,0.30989962816238403,0.049353908747434616,0.04602569341659546,0.019855968193150823,0.019654861805028984,0.033524127987523876,0.031962612022956215,0.0,0.0,0.014880034923553467,False,False
5.785,-6.036501407623291,22.76494789123535,2.6256461143493652,2.8536513978170857,0.8767885033800568,0.901800000000013,0.09819999999998696,0.0,711,670,0.40679782566573663,1.5,51.0,51,4.0,31.0,0.037601809948682785,26.755215223992906,11.925160865636322,0.0,0.0,0.0,-0.7415027179178292,1.0,0.30927881598472595,0.04944559559226036,0.046027958393096924,0.01975138746760762,0.019553168894567607,0.03332427081962427,0.03177600912749767,0.0,0.0,0.02228970527648926,False,False
5.79,-6.125572204589844,22.735857009887695,2.68560528755188,1.7980051711394474,0.2643284265211746,0.901700000000013,0.09829999999998695,0.0,622,594,0.19999999999999996,1.5,26.0,26,7.0,22.0,0.037535686045885086,32.85894728866016,10.931397460166627,0.0,0.0,0.0,-1.0,1.0,0.30955594778060913,0.04938935860991478,0.046030282974243164,0.019752616808439063,0.019530692635414272,0.033796181281407676,0.03221484987686078,0.0,0.0,0.01743672013282776,False,False
5.795,-6.1944756507873535,22.663297653198242,2.7395477294921875,3.0989152056620757,0.8233898994538386,0.9016000000000131,0.09839999999998694,0.0,537,509,0.19999999999999996,1.5,6.0,6,0.0,23.0,0.03784037008881569,30.120701681271814,10.020447671819408,0.0,0.0,0.0,-1.0,1.0,0.3095709979534149,0.04921785742044449,0.046032488346099854,0.019780022181803126,0.019536103961989053,0.03437653183937073,0.03275925448785226,0.0,0.0,0.02379741668701172,False,False
5.8,-6.1922478675842285,22.622074127197266,2.78499436378479,2.7666820384666964,0.41371217755897927,0.9015000000000131,0.09849999999998693,0.0,611,571,0.2629906863200784,1.5,66.0,66,2.0,20.0,0.037761591374874115,27.610643207832496,9.185410365834457,0.0,0.0,0.0,-0.9212616420999019,1.0,0.30938538908958435,0.04941354691982269,0.04603469371795654,0.01983224507980025,0.019571445340290435,0.034663466115792595,0.033035779682298504,0.0,0.0,0.026113831996917726,False,False
5.805,-6.230705261230469,22.612457275390625,2.8216075897216797,3.052031343249838,0.5943787204525213,0.9014000000000131,0.09859999999998692,0.0,609,582,0.32440812912673866,1.5,61.0,61,1.0,27.0,0.03767762705683708,25.309756273846453,8.419959502014919,0.0,0.0,0.0,-0.8444898385915767,1.0,0.3090057373046875,0.04957393556833267,0.04603695869445801,0.01983398413867666,0.019561942826257787,0.034864821160833045,0.033233884411553546,0.0,0.0,0.03321959257125855,False,False
5.8100000000000005,-6.3385443687438965,22.5814151763916,2.905499219894409,-3.0758130229485423,0.6794866933999688,0.9013000000000131,0.09869999999998691,0.0,608,575,0.38070745169951037,1.5,23.0,23,1.0,32.0,0.03761493042111397,23.20060991769258,7.718296210180342,0.0,0.0,0.0,-0.774115685375612,1.0,0.3084385395050049,0.049481526017189026,0.0460391640663147,0.01988262698426819,0.01957784735970176,0.03557513002306223,0.03391737894465526,0.0,0.0,0.032983267307281496,False,False
5.815,-6.464899063110352,22.545555114746094,2.9500892162323,-2.5774516931656133,0.4985101325398409,0.9012000000000131,0.0987999999999869,0.0,536,506,0.4323151640578845,1.5,14.0,14,1.0,29.0,0.03753931447863579,21.267225757884866,7.07510485933198,0.0,0.0,0.0,-0.7096060449276443,1.0,0.3076900839805603,0.049347884953022,0.04604136943817139,0.019896825727307933,0.01957757271143274,0.03612841945141554,0.034448852141698204,0.0,0.0,0.028152887821197507,False,False
5.82,-6.644744396209717,22.472291946411133,2.9472739696502686,2.563575707792907,0.9863622455959306,0.9011000000000131,0.09889999999998689,0.0,616,580,0.8129555670530608,1.1870444329469392,28.0,28,4.0,29.0,0.037467218935489655,19.494956944727793,14.818846121054314,0.0,0.0,0.0,-0.23380554118367397,1.0,0.306766539812088,0.04927307739853859,0.0460435152053833,0.019805912934864327,0.019493223711848025,0.03660155615458886,0.03490087886651357,0.0,0.0,0.014285856485366821,False,False
5.825,-6.8724870681762695,22.426021575927734,2.9510178565979004,2.906972401948927,0.6096034132826064,0.9010000000000131,0.09899999999998688,0.0,631,589,0.8285426031319725,1.1714573968680275,28.0,28,6.0,30.0,0.037436556071043015,17.87037719933381,13.58394227763312,0.0,0.0,0.0,-0.21432174608503446,1.0,0.30567389726638794,0.049209024757146835,0.04604572057723999,0.019696389240910998,0.019385939311701576,0.037198858335614204,0.03546814589450757,0.0,0.0,0.011272118091583253,False,False
5.83,-7.01729679107666,22.438465118408203,2.929163932800293,2.490094029702708,0.3350881694540264,0.9009000000000131,0.09909999999998687,0.0,551,518,0.5094973862043082,1.4905026137956918,29.0,29,1.0,19.0,0.03738832101225853,24.714512432722657,12.45194708783036,0.0,0.0,0.0,-0.6131282672446148,1.0,0.30441805720329285,0.049153946340084076,0.04604792594909668,0.019563433038225785,0.019263258328040215,0.03726662447055181,0.035535598484178386,0.0,0.0,0.01977010488510132,False,False
5.835,-7.0389723777771,22.519296646118164,2.9232077598571777,2.6827708343632573,0.9838519890389549,0.9008000000000131,0.09919999999998685,0.0,548,514,0.5503726040206158,1.4496273959793842,39.0,39,0.0,11.0,0.03753431513905525,22.654969729995766,11.414284830511162,0.0,0.0,0.0,-0.5620342449742302,1.0,0.30408191680908203,0.04916473105549812,0.04604995250701904,0.019452024181217966,0.019158144696382575,0.03696060894678037,0.035240983900924526,0.0,0.0,0.02261375427246094,False,False
5.84,-6.994292736053467,22.568984985351562,2.9252378940582275,-2.774314883666807,0.8230389445248232,0.9007000000000132,0.09929999999998684,0.0,633,598,0.5878415536855645,1.4121584463144354,58.0,58,7.0,18.0,0.03746454045176506,20.767055585829453,10.463094427968565,0.0,0.0,0.0,-0.5151980578930444,1.0,0.30350491404533386,0.04931066185235977,0.04605215787887573,0.019436663065105445,0.019142259489744674,0.03681469553460678,0.035080225206911564,0.0,0.0,0.017635785341262818,False,False
5.845,-7.005555629730225,22.607152938842773,2.89115309715271,2.8129443458629746,0.43606407142531983,0.9006000000000132,0.09939999999998683,0.0,637,599,0.2888547575451008,1.5,43.0,43,3.0,36.0,0.037382468581199646,27.369800953676997,9.591169892304517,0.0,0.0,0.0,-0.8889315530686239,1.0,0.3027479350566864,0.04938185587525368,0.04605436325073242,0.0193783622444605,0.01909515020600497,0.036590167631705604,0.03485024906694889,0.0,0.0,0.019822794198989867,False,False
5.8500000000000005,-7.065741539001465,22.653911590576172,2.8787221908569336,2.888963302433795,0.8136139304597328,0.9005000000000132,0.09949999999998682,0.0,643,608,0.3481168610830091,1.5,11.0,11,4.0,23.0,0.03732285648584366,25.088984207537244,8.791905734612474,0.0,0.0,0.0,-0.8148539236462385,1.0,0.3018170893192291,0.049213651567697525,0.046056389808654785,0.019292319977500555,0.019014513091339193,0.03647904998312394,0.03473703904698293,0.0,0.0,0.023900949954986574,False,False
5.855,-7.089025974273682,22.676225662231445,2.8829426765441895,-3.0129887790070193,0.6624163342669782,0.9004000000000132,0.09959999999998681,0.0,636,606,0.40244045599275835,1.5,26.0,26,3.0,19.0,0.03758077695965767,22.998235523575808,8.059246923394767,0.0,0.0,0.0,-0.746949430009052,1.0,0.3017956018447876,0.0491207130253315,0.046058475971221924,0.019253988165873804,0.01897603398538172,0.0364166342963775,0.03468317755808433,0.0,0.0,0.023473539352416993,False,False
5.86,-7.158796787261963,22.734294891357422,2.95324969291687,-2.180338861385576,0.6571227982350782,0.9003000000000132,0.0996999999999868,0.0,654,613,0.45223708466002843,1.5,24.0,24,5.0,27.0,0.03752214461565018,21.081715896611158,7.3876430131118695,0.0,0.0,0.0,-0.6847036441749644,1.0,0.3015231490135193,0.04903803765773773,0.04606062173843384,0.019222526628523834,0.018920920735845736,0.036737307285269104,0.03498950973153114,0.0,0.0,0.019917463064193727,False,False
5.865,-7.221257209777832,22.865903854370117,2.960254192352295,2.9603518300393437,0.5216884900150635,0.9002000000000132,0.09979999999998679,0.0,619,589,0.4978839942716927,1.5,73.0,73,4.0,35.0,0.03744574636220932,27.65823957189356,15.105339428685879,0.0,0.0,0.0,-0.6276450071603841,1.0,0.30106085538864136,0.049287665635347366,0.0460626482963562,0.019093456838279732,0.018792386813399467,0.03637964061150949,0.03465506248176098,0.0,0.0,0.02292583703994751,False,False
5.87,-7.26768684387207,22.900733947753906,2.955357313156128,-3.1283718184487386,0.7834727634685826,0.9001000000000132,0.09989999999998678,0.0,644,613,0.873060328082385,1.126939671917615,57.0,57,2.0,35.0,0.03760425001382828,25.353386274235763,22.179894476295388,0.0,0.0,0.0,-0.15867458989701877,1.0,0.3004150688648224,0.0494338721036911,0.04606473445892334,0.019054172831587265,0.01875859111547448,0.0362537382170558,0.034532034769654274,0.0,0.0,0.024462509155273437,False,False
5.875,-7.337507724761963,22.8217830657959,3.020092010498047,3.0910985486910953,0.7012707001446478,0.9000000000000132,0.09999999999998677,0.0,598,565,1.2169719674088528,0.7830280325911472,26.0,26,1.0,22.0,0.03753022849559784,23.240604084716114,28.664903269937437,0.0,0.0,0.0,0.2712149592610661,1.0,0.299591988325119,0.049378104507923126,0.046066880226135254,0.019103844618036495,0.018786287369283935,0.036966915552814804,0.03522523368398349,0.0,0.0,0.018678741455078127,False,False
5.88,-7.378920078277588,22.766130447387695,3.0682806968688965,-3.0826233312452205,0.8575018262202395,0.8999000000000132,0.10009999999998676,0.0,604,558,0.8655576367914485,1.1344423632085516,27.0,27,2.0,27.0,0.037478212267160416,29.63722041098977,26.27616133077598,0.0,0.0,0.0,-0.16805295401068943,1.0,0.29859769344329834,0.04927840083837509,0.04606896638870239,0.019143257522955308,0.01881060081844506,0.037535318794349834,0.03578101750463247,0.0,0.0,0.02110032081604004,False,False
5.885,-7.408958435058594,22.75992202758789,3.1000919342041016,2.614417590184524,0.9755933091503208,0.8998000000000133,0.10019999999998674,0.0,572,541,0.8767611670588278,1.1232388329411722,16.0,16,5.0,20.0,0.037405140697956085,27.167452043407287,24.08648121987798,0.0,0.0,0.0,-0.1540485411764653,1.0,0.2974380552768707,0.049134477972984314,0.046070992946624756,0.019144103047204906,0.0188034664627628,0.03773124267657598,0.035982741974294186,0.0,0.0,0.029048709869384765,False,False
5.89,-7.484766006469727,22.731201171875,3.140855073928833,-2.65615500914781,0.6118153578471632,0.8997000000000133,0.10029999999998673,0.0,610,588,0.8870310698039254,1.1129689301960746,19.0,19,2.0,32.0,0.03740393742918968,24.90349770645668,22.079274451554816,0.0,0.0,0.0,-0.14121116274509316,1.0,0.29719609022140503,0.0490151084959507,0.04607313871383667,0.01915852831878366,0.018807523849264804,0.038175047375261784,0.03642190868655841,0.0,0.0,0.03183290243148804,False,False
5.8950000000000005,-7.534335613250732,22.704570770263672,-3.1047136783599854,2.7818345344568955,0.7226240217088474,0.8996000000000133,0.10039999999998672,0.0,665,621,0.896445147320265,1.103554852679735,30.0,30,3.0,21.0,0.03778918832540512,22.82820623091862,20.239334913925248,0.0,0.0,0.0,-0.12944356584966865,1.0,0.296711266040802,0.048968710005283356,0.04607510566711426,0.019196042304547897,0.018834684295812396,0.03855690204848846,0.0368067358310024,0.0,0.0,0.041599664688110355,False,False
5.9,-7.680198669433594,22.6831111907959,-3.105548620223999,-2.573321247717947,0.5694198746576766,0.8995000000000133,0.10049999999998671,0.0,574,541,1.238408051710243,0.7615919482897572,17.0,17,3.0,20.0,0.03796108439564705,20.925855711675403,26.886057004431475,0.0,0.0,0.0,0.29801006463780355,1.0,0.2960444688796997,0.04883480817079544,0.04607713222503662,0.019113312112167248,0.018756182835437132,0.038866628892719746,0.03708722380300363,0.0,0.0,0.024223315715789794,False,False
5.905,-7.8811798095703125,22.54354476928711,-3.0899107456207275,-2.9062043400380677,0.5963957292846684,0.8994000000000133,0.1005999999999867,0.0,669,627,1.5,0.44812595259894406,73.0,73,4.0,16.0,0.03790591284632683,19.18203440236912,32.97888558739552,0.0,0.0,0.0,0.6898425592513199,1.0,0.2952018976211548,0.04909311607480049,0.04607909917831421,0.019090961714585394,0.018734858213768427,0.03986285844196876,0.03803507890552282,0.0,0.0,0.01024249792098999,False,False
5.91,-8.01840877532959,22.443145751953125,-3.108053207397461,2.9774450565835577,0.8344019231070956,0.8993000000000133,0.10069999999998669,0.0,613,586,1.1725512101176347,0.8274487898823654,45.0,45,5.0,29.0,0.037830352783203125,25.916864868838356,30.230645121779222,0.0,0.0,0.0,0.2156890126470433,1.0,0.2941895127296448,0.0491572767496109,0.04608118534088135,0.019070393879897663,0.018720415790099424,0.0404557337363561,0.03858754877001047,0.0,0.0,0.015942733287811282,False,False
5.915,-8.09682559967041,22.492395401000977,3.112311840057373,-2.5483281156472777,0.5658097660095626,0.8992000000000133,0.10079999999998668,0.0,552,512,1.1581719426078319,0.8418280573921681,19.0,19,1.0,23.0,0.037769630551338196,23.75712612976849,27.711424694964286,0.0,0.0,0.0,0.19771492825978979,1.0,0.2940904498100281,0.0490727573633194,0.04608321189880371,0.018922972719417657,0.018592128055868445,0.04006577345232169,0.038178409449756145,0.0,0.0,0.01910298228263855,False,False
5.92,-8.113344192504883,22.594436645507812,3.0400583744049072,-2.775184859265855,0.5375307191172835,0.8991000000000133,0.10089999999998667,0.0,523,497,0.8116576140571793,1.1883423859428208,21.0,21,0.0,27.0,0.0376768596470356,30.11069895228778,25.402139303717263,0.0,0.0,0.0,-0.23542798242852586,1.0,0.293744295835495,0.04895536229014397,0.0460851788520813,0.018758165260155772,0.01845142032702742,0.039389889376858875,0.0374859943985939,0.0,0.0,0.013918118476867677,False,False
5.925,-8.064923286437988,22.64266586303711,3.016171932220459,2.891874922179829,0.9034509898791555,0.8990000000000133,0.10099999999998666,0.0,515,475,0.8273528128857477,1.1726471871142523,29.0,29,1.0,26.0,0.03758532926440239,27.601474039597132,23.285294361740824,0.0,0.0,0.0,-0.2158089838928154,1.0,0.29321202635765076,0.04887570068240166,0.04608720541000366,0.018736422565998282,0.018435330744987755,0.03914754992971818,0.03722540568560362,0.0,0.0,0.012169432640075684,False,False
5.93,-8.109564781188965,22.686901092529297,3.0022573471069336,-2.692126631466748,0.5573097120503994,0.8989000000000134,0.10109999999998664,0.0,579,538,1.1750734118119355,0.8249265881880646,34.0,34,6.0,20.0,0.037501558661460876,25.301351202964035,29.67818649826242,0.0,0.0,0.0,0.21884176476491923,1.0,0.29249995946884155,0.04888487607240677,0.046089112758636475,0.018669526150915546,0.018372784524690138,0.03901930836339792,0.03709215049942335,0.0,0.0,0.01853241801261902,False,False
5.9350000000000005,-8.205657958984375,22.701221466064453,2.9719181060791016,3.041678892953191,0.643122060354055,0.8988000000000134,0.10119999999998663,0.0,647,621,0.8271506274942741,1.1728493725057259,32.0,32,2.0,27.0,0.03746408224105835,31.52623860271703,27.205004290073884,0.0,0.0,0.0,-0.2160617156321573,1.0,0.2916141450405121,0.04883816838264465,0.04609113931655884,0.018563045738187085,0.018279052068168697,0.03891105763614178,0.03698251520593961,0.0,0.0,0.02586117744445801,False,False
5.94,-8.217519760131836,22.672639846801758,2.98325514793396,-2.991558476133079,0.6837005427726272,0.8987000000000134,0.10129999999998662,0.0,648,603,0.8415547418697513,1.1584452581302487,30.0,30,2.0,33.0,0.03739962354302406,28.89905205249061,24.937920599234392,0.0,0.0,0.0,-0.1980565726628109,1.0,0.2905605137348175,0.04879245534539223,0.046092987060546875,0.018573641262327408,0.018288532984442787,0.03906600332508485,0.03713666461408138,0.0,0.0,0.016941179037094117,False,False
5.945,-8.31942081451416,22.75114631652832,3.022810459136963,-3.0381516447932615,0.5999851437508755,0.8986000000000134,0.10139999999998661,0.0,529,497,0.8547585133806053,1.1452414866193947,26.0,26,3.0,31.0,0.0373305007815361,26.49079771478306,22.85976054929819,0.0,0.0,0.0,-0.18155185827424347,1.0,0.2893449366092682,0.0487336590886116,0.04609501361846924,0.01849690298293695,0.01819875482795738,0.03915964625775814,0.03722383019824823,0.0,0.0,0.024777331352233888,False,False
5.95,-8.415095329284668,22.894245147705078,3.000620126724243,2.7618467020420354,0.6131201795893582,0.8985000000000134,0.1014999999999866,0.0,525,490,0.8668619705988881,1.133138029401112,52.0,52,1.0,31.0,0.03725365549325943,24.28323123855114,20.95478050352334,0.0,0.0,0.0,-0.16642253675138985,1.0,0.28797298669815063,0.04883332923054695,0.04609692096710205,0.01832836899347581,0.018040133367758025,0.03860061056911945,0.03668709347645442,0.0,0.0,0.010909564495086671,False,False
5.955,-8.52861213684082,22.89075469970703,3.0365209579467773,2.7220488047887157,0.9720316210164036,0.8984000000000134,0.10159999999998659,0.0,543,513,0.877956806382314,1.122043193617686,43.0,43,1.0,22.0,0.037199124693870544,22.259628635338544,19.208548794896394,0.0,0.0,0.0,-0.15255399202210745,1.0,0.28645023703575134,0.048908207565546036,0.04609882831573486,0.018296772410394402,0.018001005653834994,0.03897437049696843,0.037043478029469654,0.0,0.0,0.01626914978027344,False,False
5.96,-8.601251602172852,22.797147750854492,3.089118242263794,3.013680495612489,0.6177791571049682,0.8983000000000134,0.10169999999998658,0.0,596,563,0.8881270725171213,1.1118729274828787,16.0,16,2.0,25.0,0.03763717785477638,20.404659582393663,17.607836395321694,0.0,0.0,0.0,-0.13984115935359842,1.0,0.2847820222377777,0.04876738041639328,0.0461006760597229,0.018352718800306096,0.018041768565773747,0.03982094426949819,0.0378531434883674,0.0,0.0,0.01958046555519104,False,False
5.965,-8.57802963256836,22.752742767333984,3.123788356781006,-2.605313961793815,0.839136032076507,0.8982000000000134,0.10179999999998657,0.0,594,567,0.8974498164740279,1.1025501835259721,23.0,23,2.0,34.0,0.037790339440107346,18.704271283860855,16.140516695711554,0.0,0.0,0.0,-0.12818772940746506,1.0,0.28297358751296997,0.04867954179644585,0.04610264301300049,0.01841386508856257,0.01809257237908098,0.04016762444128593,0.03819787253936132,0.0,0.0,0.015474598407745363,False,False
5.97,-8.600687026977539,22.72337532043457,-3.123668670654297,3.114373393793356,0.5950757863282397,0.8981000000000134,0.10189999999998656,0.0,565,530,0.9059956651011923,1.0940043348988078,23.0,23,4.0,30.0,0.03779388964176178,17.145582010205782,14.79547363773559,0.0,0.0,0.0,-0.1175054186235096,1.0,0.28102999925613403,0.0485977903008461,0.046104371547698975,0.0184393179391819,0.01811058226833098,0.04045293821642797,0.03848757750044267,0.0,0.0,0.020299346446990968,False,False
5.9750000000000005,-8.6892671585083,22.692363739013672,-3.0947728157043457,-2.6756988408379807,0.9566946648556433,0.8980000000000135,0.10199999999998655,0.0,641,606,0.913829359676093,1.086170640323907,33.0,33,4.0,21.0,0.03780040517449379,15.716783509355299,13.562517501257624,0.0,0.0,0.0,-0.10771330040488376,1.0,0.28003352880477905,0.04854279011487961,0.04610627889633179,0.018438499487470613,0.018103405596920998,0.040894237657388054,0.03891555592417717,0.0,0.0,0.030225949287414556,False,False
5.98,-8.74342155456543,22.702516555786133,-3.0777246952056885,-3.0652642525397296,0.34528138077256293,0.8979000000000135,0.10209999999998653,0.0,652,609,0.9210102463697519,1.078989753630248,20.0,20,6.0,26.0,0.03773975372314453,22.74038488357569,20.76564104281949,0.0,0.0,0.0,-0.09873719203781003,1.0,0.2788228690624237,0.04844873398542404,0.046108126640319824,0.018426094314393675,0.01808694513825057,0.04101129248738289,0.039035157921413585,0.0,0.0,0.015557081699371339,False,False
5.985,-8.883570671081543,22.65692138671875,-3.104468822479248,-2.7357576292403873,0.5381276790777649,0.8978000000000135,0.10219999999998652,0.0,632,596,0.26092605917227274,1.5,27.0,27,3.0,41.0,0.03767973557114601,37.512019476611044,19.035170955917863,0.0,0.0,0.0,-0.923842426034659,1.0,0.27745819091796875,0.048391640186309814,0.046109914779663086,0.01834076866585118,0.01801178097127294,0.041306198885043464,0.039284778758883476,0.0,0.0,0.018713697195053104,False,False
5.99,-8.973912239074707,22.56550407409668,-3.103196620941162,-2.5621628899061717,0.8237965835289118,0.8977000000000135,0.10229999999998651,0.0,653,618,0.3225155542412501,1.5,72.0,72,3.0,29.0,0.0376165434718132,34.38601785356012,17.448906709591373,0.0,0.0,0.0,-0.8468555571984373,1.0,0.27594488859176636,0.04862585663795471,0.04611170291900635,0.018346050401683675,0.018019157718866845,0.04190867766737938,0.03984901588410139,0.0,0.0,0.01373791813850403,False,False
5.995,-9.078392028808594,22.549867630004883,-3.0848255157470703,2.9387924511434504,0.8227082823576661,0.8976000000000135,0.1023999999999865,0.0,616,579,0.3789725913878126,1.5,37.0,37,5.0,20.0,0.03756219521164894,31.52051636576344,15.994831150458758,0.0,0.0,0.0,-0.7762842607652342,1.0,0.2742882966995239,0.04863171651959419,0.046113550662994385,0.0183143770174742,0.01798392574970278,0.04218516871333122,0.040125142162044845,0.0,0.0,0.01523758411407471,False,False
6.0,-9.212056159973145,22.625080108642578,-3.1186294555664062,-2.9621392208796227,0.6327678021502883,0.8975000000000135,0.10249999999998649,0.0,544,515,0.4307248754388282,1.5,30.0,30,1.0,29.0,0.037484604865312576,28.893806668616488,14.661928554587194,0.0,0.0,0.0,-0.7115939057014647,1.0,0.27357083559036255,0.04860737547278404,0.046115219593048096,0.018129233095794693,0.01781262670954047,0.041818455792963505,0.039756231320401035,0.0,0.0,0.016622951030731203,False,False
6.005,-9.249667167663574,22.650392532348633,3.1376278400421143,-2.4946366236039,0.5231417058713478,0.8974000000000135,0.10259999999998648,0.0,560,517,0.4781644691522592,1.5,44.0,44,3.0,30.0,0.03745899349451065,26.48598944623178,13.44010117503826,0.0,0.0,0.0,-0.652294413559676,1.0,0.27263137698173523,0.04868731647729874,0.04611706733703613,0.01805470742401645,0.01774780707783044,0.04165441729128361,0.03957877401262522,0.0,0.0,0.01605171799659729,False,False
6.01,-9.23226547241211,22.658933639526367,3.107381582260132,-2.639104407305546,0.3323210137104679,0.8973000000000135,0.10269999999998647,0.0,546,514,0.5216507633895708,1.4783492366104292,22.0,22,4.0,24.0,0.037397753447294235,24.2788236590458,12.320092743785072,0.0,0.0,0.0,-0.5979365457630363,1.0,0.27153027057647705,0.04858184978365898,0.04611879587173462,0.01804366654017918,0.017742793504303727,0.04153902176767588,0.03944115558018287,0.0,0.0,0.012800524234771729,False,False
6.015000000000001,-9.326970100402832,22.711734771728516,3.096175193786621,3.030439341236007,0.8166837148296661,0.8972000000000135,0.10279999999998646,0.0,634,593,0.5615131997737732,1.4384868002262268,33.0,33,2.0,27.0,0.03757801651954651,22.255588354125315,11.293418348469649,0.0,0.0,0.0,-0.5481085002827834,1.0,0.2702731490135193,0.04851740971207619,0.04612058401107788,0.017948327140571953,0.017650887703988486,0.04140603821724653,0.03929989722867807,0.0,0.0,0.019199180603027343,False,False
6.0200000000000005,-9.385698318481445,22.716711044311523,3.0863566398620605,2.9526464122198752,0.8465489100709257,0.8971000000000136,0.10289999999998645,0.0,665,641,0.9313870997926255,1.0686129002073745,45.0,45,4.0,23.0,0.03749678656458855,20.40095599128154,18.685633486097174,0.0,0.0,0.0,-0.0857661252592182,1.0,0.2688654661178589,0.04856373742222786,0.04612231254577637,0.017897228844463608,0.017604184794239485,0.04139083127180736,0.039281522234280906,0.0,0.0,0.02694189310073853,False,False
6.025,-9.439993858337402,22.72132110595703,3.1097419261932373,-2.1763385178822334,0.381791965308781,0.8970000000000136,0.10299999999998644,0.0,629,581,0.9371048414765734,1.0628951585234265,27.0,27,4.0,20.0,0.03765476495027542,18.700876325341408,17.128497362255743,0.0,0.0,0.0,-0.07861894815428325,1.0,0.26731258630752563,0.04850706085562706,0.04612398147583008,0.017879806556273033,0.017581510278861755,0.04158284980803728,0.03946615383028984,0.0,0.0,0.023872048854827882,False,False
6.03,-9.552417755126953,22.839941024780273,-3.1406121253967285,-2.7257745331992416,0.8927927332128687,0.8969000000000136,0.10309999999998642,0.0,587,557,1.2756794380201923,0.7243205619798077,31.0,31,1.0,34.0,0.037709567695856094,17.14246996489629,24.034455915401097,0.0,0.0,0.0,0.3445992975252404,1.0,0.2656196653842926,0.04844408109784126,0.046125710010528564,0.017761997205670704,0.017456927425227843,0.04135318876554569,0.03925854340195656,0.0,0.0,0.01748046636581421,False,False
6.035,-9.650278091430664,22.907033920288086,3.137357234954834,-2.021971024369278,0.3115248404504243,0.8968000000000136,0.10319999999998641,0.0,588,552,1.2527061515185096,0.7472938484814904,21.0,21,3.0,20.0,0.037724364548921585,15.71393080115493,22.03158458911767,0.0,0.0,0.0,0.315882689398137,1.0,0.2637917697429657,0.04834332317113876,0.046127378940582275,0.017674965910613318,0.01737423981190638,0.04114858185251554,0.03905737151702245,0.0,0.0,0.01939972400665283,False,False
6.04,-9.734150886535645,22.836069107055664,-3.112183094024658,-2.682095877597493,0.6628432141695024,0.8967000000000136,0.1032999999999864,0.0,565,540,0.8983139722253006,1.1016860277746994,34.0,34,3.0,18.0,0.037729546427726746,22.737769901058684,20.195619206691198,0.0,0.0,0.0,-0.12710753471837427,1.0,0.2618338465690613,0.0483253039419651,0.04612898826599121,0.017699175206323248,0.017390932700286094,0.04181622061878443,0.03969107133646806,0.0,0.0,0.015774105787277223,False,False
6.045,-9.787284851074219,22.74256134033203,-3.0732624530792236,-2.6832524053517695,0.7884550161663878,0.8966000000000136,0.10339999999998639,0.0,549,518,0.9067878078731921,1.0932121921268079,28.0,28,1.0,28.0,0.03766428679227829,20.842955742637127,18.51265093946693,0.0,0.0,0.0,-0.11651524015850985,1.0,0.2608279585838318,0.04827362671494484,0.04613065719604492,0.01775410826845694,0.01743635544894863,0.042667274052898094,0.04050218500196934,0.0,0.0,0.022212531566619877,False,False
6.05,-9.774059295654297,22.727407455444336,-3.0272326469421387,-1.3688294823152296,0.5054158695956349,0.8965000000000136,0.10349999999998638,0.0,648,610,0.9145554905504261,1.085444509449574,48.0,48,3.0,28.0,0.037603236734867096,19.106042764084034,16.969930027844686,0.0,0.0,0.0,-0.10680563681196738,1.0,0.25961264967918396,0.04834485054016113,0.04613232612609863,0.01779873282322638,0.01747099954728016,0.04295263749857744,0.040803300216794014,0.0,0.0,0.020561821460723877,False,False
6.055,-9.822397232055664,22.695138931274414,-2.997703790664673,-2.707905099011889,0.6147340131621443,0.8964000000000136,0.10359999999998637,0.0,643,606,0.9216758663378906,1.0783241336621094,31.0,31,6.0,19.0,0.03756753355264664,17.513872533743697,15.555769192190962,0.0,0.0,0.0,-0.09790516707763679,1.0,0.258247971534729,0.048331085592508316,0.046133995056152344,0.017810850858610526,0.017478547095476124,0.04329411623378595,0.041144187562167645,0.0,0.0,0.026470949649810793,False,False
6.0600000000000005,-9.882741928100586,22.655786514282227,-2.9755706787109375,-2.7831054679870357,0.6470788910132311,0.8963000000000136,0.10369999999998636,0.0,618,584,0.9282028774763997,1.0717971225236003,34.0,34,8.0,27.0,0.03748862072825432,16.05438315593172,14.259455092841714,0.0,0.0,0.0,-0.08974640315450033,1.0,0.25673916935920715,0.048283882439136505,0.046135544776916504,0.017825960005012433,0.017489599692014142,0.0436955022936066,0.04153558673957984,0.0,0.0,0.03906789541244507,False,False
6.065,-9.962613105773926,22.633106231689453,-2.9773929119110107,-2.0833832022557557,0.6157046463524193,0.8962000000000137,0.10379999999998635,0.0,593,560,0.9341859710200331,1.065814028979967,26.0,26,2.0,26.0,0.03743605315685272,14.716517892937409,13.071167168438237,0.0,0.0,0.0,-0.08226753622495861,1.0,0.2550913989543915,0.048221562057733536,0.046137094497680664,0.01780529636889674,0.017469586561666587,0.043913538878162704,0.04173293554534515,0.0,0.0,0.01960022568702698,False,False
6.07,-10.129268646240234,22.53159523010254,-2.9913532733917236,3.057282957026342,0.8788215858146547,0.8961000000000137,0.10389999999998634,0.0,598,563,0.9396704734350304,1.0603295265649697,56.0,56,0.0,34.0,0.03750988095998764,13.49014140185929,11.98190323773505,0.0,0.0,0.0,-0.07541190820621199,1.0,0.2533096671104431,0.048348620533943176,0.046138644218444824,0.01774954840525342,0.017421141204113547,0.044603830513854824,0.0423620967194438,0.0,0.0,0.01568701505661011,False,False
6.075,-10.265889167785645,22.40544891357422,-2.984602689743042,-2.658983480400391,0.6066319250574869,0.8960000000000137,0.10399999999998633,0.0,513,478,0.6113646006487778,1.3886353993512222,37.0,37,0.0,32.0,0.03742515668272972,20.699296285037683,10.98341130125713,0.0,0.0,0.0,-0.48579424918902764,1.0,0.25139889121055603,0.04835212975740433,0.04614025354385376,0.017762370304359527,0.01743438142538049,0.04552504047751427,0.04323555311808984,0.0,0.0,0.015120023488998413,False,False
6.08,-10.381861686706543,22.395503997802734,-3.0013034343719482,-3.0487244912851255,0.3474123933243039,0.8959000000000137,0.10409999999998631,0.0,522,493,0.9770842172613797,1.0229157827386204,18.0,18,4.0,29.0,0.03733266517519951,18.974354927951207,18.4014603594857,0.0,0.0,0.0,-0.028644728423275367,1.0,0.24936382472515106,0.04822656139731407,0.04614168405532837,0.017682999894022725,0.017360889911651398,0.04555591382086277,0.04326436823854844,0.0,0.0,0.019763312339782714,False,False
6.085,-10.504651069641113,22.47426414489746,-3.0316836833953857,-2.7918368133771447,0.6933921710185135,0.8958000000000137,0.1041999999999863,0.0,683,649,0.6456605324895981,1.354339467510402,26.0,26,3.0,34.0,0.03752116486430168,25.726492017288606,16.868005329528557,0.0,0.0,0.0,-0.44292433438800244,1.0,0.2472090870141983,0.04814929887652397,0.046143293380737305,0.017516297276286813,0.017205780175747136,0.04510845523327589,0.04280786340435346,0.0,0.0,0.02069243431091309,False,False
6.09,-10.492026329040527,22.496620178222656,-3.0542709827423096,3.02289278211215,0.6195908365152587,0.8957000000000137,0.10429999999998629,0.0,707,669,0.6751888214487982,1.3248111785512018,30.0,30,3.0,34.0,0.037695471197366714,23.582617682514556,15.46233821873451,0.0,0.0,0.0,-0.4060139731890023,1.0,0.2460164725780487,0.04814005643129349,0.046144843101501465,0.017489910474046848,0.017184619344770696,0.0449565409993132,0.0426283897832036,0.0,0.0,0.01606764078140259,False,False
6.095,-10.482112884521484,22.540700912475586,-3.0893759727478027,-2.1071029888902943,0.4684863707615271,0.8956000000000137,0.10439999999998628,0.0,610,572,0.7022564196613983,1.2977435803386017,28.0,28,3.0,39.0,0.03762362152338028,21.61739954230501,14.173810033839967,0.0,0.0,0.0,-0.3721794754232521,1.0,0.24462425708770752,0.04808444902300835,0.04614633321762085,0.01745284490939208,0.01715276013384552,0.04460882395505905,0.04226406570523977,0.0,0.0,0.010705668926239014,False,False
6.1000000000000005,-10.565672874450684,22.588014602661133,-3.0951690673828125,-2.3451531702021473,0.5958577778404966,0.8955000000000137,0.10449999999998627,0.0,634,600,0.7270683846896151,1.272931615310385,44.0,44,4.0,28.0,0.03755401074886322,19.815949580446258,12.992659197686637,0.0,0.0,0.0,-0.34116451913798107,1.0,0.24309217929840088,0.04811391234397888,0.04614776372909546,0.0173675392254564,0.017070404935627965,0.04440508161981901,0.04206409367422263,0.0,0.0,0.03246020317077637,False,False
6.105,-10.604289054870605,22.58893585205078,-3.1124508380889893,-2.411145300220039,0.7880266157907877,0.8954000000000137,0.10459999999998626,0.0,519,493,0.7498126859654806,1.2501873140345194,33.0,33,1.0,27.0,0.03747034817934036,18.1646204487424,11.909937597879416,0.0,0.0,0.0,-0.31273414254314924,1.0,0.2414252609014511,0.04809122160077095,0.046149253845214844,0.017328319996595166,0.017036440041071212,0.044309018800656005,0.041969320736825466,0.0,0.0,0.01823396444320679,False,False
6.11,-10.660311698913574,22.6085262298584,-3.078122615814209,-2.5903320825004714,0.5834674174132044,0.8953000000000138,0.10469999999998625,0.0,572,540,0.4373282954683573,1.5,25.0,25,5.0,29.0,0.03739200532436371,24.9842354113472,10.91744279805613,0.0,0.0,0.0,-0.7033396306645534,1.0,0.2396283894777298,0.048031046986579895,0.04615074396133423,0.017321010006125803,0.01702047507651129,0.04454982311775287,0.042194259973863765,0.0,0.0,0.02409857749938965,False,False
6.115,-10.763324737548828,22.701505661010742,-3.093909978866577,-2.5342274944345284,0.8268692557192004,0.8952000000000138,0.10479999999998624,0.0,572,531,0.19999999999999996,1.5,22.0,22,1.0,25.0,0.03731605038046837,31.235549127068264,10.00765589821812,0.0,0.0,0.0,-1.0,1.0,0.23770631849765778,0.04794329032301903,0.04615211486816406,0.017190772697562137,0.016895550198697585,0.04410934168845415,0.04176625205824773,0.0,0.0,0.017951139211654664,False,False
6.12,-10.86379337310791,22.74551010131836,-3.0893783569335938,-1.9065960354694385,0.6422238139161814,0.8951000000000138,0.10489999999998623,0.0,586,554,0.2216439149421614,1.5,44.0,44,3.0,17.0,0.03725368529558182,28.632586699812574,9.173684573366609,0.0,0.0,0.0,-0.9729451063222981,1.0,0.23674097657203674,0.04802830517292023,0.046153485774993896,0.017119449218114004,0.01682570565553982,0.04392989445477724,0.04159828647971153,0.0,0.0,0.020929903984069825,False,False
6.125,-10.917278289794922,22.662988662719727,-3.0026726722717285,-2.929642927118838,0.7211389133516973,0.8950000000000138,0.10499999999998622,0.0,697,668,0.2865069220303146,1.5,70.0,70,9.0,28.0,0.03721838817000389,26.246537808161523,8.40921085891939,0.0,0.0,0.0,-0.8918663474621067,1.0,0.2355707436800003,0.04824873432517052,0.04615497589111328,0.017212709169601808,0.016900731397559658,0.04498756180206935,0.04262734049310287,0.0,0.0,0.025118627548217774,False,False
6.13,-10.892035484313965,22.572702407836914,-2.941891670227051,-2.631644598975539,0.9296276364750009,0.8949000000000138,0.1050999999999862,0.0,580,547,0.34596467852778845,1.5,38.0,38,2.0,23.0,0.037547748535871506,24.059326324148063,7.708443287342774,0.0,0.0,0.0,-0.8175441518402644,1.0,0.23425546288490295,0.048258788883686066,0.046156346797943115,0.017324032906132224,0.01699932852061444,0.045925419156750046,0.04354640531043212,0.0,0.0,0.022497305870056154,False,False
6.135,-10.874582290649414,22.528396606445312,-2.9020769596099854,-3.0182337989292547,0.5408226785979057,0.8948000000000138,0.1051999999999862,0.0,568,527,0.40046762198380603,1.5,11.0,11,0.0,30.0,0.03748772665858269,22.05438246380239,7.066073013397543,0.0,0.0,0.0,-0.7494154725202424,1.0,0.23387755453586578,0.04811030626296997,0.04615771770477295,0.017382465102476784,0.017051994374099287,0.04636133710543315,0.04398985455433528,0.0,0.0,0.02175299406051636,False,False
6.140000000000001,-10.977194786071777,22.421091079711914,-2.805675983428955,-2.9958253143441964,0.6926788848823527,0.8947000000000138,0.10529999999998618,0.0,672,631,0.4504286534851556,1.5,22.0,22,3.0,29.0,0.037428274750709534,20.216517258485524,6.477233595614414,0.0,0.0,0.0,-0.6869641831435555,1.0,0.23327584564685822,0.04803106561303139,0.04615914821624756,0.017500018442049407,0.017152156130410517,0.04777052284528812,0.04540358204394579,0.0,0.0,0.04020784854888916,False,False
6.1450000000000005,-11.062858581542969,22.359344482421875,-2.7669124603271484,-2.6718411615077877,0.6541718908593549,0.8946000000000138,0.10539999999998617,0.0,657,624,0.49622626569472594,1.5,28.0,28,7.0,32.0,0.03735263645648956,26.865140820278395,14.270797462646545,0.0,0.0,0.0,-0.6297171678815925,1.0,0.23251068592071533,0.047970037907361984,0.04616057872772217,0.017539258700174372,0.01718581735466896,0.048462250269949436,0.046095239619414016,0.0,0.0,0.02609130144119263,False,False
6.15,-11.17847728729248,22.319068908691406,-2.7750332355499268,-2.4137915413467215,0.4831599776103903,0.8945000000000138,0.10549999999998616,0.0,609,566,0.20487407688683223,1.5,37.0,37,4.0,22.0,0.03749702498316765,32.95971241858852,13.081564340759332,0.0,0.0,0.0,-0.9939074038914596,1.0,0.23158766329288483,0.04794770106673241,0.046161949634552,0.01749436776277898,0.01714360026735791,0.048881665182610355,0.046458065820237,0.0,0.0,0.021845633983612063,False,False
6.155,-11.28764533996582,22.186607360839844,-2.7540104389190674,-2.789913618335276,0.9404831198360701,0.8944000000000139,0.10559999999998615,0.0,635,598,0.27113457047959644,1.5,44.0,44,2.0,20.0,0.03741558641195297,30.213069717039478,11.991433979029388,0.0,0.0,0.0,-0.9110817869005045,1.0,0.23051223158836365,0.04799460619688034,0.046163201332092285,0.017527526662451928,0.017175258571514643,0.04997785513599714,0.047503321742018066,0.0,0.0,0.00941445231437683,False,False
6.16,-11.401961326599121,22.067462921142578,-2.749260902404785,-2.37984025982793,0.7281619227440994,0.8943000000000139,0.10569999999998614,0.0,690,648,0.3318733562729633,1.5,35.0,35,7.0,29.0,0.03747882694005966,36.02864724061952,19.325481147443604,0.0,0.0,0.0,-0.8351583046587958,1.0,0.23036696016788483,0.047985758632421494,0.04616457223892212,0.017535198355714262,0.017184315912425304,0.050821960903704166,0.04831557006885608,0.0,0.0,0.010773510932922364,False,False
6.165,-11.552741050720215,22.048343658447266,-2.7671267986297607,-1.925143368047979,0.6031106039654369,0.8942000000000139,0.10579999999998613,0.0,658,624,0.19999999999999996,1.5,32.0,32,3.0,30.0,0.037441104650497437,41.35959330390122,17.715024385156635,0.0,0.0,0.0,-1.0,1.0,0.2299908846616745,0.0479871928691864,0.04616600275039673,0.017430426138685798,0.01708654781679291,0.050958244440456234,0.04841637797653675,0.0,0.0,0.016348878145217897,False,False
6.17,-11.62837028503418,22.077394485473633,-2.7686948776245117,-2.2324041557031897,0.5643431345872143,0.8941000000000139,0.10589999999998612,0.0,644,613,0.19999999999999996,1.5,39.0,39,1.0,31.0,0.03741001710295677,37.912960528576114,16.23877235306025,0.0,0.0,0.0,-1.0,1.0,0.2294444888830185,0.04798881337046623,0.04616725444793701,0.01736425687698626,0.01702243033936226,0.050947957982619606,0.048370915465056896,0.0,0.0,0.017433357238769532,False,False
6.175,-11.592045783996582,22.10933494567871,-2.793815851211548,-2.7838799360466484,0.642024975780351,0.8940000000000139,0.1059999999999861,0.0,537,502,0.20527976689775151,1.5,37.0,37,2.0,21.0,0.03747790306806564,34.75354715119477,14.885541323638561,0.0,0.0,0.0,-0.9934002913778105,1.0,0.22981080412864685,0.047997381538152695,0.04616856575012207,0.01735056760394924,0.017010923687601247,0.05063801072537899,0.04803546083470186,0.0,0.0,0.014670346975326539,False,False
6.18,-11.65450668334961,22.137041091918945,-2.820305585861206,-2.507209489056274,0.6256542815458811,0.8939000000000139,0.1060999999999861,0.0,547,516,0.27150645298960563,1.5,31.0,31,3.0,37.0,0.037389401346445084,31.85741822192854,13.645079546668681,0.0,0.0,0.0,-0.9106169337629929,1.0,0.22992929816246033,0.04796901345252991,0.046169936656951904,0.01728796914064614,0.016951700520391053,0.050398362800478935,0.04776125929007928,0.0,0.0,0.019212319850921634,False,False
6.1850000000000005,-11.721885681152344,22.13409423828125,-2.817051410675049,-2.804753290382827,0.8238031239227007,0.8938000000000139,0.10619999999998608,0.0,606,564,0.3322142485738052,1.5,19.0,19,5.0,36.0,0.03730440512299538,29.20263337010116,12.50798958444629,0.0,0.0,0.0,-0.8347321892827434,1.0,0.22986090183258057,0.04784893989562988,0.04617124795913696,0.017258834198349872,0.016922768671531016,0.05052743790050348,0.047872938836614295,0.0,0.0,0.026770546436309817,False,False
6.19,-11.739508628845215,22.13960075378418,-2.8083953857421875,3.0249781595571816,0.44428947812206815,0.8937000000000139,0.10629999999998607,0.0,601,573,0.3878630611926548,1.5,44.0,44,3.0,24.0,0.03721824660897255,26.769080589259396,11.465657119075766,0.0,0.0,0.0,-0.7651711735091815,1.0,0.22961178421974182,0.04788374528288841,0.046172499656677246,0.017241886465965243,0.016906223252415444,0.05050119788696369,0.047864221657315895,0.0,0.0,0.018060879707336427,False,False
6.195,-11.863520622253418,22.175800323486328,-2.7354743480682373,-2.3083250013911707,0.7060949590883189,0.8936000000000139,0.10639999999998606,0.0,566,534,0.4388744727599335,1.5,39.0,39,1.0,24.0,0.037173569202423096,24.53832387348778,10.510185692486118,0.0,0.0,0.0,-0.7014069090500831,1.0,0.2291879653930664,0.04791860282421112,0.046173810958862305,0.01723042271146529,0.016885632267997698,0.05100177445759376,0.04839546202371518,0.0,0.0,0.02181041955947876,False,False
6.2,-11.95914363861084,22.2508544921875,-2.7473549842834473,3.115198802842387,0.8313889517022974,0.893500000000014,0.10649999999998605,0.0,649,609,0.8189682666966058,1.1810317333033942,30.0,30,2.0,25.0,0.03716089949011803,22.49346355069713,17.967670218112275,0.0,0.0,0.0,-0.22628966662924271,1.0,0.2285953015089035,0.04790477454662323,0.04617506265640259,0.017127514114603185,0.01678735685162225,0.05038013060887655,0.04778798359135787,0.0,0.0,0.023097188472747804,False,False
6.205,-11.976874351501465,22.198230743408203,-2.7344422340393066,-2.0877108452580613,0.7408303268021544,0.893400000000014,0.10659999999998604,0.0,639,599,0.8340542444718888,1.1659457555281112,29.0,29,5.0,32.0,0.03710475191473961,20.6190082548057,16.47036436660292,0.0,0.0,0.0,-0.20743219441013902,1.0,0.22783949971199036,0.04785500839352608,0.046176373958587646,0.01715851752048647,0.016816363818167188,0.05077249525735776,0.0481689115986228,0.0,0.0,0.024647080898284913,False,False
6.21,-11.973856925964355,22.08230209350586,-2.6629109382629395,-2.5109391565150676,0.9830298546764096,0.893300000000014,0.10669999999998603,0.0,658,619,0.8478830574325648,1.1521169425674354,41.0,41,3.0,27.0,0.03710169717669487,18.900757566905224,15.097834002719342,0.0,0.0,0.0,-0.19014617820929408,1.0,0.22800342738628387,0.047861576080322266,0.046177685260772705,0.01729005026786256,0.016938348037966625,0.052256896160542965,0.049658059142529964,0.0,0.0,0.022733259201049804,False,False
6.215,-11.980338096618652,22.03415298461914,-2.6133079528808594,-2.270433781190391,0.7351331895558177,0.893200000000014,0.10679999999998602,0.0,632,600,0.8605594693131844,1.1394405306868156,37.0,37,3.0,21.0,0.03727120906114578,17.325694436329787,13.839681169159396,0.0,0.0,0.0,-0.17430066335851951,1.0,0.2279263585805893,0.04789046198129654,0.04617893695831299,0.017354272081982126,0.016997951478464314,0.05299043841660023,0.05042650271207094,0.0,0.0,0.026835207939147947,False,False
6.22,-12.022297859191895,22.002395629882812,-2.569648504257202,-2.1029069066929704,0.7968200647581518,0.893100000000014,0.106899999999986,0.0,612,576,0.8721795135370856,1.1278204864629144,33.0,33,1.0,23.0,0.037430476397275925,24.21521989996897,21.01970773839611,0.0,0.0,0.0,-0.15977560807864305,1.0,0.22766907513141632,0.047864995896816254,0.046180129051208496,0.01738823184029488,0.017029032347723627,0.053540371979276344,0.051016771855453655,0.0,0.0,0.03292807817459107,False,False
6.2250000000000005,-12.054821014404297,21.9422607421875,-2.5331244468688965,-2.4052485999184325,0.9780073084420566,0.893000000000014,0.106999999999986,0.0,634,596,0.8828312207423283,1.1171687792576717,25.0,25,6.0,28.0,0.037483807653188705,22.19728490830489,19.2680654268631,0.0,0.0,0.0,-0.14646097407208955,1.0,0.2272375524044037,0.04778606444597244,0.046181440353393555,0.017449794135056214,0.017087420578890577,0.05427355567614238,0.051775479999681316,0.0,0.0,0.033904082775115967,False,False
6.23,-12.090896606445312,21.885942459106445,-2.513434886932373,-2.7709094263172287,0.6810906857715382,0.892900000000014,0.10709999999998598,0.0,554,530,0.5592619523471345,1.4407380476528655,21.0,21,2.0,35.0,0.03739828243851662,28.68084449927948,17.662393307957842,0.0,0.0,0.0,-0.5509225595660819,1.0,0.22663764655590057,0.04768403246998787,0.04618269205093384,0.01749486051499822,0.017130678368266455,0.05495448286334674,0.05245241026083629,0.0,0.0,0.017214083671569826,False,False
6.235,-12.194860458374023,21.787694931030273,-2.528658866882324,-2.3604564019721455,0.5979875542849468,0.892800000000014,0.10719999999998597,0.0,589,547,0.26265678965153993,1.5,26.0,26,4.0,32.0,0.037355270236730576,34.62410745767286,16.190527198961355,0.0,0.0,0.0,-0.9216790129355751,1.0,0.22695234417915344,0.047605663537979126,0.046183884143829346,0.017486495397286268,0.017123394764261102,0.0556981780876716,0.05309272867937883,0.0,0.0,0.01842337489128113,False,False
6.24,-12.2240571975708,21.677637100219727,-2.496187686920166,-2.392041840211279,0.6891070357473401,0.892700000000014,0.10729999999998596,0.0,696,655,0.32410205718057816,1.5,46.0,46,5.0,35.0,0.03763432800769806,31.73876516953345,14.841316599047909,0.0,0.0,0.0,-0.8448724285242772,1.0,0.22702105343341827,0.04767050966620445,0.046185076236724854,0.0175518710563578,0.01718760506808736,0.05672929808497429,0.054141211633880935,0.0,0.0,0.01335851550102234,False,False
6.245,-12.324390411376953,21.582836151123047,-2.475497007369995,-2.008348721140051,0.8030633584545009,0.892600000000014,0.10739999999998595,0.0,681,648,0.3804268857488635,1.5,31.0,31,2.0,36.0,0.037666041404008865,29.09386807207233,13.604540215793916,0.0,0.0,0.0,-0.7744663928139206,1.0,0.22690466046333313,0.04764959216117859,0.04618632793426514,0.017570253705372813,0.017206117239780508,0.057736678669850036,0.05512832043071588,0.0,0.0,0.012095788717269898,False,False
6.25,-12.468894958496094,21.53703498840332,-2.505706548690796,-2.638286522273196,0.7445559204418055,0.8925000000000141,0.10749999999998594,0.0,664,622,0.7653913119364582,1.2346086880635418,39.0,39,5.0,52.0,0.03762511536478996,26.669379066066302,20.804161864477756,0.0,0.0,0.0,-0.2932608600794273,1.0,0.22660928964614868,0.04766581580042839,0.046187520027160645,0.017476006024051235,0.017117318280661882,0.058035828794042274,0.055323345586657524,0.0,0.0,0.018265385627746582,False,False
6.255,-12.492920875549316,21.547117233276367,-2.528931140899658,-2.478075038026522,0.8249444105261522,0.8924000000000141,0.10759999999998593,0.0,575,542,0.45160870260842,1.5,28.0,28,1.0,28.0,0.03755389153957367,32.78026414389411,19.07048170910461,0.0,0.0,0.0,-0.685489121739475,1.0,0.22721819579601288,0.04761454463005066,0.04618871212005615,0.01743831808368343,0.01708129552813846,0.05798037784794967,0.055190231651067734,0.0,0.0,0.014111108779907228,False,False
6.26,-12.484925270080566,21.59464454650879,-2.5654826164245605,-1.9770606020585524,0.680875950139369,0.8923000000000141,0.10769999999998592,0.0,621,590,0.19999999999999996,1.5,39.0,39,1.0,27.0,0.03748486563563347,46.715242131902926,17.481274900012558,0.0,0.0,0.0,-1.0,1.0,0.2275710254907608,0.047648943960666656,0.04618990421295166,0.017396072273142413,0.01703981090150752,0.05748681413630645,0.05462790218492349,0.0,0.0,0.014618295431137084,False,False
6.265000000000001,-12.579765319824219,21.60051155090332,-2.576195240020752,-2.0878870953534006,0.720500674998481,0.8922000000000141,0.10779999999998591,0.0,632,602,0.19999999999999996,1.5,33.0,33,7.0,36.0,0.0374118909239769,42.82230528757768,16.02450199167818,0.0,0.0,0.0,-1.0,1.0,0.227728933095932,0.04759546369314194,0.04619109630584717,0.017340372164500656,0.01698525726042356,0.05748750641942024,0.054580482343832656,0.0,0.0,0.021130151748657226,False,False
6.2700000000000005,-12.625968933105469,21.577341079711914,-2.5719408988952637,-2.3659708553546794,0.9999656164928211,0.8921000000000141,0.1078999999999859,0.0,626,588,0.19999999999999996,1.5,31.0,31,3.0,18.0,0.03763309493660927,39.2537798469462,14.689126825704996,0.0,0.0,0.0,-1.0,1.0,0.22877557575702667,0.04757580906152725,0.046192288398742676,0.017330099486435234,0.016975474401532145,0.05773033325870832,0.054807765409350395,0.0,0.0,0.02481097221374512,False,False
6.275,-12.682195663452148,21.571918487548828,-2.543672800064087,-2.443653305205993,0.6004098394469641,0.8920000000000141,0.10799999999998589,0.0,551,519,0.19999999999999996,1.5,25.0,25,3.0,21.0,0.03756675124168396,44.315964859700685,13.465032923562912,0.0,0.0,0.0,-1.0,1.0,0.22955100238323212,0.04750898852944374,0.046193480491638184,0.017334139346843365,0.016977863164851226,0.058114202693104744,0.05520585924386978,0.0,0.0,0.01650393009185791,False,False
6.28,-12.815482139587402,21.60399055480957,-2.499268054962158,-2.553471253895098,0.7292971729413209,0.8919000000000141,0.10809999999998587,0.0,661,621,0.2021324956749484,1.5,23.0,23,4.0,28.0,0.03749142214655876,40.62296778805896,20.676280179932668,0.0,0.0,0.0,-0.9973343804063145,1.0,0.23011673986911774,0.04741932824254036,0.04619467258453369,0.017283798238883197,0.016927811509618942,0.0582057423889637,0.05536727917691072,0.0,0.0,0.023434422016143798,False,False
6.285,-12.882596969604492,21.625961303710938,-2.5219733715057373,-2.3909168646393892,0.6717190711329065,0.8918000000000141,0.10819999999998586,0.0,615,578,0.19999999999999996,1.5,36.0,36,2.0,13.0,0.03751470148563385,45.57105380572071,18.953256831604946,0.0,0.0,0.0,-1.0,1.0,0.23047952353954315,0.04742026701569557,0.04619574546813965,0.017217554124071974,0.016864358642060717,0.05774139426648617,0.054863474021355316,0.0,0.0,0.023907339572906493,False,False
6.29,-12.864104270935059,21.54109764099121,-2.475492477416992,-1.867633559016445,0.8956474438325154,0.8917000000000141,0.10829999999998585,0.0,615,579,0.19999999999999996,1.5,36.0,36,6.0,13.0,0.03782520070672035,41.773465988577314,17.373818762304534,0.0,0.0,0.0,-1.0,1.0,0.23064595460891724,0.047456301748752594,0.04619687795639038,0.017316184737719377,0.01695907241664805,0.05882672965526581,0.05598765177031358,0.0,0.0,0.024013488292694094,False,False
6.295,-12.8255615234375,21.449769973754883,-2.3977930545806885,-2.5145770199481037,0.8074626478178587,0.8916000000000142,0.10839999999998584,0.0,664,636,0.4386796017033314,1.5,38.0,38,2.0,30.0,0.03778621181845665,38.292343822862534,24.25933386544582,0.0,0.0,0.0,-0.7016504978708357,1.0,0.23062244057655334,0.04746178537607193,0.04619807004928589,0.017461296670293835,0.017100247885643596,0.06040921745200952,0.05767257884144783,0.0,0.0,0.024178819656372072,False,False
6.3,-12.809127807617188,21.42224884033203,-2.351733684539795,-2.3417761333994624,0.8694005148540537,0.8915000000000142,0.10849999999998583,0.0,616,582,0.19999999999999996,1.5,17.0,17,6.0,25.0,0.037735242396593094,43.43464850429065,22.237722709992003,0.0,0.0,0.0,-1.0,1.0,0.2314925193786621,0.047341953963041306,0.046199262142181396,0.01752347118935215,0.01716188573216377,0.061004968980948135,0.05835980176925659,0.0,0.0,0.02942970275878906,False,False
6.305,-12.81635856628418,21.363744735717773,-2.3082683086395264,-2.5939601545678617,0.7572473134659385,0.8914000000000142,0.10859999999998582,0.0,583,551,0.5561127208757162,1.4438872791242838,51.0,51,0.0,18.0,0.0377226360142231,39.81509446226643,28.717912484159335,0.0,0.0,0.0,-0.5548590989053548,1.0,0.2320961356163025,0.04743775725364685,0.046200454235076904,0.017591930017806366,0.01723026548163012,0.06185585012038549,0.05928412079811096,0.0,0.0,0.03867859840393066,False,False
6.3100000000000005,-12.812767028808594,21.29540252685547,-2.2832229137420654,-2.3040977109350584,0.7670595262119189,0.8913000000000142,0.10869999999998581,0.0,544,511,0.5931033274694066,1.4068966725305934,36.0,36,1.0,31.0,0.037753451615571976,36.497169923744224,26.32475311047939,0.0,0.0,0.0,-0.5086208406632418,1.0,0.23249471187591553,0.04743603989481926,0.04620158672332764,0.017658003874898975,0.01729609591746681,0.0626315704236428,0.06010039709508419,0.0,0.0,0.04633665084838867,False,False
6.315,-12.860137939453125,21.23358154296875,-2.3035290241241455,-2.5400011608657938,0.6653624691233336,0.8912000000000142,0.1087999999999858,0.0,430,402,0.6270113835136228,1.3729886164863772,16.0,16,1.0,27.0,0.037689030170440674,33.455739096765534,24.131023684606106,0.0,0.0,0.0,-0.4662357706079714,1.0,0.23269487917423248,0.04733620956540108,0.046202659606933594,0.01766576966697638,0.01730234304194627,0.06311065827806792,0.06049392744898796,0.0,0.0,0.014354726076126098,False,False
6.32,-12.962658882141113,21.05312728881836,-2.3145527839660645,-2.2356609011629023,0.8094194315722293,0.8911000000000142,0.10889999999998579,0.0,550,506,0.658093768220821,1.341906231779179,29.0,29,0.0,43.0,0.03761313110589981,30.66776083870174,22.120105044222264,0.0,0.0,0.0,-0.42738278972397375,1.0,0.23270311951637268,0.04727926105260849,0.0462038516998291,0.017692008107900392,0.017330407474189773,0.06464272427062194,0.061924541369080544,0.0,0.0,0.008974223732948304,False,False
6.325,-13.080446243286133,20.836238861083984,-2.279125213623047,-1.4996771833753313,0.5210102930585961,0.8910000000000142,0.10899999999998577,0.0,517,487,0.6865859542024192,1.3134140457975807,24.0,24,0.0,18.0,0.03757496550679207,28.11211410214326,20.27676295720374,0.0,0.0,0.0,-0.391767557246976,1.0,0.23252573609352112,0.047179631888866425,0.046204984188079834,0.017786213268836115,0.017426593873261564,0.06729347631335258,0.06454936228692532,0.0,0.0,0.013022935390472412,False,False
6.33,-13.211267471313477,20.6781005859375,-2.2814037799835205,-1.8383794766770158,0.5933633888758414,0.8909000000000142,0.10909999999998576,0.0,567,530,0.7127037913522177,1.2872962086477822,27.0,27,5.0,28.0,0.03751921281218529,25.769437926964653,18.587032710770096,0.0,0.0,0.0,-0.3591202608097278,1.0,0.23216888308525085,0.047124870121479034,0.04620605707168579,0.0177992679364977,0.01744296594445261,0.06914874228338401,0.06629881138602893,0.0,0.0,0.014941281080245972,False,False
6.335,-13.299466133117676,20.653079986572266,-2.309659719467163,-2.754518497745014,0.7863430522177134,0.8908000000000142,0.10919999999998575,0.0,546,517,0.7366451420728664,1.2633548579271336,30.0,30,3.0,26.0,0.0374382846057415,23.621984766384262,17.03811331820592,0.0,0.0,0.0,-0.3291935724089171,1.0,0.2316385805606842,0.047066301107406616,0.04620718955993652,0.017738604464567972,0.017383357502985523,0.06937567455073199,0.06637541577219963,0.0,0.0,0.023112313747406008,False,False
6.34,-13.266589164733887,20.733509063720703,-2.3565189838409424,-2.308950524036912,0.7530387414878079,0.8907000000000143,0.10929999999998574,0.0,604,566,0.7585913802334607,1.2414086197665393,24.0,24,2.0,37.0,0.03738740459084511,21.65348603585224,15.618270541688759,0.0,0.0,0.0,-0.30176077470817403,1.0,0.23201796412467957,0.046999577432870865,0.04620826244354248,0.017688823852377408,0.017329202720584747,0.06839549168944359,0.06522830886145434,0.0,0.0,0.013330811262130737,False,False
6.345,-13.29288387298584,20.805341720581055,-2.386707305908203,-1.9920683492350983,0.6032502679495708,0.8906000000000143,0.10939999999998573,0.0,615,578,0.7787087652140058,1.2212912347859943,23.0,23,2.0,37.0,0.03731927275657654,19.849028866197884,14.316747996548028,0.0,0.0,0.0,-0.2766140434824928,1.0,0.23214656114578247,0.046913668513298035,0.04620939493179321,0.01762165782344505,0.017260047375845192,0.06754428458710512,0.0642782977471749,0.0,0.0,0.01631826877593994,False,False
6.3500000000000005,-13.350194931030273,20.83268165588379,-2.3615989685058594,-2.2387750223714606,0.9546312175990367,0.8905000000000143,0.10949999999998572,0.0,564,531,0.797149701446172,1.202850298553828,33.0,33,3.0,30.0,0.037254974246025085,18.194943127348058,13.123685663502359,0.0,0.0,0.0,-0.25356287319228493,1.0,0.23208540678024292,0.0469040609896183,0.04621046781539917,0.017595784520730153,0.017234571117907542,0.0674974670012792,0.0642765530695518,0.0,0.0,0.021253507137298587,False,False
6.355,-13.379302978515625,20.83390235900879,-2.372314214706421,-2.3957195706566656,0.9591169167846483,0.8904000000000143,0.10959999999998571,0.0,661,629,0.8140538929923244,1.1859461070076756,41.0,41,4.0,20.0,0.037626150995492935,16.678697866735718,12.03004519154383,0.0,0.0,0.0,-0.23243263375959441,1.0,0.23184077441692352,0.04695246368646622,0.04621148109436035,0.017566896774029755,0.017206686697512023,0.06753173035879931,0.06425321102142334,0.0,0.0,0.026594569683074953,False,False
6.36,-13.484370231628418,20.78199005126953,-2.3097798824310303,-2.3490867486988742,0.806637399233882,0.8903000000000143,0.1096999999999857,0.0,666,624,0.8295494019096307,1.1704505980903692,30.0,30,3.0,33.0,0.03784288465976715,23.622139711174405,19.360874758915173,0.0,0.0,0.0,-0.2130632476129616,1.0,0.23249602317810059,0.04691285640001297,0.046212613582611084,0.01761451613903023,0.01725353471872685,0.06880593796571097,0.06560209207236767,0.0,0.0,0.016557422876358033,False,False
6.365,-13.645430564880371,20.793155670166016,-2.302975654602051,-2.4565184037073924,0.6913844223927396,0.8902000000000143,0.10979999999998569,0.0,679,633,0.8437536184171615,1.1562463815828385,23.0,23,6.0,31.0,0.03785693645477295,21.653628068576538,17.747468529005573,0.0,0.0,0.0,-0.19530797697854824,1.0,0.23289097845554352,0.04682793840765953,0.046213626861572266,0.01752671458641976,0.01716880454448961,0.06869964301586151,0.06547045273085436,0.0,0.0,0.021490967273712157,False,False
6.37,-13.700272560119629,20.761882781982422,-2.3047053813934326,-2.234633990364095,0.8066035405253197,0.8901000000000143,0.10989999999998568,0.0,622,591,0.8567741502157312,1.1432258497842687,19.0,19,3.0,40.0,0.03779076039791107,19.849159062861826,16.268512818255108,0.0,0.0,0.0,-0.17903231223033594,1.0,0.23416416347026825,0.04673738777637482,0.04621469974517822,0.01751605983342332,0.017158337174759335,0.068839347610871,0.06556009873747826,0.0,0.0,0.022551488876342774,False,False
6.375,-13.665593147277832,20.654020309448242,-2.2361793518066406,-1.895092930477181,0.5355539766544392,0.8900000000000143,0.10999999999998566,0.0,617,582,0.5353763043644202,1.4646236956355798,68.0,68,4.0,22.0,0.03771795704960823,26.52839580762334,14.912803416733848,0.0,0.0,0.0,-0.5807796195444747,1.0,0.23515594005584717,0.047001101076602936,0.046215832233428955,0.017670614277633303,0.017312350300994168,0.0709238617370526,0.06777533640464148,0.0,0.0,0.018838165998458865,False,False
6.38,-13.693317413330078,20.567209243774414,-2.2086684703826904,-2.680233924294828,0.8158101327681657,0.8899000000000143,0.11009999999998565,0.0,619,585,0.5740949456673854,1.4259050543326146,65.0,65,0.0,34.0,0.03763732314109802,24.31769615698806,13.670069798672694,0.0,0.0,0.0,-0.5323813179157683,1.0,0.23592810332775116,0.04722428694367409,0.04621690511703491,0.01773880773689575,0.017380920681170895,0.072630625218153,0.06948379799723625,0.0,0.0,0.02029914140701294,False,False
6.385,-13.792285919189453,20.543500900268555,-2.182981491088867,-2.090523909236848,0.8052307819046728,0.8898000000000144,0.11019999999998564,0.0,520,487,0.6095870335284367,1.3904129664715632,30.0,30,3.0,26.0,0.03754323720932007,22.291221477239052,12.53089731544997,0.0,0.0,0.0,-0.4880162080894541,1.0,0.23648767173290253,0.047189049422740936,0.046218037605285645,0.01771183421214399,0.01735690966558931,0.07316258425513904,0.07004775727788608,0.0,0.0,0.025315921306610107,False,False
6.390000000000001,-13.84245491027832,20.46879768371582,-2.105665683746338,-1.9449820094711834,0.7718085580598832,0.8897000000000144,0.11029999999998563,0.0,536,502,0.642121447401067,1.357878552598933,25.0,25,2.0,25.0,0.03746254742145538,20.43361968746913,11.486655872495804,0.0,0.0,0.0,-0.4473481907486662,1.0,0.23684147000312805,0.04712570086121559,0.0462191104888916,0.01780793660071966,0.017459106261220846,0.0746488260726134,0.07178649927179019,0.0,0.0,0.020109920501708987,False,False
6.3950000000000005,-13.862524032592773,20.33502197265625,-2.057173252105713,-1.8873272451228824,0.8258014418945063,0.8896000000000144,0.11039999999998562,0.0,584,549,1.0052779934509781,0.994722006549022,24.0,24,1.0,20.0,0.037424225360155106,18.7308180468467,18.86276788312115,0.0,0.0,0.0,0.006597491813722556,1.0,0.23699618875980377,0.04702659696340561,0.04622012376785278,0.01792129617067962,0.017574649857356916,0.07652020081877708,0.07376387404898803,0.0,0.0,0.016276291608810424,False,False
6.4,-13.830262184143066,20.221269607543945,-2.047668933868408,-1.746218562297623,0.8487992037894236,0.8895000000000144,0.11049999999998561,0.0,590,562,1.3381714939967297,0.6618285060032701,29.0,29,0.0,19.0,0.03744099289178848,17.169916542942808,25.624203892861054,0.0,0.0,0.0,0.4227143674959123,1.0,0.2369583398103714,0.046964339911937714,0.046221256256103516,0.018013046820958226,0.017664051088193824,0.07801285634438197,0.07523883134126663,0.0,0.0,0.018179067373275758,False,False
6.405,-13.783132553100586,20.053997039794922,-2.0347704887390137,-2.1912438798594045,0.8405490985879321,0.8894000000000144,0.1105999999999856,0.0,587,545,1.309990536163669,0.690009463836331,21.0,21,7.0,36.0,0.03769679740071297,15.73909016436424,23.488853568455966,0.0,0.0,0.0,0.38748817020458626,1.0,0.23781153559684753,0.04688100144267082,0.0462222695350647,0.018142345186012255,0.017792805215964488,0.08040676824748516,0.0776464119553566,0.0,0.0,0.017524120807647706,False,False
6.41,-13.792176246643066,19.89145278930664,-2.0461173057556152,-2.1980762436553216,0.7812907825360178,0.8893000000000144,0.11069999999998559,0.0,568,531,1.2841579914833632,0.7158420085166368,23.0,23,3.0,34.0,0.037634335458278656,14.427499317333886,21.531449104417966,0.0,0.0,0.0,0.355197489354204,1.0,0.2383958399295807,0.046787530183792114,0.046223342418670654,0.01821946665504924,0.017869977093301483,0.08258503240843615,0.0797347848614057,0.0,0.0,0.01003382682800293,False,False
6.415,-13.859817504882812,19.781015396118164,-2.0803027153015137,-2.4763983524744075,0.806002691253756,0.8892000000000144,0.11079999999998558,0.0,651,613,0.9271448255264163,1.0728551744735837,56.0,56,2.0,24.0,0.037609510123729706,21.558541040889395,19.7371616790498,0.0,0.0,0.0,-0.09106896809197966,1.0,0.23877273499965668,0.046924129128456116,0.04622447490692139,0.018212882660794766,0.01786285907480222,0.08396397655208906,0.0808916985988617,0.0,0.0,0.018598014116287233,False,False
6.42,-13.914498329162598,19.763351440429688,-2.1122379302978516,-1.2910456178719927,0.6680168452321222,0.8891000000000144,0.11089999999998557,0.0,661,628,0.5998827567325482,1.4001172432674518,67.0,67,4.0,22.0,0.03756262734532356,28.095329287481942,18.09239820579565,0.0,0.0,0.0,-0.5001465540843146,1.0,0.23894892632961273,0.047153785824775696,0.04622548818588257,0.018179236908753477,0.0178250920337933,0.08461477234959602,0.08122027230759463,0.0,0.0,0.014235401153564453,False,False
6.425,-13.942056655883789,19.811084747314453,-2.128816843032837,-2.080076678246828,0.8990077225921286,0.8890000000000144,0.11099999999998555,0.0,580,545,0.9665591936715026,1.0334408063284974,15.0,15,4.0,18.0,0.037566978484392166,25.754051846858445,24.91803168864601,0.0,0.0,0.0,-0.04180100791062173,1.0,0.23893098533153534,0.04702361673116684,0.046226561069488525,0.018143187965731833,0.01778436151589244,0.08429878701766333,0.0807128722469012,0.0,0.0,0.013287993669509886,False,False
6.43,-14.01120376586914,19.794979095458984,-2.148221969604492,-2.1729678542845097,0.6766595312523831,0.8889000000000145,0.11109999999998554,0.0,575,542,1.302679260865544,0.697320739134456,18.0,18,2.0,27.0,0.037742599844932556,23.60788085962024,31.17486238125884,0.0,0.0,0.0,0.37834907608192997,1.0,0.23872531950473785,0.046897776424884796,0.04622757434844971,0.018111591792354748,0.017750134222054004,0.08456810067097346,0.0807939221461614,0.0,0.0,0.021659812927246093,False,False
6.4350000000000005,-14.051002502441406,19.761798858642578,-2.1721692085266113,-1.8884783492642576,0.6685089758889423,0.8888000000000145,0.11119999999998553,0.0,633,600,1.2774559891267487,0.7225440108732513,18.0,18,4.0,38.0,0.037690576165914536,21.640557454651887,28.576957182820603,0.0,0.0,0.0,0.3468199864084358,1.0,0.2383381426334381,0.04679402709007263,0.04622870683670044,0.018092193290125343,0.017729194975302634,0.08494156412780285,0.08099227212369442,0.0,0.0,0.03332494974136353,False,False
6.44,-14.069928169250488,19.719369888305664,-2.172201156616211,-2.6300952078419986,0.817970705966157,0.8887000000000145,0.11129999999998552,0.0,674,632,1.2543346566995197,0.7456653433004804,59.0,59,4.0,32.0,0.03768537938594818,19.83717766676423,26.19554408425222,0.0,0.0,0.0,0.3179183208743995,1.0,0.23885281383991241,0.04695022478699684,0.04622972011566162,0.018108278093859318,0.017745167767628797,0.0856774797042211,0.08166555315256119,0.0,0.0,0.0203315806388855,False,False
6.445,-14.212133407592773,19.6506404876709,-2.118185043334961,-2.315961506087984,1.0,0.8886000000000145,0.11139999999998551,0.0,607,587,0.8998067686412263,1.1001932313587737,42.0,42,4.0,21.0,0.0376533567905426,26.517412861200544,24.0125820772312,0.0,0.0,0.0,-0.12524153919846714,1.0,0.2391091138124466,0.04697268456220627,0.04623079299926758,0.01813873704235667,0.017778781773444656,0.08768853110571703,0.08372606709599495,0.0,0.0,0.021580247879028323,False,False
6.45,-14.406867980957031,19.611093521118164,-2.152411699295044,-2.2200640907633726,0.8433077580371767,0.8885000000000145,0.1114999999999855,0.0,516,480,0.9081562045877907,1.0918437954122093,16.0,16,2.0,16.0,0.03759147971868515,24.3076284561005,22.011533570795265,0.0,0.0,0.0,-0.11480474426526169,1.0,0.23916828632354736,0.04685826599597931,0.04623180627822876,0.018032230976037445,0.017672184662582746,0.08791708697875342,0.08361003051201503,0.0,0.0,0.01579978942871094,False,False
6.455,-14.459366798400879,19.515087127685547,-2.1226449012756348,-2.1893805370242085,0.8888517504659228,0.8884000000000145,0.11159999999998549,0.0,585,556,0.9158098542054748,1.0841901457945253,24.0,24,2.0,29.0,0.03754594177007675,22.281992751425456,20.177239106562325,0.0,0.0,0.0,-0.10523768224315652,1.0,0.23903678357601166,0.04679257050156593,0.04623281955718994,0.018084504943107954,0.01772527851979225,0.0894178884724776,0.08510413890083632,0.0,0.0,0.016286567449569703,False,False
6.46,-14.430397033691406,19.4008731842041,-2.0301852226257324,-2.430376131043081,0.8683530233110811,0.8883000000000145,0.11169999999998548,0.0,605,566,0.5894923663550184,1.4105076336449816,27.0,27,2.0,24.0,0.03775515779852867,28.758493355473334,18.495802514348796,0.0,0.0,0.0,-0.5131345420562269,1.0,0.23979820311069489,0.04671625420451164,0.046233952045440674,0.018258692262383563,0.017906133365817135,0.09272773129244646,0.08879767109950384,0.0,0.0,0.01465666651725769,False,False
6.465,-14.410271644592285,19.393142700195312,-1.984324336051941,-1.7575204481828481,0.8518662434571297,0.8882000000000145,0.11179999999998547,0.0,610,572,0.6237013358254335,1.3762986641745665,28.0,28,3.0,20.0,0.03772018849849701,26.361952242517223,16.954485638153063,0.0,0.0,0.0,-0.470373330218208,1.0,0.2402925342321396,0.04665309935808182,0.046234965324401855,0.01831478394715402,0.017967908473452317,0.09363727954526743,0.09000595969458422,0.0,0.0,0.011104331016540528,False,False
6.47,-14.394953727722168,19.378829956054688,-1.9614267349243164,-2.5180276379354383,0.840505197017346,0.8881000000000145,0.11189999999998546,0.0,497,465,0.6550595578399807,1.3449404421600193,30.0,30,1.0,19.0,0.037641897797584534,24.16512288897412,15.54161183497364,0.0,0.0,0.0,-0.43117555270002406,1.0,0.24058125913143158,0.04664836823940277,0.04623597860336304,0.018341130205895513,0.01799670169362775,0.09405231724182765,0.09056217968463898,0.0,0.0,0.015908476114273075,False,False
6.4750000000000005,-14.398176193237305,19.276466369628906,-1.9353286027908325,-1.2518224739990982,0.8371267590119588,0.8880000000000146,0.11199999999998544,0.0,580,536,0.6838045946866491,1.3161954053133509,20.0,20,4.0,20.0,0.03758707642555237,22.151362648226275,14.246477515392503,0.0,0.0,0.0,-0.3952442566416886,1.0,0.2406710535287857,0.046548135578632355,0.04623699188232422,0.01843057448595428,0.018088104952359334,0.09625805852313837,0.09283555671572685,0.0,0.0,0.026473019123077396,False,False
6.48,-14.418741226196289,19.255083084106445,-1.9118843078613281,-1.9982827786490125,0.8063255443399354,0.8879000000000146,0.11209999999998543,0.0,642,603,1.0434875451294283,0.9565124548705717,27.0,27,4.0,40.0,0.037697307765483856,20.305415760874084,21.392604389109792,0.0,0.0,0.0,0.05435943141178541,1.0,0.24056844413280487,0.046496015042066574,0.04623788595199585,0.018455641629794996,0.01811680483942207,0.09666218422353268,0.09338493769367537,0.0,0.0,0.015462112426757813,False,False
6.485,-14.433354377746582,19.12969398498535,-1.950110673904419,-1.9352494463380303,0.6205110501716784,0.8878000000000146,0.11219999999998542,0.0,595,567,0.7065302497019759,1.2934697502980241,30.0,30,3.0,22.0,0.037634819746017456,26.946631114134576,19.609887356683974,0.0,0.0,0.0,-0.3668371878725301,1.0,0.24027979373931885,0.046470869332551956,0.04623895883560181,0.018506495602661505,0.018159428860991957,0.09919498736659686,0.09546127480765185,0.0,0.0,0.024242944717407226,False,False
6.49,-14.368361473083496,18.978439331054688,-1.9564318656921387,-2.1197620438137488,0.960996900332333,0.8877000000000146,0.11229999999998541,0.0,603,566,0.7309860622268112,1.2690139377731888,48.0,48,4.0,38.0,0.03762965276837349,24.701078521290025,17.975730076960307,0.0,0.0,0.0,-0.3362674222164859,1.0,0.2408885657787323,0.04656480252742767,0.04623991250991821,0.018644708004314208,0.018293268254957855,0.1025750922660033,0.09866260302563509,0.0,0.0,0.013048905134201049,False,False
6.495,-14.380427360534668,18.854711532592773,-1.9454141855239868,-2.4631277948057337,0.9532758058878048,0.8876000000000146,0.1123999999999854,0.0,618,581,0.753403890374577,1.246596109625423,33.0,33,3.0,23.0,0.03758919984102249,22.642655311182523,16.477752570546947,0.0,0.0,0.0,-0.3082451370317788,1.0,0.2412346750497818,0.04659115895628929,0.046240925788879395,0.018715338014454026,0.018365807271407058,0.10496857576072216,0.10107261128723621,0.0,0.0,0.013674854040145876,False,False
6.5,-14.505128860473633,18.773056030273438,-1.9781585931777954,-2.1232071756180977,0.9367212973805132,0.8875000000000146,0.11249999999998539,0.0,674,635,0.44062023284336227,1.5,45.0,45,5.0,22.0,0.03755291923880577,29.08910070191731,15.104606523001367,0.0,0.0,0.0,-0.6992247089457971,1.0,0.24137945473194122,0.046689048409461975,0.046241939067840576,0.0186695017162708,0.01831621770746982,0.10682276139656703,0.10240862766901652,0.0,0.0,0.016326112747192385,False,False
6.505,-14.561503410339355,18.780685424804688,-2.0200324058532715,-2.108136705095726,0.7103941949237583,0.8874000000000146,0.11259999999998538,0.0,660,624,0.48723521343974874,1.5,35.0,35,0.0,43.0,0.03757047653198242,26.665008976757534,13.845889312751252,0.0,0.0,0.0,-0.6409559832003141,1.0,0.24132952094078064,0.04668046906590462,0.04624295234680176,0.018604451965074743,0.018245898730431757,0.10669203164676826,0.10182609781622887,0.0,0.0,0.01403502941131592,False,False
6.51,-14.56832218170166,18.79957389831543,-2.0436997413635254,-2.312677801960158,0.9663736256499283,0.8873000000000146,0.11269999999998537,0.0,582,555,0.8632989456531031,1.136701054346897,25.0,25,1.0,25.0,0.03766366466879845,24.44292489536107,21.025398536688648,0.0,0.0,0.0,-0.1708763179336211,1.0,0.2410912662744522,0.046624552458524704,0.04624396562576294,0.018585761424774683,0.018223333424577874,0.10636145869890849,0.10129022101561229,0.0,0.0,0.013004499673843383,False,False
6.515000000000001,-14.643867492675781,18.731931686401367,-2.0674827098846436,-2.5623458723098835,0.8543370966168193,0.8872000000000146,0.11279999999998536,0.0,583,540,0.8746907001820112,1.1253092998179888,24.0,24,4.0,24.0,0.03787451237440109,22.406014487414314,19.273281991964595,0.0,0.0,0.0,-0.15663662477248597,1.0,0.24067096412181854,0.04654178395867348,0.04624485969543457,0.018573089753277358,0.01820773190469457,0.1075727678835392,0.10215671422580878,0.0,0.0,0.022633397579193117,False,False
6.5200000000000005,-14.671337127685547,18.67474937438965,-2.0761213302612305,-2.274976046292784,0.94058274925191,0.8871000000000147,0.11289999999998535,0.0,593,562,0.8851331418335102,1.1148668581664898,24.0,24,0.0,20.0,0.03793581947684288,20.53884661346312,17.66717515930088,0.0,0.0,0.0,-0.14358357270811214,1.0,0.24007472395896912,0.04647545516490936,0.0462459921836853,0.01858714449840263,0.018220538663988074,0.10884637633959453,0.10323446864883105,0.0,0.0,0.02449460029602051,False,False
6.525,-14.714284896850586,18.61604118347168,-2.0499067306518555,-2.1067235098852404,0.9309640726562125,0.8870000000000147,0.11299999999998533,0.0,566,529,0.894705380014051,1.105294619985949,39.0,39,3.0,17.0,0.037869393825531006,18.827276062341195,16.19491056269247,0.0,0.0,0.0,-0.13161827498243622,1.0,0.23930847644805908,0.04650173708796501,0.04624682664871216,0.018627378355168183,0.018262834970916693,0.11056054383516312,0.1049836166203022,0.0,0.0,0.01997019410133362,False,False
6.53,-14.886075973510742,18.563751220703125,-2.051950454711914,-1.957105815826981,0.5824712088570502,0.8869000000000147,0.11309999999998532,0.0,635,600,0.9034799316795468,1.0965200683204532,64.0,64,8.0,24.0,0.037836816161870956,17.25833639047943,14.845334682468097,0.0,0.0,0.0,-0.12065008540056654,1.0,0.23837804794311523,0.04670795053243637,0.04624783992767334,0.018579976959153765,0.018217020446900038,0.1118249756594499,0.10595195616285007,0.0,0.0,0.021620864868164065,False,False
6.535,-15.01781177520752,18.487911224365234,-2.060784339904785,-2.333305940980001,0.9991613577761875,0.8868000000000147,0.11319999999998531,0.0,652,614,1.2448566040395845,0.7551433959604155,25.0,25,3.0,19.0,0.03779326751828194,15.82014169127281,21.94155679226242,0.0,0.0,0.0,0.3060707550494806,1.0,0.23836636543273926,0.046645890921354294,0.04624873399734497,0.018538285625554998,0.01817478681386735,0.11268924300869307,0.10649019852280617,0.0,0.0,0.020503101348876954,False,False
6.54,-15.012800216674805,18.367807388305664,-2.0082807540893555,-1.7601087269914482,0.7440424556845823,0.8867000000000147,0.1132999999999853,0.0,588,552,1.5,0.4422147796303809,26.0,26,1.0,22.0,0.037909165024757385,14.501796550333408,28.446427059573885,0.0,0.0,0.0,0.6972315254620238,1.0,0.23811279237270355,0.04657473415136337,0.04624974727630615,0.01867330197493211,0.01831321596695707,0.11674273138244948,0.11064539353052776,0.0,0.0,0.016903364658355714,False,False
6.545,-14.96997356414795,18.272218704223633,-1.9627431631088257,-2.143015250840584,0.7450781990205056,0.8866000000000147,0.11339999999998529,0.0,672,634,1.5,0.48869688132784905,57.0,57,4.0,34.0,0.03788398951292038,13.29331350447229,26.075891471276062,0.0,0.0,0.0,0.6391288983401886,1.0,0.2376781553030014,0.046768803149461746,0.04625064134597778,0.0188202564544042,0.018464514434337373,0.1209667759637038,0.11506229639053345,0.0,0.0,0.019101949930191042,False,False
6.55,-14.955925941467285,18.279483795166016,-1.9474687576293945,-1.4575087314596948,0.7373355687118093,0.8865000000000147,0.11349999999998528,0.0,596,568,1.1353611921161384,0.8646388078838616,33.0,33,1.0,40.0,0.03782770782709122,20.51887071243293,23.902900515336388,0.0,0.0,0.0,0.16920149014517297,1.0,0.23814581334590912,0.04675455763936043,0.046251654624938965,0.018832794146767258,0.018478944550578552,0.12125783289472263,0.11551916599273682,0.0,0.0,0.015237994194030763,False,False
6.555,-14.94660758972168,18.210845947265625,-1.9218499660491943,-2.953451510984225,0.8237532474635765,0.8864000000000147,0.11359999999998527,0.0,582,544,1.1240810927731268,0.8759189072268732,31.0,31,4.0,13.0,0.037782229483127594,18.808964819730182,21.910992139058354,0.0,0.0,0.0,0.1551013659664086,1.0,0.23835554718971252,0.04674036055803299,0.04625260829925537,0.018897738253387066,0.018545679452363156,0.12341363976399104,0.11777184903621674,0.0,0.0,0.017920926809310914,False,False
6.5600000000000005,-14.967111587524414,18.091690063476562,-1.8996572494506836,-1.9132943413881387,0.5790291645486326,0.8863000000000147,0.11369999999998526,0.0,601,559,1.1137410017086997,0.8862589982913003,31.0,31,5.0,16.0,0.03771810233592987,17.241551084752665,20.085076127470156,0.0,0.0,0.0,0.14217625213587456,1.0,0.23836858570575714,0.04667942598462105,0.046253502368927,0.018987335711717353,0.018636888265609497,0.12708159784475964,0.12138828635215759,0.0,0.0,0.02543057918548584,False,False
6.565,-15.010538101196289,18.05330467224121,-1.8814518451690674,-1.7515301029083445,0.9927522022061187,0.8862000000000148,0.11379999999998525,0.0,632,595,1.1042625848996412,0.8957374151003586,30.0,30,2.0,22.0,0.037653613835573196,15.804755161023275,18.41131978351431,0.0,0.0,0.0,0.13032823112455166,1.0,0.2381913810968399,0.046654704958200455,0.04625445604324341,0.01900985158622861,0.018662905248192203,0.12839870527386665,0.1227627011636893,0.0,0.0,0.014246481657028198,False,False
6.57,-14.979063987731934,17.928512573242188,-1.904759168624878,-1.966841973985944,0.814191844734744,0.8861000000000148,0.11389999999998524,0.0,640,613,1.0955740361580046,0.9044259638419955,33.0,33,3.0,31.0,0.03778799623250961,14.487692230938002,16.877043134888115,0.0,0.0,0.0,0.11946754519750566,1.0,0.23890754580497742,0.0466204509139061,0.04625535011291504,0.019086790056433278,0.018732483126843724,0.13217073554793995,0.12601970384518307,0.0,0.0,0.02497754096984863,False,False
6.575,-14.899064064025879,17.758068084716797,-1.8912683725357056,-1.2874441111350443,0.7798964007235898,0.8860000000000148,0.11399999999998522,0.0,618,585,1.0876095331448374,0.9123904668551626,38.0,38,4.0,26.0,0.03797442093491554,13.280384545026502,15.470622873647438,0.0,0.0,0.0,0.10951191643104678,1.0,0.23935706913471222,0.04661185294389725,0.046256303787231445,0.019254913953598338,0.01890064783138198,0.1379229500889778,0.13173440471291542,0.0,0.0,0.015104341506958007,False,False
6.58,-14.937944412231445,17.607057571411133,-1.916811466217041,-2.1293906425904776,0.884738423688856,0.8859000000000148,0.11409999999998521,0.0,575,543,1.4136420720494343,0.5863579279505656,16.0,16,2.0,38.0,0.03790890425443649,12.17368583294096,22.514737634176818,0.0,0.0,0.0,0.5170525900617929,1.0,0.23960141837596893,0.046512603759765625,0.046257197856903076,0.019309366239855432,0.01895106704750384,0.1422588961819808,0.13549353927373886,0.0,0.0,0.01875702738761902,False,False
6.585,-15.046796798706055,17.571638107299805,-1.9873045682907104,-1.8772548650979348,0.890366437186952,0.8858000000000148,0.1141999999999852,0.0,624,585,1.3791718993786481,0.6208281006213519,35.0,35,3.0,39.0,0.03784448280930519,11.159212013529212,20.638509497995415,0.0,0.0,0.0,0.47396487422331013,1.0,0.2396472692489624,0.04650149866938591,0.04625809192657471,0.019209639182158803,0.018842494394009063,0.1427202858030796,0.1348055216173331,0.0,0.0,0.022538862228393554,False,False
6.59,-15.087322235107422,17.652978897094727,-2.0267510414123535,-1.958367713124084,0.7176073311442877,0.8857000000000148,0.11429999999998519,0.0,551,518,1.5,0.3190924255695724,27.0,27,2.0,30.0,0.03776934742927551,10.229277679068444,27.25196703982913,0.0,0.0,0.0,0.8511344680380344,1.0,0.23950114846229553,0.04644913971424103,0.04625910520553589,0.019124686033464715,0.018750414886045955,0.14044090484579405,0.13197898864746094,0.0,0.0,0.017048723697662353,False,False
6.595,-15.135228157043457,17.68075180053711,-2.0441172122955322,-2.0991496380746875,0.7219860171389062,0.8856000000000148,0.11439999999998518,0.0,593,561,1.5,0.19999999999999996,69.0,69,1.0,29.0,0.03772133216261864,9.376837872479406,33.314303119843366,0.0,0.0,0.0,1.0,1.0,0.2391694188117981,0.04666108265519142,0.046260058879852295,0.019089852127401528,0.01871365085927124,0.13990132759014767,0.1311883640786012,0.0,0.0,0.016900511980056765,False,False
6.6000000000000005,-15.218253135681152,17.598773956298828,-2.0787947177886963,-2.019651166991814,0.8126050219982378,0.8855000000000148,0.11449999999998517,0.0,675,633,1.5,0.19999999999999996,33.0,33,5.0,32.0,0.03767639398574829,8.595434716439454,38.87144452652308,0.0,0.0,0.0,1.0,1.0,0.23865826427936554,0.04665191099047661,0.046260952949523926,0.019061813142150386,0.018681885040054472,0.14154326791564625,0.1321507866183917,0.0,0.0,0.03159380912780762,False,False
6.605,-15.208566665649414,17.559133529663086,-2.1125664710998535,-2.300034289827866,0.6358816251196348,0.8854000000000148,0.11459999999998516,0.0,618,588,1.5,0.19999999999999996,19.0,19,2.0,27.0,0.03770994022488594,7.8791484900694995,35.63215748264615,0.0,0.0,0.0,1.0,1.0,0.23797373473644257,0.04655174911022186,0.04626178741455078,0.019053741743555043,0.018670464999740698,0.14172332361340523,0.13198909039298695,0.0,0.0,0.017017982006072997,False,False
6.61,-15.296988487243652,17.434959411621094,-2.074157953262329,-2.18176049456896,0.7788947620196395,0.8853000000000149,0.11469999999998515,0.0,591,562,1.5,0.31572300360552275,21.0,21,2.0,43.0,0.037657056003808975,15.555886115897039,32.66281102575897,0.0,0.0,0.0,0.8553462454930966,1.0,0.23712173104286194,0.04645596072077751,0.04626268148422241,0.019126011230206484,0.018744905957175793,0.14614595100283623,0.1362505741417408,0.0,0.0,0.01625969409942627,False,False
6.615,-15.498849868774414,17.25318717956543,-2.0857291221618652,-1.8441136641326477,0.8912152914995399,0.8852000000000149,0.11479999999998514,0.0,625,586,1.5,0.3727460866383958,70.0,70,2.0,26.0,0.03762095794081688,14.259562272905619,29.940910106945722,0.0,0.0,0.0,0.7840673917020051,1.0,0.2371852546930313,0.046684037894010544,0.04626363515853882,0.01913350100109018,0.01875110884065094,0.1515328697860241,0.14052161326011023,0.0,0.0,0.011106843948364259,False,False
6.62,-15.643204689025879,17.124080657958984,-2.097567081451416,-2.0293933385073624,0.9055682397684283,0.8851000000000149,0.11489999999998513,0.0,650,611,1.5,0.4250172460851962,39.0,39,5.0,31.0,0.0378270149230957,13.07126541683015,27.445834264700245,0.0,0.0,0.0,0.7187284423935048,1.0,0.23700377345085144,0.046750862151384354,0.046264469623565674,0.019131715147755784,0.018748539420775822,0.15487775827447575,0.14299480865399045,0.0,0.0,0.011639456748962402,False,False
6.625,-15.64763355255127,16.99776268005371,-2.0211095809936523,-1.8362283798914099,0.6680878113753641,0.8850000000000149,0.11499999999998511,0.0,642,606,1.5,0.4729324755780965,20.0,20,5.0,31.0,0.03791777417063713,11.981993298760969,25.158681409308556,0.0,0.0,0.0,0.6588344055273794,1.0,0.23663820326328278,0.046647630631923676,0.046265363693237305,0.019276273708945506,0.01889762794265188,0.1612001471221447,0.14941846330960593,0.0,0.0,0.01575248956680298,False,False
6.63,-15.60066032409668,16.988014221191406,-2.0038464069366455,-2.128016748120636,0.682835626598682,0.8849000000000149,0.1150999999999851,0.0,664,628,1.1498118973867448,0.8501881026132552,27.0,27,1.0,36.0,0.03799483925104141,19.316827190530887,23.06212462519951,0.0,0.0,0.0,0.1872648717334311,1.0,0.23609468340873718,0.04656733199954033,0.04626619815826416,0.01932907586451594,0.01895174522263283,0.16327669844031334,0.1516884689529737,0.0,0.0,0.010154213905334473,False,False
6.635,-15.528075218200684,16.999162673950195,-1.997585654258728,-2.085402963708785,0.9357759902810943,0.8848000000000149,0.11519999999998509,0.0,676,641,0.4706609059378495,1.5,66.0,66,4.0,25.0,0.03793330118060112,34.373758257986644,21.14028090643288,0.0,0.0,0.0,-0.6616738675776881,1.0,0.23537923395633698,0.046768490225076675,0.046267151832580566,0.019373357488307843,0.01899583809287262,0.16451253245274228,0.15308826540907225,0.0,0.0,0.015614088773727419,False,False
6.640000000000001,-15.470691680908203,16.92852783203125,-1.9640872478485107,-2.0000807477457467,0.7296225010219385,0.8847000000000149,0.11529999999998508,0.0,702,655,0.8481058304430287,1.1518941695569713,36.0,36,4.0,34.0,0.03794943168759346,31.509278403154422,27.71192416423014,0.0,0.0,0.0,-0.18986771194621407,1.0,0.23449771106243134,0.04678463935852051,0.046267926692962646,0.01948661570250962,0.019111449526001755,0.1691952906548977,0.15790729473034543,0.0,0.0,0.025583763122558594,False,False
6.6450000000000005,-15.493803977966309,16.89076805114746,-1.9510194063186646,-2.1703545262411263,0.8936857948264202,0.8846000000000149,0.11539999999998507,0.0,620,589,0.8607636779061097,1.1392363220938904,23.0,23,8.0,34.0,0.03806343302130699,28.883505202891552,25.402597150544295,0.0,0.0,0.0,-0.17404540261736284,1.0,0.23453310132026672,0.04670266807079315,0.0462687611579895,0.01950955176500888,0.019135946358088147,0.17076670502622923,0.1594632926086585,0.0,0.0,0.026616113185882567,False,False
6.65,-15.523667335510254,16.815914154052734,-1.9874403476715088,-1.9849870456957877,0.9439452169956418,0.8845000000000149,0.11549999999998506,0.0,483,456,0.8723667047472674,1.1276332952527326,20.0,20,0.0,19.0,0.03799435868859291,26.47654643598392,23.285714054665604,0.0,0.0,0.0,-0.1595416190659158,1.0,0.23432481288909912,0.046593375504016876,0.04626971483230591,0.01952323507843513,0.01914338589739029,0.17373751228054365,0.16146356239914894,0.0,0.0,0.01760650396347046,False,False
6.655,-15.460777282714844,16.63276481628418,-2.030247211456299,-1.4790831453621252,0.7724503027568791,0.884400000000015,0.11559999999998505,0.0,528,492,0.8830028126849951,1.1169971873150049,27.0,27,0.0,28.0,0.037916332483291626,24.27016756631859,21.34523788344347,0.0,0.0,0.0,-0.14624648414375602,1.0,0.2339337170124054,0.046527568250894547,0.04627043008804321,0.019647330333245654,0.019259231206184616,0.18228255833188695,0.16861649851004284,0.0,0.0,0.020439183712005614,False,False
6.66,-15.417021751403809,16.50044059753418,-2.0092015266418457,-1.8505948408582102,0.816512235564608,0.884300000000015,0.11569999999998504,0.0,525,489,0.8927525782945789,1.1072474217054211,18.0,18,0.0,38.0,0.03784953057765961,22.24765360245871,19.56646805982318,0.0,0.0,0.0,-0.13405927713177643,1.0,0.23336593806743622,0.04640626534819603,0.04627138376235962,0.019774098662969704,0.019389043598746002,0.18848725284139317,0.17491683984796208,0.0,0.0,0.020850536823272706,False,False
6.665,-15.530734062194824,16.467632293701172,-2.0415501594543457,-2.100187748992795,0.9148319192488117,0.884200000000015,0.11579999999998503,0.0,642,600,0.9016898634366973,1.0983101365633028,26.0,26,1.0,33.0,0.03779052197933197,20.39368246892048,17.935929054837914,0.0,0.0,0.0,-0.12288767070412839,1.0,0.23262746632099152,0.04633864760398865,0.046272099018096924,0.019698393290396514,0.019309956152224656,0.18826271717747053,0.17382203911741576,0.0,0.0,0.016892526149749756,False,False
6.67,-15.636741638183594,16.481393814086914,-2.083568572998047,-1.976298678766119,0.7065842344771814,0.884100000000015,0.11589999999998502,0.0,642,603,0.9098823748169724,1.0901176251830276,31.0,31,3.0,34.0,0.037736888974905014,18.694208929843775,16.441268300268085,0.0,0.0,0.0,-0.11264703147878449,1.0,0.2317240983247757,0.046326249837875366,0.04627281427383423,0.019599145494556415,0.01920566820663685,0.18669448172052702,0.1712390718360742,0.0,0.0,0.019229483604431153,False,False
6.675,-15.640949249267578,16.481481552124023,-2.1155951023101807,-2.310130215430128,0.873532359628469,0.884000000000015,0.115999999999985,0.0,758,721,0.5840588435822247,1.4159411564177753,34.0,34,5.0,31.0,0.03773313760757446,25.46969151902346,15.071162608579078,0.0,0.0,0.0,-0.5199264455222191,1.0,0.2306615263223648,0.04632634297013283,0.046273648738861084,0.019583730784555015,0.019186129599188508,0.18680586790045103,0.1707170220712821,0.0,0.0,0.01733006000518799,False,False
6.68,-15.678600311279297,16.425216674804688,-2.1465539932250977,-2.4122708686271803,0.9665573866914084,0.883900000000015,0.11609999999998499,0.0,723,674,0.9520539399503726,1.0479460600496275,40.0,40,5.0,22.0,0.03784901648759842,23.347217225771505,22.14856572453082,0.0,0.0,0.0,-0.05993257506203431,1.0,0.22944526374340057,0.046347640454769135,0.04627436399459839,0.01957596005871866,0.019175420841201885,0.18795146917303404,0.1712128333747387,0.0,0.0,0.01238492250442505,False,False
6.6850000000000005,-15.730579376220703,16.384958267211914,-2.1743276119232178,-1.936377995213589,0.6955356811299223,0.883800000000015,0.11619999999998498,0.0,609,577,0.9560494449545083,1.0439505550454917,36.0,36,6.0,25.0,0.037784334272146225,21.401615790290546,20.30285191415325,0.0,0.0,0.0,-0.05493819380686471,1.0,0.22808071970939636,0.04638155922293663,0.046275198459625244,0.019533259536527455,0.019132536306899407,0.18743166079123816,0.1703824910024802,0.0,0.0,0.021672866344451903,False,False
6.69,-15.746346473693848,16.36143684387207,-2.1785435676574707,-2.3614337932674383,0.8162283855632492,0.883700000000015,0.11629999999998497,0.0,635,596,0.6263786578749657,1.3736213421250343,20.0,20,2.0,28.0,0.03774690628051758,27.951481141099666,18.61094758797381,0.0,0.0,0.0,-0.46702667765629274,1.0,0.22765041887760162,0.046308256685733795,0.046275973320007324,0.019539898985530917,0.019138388782739383,0.18831005940834683,0.1710302196443081,0.0,0.0,0.012548680305480958,False,False
6.695,-15.869183540344238,16.289690017700195,-2.163540840148926,-1.6560927766685163,0.7284156991320075,0.883600000000015,0.11639999999998496,0.0,658,623,0.6575137697187186,1.3424862302812814,43.0,43,1.0,33.0,0.03785379230976105,25.622191046008027,17.060035288975993,0.0,0.0,0.0,-0.4281077878516017,1.0,0.22699332237243652,0.04634159803390503,0.04627668857574463,0.019538629418005903,0.019137256516609084,0.1906809707482656,0.17293083171049756,0.0,0.0,0.024721069335937502,False,False
6.7,-16.024063110351562,16.252410888671875,-2.187990427017212,-2.188406984293816,0.7901191404844753,0.883500000000015,0.11649999999998495,0.0,673,624,0.6860542889088252,1.3139457110911748,63.0,63,2.0,32.0,0.037802040576934814,23.48700845884069,15.638365681561325,0.0,0.0,0.0,-0.3924321388639683,1.0,0.2261698693037033,0.046567559242248535,0.04627734422683716,0.019453123970267414,0.019051773164731507,0.18893358608086905,0.17071440815925598,0.0,0.0,0.017512078285217288,False,False
6.705,-16.063568115234375,16.166553497314453,-2.1522910594940186,-2.2811014901806854,0.5153811435991652,0.8834000000000151,0.11659999999998494,0.0,706,663,0.7122164314997566,1.2877835685002434,39.0,39,4.0,33.0,0.03775184974074364,21.5297577539373,14.335168541431214,0.0,0.0,0.0,-0.3597294606253043,1.0,0.22518576681613922,0.04661322757601738,0.04627805948257446,0.019524225161100167,0.019123724853076406,0.19400115435322127,0.17533323417107266,0.0,0.0,0.017330746650695804,False,False
6.71,-16.006118774414062,16.0661563873291,-2.098264694213867,-2.161892324205498,0.8376310006534826,0.8833000000000151,0.11669999999998493,0.0,666,623,0.7361983955414434,1.2638016044585565,13.0,13,5.0,30.0,0.03789976239204407,19.735611274442526,13.140571162978611,0.0,0.0,0.0,-0.32975200557319573,1.0,0.22404658794403076,0.04647648707032204,0.04627871513366699,0.019692916580475603,0.01929343331512038,0.20463493963082632,0.18524738028645515,0.0,0.0,0.023909213542938235,False,False
6.715,-15.959900856018066,16.065778732299805,-2.0620365142822266,-2.077420130469174,0.8195648539499795,0.8832000000000151,0.11679999999998492,0.0,724,679,0.7581818625796564,1.2418181374203436,51.0,51,1.0,34.0,0.037884943187236786,26.42431033490565,20.378856899397057,0.0,0.0,0.0,-0.30227267177542955,1.0,0.2238350212574005,0.04657799005508423,0.0462794303894043,0.019760231063002454,0.019363448108390958,0.2086193549136321,0.1893041344980399,0.0,0.0,0.01712439179420471,False,False
6.72,-15.954867362976074,16.019611358642578,-2.0206446647644043,-1.679888952855249,0.7682647544582217,0.8831000000000151,0.1168999999999849,0.0,663,621,0.7783333740313516,1.2216666259686484,42.0,42,7.0,30.0,0.03785189613699913,24.22228447366351,18.6806188244473,0.0,0.0,0.0,-0.2770832824608105,1.0,0.22339019179344177,0.046632830053567886,0.04628020524978638,0.019824513256549568,0.01943144606798861,0.2130727469921112,0.19383518646160763,0.0,0.0,0.021900846958160403,False,False
6.7250000000000005,-15.972107887268066,15.925516128540039,-1.9870147705078125,-1.0066895371093005,1.0,0.8830000000000151,0.1169999999999849,0.0,673,634,0.46347225952873894,1.5,30.0,30,6.0,20.0,0.03784436732530594,30.537094100858216,17.12390058907669,0.0,0.0,0.0,-0.6706596755890762,1.0,0.22277268767356873,0.046600304543972015,0.04628092050552368,0.019913538995431468,0.01952323299972314,0.2198694149653117,0.20026144261161488,0.0,0.0,0.03160975933074951,False,False
6.73,-15.979889869689941,15.889458656311035,-1.971356749534607,-1.7396284575953083,0.9000547172732473,0.8829000000000151,0.11709999999998488,0.0,599,564,0.5081829045680107,1.4918170954319891,29.0,29,2.0,17.0,0.037795647978782654,27.99233625912003,15.696908873320298,0.0,0.0,0.0,-0.6147713692899865,1.0,0.22198837995529175,0.04654841497540474,0.046281635761260986,0.01995182734060385,0.01956319333752591,0.22222631921370825,0.20260721445083618,0.0,0.0,0.016783730983734133,False,False
6.735,-16.015056610107422,15.739458084106445,-2.0041823387145996,-2.482338271940943,0.747641848098122,0.8828000000000151,0.11719999999998487,0.0,591,550,0.5491676625206765,1.4508323374793235,52.0,52,1.0,27.0,0.037737708538770676,25.65964157086003,14.38883313387694,0.0,0.0,0.0,-0.5635404218491544,1.0,0.22104299068450928,0.046641502529382706,0.046282291412353516,0.020007627490131536,0.019612229166862602,0.22944233069817227,0.2080431953072548,0.0,0.0,0.011294023990631103,False,False
6.74,-16.01316261291504,15.543508529663086,-1.9953856468200684,-2.1264992269474288,0.7328891419809733,0.8827000000000151,0.11729999999998486,0.0,605,574,0.5867370239772869,1.4132629760227131,32.0,32,0.0,47.0,0.03767169639468193,23.52133810662169,13.189763706053862,0.0,0.0,0.0,-0.5165787200283914,1.0,0.21994206309318542,0.04662333056330681,0.046282947063446045,0.020148163073695925,0.019752042642794284,0.24285968393087387,0.21989485248923302,0.0,0.0,0.01527590870857239,False,False
6.745,-16.028520584106445,15.417183876037598,-1.9956644773483276,-1.720013264822381,0.6852782087880421,0.8826000000000152,0.11739999999998485,0.0,577,528,0.6211756053125129,1.378824394687487,19.0,19,3.0,33.0,0.037617772817611694,21.56122659773655,12.090616730549373,0.0,0.0,0.0,-0.4735304933593588,1.0,0.21869102120399475,0.04651275649666786,0.04628366231918335,0.02021061595630184,0.019816600167735524,0.24974909921487173,0.2261783741414547,0.0,0.0,0.012577695846557619,False,False
6.75,-16.142147064208984,15.335209846496582,-2.0189437866210938,-2.125900830363907,0.9409267649744191,0.8825000000000152,0.11749999999998484,0.0,744,708,0.6527443048698036,1.3472556951301964,30.0,30,4.0,28.0,0.03759896382689476,19.764457714591835,11.083065336336924,0.0,0.0,0.0,-0.43406961891274554,1.0,0.21729514002799988,0.04645542800426483,0.04628431797027588,0.02016791321306152,0.01977209824106319,0.2504190305868785,0.22586471711595854,0.0,0.0,0.017756456136703493,False,False
6.755,-16.191307067871094,15.327661514282227,-2.0407018661499023,-1.7410802275882824,0.9621311007064428,0.8824000000000152,0.11759999999998483,0.0,671,630,0.6816822794639865,1.3183177205360135,21.0,21,5.0,19.0,0.03811986744403839,18.11741957170918,10.159476558308846,0.0,0.0,0.0,-0.39789715067001674,1.0,0.21575959026813507,0.046362362802028656,0.04628497362136841,0.02013952673296417,0.019738647766643868,0.2505947897831599,0.2249316250284513,0.0,0.0,0.014665051698684692,False,False
6.76,-16.210546493530273,15.344215393066406,-2.078127145767212,-1.8527893035757415,0.632560443818771,0.8823000000000152,0.11769999999998482,0.0,678,643,0.708208756175321,1.291791243824679,37.0,37,1.0,23.0,0.038107067346572876,16.607634607400083,9.312853511783109,0.0,0.0,0.0,-0.3647390547808487,1.0,0.21516664326190948,0.04639504477381706,0.04628562927246094,0.02009646672569188,0.019690258316695422,0.24773284792900085,0.22152677799264592,0.0,0.0,0.013542739152908326,False,False
6.765000000000001,-16.276700973510742,15.302151679992676,-2.1017284393310547,-2.0990728096623714,0.9154172948452988,0.8822000000000152,0.1177999999999848,0.0,658,615,0.732524693160711,1.267475306839289,35.0,35,4.0,37.0,0.0380856990814209,15.223665056783409,8.536782385801184,0.0,0.0,0.0,-0.33434413354911124,1.0,0.21435505151748657,0.04640897363424301,0.04628622531890869,0.020068428117859215,0.019659340730790405,0.24688338239987692,0.22010204071799916,0.0,0.0,0.022551791667938234,False,False
6.7700000000000005,-16.30453109741211,15.287964820861816,-2.1175663471221924,-1.9459441311004613,0.9093817521758155,0.8821000000000152,0.1178999999999848,0.0,669,651,0.4214809687306518,1.5,63.0,63,4.0,30.0,0.03804687410593033,22.28835963538479,7.8253838536510845,0.0,0.0,0.0,-0.7231487890866852,1.0,0.21338504552841187,0.0466000959277153,0.046286821365356445,0.020044944760389354,0.019634805765934023,0.24545464664697647,0.21858947972456616,0.0,0.0,0.020949602127075195,False,False
6.775,-16.36434555053711,15.2244873046875,-2.075953722000122,-2.04549926954719,0.7636615679174963,0.8820000000000152,0.11799999999998478,0.0,657,606,0.19999999999999996,1.5,31.0,31,3.0,29.0,0.0380096435546875,28.764329665769388,7.173268532513494,0.0,0.0,0.0,-1.0,1.0,0.2122621089220047,0.046587277203798294,0.0462874174118042,0.02010193067595025,0.019693993409707258,0.25144143650929135,0.22386033708850545,0.0,0.0,0.01654067397117615,False,False
6.78,-16.523221969604492,15.178375244140625,-2.048222541809082,-1.7698311192573437,0.5870824861659351,0.8819000000000152,0.11809999999998477,0.0,658,615,0.2083277584472838,1.5,28.0,28,4.0,22.0,0.03795259818434715,26.36730219362194,6.575496154804036,0.0,0.0,0.0,-0.9895903019408951,1.0,0.21099156141281128,0.04651346802711487,0.04628807306289673,0.020067234149512874,0.019663728955201538,0.2514316389958064,0.22356664141019186,0.0,0.0,0.019130473136901856,False,False
6.785,-16.628847122192383,15.149011611938477,-2.0656509399414062,-2.1185067482112716,0.661197865137081,0.8818000000000152,0.11819999999998476,0.0,792,749,0.2743004452433436,1.5,68.0,68,6.0,29.0,0.037920381873846054,24.17002701082011,6.027538141903699,0.0,0.0,0.0,-0.9071244434458204,1.0,0.21065589785575867,0.046779002994298935,0.04628866910934448,0.019993549588368936,0.019589160501025354,0.24605796982844672,0.21844797457257908,0.0,0.0,0.022071206569671632,False,False
6.79,-16.578161239624023,15.073567390441895,-2.0073819160461426,-2.3450754833644067,0.5732890411564548,0.8817000000000152,0.11829999999998475,0.0,693,658,0.6681087414730649,1.3318912585269351,51.0,51,2.0,35.0,0.03799407556653023,22.155858093251766,13.858576630078389,0.0,0.0,0.0,-0.41486407315866886,1.0,0.21009404957294464,0.046929098665714264,0.046289265155792236,0.020135386759414994,0.01973508633580032,0.2582234889268875,0.2297091732422511,0.0,0.0,0.019426008462905885,False,False
6.795,-16.490346908569336,15.002964973449707,-1.9463958740234375,-1.9489658573471447,0.9387352214796951,0.8816000000000153,0.11839999999998474,0.0,577,537,0.6957663463503094,1.3042336536496906,14.0,14,2.0,25.0,0.03795160353183746,20.309536585480785,12.703695244238522,0.0,0.0,0.0,-0.38029206706211316,1.0,0.20936644077301025,0.046832069754600525,0.046289920806884766,0.020318005401330413,0.019923255948116732,0.27561649680137634,0.24562998364369076,0.0,0.0,0.021923844814300538,False,False
6.8,-16.469623565673828,14.9913911819458,-1.9030473232269287,-1.9695487033191428,0.7931164719283117,0.8815000000000153,0.11849999999998473,0.0,570,529,0.721119150821117,1.278880849178883,23.0,23,1.0,26.0,0.03788973391056061,18.617075203357384,11.645053973885311,0.0,0.0,0.0,-0.34860106147360365,1.0,0.20847870409488678,0.04673990607261658,0.046290457248687744,0.02038077184185358,0.01999238245934221,0.2816985920071602,0.2517561862866084,0.0,0.0,0.02228637218475342,False,False
6.805,-16.480730056762695,14.925894737243652,-1.860945224761963,-2.3405416112025854,0.9453984723152138,0.8814000000000153,0.11859999999998472,0.0,605,573,0.744359221586024,1.255640778413976,20.0,20,2.0,27.0,0.037829820066690445,17.06565226974427,10.674632809394868,0.0,0.0,0.0,-0.31955097301747004,1.0,0.20743636786937714,0.046628113836050034,0.0462910532951355,0.020457160523316236,0.02007529381623775,0.28970924516518914,0.25947118798891705,0.0,0.0,0.02907335996627808,False,False
6.8100000000000005,-16.447154998779297,14.797820091247559,-1.7750120162963867,-1.4299922775414042,0.7555826999096354,0.8813000000000153,0.1186999999999847,0.0,772,722,0.7656626197871886,1.2343373802128115,51.0,51,4.0,31.0,0.03792404755949974,15.643514580598913,9.785080075278628,0.0,0.0,0.0,-0.29292172526601423,1.0,0.2062447965145111,0.04673314839601517,0.04629158973693848,0.0206577172316608,0.020290960354885434,0.30893317113320035,0.2783799171447754,0.0,0.0,0.05384109020233154,False,False
6.815,-16.402851104736328,14.691892623901367,-1.7410868406295776,-1.4335633654807065,0.7364884437428755,0.8812000000000153,0.1187999999999847,0.0,613,570,0.7851907348049229,1.2148092651950773,49.0,49,0.0,32.0,0.037892576307058334,14.339888365549003,8.969656735672075,0.0,0.0,0.0,-0.2685115814938464,1.0,0.20598652958869934,0.04685871675610542,0.046292245388031006,0.02078978217160301,0.02042829389241496,0.32149764398733777,0.29052237669626874,0.0,0.0,0.019768118858337402,False,False
6.82,-16.34029769897461,14.5158109664917,-1.7394005060195923,-1.781696648332296,0.9546661932148182,0.8811000000000153,0.11889999999998468,0.0,613,573,1.1364248402378458,0.8635751597621542,28.0,28,2.0,34.0,0.037877097725868225,13.144897668419919,16.555518674366066,0.0,0.0,0.0,0.17053105029730736,1.0,0.2055005133152008,0.046809978783130646,0.046292781829833984,0.02096163954120101,0.020598192184231895,0.3449605777859688,0.3111125777165095,0.0,0.0,0.016593836545944214,False,False
6.825,-16.279985427856445,14.341798782348633,-1.739537000656128,-2.3126135232745257,0.9720288053591178,0.8810000000000153,0.11899999999998467,0.0,564,533,1.1250561035513587,0.8749438964486412,15.0,15,1.0,26.0,0.03803703188896179,12.049489529384925,15.175892118168893,0.0,0.0,0.0,0.1563201294391984,1.0,0.20484718680381775,0.04666763171553612,0.04629331827163696,0.021124225206362417,0.02076179436780484,0.3678486496210098,0.3315884992480278,0.0,0.0,0.008156691789627076,False,False
6.83,-16.296096801757812,14.211753845214844,-1.7632111310958862,-1.781784275942054,0.6404314186398922,0.8809000000000153,0.11909999999998466,0.0,670,619,1.1146347615887455,0.8853652384112545,26.0,26,4.0,11.0,0.03797321021556854,11.04536540193618,13.911234441654818,0.0,0.0,0.0,0.14329345198593185,1.0,0.20403222739696503,0.04660627618432045,0.046293795108795166,0.021175147176254253,0.020811397759243563,0.37605661898851395,0.3383488456408183,0.0,0.0,0.020580759048461916,False,False
6.835,-16.362483978271484,14.142094612121582,-1.7804533243179321,-1.7552271290658659,0.8604089728666383,0.8808000000000153,0.11919999999998465,0.0,692,656,1.1050818647896834,0.8949181352103166,32.0,32,2.0,30.0,0.0379968099296093,10.124918285108166,12.751964904850249,0.0,0.0,0.0,0.13135233098710417,1.0,0.20306119322776794,0.04661928862333298,0.046294331550598145,0.021184554945211567,0.020813994098764874,0.38119297474622726,0.3406698629260063,0.0,0.0,0.016665704250335693,False,False
6.84,-16.40148162841797,14.175580978393555,-1.7959215641021729,-2.000636282192178,0.8487865906570179,0.8807000000000154,0.11929999999998464,0.0,687,641,1.0963250427238764,0.9036749572761237,33.0,33,5.0,37.0,0.03794721141457558,9.281175094682485,11.689301162779394,0.0,0.0,0.0,0.12040630340484544,1.0,0.20193949341773987,0.04657671973109245,0.04629486799240112,0.021155239529286534,0.020775109062591907,0.3798922151327133,0.33710747957229614,0.0,0.0,0.014906381368637086,False,False
6.845,-16.4456844329834,14.17904281616211,-1.835028052330017,-2.2791858326016072,0.8381547163776395,0.8806000000000154,0.11939999999998463,0.0,805,755,1.0882979558302202,0.91170204416978,40.0,40,5.0,42.0,0.037933189421892166,16.841077170125608,19.04852606588111,0.0,0.0,0.0,0.11037244478777505,1.0,0.20067238807678223,0.046671923249959946,0.046295344829559326,0.021104801523731734,0.020714540295535416,0.3736599534749985,0.32958721121152246,0.0,0.0,0.02153510093688965,False,False
6.8500000000000005,-16.50005531311035,14.120474815368652,-1.8667588233947754,-1.946248903060261,0.840619686282338,0.8805000000000154,0.11949999999998462,0.0,810,768,1.0809397928443683,0.9190602071556317,34.0,34,4.0,30.0,0.03792615607380867,23.770987405948475,25.79448222705768,0.0,0.0,0.0,0.10117474105546034,1.0,0.1992650181055069,0.046710070222616196,0.04629582166671753,0.021089297784336866,0.020691856066696063,0.3722710534930229,0.32672397792339325,0.0,0.0,0.046699109077453616,False,False
6.855,-16.51229476928711,14.102049827575684,-1.8856587409973145,-2.1160401440078997,0.8248054170886148,0.8804000000000154,0.11959999999998461,0.0,691,660,1.0741948101073375,0.9258051898926624,47.0,47,2.0,19.0,0.03817122429609299,21.7900717887861,23.64494204146954,0.0,0.0,0.0,0.09274351263417202,1.0,0.19879968464374542,0.046802155673503876,0.04629635810852051,0.021076033430484146,0.020675298034135592,0.37019383162260056,0.3244409958521525,0.0,0.0,0.015578265190124512,False,False
6.86,-16.58203887939453,14.00545597076416,-1.826183557510376,-1.6112474085763713,0.7753224518564276,0.8803000000000154,0.1196999999999846,0.0,631,589,0.7346785759317263,1.2653214240682737,24.0,24,3.0,19.0,0.03811539709568024,28.307565806387256,21.674530204680412,0.0,0.0,0.0,-0.3316517800853422,1.0,0.19811509549617767,0.046741027384996414,0.04629671573638916,0.02118033178243757,0.020788174233399046,0.38635391741991043,0.33808978895346325,0.0,0.0,0.02265551328659058,False,False
6.865,-16.739593505859375,13.928106307983398,-1.8364644050598145,-1.7053950070573294,0.5806836140626809,0.8802000000000154,0.11979999999998459,0.0,693,645,0.7567886946040825,1.2432113053959175,27.0,27,1.0,27.0,0.038076359778642654,25.948601989188315,19.868319354290378,0.0,0.0,0.0,-0.3040141317448969,1.0,0.197271466255188,0.046702541410923004,0.046297311782836914,0.021124355006419453,0.020730752041252666,0.37934402624766034,0.3302954013148944,0.0,0.0,0.015101892948150637,False,False
6.87,-16.789140701293945,13.848548889160156,-1.8372836112976074,-1.5191684105308176,0.8131990468778499,0.8801000000000154,0.11989999999998457,0.0,626,593,0.7770563033870757,1.2229436966129243,31.0,31,2.0,30.0,0.038027845323085785,23.786218490089286,18.212626074766177,0.0,0.0,0.0,-0.27867962076615543,1.0,0.1962742805480957,0.04668145626783371,0.04629772901535034,0.02113847129714336,0.020742955968404527,0.3799593696991603,0.33022575080394745,0.0,0.0,0.018426148891448977,False,False
6.875,-16.710079193115234,13.766514778137207,-1.7799136638641357,-1.561906192213856,0.7716370438307639,0.8800000000000154,0.11999999999998456,0.0,585,538,0.7956349447714861,1.204365055228514,42.0,42,3.0,28.0,0.037975654006004333,21.804033615915177,16.69490723520233,0.0,0.0,0.0,-0.25545631903564237,1.0,0.19512885808944702,0.0467384047806263,0.046298205852508545,0.02133352301083476,0.0209478060018734,0.41162364184856415,0.35787012428045273,0.0,0.0,0.01811810374259949,False,False
6.88,-16.64531135559082,13.74435043334961,-1.7356735467910767,-2.2630599935468854,0.9300855421771728,0.8799000000000154,0.12009999999998455,0.0,636,600,0.8126653660405289,1.187334633959471,15.0,15,4.0,30.0,0.03791055455803871,19.987030814588913,15.303664965602135,0.0,0.0,0.0,-0.2341682924493389,1.0,0.1938403993844986,0.04661550745368004,0.0462985634803772,0.0214557595551011,0.02107984436054996,0.43502355615297955,0.3789120291670164,0.0,0.0,0.01833442211151123,False,False
6.885,-16.63506507873535,13.726170539855957,-1.6876393556594849,-1.5920555192520645,0.7623514874101758,0.8798000000000155,0.12019999999998454,0.0,736,692,0.8282765855371514,1.1717234144628486,28.0,28,2.0,30.0,0.037941619753837585,18.32144491337317,14.028359551801957,0.0,0.0,0.0,-0.21465426807856067,1.0,0.19241397082805634,0.04658253490924835,0.0462990403175354,0.02151545754812318,0.021151714799692564,0.4463295141855876,0.39043478667736053,0.0,0.0,0.020644302368164065,False,False
6.890000000000001,-16.627986907958984,13.625509262084961,-1.6355634927749634,-1.726804435219613,0.8609866764890912,0.8797000000000155,0.12029999999998453,0.0,763,720,0.5092535367423888,1.490746463257611,63.0,63,3.0,28.0,0.03790821135044098,25.12799117059207,12.859329589151793,0.0,0.0,0.0,-0.6134330790720139,1.0,0.1908545196056366,0.04684169590473175,0.046299517154693604,0.021648075480479447,0.021297681903000628,0.4699363062779109,0.41207127273082733,0.0,0.0,0.03125053405761719,False,False
6.8950000000000005,-16.62388038635254,13.579925537109375,-1.589356780052185,-1.835007623956259,0.8274515628833519,0.8796000000000155,0.12039999999998452,0.0,823,768,0.21681574201385645,1.5,63.0,63,3.0,36.0,0.03798898681998253,31.3673252397094,11.78771879005581,0.0,0.0,0.0,-0.9789803224826794,1.0,0.1891668438911438,0.047087326645851135,0.046299874782562256,0.0217269793250595,0.02139049463618207,0.4845813165108363,0.4266201083858808,0.0,0.0,0.029306595325469968,False,False
6.9,-16.612215042114258,13.457234382629395,-1.5964032411575317,-1.693680979371725,1.0,0.8795000000000155,0.12049999999998451,0.0,711,670,0.282081096846035,1.5,38.0,38,2.0,18.0,0.038090720772743225,28.753381469733615,10.805408890884491,0.0,0.0,0.0,-0.8973986289424563,1.0,0.187355637550354,0.04712057486176491,0.046300292015075684,0.021835406654203634,0.02149355988111317,0.5058501412471136,0.4428057248393695,0.0,0.0,0.0218294620513916,False,False
6.905,-16.500877380371094,13.290407180786133,-1.5919456481933594,-1.7692948963190194,0.7186620552405999,0.8794000000000155,0.1205999999999845,0.0,617,573,0.3419076721088654,1.5,13.0,13,3.0,35.0,0.03818408399820328,26.357266347255813,9.90495814997745,0.0,0.0,0.0,-0.8226154098639181,1.0,0.18542546033859253,0.04697131738066673,0.04630076885223389,0.022059771056519517,0.02171424744534276,0.5570217967033386,0.4856152584155401,0.0,0.0,0.012600419521331788,False,False
6.91,-16.42350959777832,13.145909309387207,-1.5887686014175415,-1.1500495994309674,0.819577004628474,0.8793000000000155,0.12069999999998449,0.0,716,664,0.39674869943312663,1.5,21.0,21,1.0,42.0,0.03812789544463158,24.160827484984495,9.079544970812663,0.0,0.0,0.0,-0.7540641257085916,1.0,0.18338076770305634,0.04687926918268204,0.04630112648010254,0.022224309354244114,0.021880235136020627,0.5959709733724594,0.5193672080834707,0.0,0.0,0.013258769512176513,False,False
6.915,-16.47987174987793,13.01340103149414,-1.6048170328140259,-1.90237108484206,0.8323367182804027,0.8792000000000155,0.12079999999998448,0.0,762,713,0.44701964114703274,1.5,42.0,42,2.0,31.0,0.0384964644908905,22.14742519456912,8.32291622324494,0.0,0.0,0.0,-0.691225448566209,1.0,0.18122589588165283,0.04694732278585434,0.04630148410797119,0.022275084523328582,0.021926521990059882,0.6049889574448268,0.5239586035410564,0.0,0.0,0.016462061405181885,False,False
6.92,-16.548828125,12.94645881652832,-1.6147249937057495,-1.5020300287122061,0.8852664322086476,0.8791000000000155,0.12089999999998446,0.0,731,680,0.4931013377181134,1.5,48.0,48,4.0,25.0,0.03845757246017456,20.301806428355025,7.629339871307861,0.0,0.0,0.0,-0.6336233278523582,1.0,0.17896507680416107,0.04706864058971405,0.04630190134048462,0.02229470496438413,0.021939392566680604,0.6093623240788778,0.5232919007539749,0.0,0.0,0.017025277614593506,False,False
6.925,-16.551095962524414,12.985433578491211,-1.6440695524215698,-2.548593446224503,0.779710593314877,0.8790000000000155,0.12099999999998445,0.0,644,592,0.5353428929082706,1.4646571070917294,29.0,29,2.0,24.0,0.038413118571043015,18.609989225992106,6.993561548698873,0.0,0.0,0.0,-0.5808213838646616,1.0,0.17767968773841858,0.04705042392015457,0.04630213975906372,0.022259125220200984,0.02189316880943534,0.6019952396551769,0.5144120752811432,0.0,0.0,0.014068545103073121,False,False
6.93,-16.604007720947266,12.933311462402344,-1.6765278577804565,-0.7778627473424767,0.9623275971146564,0.8789000000000156,0.12109999999998444,0.0,821,770,0.574064318499248,1.425935681500752,39.0,39,4.0,20.0,0.03838535398244858,17.059156790492764,6.410764752973966,0.0,0.0,0.0,-0.53241960187594,1.0,0.17620757222175598,0.047112978994846344,0.04630249738693237,0.022245400396641034,0.0218687876391532,0.5918927987416586,0.5026413748661678,0.0,0.0,0.018209762573242187,False,False
6.9350000000000005,-16.63410758972168,12.87114429473877,-1.679664134979248,-1.912419091171006,0.7752480929040595,0.8788000000000156,0.12119999999998443,0.0,827,765,0.2762256252909774,1.5,56.0,56,6.0,27.0,0.03835621848702431,23.970893724618364,5.876534356892802,0.0,0.0,0.0,-0.9047179683862782,1.0,0.17460809648036957,0.04729367792606354,0.0463029146194458,0.022277425483567332,0.021898730072425376,0.5946406722068787,0.5035201708475749,0.0,0.0,0.02959233522415161,False,False
6.94,-16.64154815673828,12.848823547363281,-1.6872568130493164,-1.826565327736367,0.7951415862001657,0.8787000000000156,0.12129999999998442,0.0,718,668,0.3365401565167294,1.5,37.0,37,3.0,37.0,0.03831898793578148,30.306652580900163,13.7201564938184,0.0,0.0,0.0,-0.8293248043540882,1.0,0.17288590967655182,0.047346681356430054,0.04630327224731445,0.022278810433111775,0.021898313066300946,0.5922765036424001,0.5016375829776129,0.0,0.0,0.017376917600631713,False,False
6.945,-16.721805572509766,12.731328010559082,-1.6165082454681396,-1.3249199602416044,0.7408070112275524,0.8786000000000156,0.12139999999998441,0.0,714,674,0.39182847680700184,1.5,56.0,56,2.0,27.0,0.03831351920962334,44.44776486582515,29.243476786000198,0.0,0.0,0.0,-0.7602144039912476,1.0,0.17104551196098328,0.04751712456345558,0.046303629875183105,0.0224091348790871,0.022047950825498444,0.6251244495312374,0.5268072088559469,0.0,0.0,0.016333569288253785,False,False
6.95,-16.859153747558594,12.64183521270752,-1.6158887147903442,-1.6579641847117543,0.6950866192302194,0.8785000000000156,0.1214999999999844,0.0,768,715,0.4425094370730851,1.5,25.0,25,3.0,26.0,0.038287535309791565,40.74378446033972,26.806520387166845,0.0,0.0,0.0,-0.6968632036586436,1.0,0.1690913289785385,0.04747190698981285,0.04630392789840698,0.02237429878162189,0.022013341002165964,0.6035809715588888,0.5065356691678365,0.0,0.0,0.021572866439819337,False,False
6.955,-16.847984313964844,12.582581520080566,-1.588521957397461,-1.7320652537866426,0.7171510424815515,0.8784000000000156,0.12159999999998439,0.0,748,697,0.48896698398366123,1.5,22.0,22,2.0,25.0,0.0383366234600544,37.34846908864474,24.572643688236273,0.0,0.0,0.0,-0.6387912700204235,1.0,0.16702763736248016,0.04740126058459282,0.046304285526275635,0.022431742732878464,0.022076090919629678,0.6151657054821651,0.5171017100413641,0.0,0.0,0.02332033395767212,False,False
6.96,-16.727392196655273,12.557011604309082,-1.5295143127441406,-1.844178893669551,0.8256104859552603,0.8783000000000156,0.12169999999998438,0.0,722,672,0.5315530686516896,1.4684469313483104,22.0,22,3.0,21.0,0.03829767554998398,34.23609666459101,22.524923380883248,0.0,0.0,0.0,-0.585558664185388,1.0,0.16593588888645172,0.047327570617198944,0.04630446434020996,0.022625561886777168,0.022290068185577484,0.6883662939071655,0.5792984863122305,0.0,0.0,0.020845258235931398,False,False
6.965,-16.65498924255371,12.559645652770996,-1.4858921766281128,-2.3137275454842072,0.9186317316761499,0.8782000000000156,0.12179999999998437,0.0,843,788,0.23725697959738212,1.5,69.0,69,4.0,23.0,0.0382503904402256,39.71642194254176,20.64784643247631,0.0,0.0,0.0,-0.9534287755032723,1.0,0.16465401649475098,0.04758647829294205,0.04630482196807861,0.022731368306791094,0.02241067370655915,0.7373819251855215,0.6220049411058426,0.0,0.0,0.023864850997924805,False,False
6.97,-16.64327621459961,12.524663925170898,-1.4449224472045898,-0.7349174176083189,0.9442843378245701,0.8781000000000156,0.12189999999998435,0.0,839,788,0.300818897964267,1.5,42.0,42,5.0,18.0,0.03825993835926056,36.406720113996606,18.927192563103283,0.0,0.0,0.0,-0.8739763775446662,1.0,0.1632414311170578,0.04768428951501846,0.04630511999130249,0.02280025321338294,0.022493889346563257,0.7648138205210369,0.6470372776190441,0.0,0.0,0.03445675373077393,False,False
6.9750000000000005,-16.58678436279297,12.437942504882812,-1.3715810775756836,-1.5134098795532889,0.7474564319959738,0.8780000000000157,0.12199999999998434,0.0,794,731,0.19999999999999996,1.5,49.0,49,6.0,27.0,0.03821171075105667,41.70616010449689,17.34992651617801,0.0,0.0,0.0,-1.0,1.0,0.16170282661914825,0.04778021201491356,0.04630535840988159,0.022966251507168314,0.02268908393639108,0.8279924839735031,0.7058721532424291,0.0,0.0,0.0331528639793396,False,False
6.98,-16.526817321777344,12.374414443969727,-1.3308566808700562,-1.8566690616244836,0.8426936142652116,0.8779000000000157,0.12209999999998433,0.0,854,784,0.19999999999999996,1.5,88.0,88,5.0,37.0,0.03853605315089226,46.56398009578881,15.904099306496507,0.0,0.0,0.0,-1.0,1.0,0.16004277765750885,0.04824597015976906,0.04630565643310547,0.02308247526176242,0.022821835768408755,0.8582720160484314,0.7371872166792552,0.0,0.0,0.021038916110992435,False,False
6.985,-16.45987319946289,12.292139053344727,-1.3302655220031738,-1.085513612418514,0.53974957117584,0.8778000000000157,0.12219999999998432,0.0,888,816,0.19999999999999996,1.5,26.0,26,3.0,38.0,0.03865722566843033,51.016981754473065,22.912091030955132,0.0,0.0,0.0,-1.0,1.0,0.15934303402900696,0.04821620509028435,0.046305954456329346,0.023219502543254122,0.022956545092786034,0.9110828737417858,0.7799418767293295,0.0,0.0,0.025795812606811526,False,False
6.99,-16.34739112854004,12.159570693969727,-1.2893681526184082,-1.7180616051874105,0.6302150571774574,0.8777000000000157,0.12229999999998431,0.0,774,706,0.19999999999999996,1.5,35.0,35,3.0,23.0,0.03863191604614258,46.76556660826697,21.00275011170887,0.0,0.0,0.0,-1.0,1.0,0.15844179689884186,0.048243239521980286,0.04630613327026367,0.02344292866624859,0.023197229009121332,1.0,0.8865463982025783,0.0,0.0,0.01126886010169983,False,False
6.995,-16.275341033935547,11.99895191192627,-1.3012691736221313,-1.0419392874122586,0.8407954687495435,0.8776000000000157,0.1223999999999843,0.0,744,667,0.19999999999999996,1.5,58.0,58,1.0,19.0,0.03861600533127785,42.86843605757806,19.25252093573313,0.0,0.0,0.0,-1.0,1.0,0.1573987454175949,0.04840276017785072,0.046306490898132324,0.023637142793973578,0.02338720289524612,1.0,0.9574675311644872,0.0,0.0,0.008847309350967409,False,False
7.0,-16.287944793701172,11.882390022277832,-1.3121752738952637,-1.7396711306557915,0.853978938488139,0.8775000000000157,0.12249999999998429,0.0,806,737,0.19999999999999996,1.5,35.0,35,3.0,26.0,0.0385754220187664,39.29606638611322,17.6481441910887,0.0,0.0,0.0,-1.0,1.0,0.15621885657310486,0.04842672124505043,0.04630666971206665,0.02374766392447021,0.023491573587680527,1.0,0.9727283318837484,0.0,0.0,0.019937214851379396,False,False
7.005,-16.326875686645508,11.882445335388184,-1.306026577949524,-1.274632800300598,0.7551188333821884,0.8774000000000157,0.12259999999998428,0.0,758,689,0.20624285284910115,1.5,23.0,23,1.0,25.0,0.03854222223162651,36.021394187270445,16.177465508497974,0.0,0.0,0.0,-0.9921964339386236,1.0,0.1549069732427597,0.04839051887392998,0.0463070273399353,0.023750848649069334,0.023493842541938318,1.0,0.9716020276149114,0.0,0.0,0.01834410786628723,False,False
7.01,-16.354106903076172,11.883508682250977,-1.344268560409546,-1.841877654129088,0.6555053902084301,0.8773000000000157,0.12269999999998427,0.0,735,669,0.27238928177834276,1.5,42.0,42,4.0,25.0,0.038500092923641205,33.01961133833124,14.829343382789808,0.0,0.0,0.0,-0.9095133977770715,1.0,0.1534677892923355,0.04848846420645714,0.04630720615386963,0.023717628288082448,0.023442804828751506,1.0,0.9356309225161871,0.0,0.0,0.02095016479492188,False,False
7.015000000000001,-16.37309455871582,11.805673599243164,-1.3591948747634888,-1.0773767513826957,0.9321901066495254,0.8772000000000157,0.12279999999998426,0.0,751,680,0.33302350829681415,1.5,41.0,41,6.0,22.0,0.03849433735013008,30.267977060136968,13.593564767557323,0.0,0.0,0.0,-0.8337206146289823,1.0,0.15190592408180237,0.0485813282430172,0.046307384967803955,0.023765669698128145,0.023483199364039718,1.0,0.9203729778528214,0.0,0.0,0.023182730674743655,False,False
7.0200000000000005,-16.373353958129883,11.777134895324707,-1.3551311492919922,-1.0686211076285428,0.6638992768518609,0.8771000000000158,0.12289999999998424,0.0,832,752,0.19999999999999996,1.5,59.0,59,4.0,27.0,0.03854468837380409,36.07897897179222,12.460767703594213,0.0,0.0,0.0,-1.0,1.0,0.15022584795951843,0.04881265014410019,0.04630768299102783,0.023801467300702796,0.023520197877039184,1.0,0.9255752215782802,0.0,0.0,0.017735116481781006,False,False
7.025,-16.379383087158203,11.752601623535156,-1.3140993118286133,-1.1838545426834606,0.7325618261484016,0.8770000000000158,0.12299999999998423,0.0,867,793,0.19999999999999996,1.5,43.0,43,1.0,39.0,0.038565680384635925,33.072397390809535,11.42237039496136,0.0,0.0,0.0,-1.0,1.0,0.1484319269657135,0.04890768602490425,0.04630786180496216,0.02386141191143509,0.023597474805777563,1.0,0.9687479833761852,0.0,0.0,0.02076935052871704,False,False
7.03,-16.448843002319336,11.626385688781738,-1.2501384019851685,-1.4252907346690655,0.6449409394994922,0.8769000000000158,0.12309999999998422,0.0,882,803,0.5394990101522337,1.4605009898477663,39.0,39,3.0,29.0,0.03896399959921837,30.31636427490874,18.80383952871458,0.0,0.0,0.0,-0.575626237309708,1.0,0.14657652378082275,0.04894586652517319,0.046308159828186035,0.023946111358236186,0.02371212466076604,1.0,0.9803457806507747,0.0,0.0,0.027674455642700196,False,False
7.035,-16.50377082824707,11.56232738494873,-1.2719601392745972,-1.22754898588554,0.905690766174816,0.8768000000000158,0.12319999999998421,0.0,859,792,0.244540759306214,1.5,28.0,28,2.0,30.0,0.03891457989811897,36.12333391866635,17.236852901321697,0.0,0.0,0.0,-0.9443240508672325,1.0,0.14474432170391083,0.04894031211733818,0.04630839824676514,0.023905834904173053,0.023657133258335582,1.0,0.9068522850672405,0.0,0.0,0.03887734651565552,False,False
7.04,-16.421300888061523,11.558833122253418,-1.2240432500839233,-1.5381756364136037,0.8319585157389839,0.8767000000000158,0.1232999999999842,0.0,872,796,0.19999999999999996,1.5,77.0,77,7.0,27.0,0.03888566792011261,41.44638942544415,15.800448492878221,0.0,0.0,0.0,-1.0,1.0,0.14293502271175385,0.049326661974191666,0.04630851745605469,0.0240191362649199,0.02379390788823333,1.0,1.0,0.0,0.0,0.02628802537918091,False,False
7.045,-16.33198356628418,11.586403846740723,-1.1550735235214233,-1.196762167504935,0.9215210245555657,0.8766000000000158,0.12339999999998419,0.0,880,796,0.19999999999999996,1.5,57.0,57,3.0,31.0,0.03893659636378288,46.32585697332381,14.483744451805036,0.0,0.0,0.0,-1.0,1.0,0.14114832878112793,0.049522750079631805,0.04630875587463379,0.024148029433330182,0.023959727699247164,1.0,1.0,0.0,0.0,0.02512563228607178,False,False
7.05,-16.302215576171875,11.592140197753906,-1.113153338432312,-0.9315420934363334,0.9341300360679913,0.8765000000000158,0.12349999999998418,0.0,887,821,0.19999999999999996,1.5,37.0,37,3.0,46.0,0.03896556794643402,50.79870222554682,13.276765747487948,0.0,0.0,0.0,-1.0,1.0,0.1393839716911316,0.04954542592167854,0.046308934688568115,0.02419850274268504,0.02403111356031116,1.0,1.0,0.0,0.0,0.03483016967773438,False,False
7.055,-16.257184982299805,11.566651344299316,-1.0629578828811646,-1.2844240168374483,0.7071196546339144,0.8764000000000158,0.12359999999998417,0.0,935,857,0.19999999999999996,1.5,27.0,27,5.0,50.0,0.03922473266720772,54.898810373417916,12.170368601863952,0.0,0.0,0.0,-1.0,1.0,0.13764166831970215,0.0495070219039917,0.04630917310714722,0.02428469801438007,0.02414307402796078,1.0,1.0,0.0,0.0,0.033500611782073975,False,False
7.0600000000000005,-16.16124153137207,11.532049179077148,-0.9946483373641968,-1.1039266709023001,0.6046305513674247,0.8763000000000158,0.12369999999998416,0.0,923,843,0.19999999999999996,1.5,24.0,24,1.0,28.0,0.039291154593229294,50.32390950896642,11.15617121837529,0.0,0.0,0.0,-1.0,1.0,0.1362144500017166,0.04947607219219208,0.04630935192108154,0.024400626101530744,0.024296881758297143,1.0,1.0,0.0,0.0,0.047960972785949706,False,False
7.065,-16.096967697143555,11.445335388183594,-1.0006009340286255,-0.41978085277910615,0.8710713234112412,0.8762000000000159,0.12379999999998414,0.0,888,809,0.19999999999999996,1.5,77.0,77,4.0,24.0,0.03938876837491989,46.13025038321922,10.226490283510682,0.0,0.0,0.0,-1.0,1.0,0.1346159130334854,0.049846500158309937,0.04630953073501587,0.024543764087215963,0.024436520342637134,1.0,1.0,0.0,0.0,0.015053818225860596,False,False
7.07,-16.01266860961914,11.393936157226562,-0.9830625653266907,-1.0379889861138873,0.9045086118412556,0.8761000000000159,0.12389999999998413,0.0,859,784,0.19999999999999996,1.5,81.0,81,3.0,21.0,0.03959665447473526,42.286062851284285,9.37428275988479,0.0,0.0,0.0,-1.0,1.0,0.13293321430683136,0.0502181276679039,0.046309590339660645,0.024672317215241144,0.024573275535367083,1.0,1.0,0.0,0.0,0.016306871175765993,False,False
7.075,-15.895322799682617,11.316900253295898,-0.9382975697517395,-1.292656762021276,0.6857394417758481,0.8760000000000159,0.12399999999998412,0.0,690,623,0.19999999999999996,1.5,19.0,19,5.0,27.0,0.03963097929954529,38.76222428034393,8.593092529894392,0.0,0.0,0.0,-1.0,1.0,0.13127155601978302,0.05014091730117798,0.04630976915359497,0.024862926304960894,0.02478981162654201,1.0,1.0,0.0,0.0,0.010904784202575684,False,False
7.08,-15.809209823608398,11.18341064453125,-0.9487216472625732,-1.3472418761775071,0.6000763765977567,0.8759000000000159,0.12409999999998411,0.0,740,671,0.19999999999999996,1.5,30.0,30,2.0,39.0,0.03955039754509926,35.5320389236486,7.877001485736526,0.0,0.0,0.0,-1.0,1.0,0.1296306550502777,0.0501214861869812,0.0463099479675293,0.025090055366356813,0.025012596041584657,1.0,1.0,0.0,0.0,0.01400891423225403,False,False
7.085,-15.777419090270996,11.085676193237305,-0.9499070048332214,-1.0496247722594858,0.550054968200295,0.8758000000000159,0.1241999999999841,0.0,883,801,0.19999999999999996,1.5,43.0,43,3.0,39.0,0.039503127336502075,32.571035680011214,7.220584695258482,0.0,0.0,0.0,-1.0,1.0,0.12801027297973633,0.050188396126031876,0.04631006717681885,0.025241537961875667,0.025163208925863375,1.0,1.0,0.0,0.0,0.021531288623809815,False,False
7.09,-15.795562744140625,11.095943450927734,-0.9709758758544922,-1.267036047797929,0.78726566211729,0.8757000000000159,0.12429999999998409,0.0,824,744,0.19999999999999996,1.5,25.0,25,4.0,26.0,0.039481021463871,29.856782706676945,6.6188693039869415,0.0,0.0,0.0,-1.0,1.0,0.12641014158725739,0.05014558136463165,0.0463101863861084,0.025236426580852164,0.025144388930406065,1.0,1.0,0.0,0.0,0.017206677198410035,False,False
7.095,-15.811474800109863,11.063169479370117,-0.9981319308280945,-0.763279152779381,0.9084824461234298,0.8756000000000159,0.12439999999998408,0.0,932,835,0.19999999999999996,1.5,60.0,60,5.0,26.0,0.03949426859617233,27.368717481120534,6.067296861988029,0.0,0.0,0.0,-1.0,1.0,0.12483001500368118,0.050374988466501236,0.046310245990753174,0.02525300689460674,0.025145660513468355,1.0,1.0,0.0,0.0,0.020365033149719238,False,False
7.1000000000000005,-15.81464672088623,10.992330551147461,-0.9963716864585876,-0.9495610037124117,0.8982357331104431,0.8755000000000159,0.12449999999998407,0.0,1016,934,0.21894791063180818,1.5,71.0,71,3.0,36.0,0.03949591889977455,25.087991024360488,5.561688790155693,0.0,0.0,0.0,-0.9763151117102398,1.0,0.12326963990926743,0.05069287493824959,0.046310365200042725,0.025323906065895796,0.025216947192325832,1.0,1.0,0.0,0.0,0.024762511253356934,False,False
7.105,-15.832204818725586,10.975519180297852,-0.9987331628799438,-1.7586779368605883,0.5940143342888012,0.8754000000000159,0.12459999999998406,0.0,840,764,0.19999999999999996,1.5,40.0,40,5.0,35.0,0.03943859413266182,31.330658438997112,5.098214724309385,0.0,0.0,0.0,-1.0,1.0,0.12172877043485641,0.05073443427681923,0.04631054401397705,0.025337415584750736,0.02522907789020453,1.0,1.0,0.0,0.0,0.024988088607788086,False,False
7.11,-15.823836326599121,10.900725364685059,-0.9176945090293884,-0.8042697767154444,0.9551932090071131,0.875300000000016,0.12469999999998405,0.0,727,664,0.19999999999999996,1.5,32.0,32,3.0,29.0,0.03938732296228409,28.71977023574735,4.673363497283603,0.0,0.0,0.0,-1.0,1.0,0.12020716071128845,0.050743039697408676,0.04631054401397705,0.02544036774414866,0.02537895983985279,1.0,1.0,0.0,0.0,0.0176557457447052,False,False
7.115,-15.861150741577148,10.798895835876465,-0.8903716802597046,-0.9728525103828368,0.6858823591253352,0.875200000000016,0.12479999999998403,0.0,877,791,0.19999999999999996,1.5,28.0,28,1.0,42.0,0.03954754397273064,26.32645604943507,4.283916539176635,0.0,0.0,0.0,-1.0,1.0,0.11870457231998444,0.05071074888110161,0.046310603618621826,0.025471482158871007,0.02542313147452624,1.0,1.0,0.0,0.0,0.0252309250831604,False,False
7.12,-15.855823516845703,10.774385452270508,-0.9027647972106934,-1.1368814487556924,0.686051707160778,0.875100000000016,0.12489999999998402,0.0,925,840,0.19999999999999996,1.5,46.0,46,7.0,35.0,0.03974434360861778,24.132584711982147,3.926923494245249,0.0,0.0,0.0,-1.0,1.0,0.11722076684236526,0.05079204961657524,0.04631072282791138,0.025470372032373782,0.025410767217476805,1.0,1.0,0.0,0.0,0.03255883932113648,False,False
7.125,-15.770448684692383,10.82075309753418,-0.8330049514770508,-1.1728651057045174,0.8091301363712952,0.873750000000016,0.126249999999984,0.2,1121,1024,0.259125755349647,1.5,104.0,104,3.0,19.0,0.03989182785153389,30.454869319316966,11.933013203058144,0.0,0.0,0.0,-0.9260928058129412,1.0,0.118202805519104,0.051330726593732834,0.0463109016418457,0.025556964887228122,0.025543775039647037,1.0,1.0,0.0,0.9125700000000112,0.0468995475769043,False,True
7.13,-15.692635536193848,10.859992027282715,-0.7755245566368103,-0.8088462238622535,0.7432193198482746,0.872400000000016,0.12759999999998395,0.19987500000000002,966,888,0.3208652757371766,1.5,29.0,29,6.0,31.0,0.04005443677306175,27.91696354270722,10.938595436136632,0.0,0.0,0.0,-0.8489184053285292,1.0,0.1198306754231453,0.05131860077381134,0.04631161689758301,0.025650331469174732,0.025672746505975983,1.0,1.0,0.0,0.9116250000000112,0.0342966103553772,False,True
7.135,-15.677355766296387,10.856246948242188,-0.7313565015792847,-1.0072076364279874,0.6124021192310752,0.8710500000000161,0.1289499999999839,0.19975007812500004,986,889,0.19999999999999996,1.5,42.0,42,2.0,38.0,0.04021727293729782,33.92388324748161,10.027045816458578,0.0,0.0,0.0,-1.0,1.0,0.1218331903219223,0.05139755457639694,0.04631274938583374,0.02570709802738044,0.025755325719713798,1.0,1.0,0.0,0.9106800000000113,0.04041977405548096,False,True
7.140000000000001,-15.609943389892578,10.856549263000488,-0.6874610781669617,-1.1390117366655643,0.8633127167972848,0.8697000000000161,0.13029999999998387,0.1996252343261719,1130,1038,0.19999999999999996,1.5,105.0,105,5.0,48.0,0.04037079960107803,39.43022631019147,9.19145866508703,0.0,0.0,0.0,-1.0,1.0,0.12382662296295166,0.05195975676178932,0.046314775943756104,0.025798286309348984,0.025872562760331612,1.0,1.0,0.0,0.9097350000000113,0.04456361770629883,False,True
7.1450000000000005,-15.599609375,10.873102188110352,-0.678951621055603,-0.8482472009442867,0.8556903228724786,0.8683500000000162,0.13164999999998384,0.19950046855471806,890,811,0.19999999999999996,1.5,19.0,19,4.0,41.0,0.040604110807180405,36.14437411767551,8.425503776329776,0.0,0.0,0.0,-1.0,1.0,0.12582823634147644,0.051858555525541306,0.04631739854812622,0.025809481637396794,0.02588986293963741,1.0,1.0,0.0,0.9087900000000113,0.022696266174316408,False,True
7.15,-15.569150924682617,10.809398651123047,-0.7210586071014404,-0.9858808108931869,0.7847231088071239,0.8670000000000162,0.1329999999999838,0.19937578076187137,832,737,0.19999999999999996,1.5,25.0,25,2.0,16.0,0.04061374440789223,33.13234294120255,7.723378461635628,0.0,0.0,0.0,-1.0,1.0,0.12790878117084503,0.05181128904223442,0.046321094036102295,0.025918204722576405,0.025974377498534762,1.0,1.0,0.0,0.9078450000000113,0.017264447212219237,False,True
7.155,-15.487689971923828,10.78411865234375,-0.6786155700683594,-1.1777651031781562,0.8909235009949833,0.8656500000000162,0.13434999999998376,0.1992511708988952,854,764,0.19999999999999996,1.5,65.0,65,2.0,22.0,0.040688224136829376,30.371314362769006,7.079763589832659,0.0,0.0,0.0,-1.0,1.0,0.1299898773431778,0.05201832205057144,0.04632598161697388,0.02603821248592151,0.026120524221720422,1.0,1.0,0.0,0.9069000000000114,0.014606657028198241,False,True
7.16,-15.357020378112793,10.726602554321289,-0.6418442726135254,-0.6860135948260437,0.955345826343734,0.8643000000000163,0.13569999999998372,0.1991266389170834,805,732,0.19999999999999996,1.5,50.0,50,4.0,22.0,0.040710050612688065,27.84037149920492,6.489783290679937,0.0,0.0,0.0,-1.0,1.0,0.13207441568374634,0.052152737975120544,0.04633212089538574,0.02626598489362088,0.0263728804777295,1.0,1.0,0.0,0.9059550000000114,0.012618651390075683,False,True
7.165,-15.228533744812012,10.602860450744629,-0.6513405442237854,-1.7666713210459042,0.30863966264284104,0.8629500000000163,0.13704999999998368,0.19900218476776022,835,750,0.21714509902075063,1.5,30.0,30,2.0,26.0,0.040746305137872696,25.52034054093784,5.948968016456608,0.0,0.0,0.0,-0.9785686262240617,1.0,0.13469387590885162,0.052094217389822006,0.046339571475982666,0.026584228199052554,0.026689333913769812,1.0,1.0,0.0,0.9050100000000114,0.01607934236526489,False,True
7.17,-15.199403762817383,10.549308776855469,-0.6522210836410522,-1.0110813971445503,0.7682636004307561,0.8616000000000164,0.13839999999998365,0.19887780840228036,886,791,0.2823830074356881,1.5,42.0,42,5.0,25.0,0.04099069535732269,23.393645495859687,5.4532206817518905,0.0,0.0,0.0,-0.8970212407053898,1.0,0.1422194540500641,0.05217801406979561,0.046348392963409424,0.026728527687877656,0.026832947354026065,1.0,1.0,0.0,0.9040650000000114,0.019612443447113038,False,True
7.175,-15.244613647460938,10.569253921508789,-0.6842774748802185,-0.8985884342821042,0.8023067452310596,0.8602500000000164,0.1397499999999836,0.19875350977202894,993,888,0.3421844234827143,1.5,44.0,44,8.0,43.0,0.04114903509616852,21.44417503787138,4.998785624939233,0.0,0.0,0.0,-0.8222694706466072,1.0,0.15124885737895966,0.05225266143679619,0.04635888338088989,0.02671759001910648,0.026800726983695837,1.0,1.0,0.0,0.9031200000000115,0.01890340805053711,False,True
7.18,-15.243978500366211,10.502619743347168,-0.707261860370636,-1.1942087620184823,0.6288682732899504,0.8589000000000164,0.14109999999998357,0.19862928882842143,1048,939,0.7303357215258213,1.2696642784741787,68.0,68,2.0,40.0,0.04137011617422104,27.99049378471543,21.24888682286096,0.0,0.0,0.0,-0.33708034809272347,1.0,0.16168555617332458,0.05250992998480797,0.0463712215423584,0.02682768223632554,0.026897876687192283,1.0,1.0,0.0,0.9021750000000115,0.02420840263366699,False,True
7.1850000000000005,-15.221172332763672,10.451332092285156,-0.6941885352134705,-1.058638670569259,0.6837082453406291,0.8575500000000165,0.14244999999998353,0.19850514552290366,1042,964,0.7528077447320028,1.2471922552679973,45.0,45,6.0,44.0,0.04158239811658859,25.657952635989144,19.478146254289214,0.0,0.0,0.0,-0.30899031908499647,1.0,0.17409619688987732,0.05260109156370163,0.04638552665710449,0.026937694515566886,0.02701662363531029,1.0,1.0,0.0,0.9012300000000115,0.025040037631988525,False,True
7.19,-15.233282089233398,10.43790340423584,-0.7058653235435486,-0.326200409477492,0.8211457848499363,0.8562000000000165,0.1437999999999835,0.19838107980695185,915,829,0.7734070993376693,1.2265929006623306,39.0,39,2.0,30.0,0.041687291115522385,23.51978991632338,17.854967399765112,0.0,0.0,0.0,-0.2832411258279134,1.0,0.18941861391067505,0.05261402577161789,0.04640209674835205,0.026987404996218396,0.027058933462015895,1.0,1.0,0.0,0.9002850000000115,0.013212842941284181,False,True
7.195,-15.199780464172363,10.33939266204834,-0.6258489489555359,-0.3723282267239636,0.8348138629498142,0.8548500000000165,0.14514999999998346,0.1982570916320725,822,736,0.7922898410595302,1.2077101589404697,28.0,28,5.0,22.0,0.04172345623373985,21.55980742329643,16.367053449784684,0.0,0.0,0.0,-0.2596376986755873,1.0,0.20565374195575714,0.052558790892362595,0.04642069339752197,0.027128162560518438,0.027252066737506145,1.0,1.0,0.0,0.8993400000000116,0.02430962085723877,False,True
7.2,-15.20523738861084,10.233979225158691,-0.6520910263061523,-0.9957524402795908,0.7396183128059461,0.8535000000000166,0.14649999999998342,0.19813318094980245,857,769,0.809599020971236,1.190400979028764,32.0,32,2.0,16.0,0.041936617344617844,19.763156804688393,15.003132328969293,0.0,0.0,0.0,-0.23800122378595495,1.0,0.22327736020088196,0.05255978927016258,0.04644155502319336,0.02725353505252821,0.027358072890395217,1.0,1.0,0.0,0.8983950000000116,0.025991401672363284,False,True
7.205,-15.148151397705078,10.24853801727295,-0.6342954039573669,-0.8312409813686265,0.5865970529731751,0.8521500000000166,0.14784999999998338,0.19800934771170883,935,819,0.825465769223633,1.174534230776367,78.0,78,3.0,26.0,0.04194175451993942,18.11622707096436,13.752871301555185,0.0,0.0,0.0,-0.21816778847045876,1.0,0.24169108271598816,0.0528508760035038,0.046465277671813965,0.027309538975823274,0.027424911477525016,1.0,1.0,0.0,0.8974500000000116,0.02692286014556885,False,True
7.21,-15.060294151306152,10.298229217529297,-0.5581859946250916,-1.3324858084623687,0.786774552330512,0.8508000000000167,0.14919999999998335,0.197885591869389,907,822,0.5066769551216637,1.4933230448783363,51.0,51,6.0,36.0,0.04213971644639969,24.93987481505066,12.606798693092253,0.0,0.0,0.0,-0.6166538060979204,1.0,0.25943565368652344,0.052972231060266495,0.04649156332015991,0.02740513856018233,0.027572782059742982,1.0,1.0,0.0,0.8965050000000117,0.02449783563613892,False,True
7.215,-15.030713081359863,10.310405731201172,-0.516703188419342,-0.7123718311528296,0.888372469744747,0.8494500000000167,0.1505499999999833,0.19776191337447063,902,820,0.547787208861525,1.452212791138475,26.0,26,2.0,46.0,0.042132019996643066,22.86155191379644,11.556232135334565,0.0,0.0,0.0,-0.5652659889230938,1.0,0.2765994668006897,0.052921805530786514,0.04652082920074463,0.027458960209351877,0.027654087560561397,1.0,1.0,0.0,0.8955600000000117,0.028541798591613772,False,True
7.22,-14.984930992126465,10.315314292907715,-0.45994409918785095,-1.552673662785748,0.39149344011412324,0.8481000000000167,0.15189999999998327,0.19763831217861158,997,895,0.5854716081230646,1.4145283918769354,40.0,40,5.0,34.0,0.042125869542360306,20.956422587646735,10.593212790723351,0.0,0.0,0.0,-0.5181604898461691,1.0,0.29640159010887146,0.05296670272946358,0.046553075313568115,0.02751224859811636,0.027742131756540608,1.0,1.0,0.0,0.8946150000000117,0.03380339622497559,False,True
7.2250000000000005,-14.864324569702148,10.333332061767578,-0.3868109881877899,-0.5838792409140507,0.4218892912711945,0.8467500000000168,0.15324999999998323,0.19751478823349994,990,899,0.9533489741128092,1.0466510258871908,23.0,23,4.0,29.0,0.04212943837046623,19.210054038676173,18.043778391496403,0.0,0.0,0.0,-0.0583137823589885,1.0,0.3161323070526123,0.052878379821777344,0.04658818244934082,0.02757266497076449,0.027847346713610832,1.0,1.0,0.0,0.8936700000000117,0.04004039287567139,False,True
7.23,-14.78685188293457,10.306230545043945,-0.3717844784259796,-0.5972450897476058,0.8536562702596522,0.8454000000000168,0.1545999999999832,0.197391341490854,938,844,0.623903226270075,1.376096773729925,31.0,31,3.0,29.0,0.042132288217544556,25.942549535453157,16.540130192205034,0.0,0.0,0.0,-0.47012096716240614,1.0,0.3376229703426361,0.052857961505651474,0.04662656784057617,0.02768396048961788,0.027968126675501682,1.0,1.0,0.0,0.8927250000000118,0.023606970310211185,False,True
7.235,-14.63022518157959,10.286266326904297,-0.38572975993156433,-0.8205806570599358,0.6018486122411306,0.8440500000000168,0.15594999999998316,0.1972679719024222,962,865,0.32191129074756875,1.5,85.0,85,5.0,25.0,0.042098820209503174,32.11400374083206,15.16178600952128,0.0,0.0,0.0,-0.8476108865655391,1.0,0.35975614190101624,0.05321725085377693,0.04666823148727417,0.027932279759086263,0.028210139478711625,1.0,1.0,0.0,0.8917800000000118,0.014011200666427612,False,True
7.24,-14.56771183013916,10.300312042236328,-0.3965231776237488,-0.6483940833921749,0.691682096716072,0.8427000000000169,0.15729999999998312,0.1971446794199832,892,801,0.3784186831852714,1.5,51.0,51,5.0,29.0,0.042098961770534515,29.437836762429388,13.898303842061173,0.0,0.0,0.0,-0.7769766460184108,1.0,0.3833341598510742,0.05334582179784775,0.04671323299407959,0.028015232592432663,0.028288498202959287,1.0,1.0,0.0,0.8908350000000118,0.010057430267333984,False,True
7.245,-14.556020736694336,10.259588241577148,-0.35743677616119385,-0.5246406489883335,0.7266151842480328,0.8413500000000169,0.15864999999998308,0.1970214639953457,877,783,0.7635504595864989,1.236449540413501,21.0,21,4.0,34.0,0.0424041748046875,35.31801703222693,29.406778521889407,0.0,0.0,0.0,-0.2955619255168763,1.0,0.4079658091068268,0.05326367914676666,0.04676145315170288,0.028090692593482843,0.02838818517831734,1.0,1.0,0.0,0.8898900000000118,0.011521307229995729,False,True
7.25,-14.523632049560547,10.179823875427246,-0.33868154883384705,-1.9113363873116396,0.5812359730630865,0.840000000000017,0.15999999999998304,0.19689832558034862,946,859,0.7832545879542908,1.216745412045709,50.0,50,4.0,36.0,0.04261045902967453,32.37484894620802,26.95621364506529,0.0,0.0,0.0,-0.27093176505713645,1.0,0.43340006470680237,0.053349100053310394,0.046813130378723145,0.028272669077462415,0.02858497551417247,1.0,1.0,0.0,0.8889450000000119,0.021351559162139894,False,True
7.255,-14.527009963989258,10.19883918762207,-0.3741532564163208,-0.4049856532481143,0.7786211295719917,0.838650000000017,0.161349999999983,0.1967752641268609,1008,900,0.4679833722914334,1.5,54.0,54,6.0,36.0,0.04269322380423546,38.01027820069068,24.709862507976514,0.0,0.0,0.0,-0.6650207846357082,1.0,0.45808613300323486,0.05352126434445381,0.046868085861206055,0.028334100265055482,0.02862449319412269,1.0,1.0,0.0,0.8880000000000119,0.022537176609039308,False,True
7.26,-14.528324127197266,10.201653480529785,-0.39378735423088074,-0.29391117371283254,0.836945650455504,0.837300000000017,0.16269999999998297,0.1966522795867816,943,839,0.5123180912671474,1.4876819087328526,41.0,41,5.0,29.0,0.04266941547393799,34.84275501729979,22.65070729897847,0.0,0.0,0.0,-0.6096023859160657,1.0,0.48189306259155273,0.05354469269514084,0.04692620038986206,0.028368415567635454,0.028647607675636698,1.0,1.0,0.0,0.8870550000000119,0.03678178071975709,False,True
7.265000000000001,-14.534273147583008,10.163702964782715,-0.3757704198360443,-1.002299769363744,0.44191285462304786,0.8359500000000171,0.16404999999998293,0.19652937191203987,1026,914,0.5529582503282184,1.4470417496717816,41.0,41,2.0,29.0,0.042636945843696594,31.93919209919147,20.763148357396933,0.0,0.0,0.0,-0.5588021870897268,1.0,0.5063074827194214,0.053533993661403656,0.046987056732177734,0.02841476082638796,0.028707760750315663,1.0,1.0,0.0,0.8861100000000119,0.04326507568359375,False,True
7.2700000000000005,-14.490941047668457,10.078326225280762,-0.40956953167915344,-0.8330554327488695,0.6607957649399547,0.8346000000000171,0.1653999999999829,0.19640654105459485,902,812,0.19999999999999996,1.5,18.0,18,5.0,37.0,0.04259119927883148,45.944259424258846,19.03288599428052,0.0,0.0,0.0,-1.0,1.0,0.5312309861183167,0.05340854451060295,0.047051429748535156,0.028637936756790508,0.02891270162654067,1.0,1.0,0.0,0.885165000000012,0.030680196285247808,False,True
7.275,-14.471546173095703,10.07992172241211,-0.4189053177833557,-0.6803942173528007,0.8653978927374755,0.8332500000000171,0.16674999999998286,0.19628378696643572,977,874,0.19999999999999996,1.5,59.0,59,4.0,30.0,0.04254889860749245,42.11557113890394,17.446812161423807,0.0,0.0,0.0,-1.0,1.0,0.556937575340271,0.05360083281993866,0.04711979627609253,0.028697708272685186,0.028965829193591645,1.0,1.0,0.0,0.884220000000012,0.023284163475036625,False,True
7.28,-14.402950286865234,10.020942687988281,-0.3550199866294861,-1.0596766115770164,0.6360768179477935,0.8319000000000172,0.16809999999998282,0.1961611095995817,1092,996,0.4288121708257284,1.5,85.0,85,7.0,34.0,0.042527854442596436,38.60594021066194,24.326244481305153,0.0,0.0,0.0,-0.7139847864678395,1.0,0.5819535851478577,0.05398310348391533,0.04719233512878418,0.028776901277402615,0.029083426086386862,1.0,1.0,0.0,0.883275000000012,0.028267049789428712,False,True
7.285,-14.34848403930664,9.93057632446289,-0.3519588112831116,-1.2053365965094716,0.4549226505851599,0.8305500000000172,0.16944999999998278,0.19603850890608196,981,885,0.4764111565902508,1.5,37.0,37,4.0,44.0,0.04253077507019043,43.72211185977345,30.63239077452972,0.0,0.0,0.0,-0.6544860542621864,1.0,0.6148622035980225,0.053979743272066116,0.04726892709732056,0.028931840765289537,0.029235403120905355,1.0,1.0,0.0,0.882330000000012,0.02997709035873413,False,True
7.29,-14.310582160949707,9.935954093933105,-0.3190305829048157,-1.0013948449925991,0.8280531625211629,0.8292000000000173,0.17079999999998274,0.19591598483801567,932,846,0.52004356020773,1.47995643979227,28.0,28,2.0,35.0,0.0426398403942585,40.07860253812566,28.07969154331891,0.0,0.0,0.0,-0.5999455497403374,1.0,0.6506534814834595,0.05393662676215172,0.04734838008880615,0.02896619373936319,0.029288597721567257,1.0,1.0,0.0,0.8813850000000121,0.03467183113098145,False,True
7.295,-14.276854515075684,9.973608016967773,-0.2907995283603668,-0.26982441695891574,0.8983902439526252,0.8278500000000173,0.1721499999999827,0.1957935373474919,928,835,0.5600399301904193,1.4399600698095807,38.0,38,4.0,29.0,0.04281936585903168,36.73871899328185,25.739717248042332,0.0,0.0,0.0,-0.5499500872619759,1.0,0.6868516802787781,0.05392767861485481,0.04743117094039917,0.02901116925043322,0.029358405641279683,1.0,1.0,0.0,0.8804400000000121,0.047387514114379886,False,True
7.3,-14.24988842010498,10.008280754089355,-0.25648367404937744,-0.6670824754468043,0.7494145109590742,0.8265000000000173,0.17349999999998267,0.19567116638664972,990,877,0.5967032693412178,1.4032967306587822,36.0,36,3.0,33.0,0.042801160365343094,33.67715907717503,23.59474081070547,0.0,0.0,0.0,-0.5041209133234779,1.0,0.7255047559738159,0.053920332342386246,0.047518253326416016,0.029054408353403713,0.029426085984605554,1.0,1.0,0.0,0.8794950000000121,0.050663199424743656,False,True
7.305,-14.184013366699219,10.045084953308105,-0.20151938498020172,-0.8589635397328498,0.439189660828204,0.8251500000000174,0.17484999999998263,0.19554887190765807,1066,966,0.29697799689611626,1.5,21.0,21,5.0,31.0,0.04304325208067894,39.20406248741044,21.628512409813347,0.0,0.0,0.0,-0.8787775038798546,1.0,0.7624732851982117,0.05381575971841812,0.047609031200408936,0.02908788484055506,0.02949197720076535,1.0,1.0,0.0,0.8785500000000122,0.0554202938079834,False,True
7.3100000000000005,-14.149335861206055,10.041319847106934,-0.16909939050674438,-0.5710687124264352,0.6664013798117621,0.8238000000000174,0.1761999999999826,0.1954266538627158,1090,1000,0.35556316382144004,1.5,75.0,75,4.0,32.0,0.04315647482872009,35.93705728012623,19.826136375662234,0.0,0.0,0.0,-0.8055460452232,1.0,0.7979961037635803,0.05410907045006752,0.04770374298095703,0.029099023994407187,0.029520038367675493,1.0,1.0,0.0,0.8776050000000122,0.06837899208068848,False,True
7.315,-14.074920654296875,10.026110649108887,-0.17033538222312927,-0.27857891368082544,0.45624334696594654,0.8224500000000174,0.17754999999998256,0.1953045122040516,948,876,0.40926623350298685,1.5,64.0,64,8.0,25.0,0.043343909084796906,32.942302506782376,18.173958344357047,0.0,0.0,0.0,-0.7384172081212664,1.0,0.8321110606193542,0.05430407449603081,0.047802865505218506,0.029242455206810996,0.029664897248769362,1.0,1.0,0.0,0.8766600000000122,0.012736296653747559,False,True
7.32,-13.929072380065918,10.073548316955566,-0.16016851365566254,-1.085513612418514,0.53974957117584,0.8211000000000175,0.17889999999998252,0.19518244688392405,820,741,0.4584940473777379,1.5,21.0,21,4.0,24.0,0.04330646991729736,30.197110631217175,16.659461815660624,0.0,0.0,0.0,-0.6768824407778276,1.0,0.8648551106452942,0.05422911047935486,0.047905564308166504,0.029382868068757964,0.029813024830111483,1.0,1.0,0.0,0.8757150000000122,0.015727354288101198,False,True
7.325,-13.78718376159668,10.123103141784668,-0.12922246754169464,-0.6006228315819606,0.5616488232326188,0.8197500000000175,0.18024999999998248,0.1950604578546216,794,708,0.8369528767629264,1.1630471232370736,33.0,33,2.0,36.0,0.04327058047056198,27.68068474528241,23.60450666435557,0.0,0.0,0.0,-0.20380890404634205,1.0,0.8982393145561218,0.05418464541435242,0.04801076650619507,0.02949029048214002,0.029942062858181254,1.0,1.0,0.0,0.8747700000000123,0.010717796087265015,False,True
7.33,-13.681655883789062,10.09201717376709,-0.13105399906635284,-0.19097501858857696,0.9269923553617173,0.8184000000000176,0.18159999999998244,0.19493854506846245,919,825,1.1838734703660156,0.8161265296339844,65.0,65,2.0,31.0,0.043206050992012024,25.373961016508876,29.970797775659268,0.0,0.0,0.0,0.2298418379575196,1.0,0.9321359395980835,0.05442362278699875,0.04812043905258179,0.02970794309803706,0.030162885534809454,1.0,1.0,0.0,0.8738250000000123,0.0405704927444458,False,True
7.335,-13.629457473754883,10.017367362976074,-0.12910649180412292,0.007563309349076014,0.7478174655172979,0.8170500000000176,0.1829499999999824,0.19481670847779467,884,803,1.1685506811688477,0.8314493188311523,49.0,49,6.0,24.0,0.04312794655561447,31.59279759846647,35.80656462768766,0.0,0.0,0.0,0.21068835146105974,1.0,0.9645432829856873,0.054523978382349014,0.048234760761260986,0.029937069483100924,0.03039591709772701,1.0,1.0,0.0,0.8728800000000123,0.022361900806427006,False,True
7.34,-13.654011726379395,10.01680850982666,-0.16868367791175842,0.3536980351808968,0.3962148149864759,0.8157000000000176,0.18429999999998237,0.19469494803499604,882,781,1.1545047910714439,0.8454952089285561,28.0,28,5.0,24.0,0.04307251051068306,28.960064465260928,32.822684242047025,0.0,0.0,0.0,0.19313098883930485,1.0,0.9955981373786926,0.05447372421622276,0.04835307598114014,0.030021818589147046,0.03045828960793203,1.0,1.0,0.0,0.8719350000000123,0.016073237657547,False,True
7.345,-13.623090744018555,9.992416381835938,-0.21061408519744873,-0.5250880393336618,0.6884730365770839,0.8143500000000177,0.18564999999998233,0.19457326369247416,972,874,1.4749627251488235,0.5250372748511765,29.0,29,5.0,32.0,0.04301978275179863,26.546725759822515,38.4207938885431,0.0,0.0,0.0,0.5937034064360294,1.0,1.0,0.05439380183815956,0.04847520589828491,0.030165727552879777,0.030580419536679528,1.0,1.0,0.0,0.8709900000000124,0.049201636314392096,False,True
7.3500000000000005,-13.580127716064453,9.948467254638672,-0.22883830964565277,-0.24596385572559457,0.9170172738668315,0.8130000000000177,0.1869999999999823,0.19445165540266637,983,892,1.4353824980530883,0.5646175019469117,28.0,28,3.0,30.0,0.04301280900835991,24.334498613170638,35.21906106449784,0.0,0.0,0.0,0.5442281225663603,1.0,1.0,0.05430937558412552,0.048601508140563965,0.03032661914759426,0.03073326108635668,1.0,1.0,0.0,0.8700450000000124,0.023171520233154295,False,True
7.355,-13.581579208374023,9.926615715026855,-0.24739621579647064,-0.9564966427059448,0.7191788615373442,0.8116500000000177,0.18834999999998225,0.1943301231180397,999,904,1.3991006232153307,0.6008993767846692,70.0,70,5.0,29.0,0.04302823916077614,22.30662372873975,32.28413930912302,0.0,0.0,0.0,0.49887577901916347,1.0,1.0,0.054557375609874725,0.0487324595451355,0.03042020241341819,0.030816666195944736,1.0,1.0,0.0,0.8691000000000124,0.026348645687103274,False,True
7.36,-13.466712951660156,9.898554801940918,-0.1721453219652176,-0.2647131756832593,0.5018596203429765,0.8103000000000178,0.18969999999998222,0.19420866679109094,985,877,1.0325089046140534,0.9674910953859467,43.0,43,5.0,40.0,0.04313807189464569,28.78107175134477,29.593794366696102,0.0,0.0,0.0,0.04063613076756667,1.0,1.0,0.0545915849506855,0.048867642879486084,0.030536704032875454,0.030980586803401357,1.0,1.0,0.0,0.8681550000000124,0.03026011943817139,False,True
7.365,-13.419459342956543,9.823956489562988,-0.18923774361610413,-0.4289388339579982,0.99729533622003,0.8089500000000178,0.19104999999998218,0.19408728637434652,901,814,0.6964664958962156,1.3035335041037843,40.0,40,5.0,22.0,0.04315900057554245,34.7159824387327,27.127644836138092,0.0,0.0,0.0,-0.3794168801297305,1.0,1.0,0.05458882078528404,0.04900580644607544,0.030701980070520978,0.031136179095599334,1.0,1.0,0.0,0.8672100000000125,0.038621106147766114,False,True
7.37,-13.364463806152344,9.811450958251953,-0.21041913330554962,-0.4758490974856712,0.4961607398143051,0.8076000000000179,0.19239999999998214,0.19396598182036257,888,802,0.7217609545715309,1.2782390454284691,33.0,33,2.0,33.0,0.04336714372038841,31.822983902171643,24.867007766459917,0.0,0.0,0.0,-0.3477988067855863,1.0,1.0,0.05457484349608421,0.04914712905883789,0.03084564012521832,0.03126916908309748,1.0,1.0,0.0,0.8662650000000125,0.04563936710357666,False,True
7.375,-13.270523071289062,9.837285995483398,-0.15102756023406982,0.3138773536094666,0.8898429492992247,0.8062500000000179,0.1937499999999821,0.19384475308172483,913,825,0.4116142083572366,1.5,31.0,31,2.0,33.0,0.04339616000652313,37.504401910324006,22.79475711925492,0.0,0.0,0.0,-0.7354822395534543,1.0,1.0,0.05451046675443649,0.049291133880615234,0.03093842088244809,0.03139923771284474,1.0,1.0,0.0,0.8653200000000125,0.0445395040512085,False,True
7.38,-13.210211753845215,9.862078666687012,-0.0977141410112381,-0.025648131602279346,0.5345415812734544,0.8049000000000179,0.19509999999998207,0.19372360011104875,890,794,0.4606463576608002,1.5,44.0,44,3.0,32.0,0.04343950375914574,34.37903508446367,20.895194025983677,0.0,0.0,0.0,-0.6741920529239998,1.0,1.0,0.05455075204372406,0.049436867237091064,0.030984343757153955,0.03147865915282893,1.0,1.0,0.0,0.8643750000000125,0.031653633117675786,False,True
7.385,-13.209712028503418,9.888790130615234,-0.05068496987223625,0.15522785458210264,0.8767038586085704,0.803550000000018,0.19644999999998203,0.19360252286097934,870,779,0.5055924945224002,1.4944075054775998,20.0,20,5.0,39.0,0.04336942732334137,31.514115494091698,19.153927857151704,0.0,0.0,0.0,-0.6180093818469997,1.0,1.0,0.054434604942798615,0.0495835542678833,0.030945849883524862,0.03146546681038988,1.0,1.0,0.0,0.8634300000000126,0.027180798053741455,False,True
7.390000000000001,-13.155692100524902,9.923481941223145,-0.008856231346726418,-0.26678382444916426,0.38661937638558824,0.802200000000018,0.197799999999982,0.19348152128419124,1024,942,0.8801264533122003,1.1198735466877998,42.0,42,5.0,46.0,0.043332718312740326,28.887939202917387,25.891100535722394,0.0,0.0,0.0,-0.14984193335974966,1.0,1.0,0.05444231629371643,0.049731552600860596,0.03096159743094615,0.03150247773419398,1.0,1.0,0.0,0.8624850000000126,0.03497291326522827,False,True
7.3950000000000005,-13.104165077209473,9.940384864807129,0.03133170306682587,0.11245519251910797,0.8952767110283966,0.800850000000018,0.19914999999998195,0.19336059533338862,940,864,0.5567825822028503,1.4432174177971497,45.0,45,2.0,29.0,0.04328601062297821,34.813944269340936,23.733508824412194,0.0,0.0,0.0,-0.5540217722464371,1.0,1.0,0.054506365209817886,0.04988199472427368,0.030945466958451552,0.031506895943233894,1.0,1.0,0.0,0.8615400000000126,0.03307057857513428,False,True
7.4,-12.970901489257812,9.956076622009277,0.0004220851697027683,-0.23704644830339236,0.47667901803071644,0.7995000000000181,0.20049999999998191,0.19323974496130525,848,763,0.2603840336859462,1.5,36.0,36,6.0,24.0,0.04333622753620148,40.24611558022919,21.755716422377844,0.0,0.0,0.0,-0.9245199578925671,1.0,1.0,0.05447440221905708,0.0500335693359375,0.031162446427624203,0.031711031250810394,1.0,1.0,0.0,0.8605950000000127,0.0234215521812439,False,True
7.405,-12.80521011352539,10.033153533935547,-0.001283775083720684,-0.6371898934721374,0.9735449174477216,0.7981500000000181,0.20184999999998188,0.19311897012070442,837,751,0.32201869754545065,1.5,30.0,30,3.0,32.0,0.04332778602838516,36.89227261521009,19.942740053846357,0.0,0.0,0.0,-0.8474766280681866,1.0,1.0,0.05444175750017166,0.050185978412628174,0.03134444488833301,0.03189533183971993,1.0,1.0,0.0,0.8596500000000127,0.012596395015716553,False,True
7.41,-12.676451683044434,10.085107803344727,0.00601804768666625,-0.3633721650393564,0.6207191638856295,0.7968000000000182,0.20319999999998184,0.19299827076437898,867,793,0.3785171394166631,1.5,40.0,40,3.0,28.0,0.043271664530038834,33.81791656394258,18.28084504935916,0.0,0.0,0.0,-0.776853575729171,1.0,1.0,0.05447379872202873,0.05033916234970093,0.03147289298517427,0.03203163483288712,1.0,1.0,0.0,0.8587050000000127,0.011657572984695436,False,True
7.415,-12.553781509399414,10.037871360778809,-0.0019692338537424803,-0.44975019465839755,0.9999999999999999,0.7954500000000182,0.2045499999999818,0.19287764684515124,937,839,0.43030737779860806,1.5,71.0,71,3.0,12.0,0.043352775275707245,30.999756850280697,16.757441295245897,0.0,0.0,0.0,-0.71211577775174,1.0,1.0,0.05474963039159775,0.05049329996109009,0.03177077106634728,0.032331136902172875,1.0,1.0,0.0,0.8577600000000127,0.0165507972240448,False,True
7.42,-12.473607063293457,9.9839448928833,-0.008089441806077957,-0.19019488492564723,0.5570534593893142,0.7941000000000182,0.20589999999998176,0.192757098315873,853,736,0.4777817629820573,1.5,40.0,40,6.0,39.0,0.04330888018012047,28.41644377942397,15.360987853975406,0.0,0.0,0.0,-0.6527727962724283,1.0,1.0,0.054762210696935654,0.0506475567817688,0.03202631631477998,0.03258608435730711,1.0,1.0,0.0,0.8568150000000128,0.018652536869049073,False,True
7.425,-12.498456954956055,9.975556373596191,-0.044423140585422516,0.370421143534531,0.4878032267903141,0.7927500000000183,0.20724999999998173,0.1926366251294256,1020,927,0.5212999494002193,1.4787000505997807,65.0,65,4.0,47.0,0.043371107429265976,26.048406797805306,14.080905532810789,0.0,0.0,0.0,-0.5983750632497259,1.0,1.0,0.05497358366847038,0.05080205202102661,0.032097772212543355,0.03263791470524496,1.0,1.0,0.0,0.8558700000000128,0.013659889698028565,False,True
7.43,-12.448381423950195,9.927979469299316,-0.07594634592533112,-0.12823884700799587,0.4825804628337301,0.7914000000000183,0.2085999999999817,0.1925162272387197,1030,941,0.8945249536168677,1.1054750463831322,40.0,40,9.0,39.0,0.04354917258024216,23.87770623132153,21.240830071743222,0.0,0.0,0.0,-0.13184380797891534,1.0,1.0,0.05497774854302406,0.05095607042312622,0.03228406153852071,0.032810966229298584,1.0,1.0,0.0,0.8549250000000128,0.018439840078353885,False,True
7.4350000000000005,-12.386833190917969,9.90204906463623,-0.07953358441591263,-0.12221922829812384,0.5210195064021679,0.7900500000000183,0.20994999999998165,0.1923959045966955,944,854,0.9033145408154621,1.0966854591845379,31.0,31,4.0,32.0,0.043665848672389984,21.8878973787114,19.470760899097954,0.0,0.0,0.0,-0.12085682398067235,1.0,1.0,0.05491271987557411,0.051109373569488525,0.032449248273235566,0.03297652830866426,1.0,1.0,0.0,0.8539800000000128,0.022822651863098144,False,True
7.44,-12.356771469116211,9.901689529418945,-0.08021265268325806,-0.8380871522045586,0.7056772039584338,0.7887000000000184,0.2112999999999816,0.19227565715632258,825,745,0.5780383290808404,1.4219616709191596,24.0,24,2.0,29.0,0.04365062341094017,28.397239263818783,17.84819749083979,0.0,0.0,0.0,-0.5274520886489495,1.0,1.0,0.05481206998229027,0.05126070976257324,0.032553593445335954,0.03308122956675117,0.983943392833074,0.9908811748027802,0.0,0.8530350000000129,0.015957006216049195,False,True
7.445,-12.23836612701416,9.820858001708984,-0.0110232038423419,0.10469419707700271,0.8602008098340934,0.7873500000000184,0.21264999999998158,0.19215548487059989,822,741,0.613201801657437,1.386798198342563,26.0,26,2.0,19.0,0.04359273239970207,26.03080265850055,16.360847699936475,0.0,0.0,0.0,-0.4834977479282038,1.0,1.0,0.05470503121614456,0.05141150951385498,0.032743469784811886,0.033316046300809324,0.9100349495808284,0.8920673529307048,0.0,0.8520900000000129,0.021359059810638428,False,True
7.45,-12.156554222106934,9.688989639282227,-0.022759724408388138,0.5675246772789146,0.5326918154669069,0.7860000000000185,0.21399999999998154,0.19203538769255576,833,746,0.6454349848526504,1.3545650151473496,42.0,42,0.0,30.0,0.043520357459783554,23.861569103625506,14.997443724941768,0.0,0.0,0.0,-0.4432062689341869,1.0,1.0,0.054685838520526886,0.05156213045120239,0.03304512881829043,0.03361126609891602,0.8640019595623016,0.8354815344015758,0.0,0.8511450000000129,0.020700294971466065,False,True
7.455,-12.08863639831543,9.714451789855957,0.005434436723589897,-0.7297376264543322,0.5969256999801935,0.7846500000000185,0.2153499999999815,0.1919153655752479,828,739,0.674982069448263,1.3250179305517369,24.0,24,1.0,31.0,0.04345664754509926,21.873105011656712,13.747656747863287,0.0,0.0,0.0,-0.4062724131896712,1.0,1.0,0.05458589643239975,0.05171149969100952,0.033082891004159544,0.03366271161784677,0.8353668451309204,0.8073515941699346,0.0,0.850200000000013,0.020669736862182618,False,True
7.46,-12.040821075439453,9.819679260253906,0.06296838819980621,-0.2044984847046815,0.5852382183187442,0.7833000000000185,0.21669999999998146,0.19179541847176337,779,700,1.0354002303275742,0.9645997696724257,24.0,24,2.0,33.0,0.04339059814810753,20.05034626068532,20.935352018874678,0.0,0.0,0.0,0.0442502879094679,1.0,1.0,0.054502058774232864,0.05186021327972412,0.033009766676385076,0.033624703559325494,0.8172693351904552,0.7903654128313065,0.0,0.849255000000013,0.019376978874206544,False,True
7.465,-12.030829429626465,9.867412567138672,0.10410004109144211,-0.6351619189348601,0.5932002526291977,0.7819500000000186,0.21804999999998143,0.19167554633521852,855,773,1.365783544466943,0.6342164555330569,24.0,24,4.0,43.0,0.04356822744011879,18.379484072294876,27.524072683968452,0.0,0.0,0.0,0.4572294305836788,1.0,1.0,0.05438420921564102,0.05200827121734619,0.032970560454762966,0.033608427722937845,0.8155076205730438,0.7869729151328405,0.0,0.848310000000013,0.020463120937347413,False,True
7.47,-11.97817611694336,9.881017684936523,0.13159231841564178,0.0020436612602853736,0.8041486463800692,0.7818500000000186,0.21814999999998141,0.191555749118759,847,786,1.3353015824280312,0.6646984175719688,69.0,69,8.0,40.0,0.04351433366537094,16.847860399603636,25.230399960304414,0.0,0.0,0.0,0.4191269780350389,1.0,1.0,0.054602932184934616,0.05215644836425781,0.03303874186635898,0.03369143257142614,0.7884301741917928,0.7593369732300441,0.0,0.0,0.020819361209869387,False,False
7.4750000000000005,-11.895026206970215,9.902099609375,0.15231847763061523,0.02099401309017279,0.6368931743165124,0.7817500000000186,0.2182499999999814,0.19143602677555976,725,674,1.3073597838923618,0.6926402161076382,32.0,32,3.0,19.0,0.04347042739391327,15.443872032969999,23.127866630279044,0.0,0.0,0.0,0.38419972986545226,1.0,1.0,0.05456605553627014,0.052303969860076904,0.03308187997690352,0.03374506536195934,0.7484102249145508,0.7198530435562134,0.0,0.0,0.03215083122253418,False,False
7.48,-11.825582504272461,9.927647590637207,0.18138878047466278,-0.16798616451567724,0.850570055087971,0.7816500000000186,0.2183499999999814,0.19131637925882505,725,662,1.2817464685679982,0.7182535314320017,31.0,31,2.0,30.0,0.04340103268623352,14.156882696889165,21.200544411089123,0.0,0.0,0.0,0.3521830857099979,1.0,1.0,0.054515425115823746,0.05244690179824829,0.033064888005222004,0.03374023573162604,0.7191898922125499,0.6891100108623505,0.0,0.0,0.017291356325149537,False,False
7.485,-11.669529914855957,9.998024940490723,0.16620439291000366,0.3666115055726212,0.9322798973515225,0.7815500000000186,0.21844999999998138,0.19119680652178828,779,714,0.9249342628539985,1.0750657371460015,30.0,30,1.0,21.0,0.043482132256031036,21.310475805481733,19.433832376831695,0.0,0.0,0.0,-0.09383217143250189,1.0,1.0,0.054417435079813004,0.05258345603942871,0.03325935306865671,0.03393203489761748,0.649919758240382,0.6306736419598262,0.0,0.0,0.017556828260421754,False,False
7.49,-11.532761573791504,10.150464057922363,0.17843663692474365,0.2128240444766013,0.91118808471404,0.7814500000000186,0.21854999999998137,0.19107730851771215,739,687,0.9311897409494986,1.0688102590505013,19.0,19,5.0,14.0,0.04370205104351044,19.53460282169159,17.814346345429055,0.0,0.0,0.0,-0.08601282381312672,1.0,1.0,0.05427280813455582,0.05271250009536743,0.03323830950586074,0.033915553475496775,0.5986523628234863,0.5870305746793747,0.0,0.0,0.01261835813522339,False,False
7.495,-11.419578552246094,10.222378730773926,0.16958408057689667,0.9238339017611416,0.957849465266735,0.7813500000000186,0.21864999999998136,0.19095788519988857,708,657,0.936923929203707,1.063076070796293,17.0,17,2.0,15.0,0.04361763224005699,26.240052586550622,24.6631508166433,0.0,0.0,0.0,-0.07884508849536616,1.0,1.0,0.05411288142204285,0.05283457040786743,0.03330258105043271,0.03398006974634042,0.5607859541972479,0.5530135333538055,0.0,0.0,0.02058457374572754,False,False
7.5,-11.332427978515625,10.137578010559082,0.11715226620435715,-0.17955141061089971,0.890233746307545,0.7812500000000187,0.21874999999998135,0.19083853652163865,683,638,1.2755136017700648,0.7244863982299352,41.0,41,2.0,18.0,0.0435311421751976,24.053381537671402,30.94122158192302,0.0,0.0,0.0,0.3443920022125809,1.0,1.0,0.05413039028644562,0.05295419692993164,0.03368350981664792,0.03434103348214748,0.5316260705391567,0.5266641328732173,0.0,0.0,0.019982409477233887,False,False
7.505,-11.314106941223145,10.063504219055176,0.09519348293542862,-0.41278456252254686,0.27997169462417554,0.7811500000000187,0.21884999999998134,0.19071926243631263,739,688,0.9192208016225594,1.0807791983774406,78.0,78,3.0,32.0,0.043443311005830765,30.382266409532118,28.362786450096102,0.0,0.0,0.0,-0.10097399797180077,1.0,1.0,0.05444515123963356,0.05307382345199585,0.03388788885786146,0.03453440731391258,0.5252317587534587,0.5202083786328634,0.0,0.0,0.01850342035293579,False,False
7.51,-11.321547508239746,10.044574737548828,0.06089077144861221,,0.0,0.7810500000000187,0.21894999999998133,0.19060006289728992,630,578,0.9259524014873461,1.0740475985126539,23.0,23,6.0,19.0,0.043374866247177124,27.85041087540444,25.999220912588093,0.0,0.0,0.0,-0.09255949814081728,1.0,1.0,0.054349835962057114,0.05318492650985718,0.033953015213598906,0.03458277904040438,0.5262738217910131,0.5230957021315893,0.0,0.0,0.014519667625427246,False,False
7.515000000000001,-11.210549354553223,10.036664962768555,0.03340664133429527,-0.4786040548643713,0.5375575567294276,0.7809500000000187,0.21904999999998132,0.19048093785797912,625,583,0.932123034696734,1.067876965303266,31.0,31,3.0,14.0,0.043282538652420044,25.52954330245407,23.83261916987242,0.0,0.0,0.0,-0.08484620662908249,1.0,1.0,0.054315365850925446,0.05327558517456055,0.03417552573396772,0.034793799666997756,0.49435965716838837,0.49341189364592236,0.0,0.0,0.019880175590515137,False,False
7.5200000000000005,-11.138459205627441,10.040287017822266,0.00037705665454268456,-0.3616462292677368,0.9050923147609139,0.7808500000000187,0.2191499999999813,0.19036188727181788,685,644,0.9377794484720063,1.0622205515279937,59.0,59,3.0,18.0,0.04332827031612396,23.402081360582894,21.84656757238305,0.0,0.0,0.0,-0.07777568940999213,1.0,1.0,0.054464541375637054,0.05335712432861328,0.034335457031148896,0.03493700909544661,0.474601686000824,0.47651315728823346,0.0,0.0,0.017193453311920168,False,False
7.525,-11.084519386291504,10.040666580200195,-0.014298061840236187,-0.09397548586843406,0.4877806436292116,0.7807500000000187,0.2192499999999813,0.19024291109227298,688,645,0.9429644944326724,1.0570355055673277,28.0,28,2.0,35.0,0.04326046630740166,21.451907913867654,20.026020274684463,0.0,0.0,0.0,-0.07129438195915956,1.0,1.0,0.05437435582280159,0.05343282222747803,0.034419988029092644,0.035015121319175474,0.46100805203119916,0.4638119538625082,0.0,0.0,0.018690267801284792,False,False
7.53,-10.96053695678711,9.942010879516602,-0.0031752102077007294,-0.24090644736455558,0.6094313183807013,0.7806500000000187,0.21934999999998128,0.19012400927284032,651,608,0.6143841198966162,1.3856158801033838,15.0,15,5.0,38.0,0.043196823447942734,27.99758225437868,18.35718525179409,0.0,0.0,0.0,-0.4820198501292296,1.0,1.0,0.05421966314315796,0.05350571870803833,0.034729958664780576,0.03533762954330639,0.43392422298590344,0.43263805409272516,0.0,0.0,0.017495534420013427,False,False
7.535,-10.832900047302246,9.828681945800781,-0.00920424796640873,-1.182252258395001,0.4461332700916555,0.7805500000000187,0.21944999999998127,0.19000518176704478,698,652,0.6465187765718983,1.3534812234281017,22.0,22,3.0,33.0,0.043205104768276215,25.664450399847123,16.82741981414458,0.0,0.0,0.0,-0.44185152928512716,1.0,1.0,0.0540986992418766,0.0535770058631897,0.03505164995021133,0.035654684392036326,0.41189923882484436,0.4084488501151403,0.0,0.0,0.014240100383758544,False,False
7.54,-10.722505569458008,9.856202125549316,0.04731530696153641,-0.08728007462813177,0.6263067074657237,0.7804500000000187,0.21954999999998126,0.18988642852844037,743,698,0.3426422118575734,1.5,60.0,60,3.0,38.0,0.043286629021167755,31.859079533193192,15.425134829632531,0.0,0.0,0.0,-0.8216972351780332,1.0,1.0,0.05422971770167351,0.053646981716156006,0.03507227557936319,0.035705059958776535,0.3950030108292898,0.3890538588166237,0.0,0.0,0.01798962116241455,False,False
7.545,-10.681211471557617,9.932503700256348,0.10728702694177628,0.096787333485873,0.788455578634386,0.7803500000000188,0.21964999999998125,0.1897677495106101,654,613,0.3974220275361091,1.5,49.0,49,3.0,21.0,0.04329303652048111,29.204156238760426,14.139706927163154,0.0,0.0,0.0,-0.7532224655798636,1.0,1.0,0.05428701639175415,0.053713977336883545,0.03496540362131728,0.035634697000417936,0.3877604504426321,0.3795552750428518,0.0,0.0,0.01830396056175232,False,False
7.55,-10.728288650512695,9.9713716506958,0.14786021411418915,-0.19097501858857696,0.9269923553617173,0.7802500000000188,0.21974999999998124,0.18964914466716595,607,570,0.7809701919081,1.2190298080919,20.0,20,2.0,18.0,0.043208397924900055,26.770476552197056,21.294731349899557,0.0,0.0,0.0,-0.273787260114875,1.0,1.0,0.05418761819601059,0.05377990007400513,0.034822933879913226,0.03551792290829999,0.39584139982859295,0.38588342567284906,0.0,0.0,0.01279440999031067,False,False
7.555,-10.700936317443848,10.029040336608887,0.1730378270149231,-0.07866716752770002,0.8255929216805683,0.7801500000000188,0.21984999999998123,0.18953061395174897,740,686,1.1325560092490918,0.8674439907509083,27.0,27,3.0,26.0,0.04324221611022949,24.539603506180633,27.853503737407927,0.0,0.0,0.0,0.16569501156136468,1.0,1.0,0.05408786982297897,0.053844451904296875,0.03476694334375929,0.035474579807680796,0.3900758425394694,0.3803451110919317,0.0,0.0,0.023808507919311526,False,False
7.5600000000000005,-10.624351501464844,10.061413764953613,0.1982325166463852,-1.5835028575336543,0.49760540538770803,0.7800500000000188,0.21994999999998122,0.18941215731802913,873,810,0.7881763418116675,1.2118236581883326,46.0,46,7.0,28.0,0.04328581690788269,30.827969880665577,25.532378425957265,0.0,0.0,0.0,-0.2647795727354156,1.0,1.0,0.05413147434592247,0.05390810966491699,0.03477849032256389,0.03549909438712778,0.3780183071891467,0.3676975518465042,0.0,0.0,0.03426681995391846,False,False
7.565,-10.546819686889648,10.065479278564453,0.20402191579341888,0.49982693222726426,0.49620613155577864,0.7799500000000188,0.2200499999999812,0.18929377471970535,905,862,0.4724949799940288,1.5,54.0,54,6.0,24.0,0.04337179660797119,36.59230572394344,23.40468022379416,0.0,0.0,0.0,-0.659381275007464,1.0,1.0,0.05425538495182991,0.05396932363510132,0.0348702426475933,0.03559499219921363,0.36544804771741235,0.35525494565566385,0.0,0.0,0.0211934232711792,False,False
7.57,-10.408717155456543,10.17978572845459,0.2013174444437027,-0.28365496600284473,0.6335405896425476,0.7798500000000188,0.2201499999999812,0.18917546611050554,688,649,0.516453731661193,1.483546268338807,26.0,26,5.0,26.0,0.043544307351112366,33.54294691361482,21.454290205144645,0.0,0.0,0.0,-0.6044328354235088,1.0,1.0,0.05413961037993431,0.05402815341949463,0.03498622325008371,0.03571258509865286,0.34107329944769543,0.3340175126989683,0.0,0.0,0.014550327062606814,False,False
7.575,-10.31080150604248,10.28972339630127,0.19954808056354523,0.21715105853967598,0.446035955595988,0.7797500000000188,0.22024999999998118,0.18905723144418646,633,592,0.5567492540227601,1.44325074597724,40.0,40,3.0,28.0,0.043520305305719376,30.74770133748025,19.666432688049255,0.0,0.0,0.0,-0.5540634324715498,1.0,1.0,0.0541398711502552,0.05408591032028198,0.03498236364459876,0.035709084268270755,0.32686832050482434,0.3215369706352552,0.0,0.0,0.01441252112388611,False,False
7.58,-10.180615425109863,10.289880752563477,0.19873498380184174,0.41823230767885006,0.4530120038648601,0.7796500000000188,0.22034999999998117,0.18893907067453383,589,561,0.2603534828541969,1.5,22.0,22,1.0,20.0,0.04353675991296768,36.51872622602356,18.02756329737848,0.0,0.0,0.0,-0.9245581464322539,1.0,1.0,0.05404786393046379,0.0541415810585022,0.03520097746630145,0.0359340554568911,0.3102475280563037,0.30509624630212784,0.0,0.0,0.014404656887054442,False,False
7.585,-10.050542831420898,10.230134010314941,0.16957801580429077,-0.6246518537152242,0.6880889504612048,0.7795500000000188,0.22044999999998116,0.18882098375536224,609,572,0.32199069261634694,1.5,19.0,19,2.0,20.0,0.04344549775123596,33.4754990405216,16.525266355930274,0.0,0.0,0.0,-0.8475116342295662,1.0,1.0,0.05390806123614311,0.05419570207595825,0.03560855550505166,0.03633186250498152,0.29269008586804074,0.28871018439531326,0.0,0.0,0.019096598625183106,False,False
7.59,-10.058608055114746,10.225115776062012,0.15050646662712097,0.3524220922976365,0.7870821665351555,0.7794500000000188,0.22054999999998115,0.18870297064051514,655,613,0.3784914682316515,1.5,38.0,38,3.0,37.0,0.04337359964847565,30.68587412047813,15.148160826269416,0.0,0.0,0.0,-0.7768856647104356,1.0,1.0,0.05388471111655235,0.05424851179122925,0.035654110386579056,0.03636533552602188,0.29236743847529095,0.2892237529158592,0.0,0.0,0.011741597652435303,False,False
7.595,-10.051873207092285,10.191943168640137,0.11727604269981384,-0.38920563007452036,0.41359659657985987,0.7793500000000189,0.22064999999998114,0.1885850312838648,675,632,0.19999999999999996,1.5,30.0,30,3.0,25.0,0.043304577469825745,36.46205127710495,13.885814090746964,0.0,0.0,0.0,-1.0,1.0,1.0,0.053836073726415634,0.05429959297180176,0.03574541410012116,0.036441687051439096,0.29141147931416833,0.2889827638864517,0.0,0.0,0.013148895502090455,False,False
7.6000000000000005,-9.96053409576416,10.147923469543457,0.11361155658960342,0.08765753724944017,0.6572623536742285,0.7792500000000189,0.22074999999998113,0.1884671656393124,694,647,0.5055379698335405,1.4944620301664595,31.0,31,5.0,38.0,0.04337098076939583,33.42354700401287,21.061996249851383,0.0,0.0,0.0,-0.6180775377080743,1.0,1.0,0.05377665162086487,0.054350078105926514,0.03594933420815449,0.036647810898332606,0.28132484604914987,0.27854278683662415,0.0,0.0,0.018695653676986695,False,False
7.605,-9.915861129760742,10.154801368713379,0.1159818097949028,-0.16376764867444088,0.6229548556749286,0.7791500000000189,0.22084999999998112,0.18834937366078783,740,697,0.5467431390140789,1.453256860985921,13.0,13,7.0,33.0,0.04334741085767746,30.638251420345128,19.3068298956971,0.0,0.0,0.0,-0.5665710762324014,1.0,1.0,0.053597401827573776,0.05440002679824829,0.03604514986004935,0.036746588582172425,0.2758764351407687,0.2733181416988373,0.0,0.0,0.0229455304145813,False,False
7.61,-9.825297355651855,10.117770195007324,0.15668705105781555,0.3537166237230702,0.8881099606514359,0.7790500000000189,0.2209499999999811,0.18823165530224983,832,786,0.25118121076290545,1.5,50.0,50,4.0,39.0,0.04328024014830589,36.41839713531637,17.697927404389006,0.0,0.0,0.0,-0.9360234865463681,1.0,1.0,0.05373283103108406,0.054447829723358154,0.03615572768426445,0.03688366871117557,0.26731836299101513,0.26280562082926434,0.0,0.0,0.02365440368652344,False,False
7.615,-9.669550895690918,9.99038314819336,0.15458601713180542,-0.04827455671223045,0.894582334919722,0.7789500000000189,0.2210499999999811,0.18811401051768592,696,666,0.19999999999999996,1.5,61.0,61,3.0,40.0,0.04322804510593414,41.71686404070667,16.22310012068992,0.0,0.0,0.0,-1.0,1.0,1.0,0.05392877385020256,0.05449491739273071,0.036588830749115654,0.03732055539870577,0.2539764965573947,0.2485637366771698,0.0,0.0,0.02090144157409668,False,False
7.62,-9.571707725524902,9.951082229614258,0.16955050826072693,-2.487005800684634,0.4236455297425321,0.7788500000000189,0.22114999999998108,0.18799643926111237,649,611,0.19999999999999996,1.5,38.0,38,2.0,19.0,0.043381281197071075,38.24045870398111,14.871175110632427,0.0,0.0,0.0,-1.0,1.0,1.0,0.05392124131321907,0.05454123020172119,0.036750399368348896,0.03748666827357316,0.24812210351228714,0.24240419268608093,0.0,0.0,0.02361135244369507,False,False
7.625,-9.554839134216309,10.057317733764648,0.2508208751678467,-0.5184048806593906,0.8295753318226944,0.7787500000000189,0.22124999999998107,0.18787894148657416,578,542,0.19999999999999996,1.5,20.0,20,2.0,17.0,0.04331612586975098,35.05375381198269,13.631910518079724,0.0,0.0,0.0,-1.0,1.0,1.0,0.05378996208310127,0.05458629131317139,0.036499802230391086,0.03728105038287992,0.2474064628283183,0.23995266606410345,0.0,0.0,0.020803842544555664,False,False
7.63,-9.582630157470703,10.159432411193848,0.30118873715400696,0.05370745960308356,0.7360838581349017,0.7786500000000189,0.22134999999998106,0.18776151714814507,633,595,0.21453241255689137,1.5,23.0,23,6.0,16.0,0.04325271025300026,32.13260766098413,12.495917974906414,0.0,0.0,0.0,-0.9818344843038858,1.0,1.0,0.05367523431777954,0.054631173610687256,0.03626875867873064,0.037077318585942855,0.24854786694049835,0.24032351871331534,0.0,0.0,0.021072301864624023,False,False
7.635,-9.600960731506348,10.177618026733398,0.3340601921081543,-0.21903648611957613,0.8789836284099104,0.778550000000019,0.22144999999998105,0.18764416619992746,660,627,0.2799880448438171,1.5,52.0,52,1.0,20.0,0.0431671105325222,29.454890355902116,11.454591476997546,0.0,0.0,0.0,-0.9000149439452285,1.0,1.0,0.05378926917910576,0.054675519466400146,0.03619690754978551,0.037019346351967554,0.24985397855440777,0.24102073162794113,0.0,0.0,0.022842850685119633,False,False
7.640000000000001,-9.53570556640625,10.240350723266602,0.3945690393447876,-0.16473519789353985,0.5857084244188991,0.778450000000019,0.22154999999998104,0.18752688859605252,681,642,0.33998904110683237,1.5,24.0,24,3.0,30.0,0.04310515522956848,27.00031615957694,10.50004218724775,0.0,0.0,0.0,-0.8250136986164595,1.0,1.0,0.05366263538599014,0.05471879243850708,0.03606384891550932,0.036910422117681606,0.24574124564727148,0.23559624950091046,0.0,0.0,0.017382577657699586,False,False
7.6450000000000005,-9.4669771194458,10.343147277832031,0.49561527371406555,0.8844336185312618,0.4547558603422293,0.778350000000019,0.22164999999998103,0.18740968429067997,622,591,0.3949899543479295,1.5,15.0,15,4.0,37.0,0.043055664747953415,33.08362314627886,17.9583720049771,0.0,0.0,0.0,-0.756262557065088,1.0,1.0,0.0535077303647995,0.054760634899139404,0.03571892677814024,0.0365868984635448,0.24294244746367138,0.2304961159825325,0.0,0.0,0.014467450380325316,False,False
7.65,-9.411893844604492,10.422430992126465,0.4985416531562805,0.273137053794252,0.8889780179818851,0.778250000000019,0.22174999999998102,0.1872925532379983,652,610,0.7787407914856022,1.2212592085143978,26.0,26,2.0,26.0,0.04305866360664368,30.32665455075562,24.795174337895673,0.0,0.0,0.0,-0.27657401064299736,1.0,1.0,0.053393151611089706,0.0548015832901001,0.035680969582249165,0.03654983529526063,0.2365601435303688,0.22500143696864447,0.0,0.0,0.021439282894134524,False,False
7.655,-9.347121238708496,10.551525115966797,0.5183930993080139,0.1431308667340847,0.872981138951288,0.778150000000019,0.221849999999981,0.18717549539222453,624,591,0.7971790588618021,1.202820941138198,14.0,14,6.0,27.0,0.04300190508365631,27.79943333819265,22.7289098097377,0.0,0.0,0.0,-0.25352617642274744,1.0,1.0,0.05323528125882149,0.05484175682067871,0.035634122929768086,0.03651616582414079,0.22932195415099463,0.21874853720267615,0.0,0.0,0.016194939613342285,False,False
7.66,-9.233047485351562,10.67898178100586,0.5309129357337952,0.499064316309442,0.919045795465069,0.778050000000019,0.221949999999981,0.18705851070760438,682,630,0.8140808039566518,1.1859191960433482,27.0,27,1.0,37.0,0.04315934702754021,25.482813893343263,20.834833992259558,0.0,0.0,0.0,-0.23239899505418524,1.0,1.0,0.05315059795975685,0.05488163232803345,0.035630917477498525,0.03651990380673612,0.21999187767505646,0.21023732920487723,0.0,0.0,0.007674815654754639,False,False
7.665,-9.099921226501465,10.734672546386719,0.5043294429779053,0.7289865150169934,0.32546743381572635,0.777950000000019,0.22204999999998098,0.18694159913841213,668,633,0.8295740702935975,1.1704259297064024,34.0,34,2.0,19.0,0.04342450201511383,23.35924606889799,19.098597826237928,0.0,0.0,0.0,-0.21303241213300303,1.0,1.0,0.053119465708732605,0.05492037534713745,0.03585086156117364,0.03674052570022896,0.2085790348549684,0.20030840610464415,0.0,0.0,0.014683847427368165,False,False
7.67,-9.060715675354004,10.710372924804688,0.4961065649986267,0.15851194835243992,0.8867868155872044,0.777850000000019,0.22214999999998097,0.18682476063895062,620,583,0.8437762311024645,1.1562237688975356,34.0,34,1.0,26.0,0.04336382448673248,21.412642229823156,17.507048007384768,0.0,0.0,0.0,-0.1952797111219194,1.0,1.0,0.05312614515423775,0.05495816469192505,0.03599827066599336,0.03688829973014014,0.20466784636179608,0.19687439625461897,0.0,0.0,0.018321375846862796,False,False
7.675,-9.084423065185547,10.657185554504395,0.4680633246898651,,0.0,0.777750000000019,0.22224999999998096,0.18670799516355127,686,648,0.8567948785105923,1.1432051214894077,43.0,43,5.0,22.0,0.04334145784378052,19.628255377337894,16.048127340102702,0.0,0.0,0.0,-0.17900640186175956,1.0,1.0,0.05316010117530823,0.05499500036239624,0.036098913257552996,0.03698114438968032,0.20585808282097182,0.19841135169068974,0.0,0.0,0.017799916267395022,False,False
7.68,-9.008379936218262,10.644683837890625,0.4434897005558014,0.4555937427776294,0.48563552131983956,0.777650000000019,0.22234999999998095,0.18659130266657406,707,661,0.8687286386347097,1.1312713613652903,12.0,12,7.0,26.0,0.043273139744997025,17.9925674292264,14.710783395094143,0.0,0.0,0.0,-0.1640892017066129,1.0,1.0,0.053005822002887726,0.05503159761428833,0.036272706293966055,0.037151573816857034,0.20080910374720892,0.19390995303789776,0.0,0.0,0.02099393367767334,False,False
7.6850000000000005,-8.948525428771973,10.671157836914062,0.42870956659317017,-0.04976294829646011,0.9262495711934784,0.7775500000000191,0.22244999999998094,0.18647468310240745,663,630,0.8796679187484839,1.120332081251516,35.0,35,2.0,29.0,0.043231673538684845,16.4931868101242,13.484884778836298,0.0,0.0,0.0,-0.15041510156439514,1.0,1.0,0.052967432886362076,0.05506783723831177,0.03637317054811809,0.03724981799372414,0.19615900392333668,0.1898953753213088,0.0,0.0,0.022924137115478516,False,False
7.69,-8.939485549926758,10.681488037109375,0.43080800771713257,-1.6439976988714302,0.42345886459649557,0.7774500000000191,0.22254999999998093,0.18635813642546845,664,618,0.8896955921861103,1.1103044078138897,47.0,47,2.0,41.0,0.04314017668366432,15.118754575947182,12.361144380599939,0.0,0.0,0.0,-0.13788050976736219,1.0,1.0,0.05305975675582886,0.05510377883911133,0.03640024627131974,0.03727817034263416,0.19494361554582915,0.18885713070631027,0.0,0.0,0.019836649894714356,False,False
7.695,-8.805466651916504,10.665410995483398,0.4981803596019745,-0.5335424666717219,1.0000000000000002,0.7773500000000191,0.22264999999998092,0.18624166259020253,628,595,1.2322209595039344,0.7677790404960656,30.0,30,1.0,25.0,0.043064288794994354,13.858858361284916,19.664382348883276,0.0,0.0,0.0,0.290276199379918,1.0,1.0,0.052985623478889465,0.05513948202133179,0.03647717713347269,0.03738360357424186,0.18901779626806578,0.18152689561247826,0.0,0.0,0.021920416355133057,False,False
7.7,-8.670198440551758,10.607458114624023,0.477170467376709,-0.002055213116738767,0.7971201227904039,0.7772500000000191,0.2227499999999809,0.18612526155108366,613,575,1.5,0.45379745378806025,19.0,19,5.0,22.0,0.04304705560207367,12.703953497844505,26.359017153143,0.0,0.0,0.0,0.6827531827649247,1.0,1.0,0.05285577476024628,0.05517470836639404,0.03680600214516687,0.037708729896693834,0.18280188863476118,0.1756942706803481,0.0,0.0,0.02065558433532715,False,False
7.705,-8.615068435668945,10.676912307739258,0.4894700050354004,1.056210970014807,0.4285892062326081,0.7771500000000191,0.2228499999999809,0.18600893326261425,603,566,1.5,0.4993143326390552,22.0,22,3.0,24.0,0.04300443083047867,11.645290706357462,24.16243239038108,0.0,0.0,0.0,0.6258570842011809,1.0,1.0,0.052718594670295715,0.05520981550216675,0.03676356779023327,0.03766981037294744,0.18000351265072823,0.17309298117955527,0.0,0.0,0.02008741617202759,False,False
7.71,-8.60759162902832,10.790512084960938,0.5353102087974548,-0.358838885773313,0.879575240162893,0.7770500000000191,0.22294999999998089,0.18589267767932513,538,507,1.1256285284141994,0.8743714715858006,19.0,19,2.0,27.0,0.043142303824424744,19.00818314749434,22.148896357849324,0.0,0.0,0.0,0.15703566051774925,1.0,1.0,0.05260016769170761,0.05524468421936035,0.03654241676341375,0.037463396384302565,0.17851092542211217,0.17122689013679823,0.0,0.0,0.018515287637710574,False,False
7.715,-8.599560737609863,10.812963485717773,0.5762698650360107,-0.7850196247811542,0.45212507802765906,0.7769500000000191,0.22304999999998087,0.18577649475577554,563,533,0.7818261510463494,1.2181738489536507,15.0,15,1.0,22.0,0.043184489011764526,25.757501218536476,20.303154994695213,0.0,0.0,0.0,-0.27271731119206316,1.0,1.0,0.05245651677250862,0.05527949333190918,0.036459039552602344,0.037392431332962,0.17829757804671925,0.170384564747413,0.0,0.0,0.019425833225250246,False,False
7.72,-8.564885139465332,10.845272064208984,0.6239591240882874,-0.07124815047917943,0.5524213355901748,0.7768500000000191,0.22314999999998086,0.18566038444655317,573,536,0.8000073051258204,1.1999926948741797,22.0,22,1.0,34.0,0.04330403730273247,23.611042783658434,18.611225411803943,0.0,0.0,0.0,-0.2499908685927245,1.0,1.0,0.05233895033597946,0.05531418323516846,0.036371340694836704,0.03731522924452962,0.17717449615399045,0.16862662509083748,0.0,0.0,0.02474302053451538,False,False
7.7250000000000005,-8.532997131347656,10.904166221618652,0.6491488218307495,0.40619808174587135,0.6410819915686943,0.7767500000000191,0.22324999999998085,0.18554434670627407,710,675,0.4833400296986686,1.5,39.0,39,1.0,31.0,0.04325033724308014,29.976789218353563,17.06028996082028,0.0,0.0,0.0,-0.6458249628766641,1.0,1.0,0.05235954746603966,0.05534857511520386,0.0362943311951428,0.037243552185594456,0.17513689274589223,0.16652456174294156,0.0,0.0,0.03268580436706543,False,False
7.73,-8.527329444885254,10.937833786010742,0.6661345958709717,-0.5025035518749916,1.0000000000000002,0.7766500000000192,0.22334999999998084,0.18542838148958266,722,684,0.5263950272237796,1.4736049727762204,54.0,54,9.0,19.0,0.04320031777024269,27.478723450157432,15.638599130751924,0.0,0.0,0.0,-0.5920062159702754,1.0,1.0,0.052483949810266495,0.055382490158081055,0.03621201684581991,0.03716237493441382,0.1748786804576715,0.16607827196518582,0.0,0.0,0.02091944694519043,False,False
7.735,-8.422402381896973,11.043540954589844,0.6458069086074829,-1.0622024839706101,0.3781516799697154,0.7765500000000192,0.22344999999998083,0.18531248875115167,669,622,0.899195441621798,1.100804558378202,19.0,19,6.0,15.0,0.04312489926815033,25.18882982931098,22.66871586985593,0.0,0.0,0.0,-0.12600569797275246,1.0,1.0,0.05237448960542679,0.05541539192199707,0.03628678175100689,0.03723855055100226,0.1678661381204923,0.16016369064648947,0.0,0.0,0.02075758934020996,False,False
7.74,-8.386993408203125,11.198043823242188,0.6593497395515442,-0.43226095271092435,0.2955903991434725,0.7764500000000192,0.22354999999998082,0.1851966684456822,552,517,0.9075958214866482,1.0924041785133518,22.0,22,2.0,18.0,0.04302823916077614,23.089760676868398,20.779656214034603,0.0,0.0,0.0,-0.11550522314168976,1.0,1.0,0.05226161330938339,0.05544722080230713,0.03615521013628014,0.037110378165030274,0.1641400344669819,0.15701115131378174,0.0,0.0,0.013082842826843263,False,False
7.745,-8.303557395935059,11.298171043395996,0.6486470103263855,0.5455044118217923,0.870785391771269,0.7763500000000192,0.2236499999999808,0.18508092052790365,575,547,0.9152961696960942,1.0847038303039058,53.0,53,2.0,27.0,0.04293188452720642,21.16561395379603,19.048018196198385,0.0,0.0,0.0,-0.10587978787988224,1.0,1.0,0.05237431079149246,0.05547839403152466,0.03617809931980389,0.037134735634317045,0.15928529823819798,0.15273757899800938,0.0,0.0,0.012411084175109863,False,False
7.75,-8.165287017822266,11.321101188659668,0.5951297283172607,0.15368496809824117,0.4018403569316289,0.7762500000000192,0.2237499999999808,0.18496524495257372,569,533,1.255688155554753,0.744311844445247,37.0,37,1.0,27.0,0.04284234344959259,19.401812790979694,25.794016679848518,0.0,0.0,0.0,0.3196101944434412,1.0,1.0,0.05236482620239258,0.05550837516784668,0.036520846905496646,0.03747858705689761,0.1518614155550798,0.14649721483389538,0.0,0.0,0.01573143839836121,False,False
7.755,-8.123635292053223,11.325963020324707,0.550818681716919,0.35072406263509315,0.166272012732637,0.7761500000000192,0.2238499999999808,0.18484964167447834,592,560,0.9010474759251902,1.09895252407481,11.0,11,4.0,35.0,0.04275503009557724,34.45166172506472,31.977848623194472,0.0,0.0,0.0,-0.12369065509351226,1.0,1.0,0.052190493792295456,0.05553770065307617,0.036717856937320326,0.03766804882519199,0.1488124020397663,0.14430233587821326,0.0,0.0,0.013912407159805299,False,False
7.76,-8.122641563415527,11.318314552307129,0.5161653161048889,0.80628604996253,1.0,0.7760500000000192,0.22394999999998078,0.1847341106484318,759,711,0.9092935195980911,1.0907064804019089,68.0,68,2.0,32.0,0.04314809665083885,31.580689914642655,29.313027904594932,0.0,0.0,0.0,-0.11338310050238612,1.0,1.0,0.052404746413230896,0.05556666851043701,0.036794363021151515,0.03773581430897989,0.14831284061074257,0.14425036186973256,0.0,0.0,0.011699262857437134,False,False
7.765000000000001,-8.039613723754883,11.30788516998291,0.4936373233795166,0.5590370932478588,0.6631834200743122,0.7759500000000192,0.22404999999998076,0.18461865182927653,710,680,0.9168523929649168,1.0831476070350832,35.0,35,6.0,21.0,0.043359991163015366,28.948965755089098,26.87027557921202,0.0,0.0,0.0,-0.10393450879385391,1.0,0.9999151229858398,0.052399177104234695,0.05559498071670532,0.036997027294709696,0.03793815844544771,0.1448959857225418,0.14116177956263226,0.0,0.0,0.020185017585754396,False,False
7.7700000000000005,-7.9936604499816895,11.318256378173828,0.48202309012413025,-0.3446584134758819,0.52666240499735,0.7758500000000192,0.22414999999998075,0.18450326517188323,634,597,0.9237813602178404,1.0762186397821596,23.0,23,1.0,18.0,0.043319087475538254,26.536551942165005,24.631085947611016,0.0,0.0,0.0,-0.09527329972769945,1.0,0.9994931221008301,0.05229255557060242,0.05562257766723633,0.0370941349459651,0.03803439490178851,0.14281461636225384,0.13931704685091972,0.0,0.0,0.017921106815338136,False,False
7.775,-7.915144443511963,11.347811698913574,0.5273932814598083,-0.5025035518749916,1.0000000000000002,0.7757500000000193,0.22424999999998074,0.1843879506311508,498,466,0.9301329135330204,1.0698670864669797,18.0,18,4.0,14.0,0.04323763772845268,24.325172613651254,22.578495451976764,0.0,0.0,0.0,-0.08733385808372454,1.0,0.9987450242042542,0.05215993523597717,0.055649399757385254,0.03709829596662836,0.03805789246456638,0.14017461488644284,0.13622280831138295,0.0,0.0,0.01895806431770325,False,False
7.78,-7.755216121673584,11.309979438781738,0.5506819486618042,0.1260512665941401,0.3928858134580603,0.7756500000000193,0.22434999999998073,0.18427270816200633,478,449,0.9359551707386019,1.064044829261398,26.0,26,0.0,23.0,0.04315432533621788,22.298074895846984,20.696954164312032,0.0,0.0,0.0,-0.08005603657674758,1.0,0.9976816773414612,0.05207929387688637,0.05567610263824463,0.03738502211441848,0.038362747818851864,0.13552105675141018,0.13125225280721983,0.0,0.0,0.011974188089370728,False,False
7.785,-7.619917392730713,11.289420127868652,0.5265696048736572,0.1824053548041625,0.5814420626924478,0.7755500000000193,0.22444999999998072,0.18415753771940507,523,489,0.9412922398437185,1.0587077601562815,15.0,15,1.0,29.0,0.043078623712062836,20.439901987859734,18.972207983952696,0.0,0.0,0.0,-0.0733847001953519,1.0,0.9963135123252869,0.05192913860082626,0.055702269077301025,0.03771640176698506,0.038694355569080775,0.1315094530582428,0.12762881815433502,0.0,0.0,0.018522745370864867,False,False
7.79,-7.601438045501709,11.38598918914795,0.5685339570045471,0.6242053247980932,0.3711173495694238,0.7754500000000193,0.2245499999999807,0.18404243925833044,632,593,0.9461845531900752,1.0538154468099248,23.0,23,1.0,39.0,0.042991433292627335,18.736576822204757,17.391190651956638,0.0,0.0,0.0,-0.06726930851240595,1.0,0.9946507215499878,0.05182282254099846,0.0557284951210022,0.03750310697732434,0.03849094963353067,0.13046003878116608,0.1263260655105114,0.0,0.0,0.01778888463973999,False,False
7.795,-7.640814304351807,11.495620727539062,0.6180627346038818,0.10488822152488816,0.8613428693894514,0.7753500000000193,0.2246499999999807,0.18392741273379398,624,586,0.950669173757569,1.049330826242431,29.0,29,2.0,29.0,0.04294323921203613,17.17519542035436,15.941924764293583,0.0,0.0,0.0,-0.06166353280303882,1.0,0.9927034378051758,0.051757317036390305,0.05575442314147949,0.037171635619286485,0.03816889164309578,0.13069434091448784,0.12620345999797186,0.0,0.0,0.020569968223571777,False,False
7.8,-7.643115997314453,11.513941764831543,0.6515312194824219,0.8265378499391498,0.9630567147278909,0.7752500000000193,0.2247499999999807,0.18381245810083535,615,580,0.9547800759444383,1.0452199240555617,27.0,27,2.0,23.0,0.04294629767537117,15.743929135324828,14.613431033935784,0.0,0.0,0.0,-0.0565249050694522,1.0,0.9904814958572388,0.0516660250723362,0.055780112743377686,0.03709743540190723,0.03810318057588242,0.13075460369388264,0.12597307562828064,0.0,0.0,0.017551151514053346,False,False
7.805000000000001,-7.5763726234436035,11.5625581741333,0.6925955414772034,0.6367354305677053,0.9999908508969574,0.7751500000000193,0.22484999999998068,0.18369757531452233,686,651,0.9585484029490684,1.0414515970509315,46.0,46,5.0,15.0,0.04295337572693825,14.431935040714425,13.395645114441136,0.0,0.0,0.0,-0.05181449631366446,1.0,0.9879941940307617,0.05175287276506424,0.05580562353134155,0.03705271374899836,0.03806782963802047,0.12887243802348775,0.12380824113885562,0.0,0.0,0.022093546390533448,False,False
7.8100000000000005,-7.530081748962402,11.6381254196167,0.7337562441825867,0.4625096484548287,0.6697468849103186,0.7750500000000193,0.22494999999998067,0.18358276432995074,703,669,0.6286693693699794,1.3713306306300206,48.0,48,6.0,29.0,0.042867399752140045,21.56260712065489,12.279341354904373,0.0,0.0,0.0,-0.4641632882875258,1.0,0.9852508902549744,0.05185043066740036,0.05583101511001587,0.036895426523172646,0.03791240293400613,0.12756168221433958,0.12220781296491623,0.0,0.0,0.03860131502151489,False,False
7.815,-7.503012180328369,11.65395450592041,0.7294294834136963,0.561932005089021,0.6720446435176204,0.7749500000000193,0.22504999999998065,0.18346802510224453,636,597,0.9929469219224812,1.0070530780775189,18.0,18,4.0,38.0,0.04302177205681801,28.099056527266978,27.922729575329008,0.0,0.0,0.0,-0.008816347596898488,1.0,0.9822605848312378,0.051728714257478714,0.05585557222366333,0.036917855581035254,0.03793464312422961,0.12646346042553586,0.12119477614760399,0.0,0.0,0.016072684526443483,False,False
7.82,-7.4178690910339355,11.80298137664795,0.7246676683425903,-0.8859437907937712,0.26374811498331174,0.7748500000000194,0.22514999999998064,0.18335335758655563,568,537,0.9935346784289412,1.0064653215710588,18.0,18,3.0,38.0,0.0429505854845047,25.75746848332806,25.59583544405159,0.0,0.0,0.0,-0.008081651963823511,1.0,0.9790321588516235,0.051602985709905624,0.05587911605834961,0.03691501079918758,0.037938928411108776,0.12198785319924355,0.1173331712683042,0.0,0.0,0.022245357036590578,False,False
7.825,-7.398983955383301,11.985315322875977,0.7324415445327759,0.13172606619735794,0.407499693023852,0.7747500000000194,0.22524999999998063,0.18323876173806403,592,556,0.9940734552265295,1.0059265447734704,56.0,56,0.0,29.0,0.0428735688328743,23.611012776384054,23.46284915704729,0.0,0.0,0.0,-0.007408180966838174,1.0,0.9755741357803345,0.05173077806830406,0.05590265989303589,0.03668349147300799,0.03770249504347583,0.11988170444965363,0.115507443745931,0.0,0.0,0.01605322599411011,False,False
7.83,-7.298469543457031,12.061034202575684,0.6969689726829529,0.7506984715679672,0.9969060154853949,0.7746500000000194,0.22534999999998062,0.18312423751197773,663,625,0.994567333957652,1.005432666042348,39.0,39,5.0,23.0,0.042795855551958084,21.64342837835205,21.507611727293348,0.0,0.0,0.0,-0.0067908325529350225,1.0,0.9718949198722839,0.05175003781914711,0.05592590570449829,0.0368594616748542,0.03788121099273304,0.11610189452767372,0.11227667952577274,0.0,0.0,0.013058056831359863,False,False
7.835,-7.165910720825195,12.058270454406738,0.6290785074234009,0.47686172789608555,0.938841346652753,0.7745500000000194,0.2254499999999806,0.18300978486353275,653,620,0.9950200561278476,1.0049799438721525,26.0,26,7.0,23.0,0.042780399322509766,19.83980934682271,19.7153107500189,0.0,0.0,0.0,-0.006224929840190541,1.0,0.9680025577545166,0.05166776478290558,0.055948615074157715,0.03727618782478326,0.03830187016865179,0.11180594563484192,0.1087644137442112,0.0,0.0,0.01722392439842224,False,False
7.84,-7.163346767425537,12.052515983581543,0.5953747630119324,-0.20697282058830058,0.35996630702052484,0.7744500000000194,0.2255499999999806,0.18289540374799304,564,534,0.6621017181171935,1.3378982818828065,22.0,22,2.0,24.0,0.04301486536860466,26.519825234587483,18.072368187517323,0.0,0.0,0.0,-0.42237285235350797,1.0,0.9639050960540771,0.051559556275606155,0.05597114562988281,0.03738351711700611,0.03840251912518034,0.11108316481113434,0.10842521364490192,0.0,0.0,0.011329010725021363,False,False
7.845,-7.141510963439941,12.031526565551758,0.5698281526565552,0.3529149347008265,1.0000000000000002,0.7743500000000194,0.2256499999999806,0.18278109412065055,668,625,0.6902599082740941,1.3097400917259059,51.0,51,0.0,20.0,0.04292009025812149,24.309839798371858,16.56633750522421,0.0,0.0,0.0,-0.3871751146573823,1.0,0.9596101641654968,0.05165359005331993,0.05599319934844971,0.037486826740437525,0.03850323345791488,0.11046002929409346,0.10798065612713496,0.0,0.0,0.013652281761169435,False,False
7.8500000000000005,-7.047598361968994,12.041101455688477,0.5627468824386597,0.9893348102365063,0.37898982452848595,0.7742500000000194,0.22574999999998058,0.18266685593682513,623,588,0.7160715825845864,1.2839284174154137,43.0,43,4.0,15.0,0.04286882281303406,22.2840198151742,15.18580937978886,0.0,0.0,0.0,-0.354910521769267,1.0,0.9551253318786621,0.051681723445653915,0.05601513385772705,0.03767146192863524,0.03869428867241307,0.1080460815380017,0.10568209923803806,0.0,0.0,0.015484316349029543,False,False
7.855,-7.023711204528809,12.047330856323242,0.5467243790626526,-0.1292553832116279,0.5765949115857337,0.7741500000000194,0.22584999999998057,0.18255268915186462,653,621,0.7397322840358709,1.2602677159641291,24.0,24,5.0,25.0,0.04284653812646866,20.427018163909683,13.920325264806456,0.0,0.0,0.0,-0.32533464495516135,1.0,0.9504579305648804,0.05156063660979271,0.05603623390197754,0.03777448365930408,0.03879508027573986,0.10706570620338123,0.10491203206280868,0.0,0.0,0.0188715660572052,False,False
7.86,-6.979116916656494,12.083168029785156,0.6109481453895569,0.7235954613914171,0.35272943249166416,0.7740500000000194,0.22594999999998056,0.1824385937211447,719,683,0.4280879270328818,1.5,30.0,30,5.0,18.0,0.043111652135849,27.058099983583872,12.760298159405917,0.0,0.0,0.0,-0.7148900912088978,1.0,0.9456151127815247,0.05152352899312973,0.0560569167137146,0.037641123501971394,0.038681274423064675,0.10616004467010498,0.10351357671121757,0.0,0.0,0.023518388271331788,False,False
7.865,-6.81904935836792,12.05788803100586,0.5807927250862122,0.4281821274290356,1.0,0.7739500000000195,0.22604999999998054,0.182324569600069,630,600,0.4757472664468083,1.5,25.0,25,1.0,21.0,0.04307170212268829,24.803258318285216,11.696939979455424,0.0,0.0,0.0,-0.6553159169414896,1.0,0.9406038522720337,0.051455896347761154,0.05607724189758301,0.03805983476783088,0.03910883921803845,0.10266419500112534,0.10025518325467905,0.0,0.0,0.020391168594360354,False,False
7.87,-6.684388160705566,12.063035011291504,0.5837672352790833,0.5696333287511699,0.9950122433576231,0.7738500000000195,0.22614999999998053,0.18221061674406894,527,494,0.8527683275762409,1.147231672423759,30.0,30,3.0,13.0,0.043047092854976654,22.73632012509478,19.055528314500805,0.0,0.0,0.0,-0.18403959052969884,1.0,0.9354309439659119,0.05139390006661415,0.05609750747680664,0.03828521142550683,0.03934241236963558,0.10032857457796733,0.09793059279521307,0.0,0.0,0.01954097270965576,False,False
7.875,-6.68149995803833,12.171131134033203,0.6663235425949097,0.948638360702767,0.6075912652142231,0.7737500000000195,0.22624999999998052,0.18209673510860389,492,463,0.8650376336115542,1.1349623663884458,27.0,27,1.0,23.0,0.042966704815626144,20.84162678133688,17.467567621625737,0.0,0.0,0.0,-0.16870295798555723,1.0,0.9301028847694397,0.05131294205784798,0.056117475032806396,0.03790121030434906,0.03897054114961004,0.1001874605814616,0.09727324980000655,0.0,0.0,0.020316445827484132,False,False
7.88,-6.735031604766846,12.251455307006836,0.7129494547843933,0.4946256229783011,0.31612933248796077,0.7736500000000195,0.2263499999999805,0.18198292464916102,548,516,0.5429511641439249,1.4570488358560751,19.0,19,0.0,29.0,0.04288176819682121,27.43815788289214,16.01193698649026,0.0,0.0,0.0,-0.571311044820094,1.0,0.9246261715888977,0.05118761584162712,0.056137144565582275,0.037585079949348565,0.038657547236652434,0.10058914000789325,0.09741965681314468,0.0,0.0,0.021257119178771974,False,False
7.885,-6.752814769744873,12.27940559387207,0.752680778503418,-0.08244751891872718,0.5862894453004128,0.7735500000000195,0.2264499999999805,0.1818691853212553,678,636,0.24770523379859777,1.5,14.0,14,5.0,38.0,0.04280005022883415,33.48497805931779,14.677608904282737,0.0,0.0,0.0,-0.9403684577517527,1.0,0.9190070629119873,0.051028549671173096,0.05615663528442383,0.0374539945096082,0.03852990140005264,0.10083833088477454,0.09746383254726729,0.0,0.0,0.024844624996185304,False,False
7.890000000000001,-6.710725784301758,12.33948802947998,0.7875456809997559,0.7381371485544002,0.9544265726376714,0.7734500000000195,0.2265499999999805,0.1817555170804295,677,644,0.6437297976487146,1.3562702023512854,26.0,26,5.0,21.0,0.04273209720849991,30.694563221041307,21.787808162259175,0.0,0.0,0.0,-0.4453377529391066,1.0,0.9132515788078308,0.050941791385412216,0.056175947189331055,0.03735230889008321,0.038430734539093465,0.09990712006886801,0.09636435657739639,0.0,0.0,0.03166642665863038,False,False
7.8950000000000005,-6.712040424346924,12.374151229858398,0.8200642466545105,2.145367566430205,0.06639296045813034,0.7733500000000195,0.22664999999998048,0.18164191988225423,579,557,0.6734189811779885,1.3265810188220115,21.0,21,2.0,24.0,0.04272603616118431,28.136682952621197,19.97215748207091,0.0,0.0,0.0,-0.4082262735275144,1.0,0.9073656797409058,0.050835348665714264,0.05619460344314575,0.03718176275119126,0.03825548242102316,0.10021444720526537,0.09641320755084357,0.0,0.0,0.010043114423751831,False,False
7.9,-6.6789093017578125,12.414838790893555,0.7896995544433594,0.720217499892607,0.7881044408300424,0.7732500000000195,0.22674999999998047,0.18152839368232782,576,541,0.7006340660798227,1.2993659339201773,28.0,28,2.0,15.0,0.042850181460380554,25.791959373236097,18.307811025231665,0.0,0.0,0.0,-0.37420741740022156,1.0,0.9013551473617554,0.05080173537135124,0.0562129020690918,0.037210201289504176,0.03828115438607771,0.09902633105715117,0.09548948146402836,0.0,0.0,0.027016897201538086,False,False
7.905,-6.604348659515381,12.536426544189453,0.8120486736297607,,0.0,0.7731500000000195,0.22684999999998046,0.18141493843627637,611,572,0.7255812272398375,1.2744187727601624,53.0,53,3.0,15.0,0.04277077689766884,23.64262942546642,16.78216010646236,0.0,0.0,0.0,-0.34302346595020305,1.0,0.8952255845069885,0.05091298744082451,0.056230902671813965,0.037190249575844686,0.03827029859181433,0.09647786306838195,0.09309104954202971,0.0,0.0,0.01856231689453125,False,False
7.91,-6.532151699066162,12.702733039855957,0.8424758315086365,-2.8565163101865956,0.8451532566212097,0.7730500000000196,0.22694999999998045,0.1813015540997537,654,612,0.7484494583031844,1.2515505416968156,52.0,52,10.0,20.0,0.042892735451459885,21.672410306677552,15.383646764257163,0.0,0.0,0.0,-0.31443817712101946,1.0,0.8889824748039246,0.051071688532829285,0.05624896287918091,0.03698996626306266,0.03806776862195632,0.09436532234152159,0.0909658210972945,0.0,0.0,0.009338238835334777,False,False
7.915,-6.418451309204102,12.801933288574219,0.8012498617172241,-0.8606735775065533,0.0483213028296438,0.7729500000000196,0.22704999999998043,0.18118824062844135,696,665,0.43607867011125245,1.5,20.0,20,2.0,37.0,0.04293837025761604,28.199709447787754,14.101676200569065,0.0,0.0,0.0,-0.7049016623609344,1.0,0.8826310634613037,0.050966836512088776,0.0562666654586792,0.03718945476971507,0.03827578943106285,0.09101084743936858,0.08809530176222324,0.0,0.0,0.02036787986755371,False,False
7.92,-6.325152397155762,12.787554740905762,0.7590047717094421,0.46530193662879527,0.9268672960113368,0.7728500000000196,0.22714999999998042,0.18107499797804857,631,589,0.48307211426864793,1.5,38.0,38,0.0,40.0,0.042893845587968826,25.849733660472108,12.926536517188309,0.0,0.0,0.0,-0.64615985716419,1.0,0.8761765956878662,0.05098775029182434,0.05628412961959839,0.03754858729662314,0.038645628822345915,0.08868209396799406,0.08618852123618126,0.0,0.0,0.019986158609390257,False,False
7.925,-6.324798583984375,12.740096092224121,0.7551298141479492,0.38702048598326894,0.9074660848161203,0.7727500000000196,0.2272499999999804,0.1809618261043123,549,512,0.5261494380795941,1.4738505619204059,20.0,20,3.0,30.0,0.04280996695160866,23.695589188766096,11.84932514075595,0.0,0.0,0.0,-0.5923132024005073,1.0,0.8696240186691284,0.05086473375558853,0.05630135536193848,0.03758670498034857,0.038688437877455115,0.08904375446339449,0.08648764652510485,0.0,0.0,0.010149536132812501,False,False
7.930000000000001,-6.265219211578369,12.715907096862793,0.7201001048088074,0.7228183325559019,0.9965185919865405,0.7726500000000196,0.2273499999999804,0.18084872496299711,583,545,0.8989703182396279,1.1010296817603722,28.0,28,3.0,23.0,0.042735133320093155,21.72095675636892,19.19521471235962,0.0,0.0,0.0,-0.1262871022004651,1.0,0.8629782199859619,0.050766006112098694,0.05631828308105469,0.03780588556313827,0.03891226676797122,0.08809165718654792,0.08571581604580085,0.0,0.0,0.016523842811584474,False,False
7.9350000000000005,-6.174885272979736,12.76871395111084,0.7173725366592407,1.277389035480739,0.41431147603885693,0.7725500000000196,0.2274499999999804,0.18073569450989524,699,668,0.9073894583863256,1.0926105416136744,34.0,34,4.0,32.0,0.04267406836152077,19.91087702667151,17.59561348632965,0.0,0.0,0.0,-0.115763177017093,1.0,0.8562440276145935,0.05073237046599388,0.0563349723815918,0.03791138988011456,0.0390251749071752,0.08609598812957606,0.08384252898395061,0.0,0.0,0.02355640411376953,False,False
7.94,-6.151946067810059,12.800225257873535,0.7100162506103516,0.33564769449721527,0.8175996445151806,0.7724500000000196,0.22754999999998038,0.18062273470082654,669,626,1.2484403368541317,0.7515596631458683,19.0,19,6.0,25.0,0.042598240077495575,18.251637274448886,24.462645695802177,0.0,0.0,0.0,0.31055042106766456,1.0,0.8494260311126709,0.050611160695552826,0.056351542472839355,0.037917961564612905,0.039031604897928736,0.08547102411588034,0.08329853725930056,0.0,0.0,0.017443299293518066,False,False
7.945,-6.0259480476379395,12.809386253356934,0.7658201456069946,-0.04298287274989337,0.6047070145920129,0.7723500000000196,0.22764999999998037,0.18050984549163854,639,602,1.2277369754496208,0.7722630245503792,38.0,38,3.0,29.0,0.04255880415439606,16.730667501578143,22.424091887818662,0.0,0.0,0.0,0.28467121931202594,1.0,0.8425287008285522,0.05064013972878456,0.056367576122283936,0.03798308892144451,0.039109674962469684,0.08390568196773529,0.08141620395084223,0.0,0.0,0.016243767738342286,False,False
7.95,-5.86549711227417,12.794493675231934,0.7429420948028564,0.778143223928953,0.9670407219166749,0.7722500000000196,0.22774999999998036,0.18039702683820627,619,586,0.5420922274954858,1.4579077725045142,39.0,39,1.0,29.0,0.0425623394548893,32.003111876446624,20.55541756383377,0.0,0.0,0.0,-0.5723847156306426,1.0,0.8355564475059509,0.05064387619495392,0.05638343095779419,0.03835534797655357,0.03948815980196557,0.08176960982382298,0.0794448796659708,0.0,0.0,0.01860037922859192,False,False
7.955,-5.801708698272705,12.877676010131836,0.7665106058120728,-0.37354971500864204,1.0,0.7721500000000197,0.22784999999998035,0.1802842786964324,598,560,0.2469178752041955,1.5,20.0,20,4.0,23.0,0.042676325887441635,37.66951922007607,18.842466100180957,0.0,0.0,0.0,-0.9413526559947556,1.0,0.828513503074646,0.0505547821521759,0.05639916658401489,0.0382754534378176,0.039409232262987016,0.08073642229040465,0.0783955150594314,0.0,0.0,0.020951335430145265,False,False
7.96,-5.834108352661133,12.992175102233887,0.8338976502418518,-2.0090816030050656,0.3199334312435218,0.7720500000000197,0.22794999999998034,0.18017160102224714,670,639,0.3096747189371791,1.5,47.0,47,2.0,26.0,0.042745884507894516,34.53039261840306,17.27226059183254,0.0,0.0,0.0,-0.862906601328526,1.0,0.8216673731803894,0.0506441704928875,0.05641460418701172,0.03785748906185169,0.03898657458337583,0.08068581111729145,0.07804790822168192,0.0,0.0,0.02097346305847168,False,False
7.965,-5.891066074371338,13.01265811920166,0.8749658465385437,0.7018085460976825,0.5031240274150627,0.7719500000000197,0.22804999999998032,0.18005899377160822,749,709,0.3672018256924141,1.5,76.0,76,8.0,20.0,0.042771875858306885,31.652859900202806,15.832905542513162,0.0,0.0,0.0,-0.7909977178844823,1.0,0.8163930177688599,0.05095503106713295,0.05643010139465332,0.037650811869883304,0.03877819005609428,0.08135962610443434,0.07851154233018558,0.0,0.0,0.0223016357421875,False,False
7.97,-5.907163143157959,13.039935111999512,0.919512152671814,0.9026316144345012,0.5105690352767445,0.7718500000000197,0.2281499999999803,0.17994645690050096,568,542,0.4199350068847131,1.5,31.0,31,1.0,15.0,0.04270590469241142,29.015121575185905,14.513496747303732,0.0,0.0,0.0,-0.7250812413941087,1.0,0.810875415802002,0.05092904716730118,0.05644524097442627,0.03749233651184417,0.03861449778405888,0.08160538350542387,0.0785708831002315,0.0,0.0,0.02114522695541382,False,False
7.9750000000000005,-5.877068519592285,13.182945251464844,0.9953840970993042,-0.15097758768318773,0.490016667410147,0.7717500000000197,0.2282499999999803,0.17983399036493813,493,458,0.468273756310987,1.5,19.0,19,2.0,24.0,0.042637161910533905,26.597194777253744,13.30403868502842,0.0,0.0,0.0,-0.6646578046112662,1.0,0.8051239252090454,0.05078627169132233,0.05645984411239624,0.03708695432233254,0.038183185435132445,0.08105525746941566,0.07772579478720824,0.0,0.0,0.03130793571472168,False,False
7.98,-5.840071678161621,13.276677131652832,1.0310871601104736,0.6309120373693229,0.6554666583411882,0.7716500000000197,0.2283499999999803,0.17972159412096006,480,452,0.5125842766184048,1.4874157233815952,18.0,18,0.0,24.0,0.04259650781750679,24.380761879149265,12.195368794609385,0.0,0.0,0.0,-0.609269654226994,1.0,0.7991477251052856,0.05064481869339943,0.056474387645721436,0.036874465784445434,0.037951766962650554,0.08039446237186591,0.07695700352390608,0.0,0.0,0.020769398212432864,False,False
7.985,-5.806616306304932,13.409507751464844,1.0109823942184448,0.9291379403473629,0.523938905883046,0.7715500000000197,0.22844999999998028,0.17960926812463446,574,540,0.553202253566871,1.446797746433129,21.0,21,3.0,30.0,0.042509205639362335,22.34903172255349,11.179088061725269,0.0,0.0,0.0,-0.5584971830414112,1.0,0.7929558157920837,0.05052531883120537,0.05648881196975708,0.036806649273726504,0.03789408430177658,0.0786546307305495,0.07550503127276897,0.0,0.0,0.017595547437667846,False,False
7.99,-5.796107292175293,13.630184173583984,1.0372216701507568,0.5666711457383506,0.8990658186333665,0.7714500000000197,0.22854999999998027,0.17949701233205656,516,480,0.9237687324362986,1.0762312675637014,19.0,19,0.0,25.0,0.042410898953676224,20.486612412340698,18.580830723248162,0.0,0.0,0.0,-0.09528908445462676,1.0,0.7865568995475769,0.05042160674929619,0.05650287866592407,0.03644674441427865,0.037518363306919135,0.07717549490431945,0.07411263883113861,0.0,0.0,0.007408043742179871,False,False
7.995,-5.760281085968018,13.80932903289795,1.03266441822052,0.8594973559877929,0.9448142033072213,0.7713500000000197,0.22864999999998026,0.17938482669934902,615,575,0.930121338066607,1.069878661933393,30.0,30,3.0,22.0,0.04234001040458679,18.779394711312307,17.03242816297748,0.0,0.0,0.0,-0.08734832741674126,1.0,0.7799594402313232,0.050340551882982254,0.05651676654815674,0.036259596867796694,0.037323408177044264,0.07542199765642485,0.07254557684063911,0.0,0.0,0.01289168357849121,False,False
8.0,-5.662198066711426,13.874441146850586,0.9884917736053467,1.0393384918328616,0.50654070837408,0.7712500000000198,0.22874999999998025,0.17927271118266191,652,617,0.9359445598943897,1.0640554401056102,27.0,27,3.0,28.0,0.042288389056921005,17.21444515203628,15.613059149396024,0.0,0.0,0.0,-0.08006930013201279,1.0,0.7742490172386169,0.05029407516121864,0.05653047561645508,0.03646742973243759,0.037548926497110495,0.07325835215548675,0.07071776936451594,0.0,0.0,0.01848070740699768,False,False
