t_s,x,y,heading,energy,spikes,active,drive_l,drive_r,kc,mbon,cx,dn_left,dn_right,dn_stop,dn_back,mn9,turn,gate,in_odor_good_l,in_odor_good_r,in_odor_bad_l,in_odor_bad_r,in_sugar,in_bitter,in_touch,in_vision_l,in_vision_r,on_food,on_hazard
0.005,0.01634914241731167,0.0073094856925308704,-0.0013030660338699818,0.9999,956,907,1.0,1.0,0.0,0.0,0.0,0.0,0.0,0.0,0.0,0.0,0.0,1.0,0.07402185040215652,0.07390081261595091,0.03389257937669754,0.03381420547763507,0.0,0.0,0.0,0.15,0.15,False,False
0.01,0.01577470265328884,0.0069918157532811165,-0.005692912265658379,0.9998,929,880,1.0,1.0,0.0,0.0,0.0,0.0,0.0,0.0,0.0,0.0,0.0,1.0,0.07403858937323093,0.073911693568031,0.033873229598005615,0.03379701791952054,0.0,0.0,0.0,0.15,0.15,False,False
0.015,0.024792665615677834,0.00037806088221259415,-0.010462919250130653,0.9997,1048,999,1.0,1.0,0.0,0.0,0.0,0.0,0.0,0.0,0.0,0.0,0.0,1.0,0.07391987678905329,0.0737898051738739,0.033829452780385814,0.03375731408596039,0.0,0.0,0.047409191131591796,0.15,0.15,False,False
0.02,0.026384178549051285,-0.06114291772246361,-0.015626100823283195,0.9996,1016,967,1.0,1.0,0.0,0.0,0.0,0.0,0.0,0.0,0.0,0.0,0.0,1.0,0.0738975623001655,0.07375698847075304,0.03380779176950455,0.03374133414278428,0.0,0.0,0.015610278844833375,0.15,0.15,False,False
0.025,0.041494183242321014,-0.04956218600273132,-0.024182772263884544,0.9995,998,947,1.0,1.0,0.0,0.0,0.0,0.0,0.0,0.0,0.0,0.0,0.0,1.0,0.0739259614298741,0.07377644379933676,0.03379473462700844,0.03373260299364726,0.0,0.0,0.014868221282958985,0.15,0.15,False,False
0.03,0.0798354372382164,-0.056111376732587814,0.0015011284267529845,0.9994000000000001,1051,995,1.0,1.0,0.0,0.0,0.0,0.0,0.0,0.0,0.0,0.0,0.0,1.0,0.07412998316188654,0.07394618044296901,0.03372345585376024,0.03367132352044185,0.0,0.0,0.013366804122924805,0.15,0.15,False,False
0.035,0.1021033227443695,-0.030337922275066376,0.0027228877879679203,0.9993000000000001,982,944,1.0,1.0,0.0,0.0,0.0,0.0,0.0,0.0,0.0,0.0,0.0,1.0,0.07421724187831084,0.07407207662860553,0.033700536005198956,0.033633094280958176,0.0,0.0,0.015597963333129882,0.15,0.15,False,False
0.04,0.1354011595249176,-0.04271065443754196,0.0016053031431511045,0.9992000000000001,1011,954,1.0,1.0,0.0,0.0,0.0,0.0,0.0,0.0,0.0,0.0,0.0,1.0,0.07439158546427886,0.07423656682173412,0.03363649205615123,0.03357337787747383,0.0,0.0,0.014239575862884522,0.15,0.15,False,False
0.045,0.1748640537261963,-0.07109584659337997,0.01044126134365797,0.9991000000000001,1026,977,1.0,1.0,0.0,0.0,0.0,0.0,0.0,0.0,0.0,0.0,0.0,1.0,0.07461250138779482,0.07443529553711414,0.03355960361659527,0.03350338743378719,0.0,0.0,0.018196372985839846,0.15,0.15,False,False
0.05,0.21133312582969666,-0.06159891560673714,0.015311126597225666,0.9990000000000001,1102,1059,1.0,1.0,0.0,0.0,0.0,0.0,0.0,0.0,0.0,0.0,0.0,1.0,0.07479033743341765,0.07461520843207836,0.03350385775168737,0.033445969844857856,0.0,0.0,0.027307393550872805,0.15,0.15,False,False
0.055,0.26300671696662903,-0.07437242567539215,0.007600321900099516,0.9989000000000001,1077,1023,1.0,1.0,0.0,0.0,0.0,0.0,0.0,0.0,0.0,0.0,0.0,1.0,0.07505438600977263,0.07486701322098574,0.03342189981291692,0.03336643955359857,0.0,0.0,0.0175835657119751,0.15,0.15,False,False
0.06,0.3327692151069641,-0.09355872124433517,0.010676970705389977,0.9988000000000001,987,930,1.0,1.0,0.0,0.0,0.0,0.0,0.0,0.0,0.0,0.0,0.0,1.0,0.07537391347189745,0.07514921637872855,0.033313948661088943,0.03327247221022844,0.0,0.0,0.013127149343490602,0.15,0.15,False,False
0.065,0.4171038269996643,-0.0556020587682724,0.031570691615343094,0.9987000000000001,972,931,1.0,1.0,0.0,0.0,0.0,0.0,0.0,0.0,0.0,0.0,0.0,1.0,0.0757728951672713,0.07551927119493484,0.03318896051496267,0.033150751454134784,0.0,0.0,0.00876008152961731,0.15,0.15,False,False
0.07,0.5383225083351135,-0.03472978621721268,0.020403623580932617,0.9986000000000002,1060,1004,1.0,1.0,0.0,0.0,0.0,0.0,0.0,0.0,0.0,0.0,0.0,1.0,0.07619412305454414,0.07592188194394112,0.033014023986955486,0.032967374039193,0.0,0.0,0.024215495586395262,0.15,0.15,False,False
0.075,0.6208437085151672,-0.037252027541399,0.01271702442318201,0.9985000000000002,1125,1060,1.0,1.0,0.0,0.0,0.0,0.0,0.0,0.0,0.0,0.0,0.0,1.0,0.0765511579811573,0.076204938814044,0.032857287054260574,0.03282471870382627,0.0,0.0,0.03678342580795289,0.15,0.15,False,False
0.08,0.5969499349594116,-0.05119553953409195,-0.022904405370354652,0.9984000000000002,1034,980,1.0,1.0,0.0,0.0,0.0,0.0,0.0,0.0,0.0,0.0,0.0,1.0,0.07664412260055542,0.07628616876900196,0.03285976126790047,0.032830401323735714,0.0,0.0,0.01859064340591431,0.15,0.15,False,False
0.085,0.5515477061271667,-0.049435511231422424,-0.04076167568564415,0.9983000000000002,992,940,1.0,1.0,0.0,0.0,0.0,0.0,0.0,0.0,0.0,0.0,0.0,1.0,0.0765289862950643,0.07611827614406745,0.03291935815165441,0.03290860913693905,0.0,0.0,0.02047794580459595,0.15,0.15,False,False
0.09,0.559955894947052,-0.004306721035391092,-0.07791487872600555,0.9982000000000002,1088,1019,1.0,1.0,0.0,0.0,0.0,0.0,0.0,0.0,0.0,0.0,0.0,1.0,0.07668566579620044,0.0762313511222601,0.0329032742107908,0.03290249966084957,0.0,0.0,0.02095133066177368,0.15,0.15,False,False
0.095,0.6016570925712585,-0.005423092748969793,-0.07722195237874985,0.9981000000000002,1026,981,1.0,1.0,0.0,0.0,0.0,0.0,0.0,0.0,0.0,0.0,0.0,1.0,0.07696222513914108,0.07641715928912163,0.03282656117031972,0.032854030529658004,0.0,0.0,0.02198530435562134,0.15,0.15,False,False
0.1,0.6919407844543457,0.015694892033934593,-0.06153587996959686,0.9980000000000002,991,946,1.0,1.0,0.0,0.0,0.0,0.0,0.0,0.0,0.0,0.0,0.0,1.0,0.07747291587293148,0.07689453351000945,0.03270323388278484,0.032743692087630435,0.0,0.0,0.021682896614074708,0.15,0.15,False,False
0.105,0.809095561504364,0.026791857555508614,-0.07586853206157684,0.9979000000000002,1013,967,1.0,1.0,0.0,0.0,0.0,0.0,0.0,0.0,0.0,0.0,0.0,1.0,0.07810183179875216,0.07750576051572959,0.03256115596741438,0.032600993290543556,0.0,0.0,0.02060442924499512,0.15,0.15,False,False
0.11,0.893005907535553,0.050464827567338943,-0.07638710737228394,0.9978000000000002,1004,959,1.0,1.0,0.0,0.0,0.0,0.0,0.0,0.0,0.0,0.0,0.0,1.0,0.07860795594751835,0.07794156670570374,0.03243905492126942,0.03249386170258125,0.0,0.0,0.02036270141601563,0.15,0.15,False,False
0.115,0.9689409732818604,0.04667332395911217,-0.04240678623318672,0.9977000000000003,1051,1003,1.0,1.0,0.0,0.0,0.0,0.0,0.0,0.0,0.0,0.0,0.0,1.0,0.0791346188634634,0.07841705655058226,0.032301852479577065,0.03236462672551473,0.0,0.0,0.01966542363166809,0.15,0.15,False,False
0.12,1.006162405014038,0.01064691785722971,-0.028591308742761612,0.9976000000000003,1069,1018,1.0,1.0,0.0,0.0,0.0,0.0,0.0,0.0,0.0,0.0,0.0,1.0,0.07940117580195269,0.07873214160402617,0.0322413444519043,0.032289535738527775,0.0,0.0,0.01685472965240479,0.15,0.15,False,False
0.125,1.0777044296264648,-0.017147738486528397,-0.03607431799173355,0.9975000000000003,1065,1031,1.0,1.0,0.0,0.0,0.0,0.0,0.0,0.0,0.0,0.0,0.0,1.0,0.07986465469002724,0.07918326494594416,0.032139845813314125,0.03218573518097401,0.0,0.0,0.01867837429046631,0.15,0.15,False,False
0.13,1.1619256734848022,-0.05974641814827919,-0.04393934831023216,0.9974000000000003,1159,1117,1.0,1.0,1.0,0.0,1.0,0.0,0.0,0.0,0.0,0.0,0.0,1.0,0.08027834196885428,0.07953844964504242,0.03201956084618966,0.0320785166695714,0.0,0.0,0.0248964262008667,0.15,0.15,False,False
0.135,1.2018561363220215,-0.05086737498641014,0.009381767362356186,0.9973000000000003,1070,1011,1.0,1.0,0.0,0.0,0.0,0.0,0.0,0.0,0.0,0.0,0.0,1.0,0.08050922304391861,0.07973227339486282,0.03195479977875948,0.0320225628092885,0.0,0.0,0.030217068195343023,0.15,0.15,False,False
0.14,1.3077248334884644,-0.037330057471990585,0.047507140785455704,0.9972000000000003,1138,1083,1.0,1.0,0.0,2.0,0.0,0.0,0.0,0.0,0.0,0.0,0.0,1.0,0.08119153790175915,0.08044850081205368,0.03182097338140011,0.03185794067879518,0.0,0.0,0.015803680419921876,0.15,0.15,False,False
0.145,1.4663006067276,-0.026525434106588364,0.025806648656725883,0.9971000000000003,1168,1113,0.6666666666666667,1.3333333333333333,0.0,2.0,1.0,8.333333333333332,0.0,0.0,0.0,0.0,-0.41666666666666663,1.0,0.08210094956060252,0.08135076612234116,0.03160463646054268,0.031630333202580616,0.0,0.0,0.010646737813949586,0.15,0.15,False,False
0.15,1.643812894821167,0.01517803780734539,0.012568309903144836,0.9970000000000003,1135,1093,0.36111111111111116,1.5,0.0,2.0,0.0,15.97222222222222,0.0,0.0,0.0,0.0,-0.7986111111111109,1.0,0.08301888902982077,0.08213309260706107,0.03133192813644807,0.03138526653250059,0.0,0.0,0.018680958747863772,0.15,0.15,False,False
0.155,1.6892895698547363,0.09671391546726227,0.028439698740839958,0.9969000000000003,1191,1139,0.41435185185185197,1.5,0.0,0.0,2.0,14.6412037037037,0.0,0.0,0.0,0.0,-0.732060185185185,1.0,0.08347862089673679,0.08261129880944888,0.03120924811810255,0.03127568711837133,0.0,0.0,0.04498059272766113,0.15,0.15,False,False
0.16,1.7217090129852295,0.12035878002643585,0.04190020635724068,0.9968000000000004,1185,1141,0.46315586419753096,1.5,0.0,0.0,0.0,13.421103395061724,0.0,0.0,0.0,0.0,-0.6710551697530862,1.0,0.08406478290756544,0.08320285628239314,0.031136244845887028,0.03119917120784521,0.0,0.0,0.023002147674560547,0.15,0.15,False,False
0.165,1.7190988063812256,0.13139323890209198,0.06822504848241806,0.9967000000000004,1211,1152,0.5078928755144034,1.4921071244855966,2.0,0.0,0.0,12.302678112139914,0.0,0.0,0.0,0.0,-0.6151339056069957,1.0,0.08435492403805256,0.08346969882647197,0.03114015484849612,0.031186210302015148,0.0,0.0,0.025566928386688233,0.15,0.15,False,False
0.17,1.690252661705017,0.17697098851203918,0.06919483095407486,0.9966000000000004,1140,1084,0.8822351358882031,1.1177648641117968,9.0,0.0,0.0,11.277454936128253,8.333333333333332,0.0,0.0,0.0,-0.14720608013974604,1.0,0.08451998854676883,0.08371091447770596,0.03116958619405826,0.031192490520576637,0.0,0.0,0.026979022026062012,0.15,0.15,False,False
0.175,1.7823904752731323,0.1638697236776352,0.05347324162721634,0.9965000000000004,1174,1126,0.8920488745641862,1.1079511254358136,11.0,0.0,0.0,10.337667024784231,7.6388888888888875,0.0,0.0,0.0,-0.1349389067947672,1.0,0.08526849560439587,0.08440100587904453,0.03102955718835195,0.03105346268663804,0.0,0.0,0.02637101173400879,0.15,0.15,False,False
0.18,1.8054550886154175,0.16789445281028748,0.0043517169542610645,0.9964000000000004,1220,1159,0.9010448016838374,1.0989551983161627,6.0,0.0,0.0,9.476194772718879,7.002314814814813,0.0,0.0,0.0,-0.12369399789520327,1.0,0.08543280884623528,0.08451166252295177,0.030998860796292625,0.031040126147369545,0.0,0.0,0.04760468006134033,0.15,0.15,False,False
0.185,1.8729047775268555,0.12853679060935974,-0.021097742021083832,0.9963000000000004,1239,1175,0.9092910682101842,1.0907089317898158,0.0,0.0,1.0,8.686511874992306,6.418788580246912,0.0,0.0,0.0,-0.11338616473726967,1.0,0.08574525204797587,0.08465094491839409,0.03091863977412383,0.03099879715591669,0.0,0.0,0.0634290885925293,0.15,0.15,False,False
0.19,1.9521113634109497,0.11069905012845993,-0.028481870889663696,0.9962000000000004,1286,1235,0.9168501458593356,1.0831498541406643,6.0,0.0,0.0,7.962635885409613,5.8838895318930025,0.0,0.0,0.0,-0.10393731767583052,1.0,0.08633619484802088,0.08511735747257869,0.03079898034532865,0.030902661383152008,0.0,0.0,0.05867173194885254,0.15,0.15,False,False
0.195,2.015387773513794,0.12795871496200562,-0.01894386112689972,0.9961000000000004,1232,1171,0.9237793003710576,1.0762206996289423,10.0,2.0,0.0,7.299082894958811,5.393565404235252,0.0,0.0,0.0,-0.09527587453617796,1.0,0.08711446387072405,0.08581615053117275,0.030697009836634002,0.030807744090755783,0.0,0.0,0.049971179962158205,0.15,0.15,False,False
0.2,2.1226673126220703,0.10629218816757202,0.02894492819905281,0.9960000000000004,1300,1242,0.9301310253401361,1.0698689746598637,1.0,2.0,1.0,6.690825987045577,4.944101620548981,0.0,0.0,0.0,-0.08733621832482981,1.0,0.08777583949267864,0.086442061389486,0.030576162971556187,0.030691387752691906,0.0,0.0,0.035716581344604495,0.15,0.15,False,False
0.205,2.1944122314453125,0.050177380442619324,0.04489998519420624,0.9959000000000005,1281,1219,0.9359534398951248,1.0640465601048752,7.0,2.0,0.0,6.133257154791779,4.532093152169899,0.0,0.0,0.0,-0.08005820013109402,1.0,0.08804791606962681,0.08682903833687305,0.030527045018970966,0.03062498290091753,0.0,0.0,0.02125422477722168,0.15,0.15,False,False
0.21,2.2328038215637207,0.04697345197200775,0.06060631945729256,0.9958000000000005,1260,1205,0.9412906532371977,1.0587093467628024,17.0,2.0,1.0,5.622152391892464,4.154418722822407,0.0,0.0,0.0,-0.07338668345350285,1.0,0.0881617112706105,0.08694162592291832,0.030502441028753918,0.03058931169410547,0.0,0.0,0.0403731107711792,0.15,0.15,False,False
0.215,2.4168758392333984,-0.027818121016025543,0.12544023990631104,0.9957000000000005,1272,1221,0.27951643213409794,1.5,10.0,1.0,2.0,21.820306359234756,3.8082171625872063,0.0,0.0,0.0,-0.9006044598323776,1.0,0.08952550279597442,0.08818759272495906,0.03026855022956928,0.030360277742147446,0.0,0.0,0.022595951557159426,0.15,0.15,False,False
0.22,2.5744309425354004,-0.06580690294504166,0.1688530445098877,0.9956000000000005,1255,1195,0.6728900627895897,1.3271099372104103,13.0,4.0,2.0,20.001947495965194,11.824199065704939,0.0,0.0,0.0,-0.40888742151301277,1.0,0.09114184727271399,0.08987836539745331,0.03006785176694393,0.030130453718205295,0.0,0.0,0.02656130075454712,0.15,0.15,False,False
0.225,2.589155912399292,-0.01540105976164341,0.15763384103775024,0.9955000000000005,1153,1111,0.7001492242237906,1.2998507757762094,1.0,0.0,1.0,18.335118537968093,10.83884914356286,0.0,0.0,0.0,-0.3748134697202617,1.0,0.09172712452709675,0.0906334382792314,0.03003266795227925,0.030066777641574543,0.0,0.0,0.019862024784088137,0.15,0.15,False,False
0.23,2.579228401184082,0.07199177145957947,0.17588788270950317,0.9954000000000005,1173,1122,0.7251367888718081,1.274863211128192,9.0,0.0,0.0,16.80719199313742,9.935611714932621,0.0,0.0,0.0,-0.34357901391023987,1.0,0.09208874466518562,0.09098667340974013,0.029999877636631332,0.03004135563969612,0.0,0.0,0.027471094131469725,0.15,0.15,False,False
0.235,2.6286840438842773,0.12069933861494064,0.21258431673049927,0.9953000000000005,1217,1160,0.7480420564658241,1.2519579435341759,26.0,0.0,0.0,15.406592660375967,9.10764407202157,0.0,0.0,0.0,-0.31494742941771986,1.0,0.09278368515272936,0.09171939454972744,0.029913902593155704,0.02994850122680267,0.0,0.0,0.029595332145690916,0.15,0.15,False,False
0.24,2.6796419620513916,0.13663406670093536,0.2079746574163437,0.9952000000000005,1142,1079,0.7690385517603388,1.2309614482396611,0.0,1.0,0.0,14.12270993867797,8.34867373268644,0.0,0.0,0.0,-0.28870181029957653,1.0,0.09324988971153896,0.09229342453181744,0.029850097683568798,0.029865390000243984,0.0,0.0,0.029246490001678466,0.15,0.15,False,False
0.245,2.791943073272705,0.23042647540569305,0.22729507088661194,0.9951000000000005,1166,1111,0.7882853391136438,1.211714660886356,2.0,0.0,0.0,12.945817443788139,7.652950921629236,0.0,0.0,0.0,-0.26464332610794516,1.0,0.09459345291058223,0.09354986250400543,0.02967368500928084,0.029697041027247906,0.0,0.0,0.02216418027877808,0.15,0.15,False,False
0.25,2.8990797996520996,0.38994815945625305,0.23262055218219757,0.9950000000000006,1058,1014,0.8059282275208403,1.1940717724791599,1.0,0.0,0.0,11.86699932347246,7.015205011493466,0.0,0.0,0.0,-0.24258971559894968,1.0,0.09655692304174106,0.09555535390973091,0.029481484865148865,0.029497405824561916,0.0,0.0,0.012013902664184572,0.15,0.15,False,False
0.255,2.9864439964294434,0.4463505744934082,0.21095679700374603,0.9949000000000006,1124,1056,0.8221008752274369,1.177899124772563,10.0,0.0,0.0,10.878082713183087,6.43060459386901,0.0,0.0,0.0,-0.22237390596570386,1.0,0.09761866492529711,0.0966237826893727,0.02936149792124828,0.029376953219374023,0.0,0.0,0.012756948471069337,0.15,0.15,False,False
0.26,3.0929617881774902,0.3967478275299072,0.17260468006134033,0.9948000000000006,1157,1106,0.8369258022918171,1.1630741977081829,4.0,0.0,0.0,9.97157582041783,5.894720877713259,0.0,0.0,0.0,-0.2038427471352285,1.0,0.09861869737505913,0.09743484668433666,0.02922079215447108,0.029259819226960342,0.0,0.0,0.013436380624771118,0.15,0.15,False,False
0.265,3.116187572479248,0.35454902052879333,0.12704849243164062,0.9947000000000006,1170,1109,0.8505153187674991,1.149484681232501,4.0,0.0,1.0,9.140611168716344,5.40349413790382,0.0,0.0,0.0,-0.18685585154062617,1.0,0.09887630119919777,0.09746337309479713,0.02917767812808355,0.02924614896376928,0.0,0.0,0.013415951728820801,0.15,0.15,False,False
0.27,3.112946033477783,0.33515703678131104,0.10506220161914825,0.9946000000000006,1184,1120,0.8629723755368741,1.1370276244631259,1.0,0.0,0.0,8.378893571323315,4.953202959745168,0.0,0.0,0.0,-0.17128453057890738,1.0,0.0988740473985672,0.09723588824272156,0.029172347858548164,0.02926777582615614,0.0,0.0,0.012177141904830933,0.15,0.15,False,False
0.275,3.183072566986084,0.30463066697120667,0.08897332847118378,0.9945000000000006,1257,1184,0.8743913442421346,1.1256086557578655,1.0,1.0,0.0,7.680652440379705,4.54043604643307,0.0,0.0,0.0,-0.15701081969733174,1.0,0.09946368324259917,0.09766423143446445,0.029089294063548248,0.029199585939447086,0.0,0.0,0.01724239826202393,0.15,0.15,False,False
0.28,3.23083233833313,0.29291704297065735,0.10734981298446655,0.9944000000000006,1355,1294,0.5515253988886235,1.4484746011113765,23.0,5.0,1.0,15.373931403681395,4.162066375896981,0.0,0.0,0.0,-0.5605932513892207,1.0,0.09980704635381699,0.09790331435700259,0.02903503831475973,0.02915789062778155,0.0,0.0,0.02118351459503174,0.15,0.15,False,False
0.285,3.2966461181640625,0.29923921823501587,0.13850802183151245,0.9943000000000006,1377,1302,0.25556494898123827,1.5,31.0,0.0,0.0,22.42610378670794,3.8152275112388994,0.0,0.0,0.0,-0.9305438137734521,1.0,0.10060440128048262,0.09872592054307461,0.02894990611821413,0.029069348238408566,0.0,0.0,0.02031679153442383,0.15,0.15,False,False
0.29,3.431323528289795,0.22528095543384552,0.13888277113437653,0.9942000000000006,1334,1282,0.31760120323280194,1.5,10.0,1.0,2.0,20.557261804482277,3.4972918853023245,0.0,0.0,0.0,-0.8529984959589976,1.0,0.1018551861246427,0.09997850594421229,0.02881267418464025,0.02891897068669399,0.0,0.0,0.01941042184829712,0.15,0.15,False,False
0.295,3.53001070022583,0.1408286839723587,0.18268389999866486,0.9941000000000006,1328,1256,0.37446776963006834,1.5,14.0,1.0,0.0,18.844156654108755,3.205850894860464,0.0,0.0,0.0,-0.7819152879624145,1.0,0.10214917672177157,0.10017457418143749,0.028750413718322914,0.02886392797032992,0.0,0.0,0.021170332431793216,0.15,0.15,False,False
0.3,3.587733745574951,0.19111542403697968,0.23549114167690277,0.9940000000000007,1180,1121,0.7599287888275625,1.2400712111724375,2.0,0.0,0.0,17.27381026626636,11.272029986955424,0.0,0.0,0.0,-0.30008901396554677,1.0,0.1032392866909504,0.10140863557656607,0.028661548470457397,0.02875266286234061,0.0,0.0,0.024390869140625,0.15,0.15,False,False
0.305,3.5798099040985107,0.3057578206062317,0.2682317793369293,0.9939000000000007,1234,1175,0.7799347230919323,1.2200652769080675,3.0,0.0,0.0,15.834326077410829,10.332694154709138,0.0,0.0,0.0,-0.27508159613508454,1.0,0.10464181813100974,0.10307600411276023,0.028595589101314545,0.028650889483590923,0.0,0.0,0.02178714752197266,0.15,0.15,False,False
0.31,3.5710904598236084,0.34564438462257385,0.3084489703178406,0.9938000000000007,1291,1223,0.7982734961676047,1.2017265038323954,7.0,1.0,0.0,14.51479890429326,9.471636308483376,0.0,0.0,0.0,-0.2521581297904942,1.0,0.10516331531107426,0.10376337294777235,0.028575595157841843,0.028614603603879612,0.0,0.0,0.023448050022125244,0.15,0.15,False,False
0.315,3.6267077922821045,0.36445820331573486,0.35314854979515076,0.9937000000000007,1297,1229,0.8150840381536376,1.1849159618463623,24.0,1.0,1.0,13.305232328935487,8.682333282776428,0.0,0.0,0.0,-0.23114495230795296,1.0,0.10605261661112309,0.10482891152302425,0.028502652421593666,0.028521348722279072,0.0,0.0,0.024443278312683107,0.15,0.15,False,False
0.32,3.6993653774261475,0.41916894912719727,0.3500978648662567,0.9936000000000007,1296,1222,0.8304937016408345,1.1695062983591655,2.0,2.0,0.0,12.196462968190863,7.958805509211725,0.0,0.0,0.0,-0.21188287294895689,1.0,0.10727085173130035,0.10627571493387222,0.02840732534726461,0.028397003188729286,0.0,0.0,0.03825050354003907,0.15,0.15,False,False
0.325,3.7357399463653564,0.43757423758506775,0.32990360260009766,0.9935000000000007,1312,1234,0.8446192265040983,1.1553807734959016,6.0,1.0,0.0,11.180091054174957,7.295571716777414,0.0,0.0,0.0,-0.19422596686987714,1.0,0.10773216684659323,0.10670363592604797,0.028363939685126148,0.028352703278263412,0.0,0.0,0.0066175925731658935,0.15,0.15,False,False
0.33,3.81294584274292,0.4889865219593048,0.3838271200656891,0.9934000000000007,1287,1231,0.8575676242954234,1.1424323757045767,14.0,2.0,1.0,10.248416799660378,6.687607407045963,0.0,0.0,0.0,-0.17804046963072073,1.0,0.10902530824144682,0.10781481551627319,0.0282357648635904,0.02824228412161271,0.0,0.0,0.02268683671951294,0.15,0.15,False,False
0.335,3.8707926273345947,0.584700345993042,0.3743080496788025,0.9933000000000007,1340,1271,1.2027703222708048,0.7972296777291953,18.0,2.0,1.0,9.394382066355346,14.463640123125465,0.0,0.0,0.0,0.2534629028385059,1.0,0.11072936778267226,0.109833429257075,0.02813267521560192,0.028109895065426826,0.0,0.0,0.014803837537765504,0.15,0.15,False,False
0.34,4.007482051849365,0.6361894011497498,0.31018099188804626,0.9932000000000007,1336,1272,1.1858727954149044,0.8141272045850956,14.0,3.0,1.0,8.611516894159067,13.258336779531676,0.0,0.0,0.0,0.23234099426863047,1.0,0.11299390966693561,0.11196504657467207,0.027950371926029526,0.027937299261490505,0.0,0.0,0.013901891708374022,0.15,0.15,False,False
0.345,4.1333909034729,0.6265572309494019,0.2719707787036896,0.9931000000000008,1338,1275,1.1703833957969958,0.8296166042030043,3.0,1.0,0.0,7.893890486312477,12.153475381237369,0.0,0.0,0.0,0.21297924474624458,1.0,0.11491658786932628,0.11332999294002852,0.027773769882818065,0.02780868827054898,0.0,0.0,0.020468897819519043,0.15,0.15,False,False
0.35,4.1023640632629395,0.5843905210494995,0.240486741065979,0.9930000000000008,1295,1222,1.1561847794805793,0.8438152205194207,8.0,2.0,0.0,7.236066279119771,11.140685766134254,0.0,0.0,0.0,0.19523097435072417,1.0,0.1144399493932724,0.11256227269768715,0.02780500644197067,0.027863776000837486,0.0,0.0,0.016408801078796387,0.15,0.15,False,False
0.355,4.107219696044922,0.5117072463035583,0.2252601832151413,0.9929000000000008,1302,1247,1.143169381190531,0.856830618809469,27.0,1.0,1.0,6.633060755859789,10.212295285623066,0.0,0.0,0.0,0.17896172648816383,1.0,0.11414810394247374,0.11203931644558907,0.02781767242898544,0.02789065707474947,0.0,0.0,0.019474987983703614,0.15,0.15,False,False
0.36,4.2126145362854,0.5014608502388,0.18707115948200226,0.9928000000000008,1312,1250,1.1312385994246534,0.8687614005753466,13.0,1.0,0.0,6.080305692871473,9.36127067848781,0.0,0.0,0.0,0.1640482492808168,1.0,0.11560392876466116,0.11327368517716727,0.027693122004469238,0.027778401660422485,0.0,0.0,0.027071561813354496,0.15,0.15,False,False
0.365,4.242434024810791,0.5352596044540405,0.21845997869968414,0.9927000000000008,1337,1275,1.120302049472599,0.879697950527401,6.0,2.0,0.0,5.57361355179885,8.581164788613824,0.0,0.0,0.0,0.1503775618407487,1.0,0.11595115065574646,0.11335228880246481,0.027649028537174068,0.02776167510698239,0.0,0.0,0.032780368328094486,0.15,0.15,False,False
0.37,4.366208553314209,0.5548237562179565,0.2303266078233719,0.9926000000000008,1364,1295,1.1102768786832158,0.8897231213167842,5.0,1.0,1.0,13.442479089148945,16.199401056229338,0.0,0.0,0.0,0.13784609835401965,1.0,0.1181587390601635,0.11560912554462752,0.02749349611500899,0.02759239325920741,0.0,0.0,0.02494807004928589,0.15,0.15,False,False
0.375,4.559808731079102,0.43195709586143494,0.23762844502925873,0.9925000000000008,1321,1259,1.1010871387929477,0.8989128612070523,19.0,4.0,2.0,12.322272498386532,14.849450968210226,0.0,0.0,0.0,0.1263589234911847,1.0,0.12012662986914317,0.11738693341612816,0.02733064815402031,0.027429613595207535,0.0,0.0,0.01302535653114319,0.15,0.15,False,False
0.38,4.711319923400879,0.4023844301700592,0.2809303104877472,0.9924000000000008,1347,1286,0.7593298772268687,1.2406701227731314,27.0,2.0,0.0,19.628749790187655,13.611996720859374,0.0,0.0,0.0,-0.30083765346641406,1.0,0.12183095638950667,0.11889321729540825,0.027195593963066738,0.02730011163900296,0.0,0.0,0.021302413940429688,0.15,0.15,False,False
0.385,4.770627975463867,0.5161824226379395,0.31236836314201355,0.9923000000000008,1253,1183,1.1127190541246297,0.8872809458753703,15.0,0.0,0.0,17.993020641005348,20.81099699412109,0.0,0.0,0.0,0.14089881765578713,1.0,0.12470699846744537,0.12197903047005336,0.027056710484127205,0.02713299511621396,0.0,0.0,0.01818758010864258,0.15,0.15,False,False
0.39,4.768817901611328,0.6037792563438416,0.3443030118942261,0.9922000000000009,1352,1278,1.1033257996142438,0.8966742003857562,15.0,2.0,1.0,16.493602254254903,19.076747244611,0.0,0.0,0.0,0.12915724951780483,1.0,0.12640553216139477,0.12395385652780533,0.026993726690610252,0.027046967297792435,0.0,0.0,0.020738646984100342,0.15,0.15,False,False
0.395,4.740693092346191,0.6043556928634644,0.376438170671463,0.9921000000000009,1311,1249,1.094715316313057,0.9052846836869431,8.0,1.0,0.0,15.11913539973366,17.48701830756008,0.0,0.0,0.0,0.11839414539132109,1.0,0.12618732949097952,0.12403510510921478,0.027019954286515713,0.02705703334261974,0.0,0.0,0.01565692663192749,0.15,0.15,False,False
0.4,4.811244010925293,0.6613255143165588,0.39460498094558716,0.9920000000000009,1312,1252,1.0868223732869688,0.9131776267130312,6.0,4.0,1.0,13.859207449755854,16.029766781930075,0.0,0.0,0.0,0.10852796660871107,1.0,0.1280081147948901,0.12604361400008202,0.026920386590063572,0.026942039839923382,0.0,0.0,0.02042099952697754,0.15,0.15,False,False
0.405,4.909805774688721,0.6831576228141785,0.39660361409187317,0.9919000000000009,1357,1287,1.0795871755130548,0.9204128244869452,7.0,3.0,1.0,12.704273495609533,14.693952883435902,0.0,0.0,0.0,0.09948396939131846,1.0,0.1299996798237165,0.12807191039125126,0.02680128129820029,0.026814332231879234,0.0,0.0,0.021899116039276124,0.15,0.15,False,False
0.41,4.953780651092529,0.7089241743087769,0.3925929367542267,0.9918000000000009,1272,1211,0.7396215775536337,1.2603784224463663,20.0,0.0,0.0,19.978917370975402,13.469456809816243,0.0,0.0,0.0,-0.32547302805795797,1.0,0.13093510642647743,0.12898050869504613,0.026734584632019203,0.02674910395095746,0.0,0.0,0.01793197870254517,0.15,0.15,False,False
0.415,4.9990644454956055,0.8003093004226685,0.42111459374427795,0.9917000000000009,1253,1193,0.7613197794241642,1.2386802205758358,25.0,0.0,0.0,18.314007590060786,12.34700207566489,0.0,0.0,0.0,-0.29835027571979483,1.0,0.13306983436147374,0.13105157762765884,0.02662844645480315,0.02664847920338313,0.0,0.0,0.01668451309204102,0.15,0.15,False,False
0.42,5.056703567504883,0.8863457441329956,0.39214545488357544,0.9916000000000009,1246,1174,0.7812097978054837,1.2187902021945163,9.0,1.0,0.0,16.787840290889054,11.318085236026148,0.0,0.0,0.0,-0.2734877527431453,1.0,0.13515464961528778,0.13340448960661888,0.026538491559525333,0.026539694517850876,0.0,0.0,0.01402379035949707,0.15,0.15,False,False
0.425,5.177064418792725,0.8953869938850403,0.336387038230896,0.9915000000000009,1190,1131,0.7994423146550268,1.200557685344973,3.0,0.0,0.0,15.388853599981632,10.374911466357302,0.0,0.0,0.0,-0.2506971066812165,1.0,0.1378892796734969,0.13569667314489683,0.026386138051748276,0.02640853480746349,0.0,0.0,0.016223537921905517,0.15,0.15,False,False
0.43,5.275506019592285,0.864387035369873,0.2984178066253662,0.991400000000001,1307,1251,0.8161554551004413,1.1838445448995587,2.0,0.0,0.0,14.106449133316495,9.510335510827527,0.0,0.0,0.0,-0.22980568112444838,1.0,0.14014206205805144,0.1371389627456665,0.026259875545899074,0.026321335074802242,0.0,0.0,0.020726087093353274,0.15,0.15,False,False
0.435,5.2753520011901855,0.8537364602088928,0.27203184366226196,0.991300000000001,1367,1287,0.8314758338420711,1.1685241661579289,11.0,1.0,1.0,12.93091170554012,8.7178075515919,0.0,0.0,0.0,-0.21065520769741103,1.0,0.14032743871212006,0.1368817190329234,0.026251215798159443,0.02633394207805395,0.0,0.0,0.015267621278762819,0.15,0.15,False,False
0.44,5.3392653465271,0.8410024046897888,0.24318647384643555,0.991200000000001,1237,1186,0.8455195143552319,1.1544804856447681,5.0,3.0,0.0,11.853335730078443,7.991323588959241,0.0,0.0,0.0,-0.19310060705596013,1.0,0.14145769799749058,0.13762873907883963,0.026183408529808126,0.026279919936011236,0.0,0.0,0.022997562885284425,0.15,0.15,False,False
0.445,5.428360939025879,0.8312792181968689,0.23884300887584686,0.991100000000001,1344,1288,0.8583928881589625,1.1416071118410374,11.0,3.0,0.0,10.865557752571906,7.32537995654597,0.0,0.0,0.0,-0.17700888980129678,1.0,0.14302485312024754,0.13874350115656853,0.026087744627147913,0.02620304236188531,0.0,0.0,0.042809915542602536,0.15,0.15,False,False
0.45,5.4472432136535645,0.8373755216598511,0.27537426352500916,0.991000000000001,1386,1317,0.8701934808123823,1.1298065191876177,13.0,0.0,1.0,18.29342793985758,15.048264960167138,0.0,0.0,0.0,-0.16225814898452207,1.0,0.14371659606695175,0.13931742558876675,0.026058681154002748,0.026180321195473276,0.0,0.0,0.02418551445007324,0.15,0.15,False,False
0.455,5.621088027954102,0.8332610726356506,0.27380484342575073,0.990900000000001,1389,1319,0.8810106907446839,1.1189893092553163,29.0,1.0,1.0,16.768975611536113,13.79424288015321,0.0,0.0,0.0,-0.1487366365691452,1.0,0.14787007744113606,0.14346204698085785,0.02586622489616275,0.025970470936348043,0.0,0.0,0.023353519439697268,0.15,0.15,False,False
0.46,5.776526927947998,0.7289274334907532,0.2973892390727997,0.990800000000001,1309,1230,0.8909264665159602,1.1090735334840398,7.0,4.0,0.0,15.371560977241437,12.644722640140442,0.0,0.0,0.0,-0.13634191685504976,1.0,0.14932276060183844,0.14453365777929625,0.025766037870198488,0.025876485742628574,0.0,0.0,0.018412492275238036,0.15,0.15,False,False
0.465,5.865143775939941,0.7515112161636353,0.33337435126304626,0.990700000000001,1359,1288,0.9000159276396302,1.0999840723603698,23.0,2.0,1.0,14.090597562471316,11.590995753462071,0.0,0.0,0.0,-0.12498009045046228,1.0,0.1516641117632389,0.14684294040004414,0.02567180898040533,0.02577231808875998,0.0,0.0,0.016746047735214233,0.15,0.15,False,False
0.47,5.911390781402588,0.881217360496521,0.36513182520866394,0.990600000000001,1253,1181,0.908347933669661,1.091652066330339,3.0,1.0,0.0,12.916381098932039,10.625079440673565,0.0,0.0,0.0,-0.11456508291292371,1.0,0.15660612533489865,0.15204966068267822,0.02552811522036791,0.025604624922076862,0.0,0.0,0.018799533843994142,0.15,0.15,False,False
0.475,5.887172222137451,0.9239456653594971,0.40230944752693176,0.990500000000001,1321,1251,0.9159856058638559,1.084014394136144,9.0,1.0,0.0,11.840016007354368,9.739656153950767,0.0,0.0,0.0,-0.10501799267018005,1.0,0.15786123151580495,0.15375083312392235,0.025512950960546732,0.025570263775686424,0.0,0.0,0.016781853437423708,0.15,0.15,False,False
0.48,5.893273830413818,0.9442275762557983,0.4223747253417969,0.9904000000000011,1379,1299,0.9229868053752013,1.0770131946247987,17.0,2.0,2.0,10.853348006741504,8.928018141121536,0.0,0.0,0.0,-0.09626649328099841,1.0,0.1588525560994943,0.15517719089984894,0.025490701664239168,0.025530778026829164,0.0,0.0,0.018579229116439822,0.15,0.15,False,False
0.485,5.967279434204102,1.0046942234039307,0.4563925266265869,0.9903000000000011,1411,1343,1.2627379049272678,0.7372620950727322,23.0,2.0,0.0,9.948902339513046,16.517349962694738,0.0,0.0,0.0,0.3284223811590846,1.0,0.16197335595885914,0.15841727455457053,0.02538343348229925,0.025413628512372576,0.0,0.0,0.03150844812393189,0.15,0.15,False,False
0.49,5.996222019195557,1.030574083328247,0.42253485321998596,0.9902000000000011,1316,1252,1.240843079516662,0.7591569204833379,4.0,4.0,0.0,9.119827144553625,15.140904132470176,0.0,0.0,0.0,0.3010538493958276,1.0,0.16286897783478102,0.15976569304863614,0.02535424272840222,0.02536520284290115,0.0,0.0,0.018161871433258057,0.15,0.15,False,False
0.495,6.105026721954346,1.121504545211792,0.4151550531387329,0.9901000000000011,1342,1279,1.2207728228902734,0.7792271771097264,6.0,1.0,1.0,8.359841549174156,13.879162121430994,0.0,0.0,0.0,0.2759660286128419,1.0,0.168053371210893,0.16423653811216354,0.025176007766276598,0.02520712402959665,0.0,0.0,0.018503870964050297,0.15,0.15,False,False
0.5,6.186138153076172,1.27864408493042,0.4154139757156372,0.9900000000000011,1303,1246,1.5,0.46429157901724927,28.0,0.0,0.0,7.663188086742976,21.055898611311743,0.0,0.0,0.0,0.6696355262284384,1.0,0.17443220441540083,0.17038727800051373,0.025002549712856613,0.02503755036741495,0.0,0.0,0.012882689237594605,0.15,0.15,False,False
0.505,6.263191223144531,1.3709630966186523,0.36986711621284485,0.9899000000000011,1294,1231,1.1577327192341882,0.8422672807658118,27.0,1.0,0.0,15.357922412847728,19.301240393702432,0.0,0.0,0.0,0.19716589904273524,1.0,0.17799350743492445,0.17407301192482313,0.02489487174898386,0.024925688436875742,0.0,0.0,0.016448248624801636,0.15,0.15,False,False
0.51,6.379952430725098,1.34306800365448,0.32264769077301025,0.9898000000000011,1337,1278,1.1445883259646725,0.8554116740353275,6.0,2.0,0.0,14.078095545110417,17.69280369422723,0.0,0.0,0.0,0.18073540745584066,1.0,0.18173685918251675,0.1766160068412622,0.024761445820331573,0.0248224885823826,0.0,0.0,0.018176568746566774,0.15,0.15,False,False
0.515,6.44978141784668,1.2842826843261719,0.28816166520118713,0.9897000000000011,1361,1289,1.1325392988009497,0.8674607011990502,2.0,3.0,1.0,12.904920916351214,16.21840338637496,0.0,0.0,0.0,0.16567412350118724,1.0,0.18368270869056386,0.17725267757972082,0.024690215941518545,0.024783801442633074,0.0,0.0,0.01902775049209595,0.15,0.15,False,False
0.52,6.43353271484375,1.2644736766815186,0.25036731362342834,0.9896000000000011,1388,1320,1.4548276905675372,0.5451723094324628,29.0,2.0,1.0,11.829510839988613,23.200203104177042,0.0,0.0,0.0,0.5685346132094214,1.0,0.18325810010234517,0.17616979777812958,0.02470497818042835,0.024815205639849108,0.0,0.0,0.0104147207736969,0.15,0.15,False,False
0.525,6.512998104095459,1.246910572052002,0.19801217317581177,0.9895000000000012,1366,1300,1.4169253830202424,0.5830746169797576,32.0,4.0,0.0,10.843718269989562,21.26685284549562,0.0,0.0,0.0,0.521156728775303,1.0,0.18474839006861052,0.1768593986829122,0.0246344949118793,0.024764096209158502,0.0,0.0,0.021193063259124754,0.15,0.15,False,False
0.53,6.6304240226745605,1.2053616046905518,0.22338484227657318,0.9894000000000012,1429,1353,1.3821816011018888,0.6178183988981113,12.0,0.0,1.0,9.940075080823766,19.494615108370983,0.0,0.0,0.0,0.47772700137736085,1.0,0.18572856361667317,0.17683111131191254,0.024549142302324377,0.024709112476557493,0.0,0.0,0.04158758163452149,0.15,0.15,False,False
0.535,6.713980674743652,1.2023587226867676,0.22894853353500366,0.9893000000000012,1278,1220,1.0169998010100647,0.9830001989899354,2.0,2.0,0.0,17.44506882408845,17.870063849340067,0.0,0.0,0.0,0.021249751262580753,1.0,0.18870150670409203,0.17978933329383534,0.02445627780010303,0.024605266905079286,0.0,0.0,0.011777945756912232,0.15,0.15,False,False
0.54,6.771603584289551,1.1833473443984985,0.1836807280778885,0.9892000000000012,1296,1233,1.0155831509258926,0.9844168490741074,7.0,1.0,0.0,15.991313088747747,16.380891861895062,0.0,0.0,0.0,0.019478938657365764,1.0,0.19082297881444296,0.1816321723163128,0.024394649857034288,0.024540492643912636,0.0,0.0,0.015916781425476076,0.15,0.15,False,False
0.545,6.877952575683594,1.1585304737091064,0.21016475558280945,0.9891000000000012,1364,1304,0.6809512216820681,1.3190487783179319,22.0,0.0,0.0,22.99203699801877,15.015817540070472,0.0,0.0,0.0,-0.39881097289741485,1.0,0.19281673555572829,0.1825099935134252,0.024313877026240032,0.024483937304466963,0.0,0.0,0.015431019067764284,0.15,0.15,False,False
0.55,7.036184787750244,1.1967158317565918,0.27696388959884644,0.9890000000000012,1266,1182,0.7075386198752291,1.2924613801247709,14.0,0.0,1.0,21.076033914850537,13.764499411731265,0.0,0.0,0.0,-0.3655767251559636,1.0,0.20092042163014412,0.1899651313821475,0.024122563966860376,0.024280406069010496,0.0,0.0,0.013415484428405764,0.15,0.15,False,False
0.555,7.119073867797852,1.2426005601882935,0.32492271065711975,0.9889000000000012,1269,1220,0.7319104015522933,1.2680895984477067,1.0,2.0,0.0,19.31969775527966,12.617457794086992,0.0,0.0,0.0,-0.3351119980596334,1.0,0.20828311021129292,0.1977036272486051,0.023989930438498657,0.02411150218298038,0.0,0.0,0.022241744995117187,0.15,0.15,False,False
0.56,7.055034637451172,1.2495366334915161,0.34693291783332825,0.9888000000000012,1389,1314,0.7542512014229354,1.2457487985770646,3.0,3.0,2.0,17.70972294233969,11.566002977913076,0.0,0.0,0.0,-0.30718599822133064,1.0,0.2073668936888377,0.19797866543134054,0.024042162112891674,0.024139070883393288,0.0,0.0,0.013716994524002078,0.15,0.15,False,False
0.565,7.05935001373291,1.333255410194397,0.35709989070892334,0.9887000000000012,1480,1408,0.7747302679710242,1.2252697320289758,28.0,2.0,0.0,16.233912697144714,10.602169396420319,0.0,0.0,0.0,-0.2815871650362197,1.0,0.21115019296606383,0.20206152151028317,0.023985533819844328,0.024072702508419752,0.0,0.0,0.01919046998023987,0.15,0.15,False,False
0.57,7.1602349281311035,1.3780442476272583,0.3670332431793213,0.9886000000000013,1402,1330,1.1268360789734388,0.8731639210265612,34.0,2.0,1.0,14.88108663904932,18.05198861338529,0.0,0.0,0.0,0.15854509871679853,1.0,0.2171731119354566,0.2077276942630609,0.02385802799835801,0.023940844306101404,0.0,0.0,0.022449460029602054,0.15,0.15,False,False
0.575,7.243387699127197,1.3667773008346558,0.334481418132782,0.9885000000000013,1281,1217,0.7829330723923189,1.217066927607681,9.0,2.0,0.0,21.97432941912854,16.547656228936514,0.0,0.0,0.0,-0.2713336595096013,1.0,0.22089964399735135,0.2111495410402616,0.023777313375224672,0.023853664752095938,0.0,0.0,0.017807706594467166,0.15,0.15,False,False
0.58,7.315944671630859,1.4739991426467896,0.3606935441493988,0.9884000000000013,1350,1274,0.8010219830262924,1.1989780169737076,10.0,0.0,0.0,20.14313530086783,15.168684876525138,0.0,0.0,0.0,-0.2487225212171346,1.0,0.22782212744156521,0.21687605728705725,0.023635581601411104,0.023732288585354887,0.0,0.0,0.019087613821029664,0.15,0.15,False,False
0.585,7.397834300994873,1.6471185684204102,0.33924704790115356,0.9883000000000013,1318,1266,0.817603484440768,1.182396515559232,8.0,0.0,1.0,18.464540692462176,13.904627803481375,0.0,0.0,0.0,-0.22799564444904002,1.0,0.23872486005226773,0.22809479385614395,0.023473266822596393,0.0235548436952134,0.0,0.0,0.016828936338424683,0.15,0.15,False,False
0.59,7.542847633361816,1.7030478715896606,0.28700974583625793,0.9882000000000013,1270,1211,0.8328031940707039,1.167196805929296,6.0,0.0,0.0,16.92582896809033,12.745908819857927,0.0,0.0,0.0,-0.20899600741162008,1.0,0.2475108454624812,0.23567287872234982,0.023315635044127703,0.023405696265399456,0.0,0.0,0.015481344461441041,0.15,0.15,False,False
0.595,7.651632785797119,1.6517153978347778,0.255843847990036,0.9881000000000013,1351,1280,0.8467362612314786,1.1532637387685214,14.0,2.0,0.0,15.515343220749468,11.683749751536434,0.0,0.0,0.0,-0.19157967346065172,1.0,0.25066014379262924,0.23663384219010672,0.02321725090344747,0.023339486991365753,0.0,0.0,0.019448710680007936,0.15,0.15,False,False
0.6,7.637128829956055,1.594190001487732,0.23976700007915497,0.9880000000000013,1399,1330,0.8595082394621887,1.1404917605378113,33.0,4.0,1.0,14.22239795235368,10.710103938908397,0.0,0.0,0.0,-0.17561470067226415,1.0,0.24881566564242047,0.2336020643512408,0.023238887079060078,0.023380341784407697,0.0,0.0,0.01807252645492554,0.15,0.15,False,False
0.605,7.667473316192627,1.5621006488800049,0.22786591947078705,0.9879000000000013,1378,1308,1.2045492195070062,0.7954507804929938,6.0,2.0,1.0,13.037198122990873,18.15092861066603,0.0,0.0,0.0,0.2556865243837578,1.0,0.24983300517002743,0.23375584433476132,0.023219470555583637,0.023366573732346296,0.0,0.0,0.0151451575756073,0.15,0.15,False,False
0.61,7.762546062469482,1.5750738382339478,0.1900877058506012,0.9878000000000013,1317,1257,0.8541701178814225,1.1458298821185775,4.0,2.0,1.0,20.284098279408298,16.63835122644386,0.0,0.0,0.0,-0.1822873526482219,1.0,0.2545321236054103,0.23746925095717114,0.023121566822131477,0.023274663059661787,0.0,0.0,0.02399935483932495,0.15,0.15,False,False
0.615,7.802937984466553,1.594642162322998,0.22630169987678528,0.9877000000000014,1352,1292,0.8663226080579706,1.1336773919420293,11.0,2.0,0.0,18.59375675612427,15.251821957573537,0.0,0.0,0.0,-0.16709673992753676,1.0,0.2559994161128998,0.23787411550680798,0.023074819861600798,0.02324770980825027,0.0,0.0,0.028394920825958254,0.15,0.15,False,False
0.62,7.90414571762085,1.6165252923965454,0.2409599870443344,0.9876000000000014,1427,1347,0.8774623907198065,1.1225376092801935,32.0,0.0,0.0,17.044277026447247,13.980836794442409,0.0,0.0,0.0,-0.1531720116002419,1.0,0.2644527330994606,0.2459470679362615,0.022951806895434856,0.023107985034585,0.0,0.0,0.026456561088562015,0.15,0.15,False,False
0.625,8.06943416595459,1.5126701593399048,0.2533896267414093,0.9875000000000014,1315,1256,0.5543405248264892,1.4456594751735108,15.0,2.0,1.0,23.957253940909975,12.815767061572208,0.0,0.0,0.0,-0.5570743439668884,1.0,0.26837886621554696,0.24880825231472653,0.022847500319282215,0.022997552684197824,0.0,0.0,0.015658465623855592,0.15,0.15,False,False
0.63,8.203105926513672,1.4704688787460327,0.30324921011924744,0.9874000000000014,1352,1287,0.2581454810909486,1.5,8.0,1.0,0.0,30.294149445834144,11.747786473107857,0.0,0.0,0.0,-0.9273181486363142,1.0,0.27132589370012283,0.2510132392247518,0.02276605305572351,0.022914681273202103,0.0,0.0,0.01843416452407837,0.15,0.15,False,False
0.635,8.265911102294922,1.5670090913772583,0.3553704619407654,0.9873000000000014,1370,1290,0.31996669100003594,1.5,19.0,1.0,0.0,27.769636992014632,10.768804267015534,0.0,0.0,0.0,-0.850041636249955,1.0,0.2852908646066984,0.26466274013121927,0.022631875860194366,0.02275413755948345,0.0,0.0,0.022656376361846926,0.15,0.15,False,False
0.64,8.236976623535156,1.6611939668655396,0.38318586349487305,0.9872000000000014,1347,1273,0.7099694667500329,1.290030533249967,7.0,1.0,0.0,25.455500576013414,18.20473724476424,0.0,0.0,0.0,-0.36253816656245874,1.0,0.29601406306028366,0.27631225685278576,0.022578737698495388,0.022671751212328672,0.0,0.0,0.019029695987701416,0.15,0.15,False,False
0.645,8.190089225769043,1.6803131103515625,0.42278945446014404,0.9871000000000014,1341,1277,0.7341386778541967,1.2658613221458033,7.0,2.0,2.0,23.33420886134563,16.68767580770055,0.0,0.0,0.0,-0.332326652682254,1.0,0.2964050571123759,0.277810941139857,0.02260169169555108,0.022684071057786546,0.0,0.0,0.017788251638412477,0.15,0.15,False,False
0.65,8.254897117614746,1.757051944732666,0.4668799936771393,0.9870000000000014,1303,1235,0.42296045469968047,1.5,9.0,1.0,0.0,29.723024789566825,15.297036157058837,0.0,0.0,0.0,-0.7212994316253993,1.0,0.307965986430645,0.2896374588211378,0.02249430244167646,0.0225580584568282,0.0,0.0,0.028820104598999023,0.15,0.15,False,False
0.655,8.348695755004883,1.8344392776489258,0.45254114270210266,0.9869000000000014,1312,1245,0.47104708347470725,1.5,10.0,0.0,0.0,27.24610605710292,14.0222831439706,0.0,0.0,0.0,-0.661191145656616,1.0,0.32016721864541375,0.30247430006663006,0.022373128837595384,0.022411823738366365,0.0,0.0,0.041079230308532715,0.15,0.15,False,False
0.66,8.444580078125,1.8808667659759521,0.44310662150382996,0.9868000000000015,1329,1264,0.5151264931851482,1.4848735068148518,25.0,0.0,0.0,24.97559721901101,12.853759548639717,0.0,0.0,0.0,-0.6060918835185647,1.0,0.33006053417921066,0.31057817240556085,0.02225464830795924,0.022300842683762312,0.0,0.0,0.021422510147094728,0.15,0.15,False,False
0.665,8.507561683654785,1.9713175296783447,0.48170506954193115,0.9867000000000015,1317,1246,0.5555326187530526,1.4444673812469473,12.0,2.0,1.0,22.894297450760092,11.782612919586407,0.0,0.0,0.0,-0.5555842265586842,1.0,0.34433990716934204,0.3231964632868767,0.022137902366618317,0.022189577575773,0.0,0.0,0.014085118770599366,0.15,0.15,False,False
0.67,8.573602676391602,2.060194492340088,0.4662292003631592,0.9866000000000015,1349,1279,0.5925715671902982,1.4074284328097018,4.0,3.0,0.0,20.986439329863416,10.800728509620873,0.0,0.0,0.0,-0.5092855410121271,1.0,0.3580665960907936,0.3379162525137266,0.02203905178854863,0.022071693868686758,0.0,0.0,0.014722944498062135,0.15,0.15,False,False
0.675,8.726183891296387,2.0967178344726562,0.425261914730072,0.9865000000000015,1397,1311,0.6265239365911068,1.3734760634088932,14.0,3.0,1.0,19.23756938570813,9.9006678004858,0.0,0.0,0.0,-0.4668450792611165,1.0,0.37518368413050973,0.3519766281048457,0.0218692507284383,0.021910864549378555,0.0,0.0,0.01623611092567444,0.15,0.15,False,False
0.68,8.850796699523926,2.1099157333374023,0.3921484053134918,0.9864000000000015,1365,1307,0.6576469418751811,1.3423530581248189,39.0,2.0,0.0,17.634438603565787,9.075612150445316,0.0,0.0,0.0,-0.4279413226560235,1.0,0.3883477797110876,0.36068834364414215,0.021727699786424637,0.02179263702904185,0.0,0.0,0.02175321340560913,0.15,0.15,False,False
0.685,8.817480087280273,2.1022846698760986,0.3680408000946045,0.9863000000000015,1403,1329,0.19999999999999996,1.5,21.0,1.0,0.0,32.831568719935305,8.319311137908207,0.0,0.0,0.0,-1.0,1.0,0.38645816346009576,0.35693610707918805,0.021749213337898254,0.021829601222028337,0.0,0.0,0.012262165546417236,0.15,0.15,False,False
0.69,8.857584953308105,2.042181968688965,0.3743680715560913,0.9862000000000015,1294,1225,0.19999999999999996,1.5,4.0,1.0,1.0,30.095604659940694,7.626035209749189,0.0,0.0,0.0,-1.0,1.0,0.381775808831056,0.3507537146409353,0.02174343758573135,0.021833672653883696,0.0,0.0,0.018550238609313964,0.15,0.15,False,False
0.695,8.967357635498047,2.044910192489624,0.3626050651073456,0.9861000000000015,1272,1214,0.19999999999999996,1.5,6.0,1.0,1.0,27.587637604945634,6.990532275603423,0.0,0.0,0.0,-1.0,1.0,0.3922692810495695,0.359257310628891,0.02163681977738937,0.021724180939296883,0.0,0.0,0.031823558807373045,0.15,0.15,False,False
0.7,8.98678207397461,2.0725741386413574,0.42563313245773315,0.9860000000000015,1316,1252,0.24477280459078565,1.5,6.0,1.0,0.0,25.288667804533496,6.407987919303137,0.0,0.0,0.0,-0.9440339942615179,1.0,0.39618343114852905,0.3623134146134059,0.021603020528952282,0.021697881165891886,0.0,0.0,0.02003039836883545,0.15,0.15,False,False
0.705,9.147186279296875,2.038764715194702,0.4263312518596649,0.9859000000000016,1324,1255,0.3077084042082202,1.5,7.0,1.0,0.0,23.18127882082237,5.8739889260278755,0.0,0.0,0.0,-0.8653644947397247,1.0,0.4143945872783661,0.37929579615592957,0.021464054783185325,0.021528018017609916,0.0,0.0,0.017865052223205568,0.15,0.15,False,False
0.71,9.303640365600586,1.9406911134719849,0.45208606123924255,0.9858000000000016,1452,1374,0.3653993705242019,1.5,37.0,3.0,0.0,21.249505585753838,5.384489848858886,0.0,0.0,0.0,-0.7932507868447476,1.0,0.4117198909322421,0.3748362511396408,0.02139091646919648,0.021458473832656942,0.0,0.0,0.0238956880569458,0.15,0.15,False,False
0.715,9.33454418182373,1.9813748598098755,0.5183035135269165,0.9857000000000016,1414,1331,0.7516160896471851,1.248383910352815,25.0,3.0,1.0,19.478713453607682,13.26911569478731,0.0,0.0,0.0,-0.3104798879410186,1.0,0.41864217569430673,0.3820343688130379,0.021362823123733204,0.021420676105966173,0.0,0.0,0.02218620538711548,0.15,0.15,False,False
0.72,9.30383586883545,2.1150622367858887,0.5642573237419128,0.9856000000000016,1310,1241,0.772314748843253,1.227685251156747,8.0,2.0,0.0,17.855487332473707,12.163356053555033,0.0,0.0,0.0,-0.28460656394593375,1.0,0.45043545464674634,0.4150518526633581,0.021293764002621174,0.02131613902747631,0.0,0.0,0.019335217475891113,0.15,0.15,False,False
0.725,9.293542861938477,2.1845791339874268,0.5967555046081543,0.9855000000000016,1335,1264,0.791288519772982,1.208711480227018,7.0,2.0,0.0,16.367530054767563,11.149743049092113,0.0,0.0,0.0,-0.2608893502837725,1.0,0.4707100739081701,0.436803363263607,0.02125183353200555,0.02125121575469772,0.0,0.0,0.022907674312591553,0.15,0.15,False,False
0.73,9.349014282226562,2.1956028938293457,0.6514731049537659,0.9854000000000016,1334,1257,0.8086811431252334,1.1913188568747666,14.0,0.0,1.0,15.003569216870266,10.220597795001103,0.0,0.0,0.0,-0.23914857109345816,1.0,0.4833374172449112,0.4497612516085307,0.021195026735464733,0.021181305249532066,0.0,0.0,0.02233956336975098,0.15,0.15,False,False
0.735,9.481973648071289,2.2878236770629883,0.7094374299049377,0.9853000000000016,1456,1374,0.8246243811981308,1.1753756188018694,19.0,1.0,1.0,13.753271782131076,9.368881312084344,0.0,0.0,0.0,-0.2192195235023366,1.0,0.5209433287382126,0.48732799788316095,0.021043263065318268,0.021000998094677925,0.0,0.0,0.024845418930053712,0.15,0.15,False,False
0.74,9.563404083251953,2.3981497287750244,0.7131743431091309,0.9852000000000016,1421,1346,1.1725723494316198,0.8274276505683803,27.0,3.0,1.0,12.60716580028682,16.921474536077312,0.0,0.0,0.0,0.2157154367895246,1.0,0.5438693364461263,0.513433317343394,0.02094554016366601,0.020877292845398188,0.0,0.0,0.03077353715896607,0.15,0.15,False,False
0.745,9.587199211120605,2.528411388397217,0.7214290499687195,0.9851000000000016,1402,1335,1.158191320312318,0.841808679687682,28.0,2.0,0.0,11.556568650262918,15.511351658070868,0.0,0.0,0.0,0.19773915039039752,1.0,0.5781319489081701,0.5470718940099081,0.02084588476767143,0.020775669254362583,0.0,0.0,0.018480114936828614,0.15,0.15,False,False
0.75,9.629008293151855,2.700105905532837,0.7120598554611206,0.9850000000000017,1369,1290,1.1450087102862916,0.8549912897137084,22.0,2.0,0.0,10.593521262741007,14.218739019898296,0.0,0.0,0.0,0.18126088785786446,1.0,0.6263622641563416,0.5960255364576976,0.02072253031656146,0.020648447486261528,0.0,0.0,0.011715083122253419,0.15,0.15,False,False
0.755,9.703277587890625,2.8141286373138428,0.6769378781318665,0.9849000000000017,1438,1356,0.7995913177624341,1.200408682237566,31.0,2.0,0.0,18.044061157512587,13.033844101573438,0.0,0.0,0.0,-0.25051085279695745,1.0,0.6626633803049724,0.6311236570278804,0.02060544832299153,0.020533203302572172,0.0,0.0,0.01093751072883606,0.15,0.15,False,False
0.76,9.811508178710938,2.859300136566162,0.6600023508071899,0.9848000000000017,1382,1305,0.48295870794889784,1.5,7.0,2.0,1.0,24.87372272771987,11.947690426442318,0.0,0.0,0.0,-0.6463016150638776,1.0,0.6969630469878515,0.6568451722462972,0.020461396779865026,0.02040607078621785,0.0,0.0,0.017598812580108644,0.15,0.15,False,False
0.765,9.86677074432373,2.843900680541992,0.6429022550582886,0.9847000000000017,1426,1341,0.5260454822864897,1.4739545177135103,11.0,1.0,0.0,22.80091250040988,10.952049557572124,0.0,0.0,0.0,-0.5924431471418877,1.0,0.7236425826946895,0.6731777389844259,0.020389695807049673,0.020345884064833324,0.0,0.0,0.0146586012840271,0.15,0.15,False,False
0.77,9.878326416015625,2.8178346157073975,0.6262524127960205,0.9846000000000017,1450,1361,0.5655416920959491,1.434458307904051,32.0,1.0,0.0,20.900836458709055,10.03937876110778,0.0,0.0,0.0,-0.5430728848800637,1.0,0.724951724211375,0.6689391533533733,0.020381348052372537,0.020344880564759176,0.0,0.0,0.014604724645614625,0.15,0.15,False,False
0.775,9.952048301696777,2.829010009765625,0.6181451678276062,0.9845000000000017,1433,1346,0.6017465510879533,1.3982534489120466,33.0,2.0,0.0,19.159100087149966,9.202763864348798,0.0,0.0,0.0,-0.4978168111400584,1.0,0.7401696592569351,0.6774111837148666,0.020304268691688776,0.020274420579274498,0.0,0.0,0.022235538959503177,0.15,0.15,False,False
0.78,10.006027221679688,2.847851514816284,0.6427466869354248,0.9844000000000017,1522,1426,0.6349343384972905,1.3650656615027095,21.0,2.0,1.0,17.5625084132208,8.435866875653064,0.0,0.0,0.0,-0.45633207687838684,1.0,0.7545146346092224,0.6876011192798615,0.020243454879770677,0.020217773659775656,0.0,0.0,0.03231085777282715,0.15,0.15,False,False
0.785,10.065276145935059,2.870826244354248,0.6935502886772156,0.9843000000000017,1521,1424,0.6653564769558498,1.3346435230441502,33.0,1.0,1.0,16.0989660454524,7.732877969348642,0.0,0.0,0.0,-0.41830440380518785,1.0,0.7872540752092998,0.7173289855321249,0.020180861465632915,0.02014454066132506,0.0,0.0,0.017777881622314452,0.15,0.15,False,False
0.79,10.216256141662598,2.8592283725738525,0.6618111729621887,0.9842000000000017,1523,1404,0.6932434372095289,1.3067565627904711,59.0,3.0,0.0,14.7573855416647,7.088471471902921,0.0,0.0,0.0,-0.38344570348808893,1.0,0.8304013311862946,0.7551839699347814,0.02006755443289876,0.020008080173283815,0.0,0.0,0.019518945217132568,0.15,0.15,False,False
0.795,10.34643268585205,2.8307485580444336,0.7001564502716064,0.9841000000000018,1417,1317,0.7188064841087347,1.2811935158912653,15.0,3.0,1.0,13.527603413192642,6.497765515911011,0.0,0.0,0.0,-0.35149189486408156,1.0,0.82402303814888,0.7370740175247192,0.01998381301139792,0.019941615561644237,0.0,0.0,0.019951596260070804,0.15,0.15,False,False
0.8,10.372224807739258,2.926021099090576,0.7591624855995178,0.9840000000000018,1492,1388,0.7422392770996735,1.2577607229003265,24.0,1.0,0.0,12.400303128759921,5.95628505625176,0.0,0.0,0.0,-0.32220090362540804,1.0,0.8842902382214864,0.796108494202296,0.019927085377275944,0.019868442323058844,0.0,0.0,0.020013046264648438,0.15,0.15,False,False
0.805,10.343586921691895,3.0247609615325928,0.8010491728782654,0.9839000000000018,1437,1346,0.7637193373413674,1.2362806626586327,22.0,3.0,0.0,11.366944534696593,5.4599279682307795,0.0,0.0,0.0,-0.2953508283232907,1.0,0.9834925830364227,0.8985786139965057,0.019890297359476488,0.019802850826332968,0.0,0.0,0.02014410972595215,0.15,0.15,False,False
0.81,10.323338508605957,3.049285888671875,0.8502650260925293,0.9838000000000018,1539,1429,0.4500760592295868,1.5,22.0,2.0,1.0,18.753032490138544,5.004933970878215,0.0,0.0,0.0,-0.6874049259630165,1.0,1.0,0.9417770057916641,0.01989389071241021,0.019788887972633045,0.0,0.0,0.023900229930877686,0.15,0.15,False,False
0.815,10.349811553955078,3.0997767448425293,0.9100674390792847,0.9837000000000018,1500,1407,0.495903054293788,1.5,27.0,1.0,0.0,17.190279782626998,4.587856139971697,0.0,0.0,0.0,-0.630121182132765,1.0,1.0,1.0,0.019863333242634933,0.019738063371429842,0.0,0.0,0.023578805923461916,0.15,0.15,False,False
0.82,10.37660026550293,3.1731526851654053,0.8989999294281006,0.9836000000000018,1675,1547,0.5379111331026389,1.462088866897361,34.0,4.0,1.0,15.75775646740808,4.205534794974056,0.0,0.0,0.0,-0.5776110836217013,1.0,1.0,1.0,0.019843305926769972,0.019691414199769497,0.0,0.0,0.034658634662628175,0.15,0.15,False,False
0.825,10.386923789978027,3.144122362136841,0.9086589813232422,0.9835000000000018,1623,1503,0.5764185386774192,1.4235814613225808,63.0,4.0,1.0,14.444610095124073,3.855073562059551,0.0,0.0,0.0,-0.529476826653226,1.0,1.0,1.0,0.019844628404825926,0.019695324202378593,0.0,0.0,0.02511146545410156,0.15,0.15,False,False
0.83,10.449732780456543,3.2476329803466797,0.957697868347168,0.9834000000000018,1523,1406,0.27838366045430085,1.5,31.0,5.0,1.0,21.5742259205304,3.5338174318879214,0.0,0.0,0.0,-0.9020204244321238,1.0,1.0,1.0,0.019742935740699373,0.019591509674986206,0.0,0.0,0.02391882181167603,0.15,0.15,False,False
0.835,10.431657791137695,3.380626678466797,0.943879246711731,0.9833000000000018,1543,1423,0.6718516887497757,1.3281483112502244,37.0,1.0,0.0,19.776373760486198,11.572665979230592,0.0,0.0,0.0,-0.4101853890627803,1.0,1.0,1.0,0.0197098256709675,0.019540357558677595,0.0,0.0,0.01729869365692139,0.15,0.15,False,False
0.84,10.528186798095703,3.512162685394287,0.89580237865448,0.9832000000000019,1508,1413,0.6991973813539611,1.3008026186460389,55.0,1.0,1.0,18.128342613779015,10.608277147628042,0.0,0.0,0.0,-0.3760032733075486,1.0,1.0,1.0,0.019552691373974085,0.019389743295808635,0.0,0.0,0.010871814489364624,0.15,0.15,False,False
0.845,10.647537231445312,3.580465316772461,0.8742572069168091,0.9831000000000019,1485,1380,0.3909309329077977,1.5,26.0,4.0,0.0,24.950980729297427,9.724254051992371,0.0,0.0,0.0,-0.7613363338652528,1.0,1.0,1.0,0.019382804166525602,0.019241257881124817,0.0,0.0,0.021652832031250003,0.15,0.15,False,False
0.85,10.648112297058105,3.5546658039093018,0.8414730429649353,0.9830000000000019,1493,1378,0.44168668849881465,1.5,35.0,2.0,0.0,22.871732335189307,8.913899547659673,0.0,0.0,0.0,-0.6978916393764817,1.0,1.0,1.0,0.0193690019659698,0.019237023467818897,0.0,0.0,0.011941637992858887,0.15,0.15,False,False
0.855,10.69130802154541,3.5307135581970215,0.8239678144454956,0.9829000000000019,1437,1327,0.48821279779058013,1.5,32.0,1.0,0.0,20.965754640590198,8.1710745853547,0.0,0.0,0.0,-0.6397340027617748,1.0,1.0,1.0,0.01933053368702531,0.01921004072452585,0.0,0.0,0.019657442569732668,0.15,0.15,False,False
0.86,10.7725248336792,3.5627498626708984,0.8227799534797668,0.9828000000000019,1566,1464,0.5308617313080317,1.4691382686919683,36.0,5.0,1.0,19.218608420541013,7.490151703241809,0.0,0.0,0.0,-0.5864228358649602,1.0,1.0,1.0,0.019240605179220438,0.01912692173694571,0.0,0.0,0.028396852016448974,0.15,0.15,False,False
0.865,10.785025596618652,3.5818753242492676,0.8773784637451172,0.9827000000000019,1495,1382,0.5699565870323625,1.4300434129676374,21.0,4.0,0.0,17.617057718829262,6.865972394638325,0.0,0.0,0.0,-0.5375542662095468,1.0,1.0,1.0,0.019216611981391907,0.019104607248057924,0.0,0.0,0.022276065349578857,0.15,0.15,False,False
0.87,10.879215240478516,3.62835693359375,0.895026445388794,0.9826000000000019,1542,1426,0.9391268714463322,1.0608731285536677,37.0,0.0,1.0,16.14896957559349,14.627141361751796,0.0,0.0,0.0,-0.0760914106920847,1.0,1.0,1.0,0.019139403787751995,0.01900500850751996,0.0,0.0,0.02001960039138794,0.15,0.15,False,False
0.875,11.03681468963623,3.6268913745880127,0.88062983751297,0.9825000000000019,1594,1485,0.9441996321591379,1.055800367840862,99.0,2.0,1.0,14.803222110960698,13.408212914939146,0.0,0.0,0.0,-0.06975045980107764,1.0,1.0,1.0,0.019029619482656322,0.018889485703160368,0.0,0.0,0.014302698373794557,0.15,0.15,False,False
0.88,11.105454444885254,3.6601409912109375,0.936461329460144,0.9824000000000019,1509,1387,0.6155163294792098,1.3844836705207904,30.0,5.0,0.0,21.90295360171397,12.290861838694216,0.0,0.0,0.0,-0.4806045881509878,1.0,1.0,1.0,0.018971425015479326,0.01884092732022206,0.0,0.0,0.023277363777160644,0.15,0.15,False,False
0.885,11.074041366577148,3.7691521644592285,0.985476016998291,0.982300000000002,1629,1505,0.9808899686892755,1.0191100313107244,29.0,2.0,0.0,20.077707468237808,19.599956685469696,0.0,0.0,0.0,-0.0238875391384056,1.0,1.0,1.0,0.01895557080085079,0.018801101638625067,0.0,0.0,0.021149532794952394,0.15,0.15,False,False
0.89,11.026053428649902,3.8342788219451904,1.0195777416229248,0.982200000000002,1583,1457,0.9824824712985025,1.0175175287014975,30.0,5.0,1.0,18.40456517921799,17.966626961680554,0.0,0.0,0.0,-0.0218969108768718,1.0,1.0,1.0,0.01896385569125414,0.018788594752550125,0.0,0.0,0.022960393428802493,0.15,0.15,False,False
0.895,11.027008056640625,3.85557222366333,1.0585163831710815,0.982100000000002,1529,1410,0.9839422653569607,1.0160577346430393,29.0,1.0,0.0,16.870851414283155,16.469408048207175,0.0,0.0,0.0,-0.020072168303799032,1.0,1.0,1.0,0.018958638732632004,0.018771816200266283,0.0,0.0,0.02821842193603516,0.15,0.15,False,False
0.9,11.05090045928955,3.930208683013916,1.0962344408035278,0.982000000000002,1517,1424,0.9852804099105473,1.0147195900894526,44.0,3.0,0.0,15.464947129759558,15.096957377523243,0.0,0.0,0.0,-0.018399487611815778,1.0,1.0,1.0,0.01892466253290574,0.01872421707957983,0.0,0.0,0.0327530574798584,0.15,0.15,False,False
0.905,11.06283950805664,4.000653266906738,1.0660873651504517,0.981900000000002,1600,1498,0.6531737090846683,1.3468262909153317,39.0,5.0,1.0,22.50953486894626,13.838877596062972,0.0,0.0,0.0,-0.4335328636441645,1.0,1.0,1.0,0.018918330315500498,0.018703255336731672,0.0,0.0,0.04513436794281006,0.15,0.15,False,False
0.91,11.119759559631348,4.035751819610596,1.0932172536849976,0.981800000000002,1409,1291,0.6820758999942793,1.3179241000057207,23.0,0.0,0.0,20.63374029653407,12.685637796391056,0.0,0.0,0.0,-0.39740512500715075,1.0,1.0,1.0,0.018845089556028448,0.018639465173085533,0.0,0.0,0.014182275533676148,0.15,0.15,False,False
0.915,11.11379623413086,4.14745569229126,1.1365526914596558,0.981700000000002,1495,1407,0.3752362416614229,1.5,49.0,1.0,0.0,27.247595271822895,11.628501313358468,0.0,0.0,0.0,-0.7809546979232214,1.0,1.0,1.0,0.018790841568261385,0.018579184543341398,0.0,0.0,0.02412738084793091,0.15,0.15,False,False
0.92,11.092046737670898,4.296089172363281,1.0920170545578003,0.981600000000002,1620,1493,0.4272998881896376,1.5,40.0,2.0,0.0,24.97696233250432,10.659459537245262,0.0,0.0,0.0,-0.715875139762953,1.0,1.0,1.0,0.01876739397024115,0.018540901752809685,1.0,0.0,0.015928266048431398,0.15,0.15,True,False
0.925,11.210589408874512,4.451310634613037,1.0548040866851807,0.981500000000002,1569,1473,0.4750248975071678,1.5,19.0,2.0,0.0,22.895548804795627,9.771171242474823,0.0,0.0,0.0,-0.6562188781160402,1.0,1.0,1.0,0.018567751006533705,0.018357769586145878,1.0,0.0,0.01350463628768921,0.15,0.15,True,False
0.93,11.290882110595703,4.511496543884277,1.034690499305725,0.981400000000002,1582,1472,0.5187728227149039,1.481227177285096,61.0,2.0,1.0,20.98758640439599,8.956906972268587,0.0,0.0,0.0,-0.6015339716063701,1.0,1.0,1.0,0.018432120171686016,0.01823842991143465,1.0,0.0,0.019747172594070436,0.15,0.15,True,False
0.935,11.282732009887695,4.441684246063232,1.0183477401733398,0.9813000000000021,1566,1437,0.5588750874886619,1.4411249125113381,43.0,3.0,0.0,19.238620870696323,8.210498057912872,0.0,0.0,0.0,-0.5514061406391726,1.0,1.0,1.0,0.018453344237059355,0.018266167802115284,1.0,0.0,0.014123197793960571,0.15,0.15,True,False
0.94,11.356478691101074,4.422790050506592,1.022756814956665,0.9812000000000021,1558,1439,0.5956354968646068,1.404364503135393,22.0,0.0,0.0,17.63540246480496,7.526289886420132,0.0,0.0,0.0,-0.5054556289192415,1.0,1.0,1.0,0.01840234501287341,0.018218938106050096,1.0,0.0,0.015184972286224365,0.15,0.15,True,False
0.945,11.406808853149414,4.477514743804932,1.020664930343628,0.9811000000000021,1574,1445,0.6293325387925564,1.3706674612074436,27.0,0.0,1.0,16.16578559273788,6.899099062551787,0.0,0.0,0.0,-0.4633343265093046,1.0,1.0,1.0,0.01833462156355381,0.018149826986094318,1.0,0.0,0.015976015329360962,0.15,0.15,True,False
0.95,11.403660774230957,4.508874416351318,1.0852490663528442,0.9810000000000021,1712,1583,0.6602214938931765,1.3397785061068235,30.0,6.0,0.0,14.818636793343055,6.324174140672471,0.0,0.0,0.0,-0.42472313263352923,1.0,1.0,1.0,0.01831241728117069,0.018130307241032522,1.0,0.0,0.01712234139442444,0.15,0.15,True,False
0.955,11.501813888549805,4.5616679191589355,1.0559605360031128,0.9809000000000021,1655,1524,0.35520303606874526,1.5,19.0,3.0,0.0,21.91708372723113,5.797159628949765,0.0,0.0,0.0,-0.8059962049140683,1.0,1.0,1.0,0.018257429668058954,0.01805154218648871,1.0,0.0,0.024223515987396242,0.15,0.15,True,False
0.96,11.638284683227539,4.571318626403809,1.0761646032333374,0.9808000000000021,1674,1536,0.7422694497296832,1.2577305502703169,26.0,1.0,1.0,20.0906600832952,13.647396326537283,0.0,0.0,0.0,-0.32216318783789594,1.0,1.0,1.0,0.01813900579387943,0.017944318242371082,1.0,0.0,0.02251095771789551,0.15,0.15,True,False
0.965,11.652521133422852,4.642812252044678,1.150174617767334,0.9824500000000022,1666,1545,0.763746995585543,1.2362530044144568,38.0,0.0,0.0,18.416438409687267,12.510113299325843,0.0,0.0,200.0,-0.29531625551807117,1.0,1.0,1.0,0.018118006798128288,0.01791824819520116,1.0,0.0,0.017355799674987793,0.15,0.15,True,False
0.97,11.58686351776123,4.7398576736450195,1.1930254697799683,0.9823500000000022,1676,1559,0.7834347459534144,1.2165652540465857,76.0,1.0,0.0,16.881735208879995,11.467603857715355,0.0,0.0,0.0,-0.27070656755823197,1.0,1.0,1.0,0.018153872806578875,0.017927889712154865,1.0,0.0,0.023230905532836917,0.15,0.15,True,False
0.975,11.540237426757812,4.766851425170898,1.2323346138000488,0.9840000000000022,1710,1583,1.1348151837906297,0.8651848162093703,24.0,5.0,1.0,15.474923941473328,18.845303536239072,0.0,0.0,200.0,0.1685189797382872,1.0,1.0,1.0,0.018189264616618555,0.017949479321638744,1.0,0.0,0.02738487243652344,0.15,0.15,True,False
0.98,11.531615257263184,4.8081207275390625,1.2801311016082764,0.9856500000000022,1640,1501,1.1235805851414105,0.8764194148585894,24.0,0.0,1.0,14.18534694635055,17.274861574885815,0.0,0.0,200.0,0.1544757314267632,1.0,1.0,1.0,0.01819364338492354,0.01794363915299376,1.0,0.0,0.03708243370056152,0.15,0.15,True,False
0.985,11.527705192565918,4.9179606437683105,1.3082506656646729,0.9855500000000023,1668,1547,0.7799488697129597,1.2200511302870403,22.0,0.0,0.0,21.33656803415467,15.835289776978662,0.0,0.0,0.0,-0.2750639128588004,1.0,1.0,1.0,0.018191372510045767,0.017925704208513103,1.0,0.0,0.046184954643249516,0.15,0.15,True,False
0.99,11.547258377075195,4.958274841308594,1.2961820363998413,0.9872000000000023,1713,1577,0.46495313057021315,1.5,40.0,0.0,0.0,27.891854031308444,14.515682295563773,0.0,0.0,200.0,-0.6688085867872335,1.0,1.0,1.0,0.018192384547243517,0.017917361110448837,1.0,0.0,0.03392755270004273,0.15,0.15,True,False
0.995,11.583187103271484,5.129619121551514,1.2992225885391235,0.9888500000000023,1584,1478,0.5095403696893621,1.4904596303106379,30.0,2.0,0.0,25.56753286203274,13.30604210426679,0.0,0.0,200.0,-0.6130745378882974,1.0,1.0,1.0,0.018079502818485103,0.017808919462064903,1.0,0.0,0.013146959543228151,0.15,0.15,True,False
1.0,11.54979133605957,5.377077579498291,1.2535064220428467,0.9887500000000023,1556,1449,0.5504120055485819,1.449587994451418,16.0,5.0,0.0,23.43690512353001,12.197205262244557,0.0,0.0,0.0,-0.5619849930642726,1.0,1.0,1.0,0.017988344188779593,0.01771827383587758,1.0,0.0,0.022986855506896976,0.15,0.15,True,False
1.005,11.543986320495605,5.441079139709473,1.2200498580932617,0.9886500000000024,1666,1535,0.9212110050862,1.0787889949138,37.0,1.0,1.0,21.483829696569174,19.514104823724175,0.0,0.0,0.0,-0.09848624364224996,1.0,1.0,1.0,0.017940130395193897,0.017681684500227373,1.0,0.0,0.015066922903060914,0.15,0.15,True,False
1.01,11.673686981201172,5.447658061981201,1.2031375169754028,0.9903000000000024,1654,1541,0.9277767546623501,1.07222324533765,30.0,2.0,0.0,19.693510555188407,17.88792942174716,0.0,0.0,200.0,-0.09027905667206237,1.0,1.0,1.0,0.017809094085047644,0.017562151576081913,1.0,0.0,0.014936256408691406,0.15,0.15,True,False
1.015,11.73385238647461,5.4030985832214355,1.1555144786834717,0.9902000000000024,1763,1625,0.9337953584404876,1.0662046415595123,36.0,1.0,1.0,18.052384675589373,16.397268636601563,0.0,0.0,0.0,-0.0827558019493905,1.0,1.0,1.0,0.017749435113122068,0.017509094905108213,1.0,0.0,0.016405203342437745,0.15,0.15,True,False
1.02,11.749478340148926,5.402746677398682,1.1568326950073242,0.9918500000000025,1754,1622,0.9393124119037803,1.0606875880962197,54.0,5.0,0.0,24.881352619290258,23.364162916884766,0.0,0.0,200.0,-0.0758594851202746,1.0,1.0,1.0,0.0177064739788572,0.017480071789274614,1.0,0.0,0.01809071660041809,0.15,0.15,True,False
1.025,11.7664155960083,5.428986549377441,1.1580313444137573,0.9935000000000025,1591,1486,0.9443697109117986,1.0556302890882014,25.0,1.0,1.0,22.807906567682735,21.4171493404777,0.0,0.0,200.0,-0.0695378613602518,1.0,1.0,1.0,0.017691791678468387,0.01746374337623517,1.0,0.0,0.019892722368240356,0.15,0.15,True,False
1.03,11.773396492004395,5.435006141662598,1.1675893068313599,0.9951500000000025,1726,1592,0.9490055683358153,1.0509944316641846,50.0,1.0,0.0,20.907247687042506,19.63238689543789,0.0,0.0,200.0,-0.06374303958023084,1.0,1.0,1.0,0.01767694794883331,0.017448761500418186,1.0,0.0,0.03019001960754395,0.15,0.15,True,False
1.035,11.780510902404785,5.467226982116699,1.2187613248825073,0.9950500000000025,1574,1467,0.9532551043078307,1.0467448956921692,29.0,5.0,0.0,19.16497704645563,17.996354654151396,0.0,0.0,0.0,-0.058431119615211635,1.0,1.0,1.0,0.017655900058647,0.017427030640343826,1.0,0.0,0.019720845222473145,0.15,0.15,True,False
1.04,11.84223747253418,5.51154899597168,1.2126481533050537,0.9949500000000026,1655,1511,0.9571505122821781,1.042849487717822,21.0,1.0,1.0,17.56789562591766,16.49665843297211,0.0,0.0,0.0,-0.053561859647277464,1.0,1.0,1.0,0.01763381762430072,0.017389695470531784,1.0,0.0,0.03196468114852906,0.15,0.15,True,False
1.045,11.874581336975098,5.545997142791748,1.210009217262268,0.9948500000000026,1692,1580,0.9607213029253299,1.0392786970746701,42.0,1.0,0.0,16.103904323757856,15.121936896891102,0.0,0.0,0.0,-0.04909837134333772,1.0,1.0,1.0,0.01761163196836909,0.017369761286924284,1.0,0.0,0.03131747722625733,0.15,0.15,True,False
1.05,11.902091026306152,5.607023239135742,1.2531471252441406,0.9947500000000026,1710,1585,0.9639945276815524,1.0360054723184478,31.0,5.0,0.0,14.761912296778034,13.861775488816843,0.0,0.0,0.0,-0.04500684039805956,1.0,1.0,1.0,0.017567664229621492,0.017327457511176668,1.0,0.0,0.03193491458892823,0.15,0.15,True,False
1.055,11.900684356689453,5.662023067474365,1.2570024728775024,0.9964000000000026,1647,1528,1.300328317041423,0.699671682958577,26.0,3.0,1.0,13.531752938713197,21.03996086474877,0.0,0.0,200.0,0.3754103963017787,1.0,1.0,1.0,0.017567022393147152,0.017314200134327017,1.0,0.0,0.04630224704742432,0.15,0.15,True,False
1.06,11.8787260055542,5.6816325187683105,1.2605425119400024,0.9980500000000027,1761,1614,1.2753009572879712,0.7246990427120289,37.0,0.0,1.0,12.404106860487097,19.286630792686374,0.0,0.0,400.0,0.34412619660996385,1.0,1.0,1.0,0.017558777083953224,0.017304313369095325,1.0,0.0,0.04643068790435791,0.15,0.15,True,False
1.065,11.883434295654297,5.707101821899414,1.2810676097869873,0.9979500000000027,1756,1631,0.9190258775139736,1.0809741224860263,57.0,1.0,0.0,19.70376462211317,17.67941155996251,0.0,0.0,0.0,-0.10121765310753297,1.0,1.0,1.0,0.017541544511914253,0.01728542692338427,1.0,0.0,0.04824747562408448,0.15,0.15,True,False
1.07,11.915069580078125,5.818418025970459,1.3090190887451172,0.9978500000000027,1614,1487,0.9257737210544758,1.0742262789455241,21.0,1.0,1.0,18.061784236937072,16.206127263298967,0.0,0.0,0.0,-0.09278284868190526,1.0,1.0,1.0,0.017487317478905123,0.017225459838906925,1.0,0.0,0.04810372829437256,0.15,0.15,True,False
1.075,11.937403678894043,5.877828598022461,1.2920432090759277,0.9995000000000027,1732,1609,0.9319592442999362,1.0680407557000637,24.0,4.0,0.0,16.556635550525648,14.855616658024053,0.0,0.0,200.0,-0.08505094462507978,1.0,1.0,1.0,0.01746863592416048,0.017199790260444086,1.0,0.0,0.02500358581542969,0.15,0.15,True,False
1.08,11.911815643310547,5.972012042999268,1.3082808256149292,1.0011500000000026,1793,1660,0.6042959739416083,1.3957040260583917,50.0,5.0,0.0,23.510249254648507,13.617648603188714,0.0,0.0,400.0,-0.49463003257298965,1.0,1.0,1.0,0.017429199069738388,0.017165808628002804,1.0,0.0,0.021463594436645507,0.15,0.15,True,False
1.085,11.84477710723877,6.106492519378662,1.3003276586532593,1.0028000000000026,1654,1546,0.9706046427798075,1.0293953572201924,39.0,3.0,1.0,21.55106181676113,20.81617788625632,0.0,0.0,200.0,-0.036744196525240545,1.0,1.0,1.0,0.01743089873343706,0.017163349160303674,1.0,0.0,0.03019544839859009,0.15,0.15,True,False
1.09,11.860891342163086,6.222671985626221,1.2657530307769775,1.0027000000000026,1713,1588,0.9730542558814902,1.0269457441185097,47.0,3.0,1.0,19.755139998697704,19.08149639573496,0.0,0.0,0.0,-0.033682180148137245,1.0,1.0,1.0,0.017365006109078727,0.017099538818001747,1.0,0.0,0.01644488573074341,0.15,0.15,True,False
1.095,11.95335865020752,6.286839962005615,1.2367205619812012,1.0043500000000025,1661,1530,0.9752997345580328,1.0247002654419672,27.0,2.0,0.0,18.10887833213956,17.49137169609038,0.0,0.0,400.0,-0.030875331802459095,1.0,1.0,1.0,0.017229551449418068,0.01697601517662406,1.0,0.0,0.023189897537231448,0.15,0.15,True,False
1.1,11.9786958694458,6.262793064117432,1.1997374296188354,1.0042500000000025,1616,1503,0.97735809001153,1.02264190998847,46.0,1.0,1.0,16.599805137794597,16.033757388082847,0.0,0.0,0.0,-0.02830238748558749,1.0,1.0,1.0,0.017192144878208637,0.016947437543421984,1.0,0.0,0.0205019474029541,0.15,0.15,True,False
1.105,12.010642051696777,6.28065824508667,1.180156946182251,1.0059000000000025,1659,1551,0.9792449158439025,1.0207550841560975,58.0,2.0,0.0,15.21648804297838,14.697610939075943,0.0,0.0,200.0,-0.025943855195121834,1.0,1.0,1.0,0.017135473899543285,0.016900675060848396,1.0,0.0,0.023788962364196777,0.15,0.15,True,False
1.11,12.05295467376709,6.336016654968262,1.1610491275787354,1.0058000000000025,1519,1411,0.6476411728569107,1.3523588271430893,19.0,4.0,0.0,22.281780706063515,13.47281002748628,0.0,0.0,0.0,-0.4404485339288617,1.0,1.0,1.0,0.017066187380502622,0.01683738548308611,1.0,0.0,0.023043875694274903,0.15,0.15,True,False
1.115,12.07962703704834,6.359704494476318,1.2129918336868286,1.0074500000000024,1631,1524,0.677004408452168,1.322995591547832,33.0,0.0,0.0,20.424965647224887,12.35007585852909,0.0,0.0,200.0,-0.40374448943478985,1.0,1.0,1.0,0.01702163756514589,0.016799132184435926,1.0,0.0,0.02168477773666382,0.15,0.15,True,False
1.12,12.132135391235352,6.446757793426514,1.21174955368042,1.0073500000000024,1589,1487,0.7039207077478207,1.2960792922521793,28.0,2.0,0.0,18.722885176622814,11.320902870318331,0.0,0.0,0.0,-0.3700991153152241,1.0,1.0,1.0,0.01698099464798967,0.01674423304696878,1.0,0.0,0.018411791324615477,0.15,0.15,True,False
1.125,12.251577377319336,6.494246959686279,1.1948109865188599,1.0090000000000023,1630,1510,0.728593982102169,1.271406017897831,31.0,3.0,1.0,17.16264474523758,10.377494297791804,0.0,0.0,200.0,-0.33925752237228873,1.0,1.0,1.0,0.01688540369893114,0.016649228831132255,1.0,0.0,0.0263658618927002,0.15,0.15,True,False
1.13,12.278077125549316,6.532740592956543,1.2387475967407227,1.0089000000000024,1627,1514,0.7512111502603216,1.2487888497396784,28.0,2.0,0.0,15.732424349801112,9.512703106309154,0.0,0.0,0.0,-0.31098606217459795,1.0,1.0,1.0,0.0168494515431424,0.01661918746928374,1.0,0.0,0.02091853141784668,0.15,0.15,True,False
1.135,12.271870613098145,6.623483657836914,1.3088197708129883,1.0105500000000023,1612,1510,0.7719435544052948,1.2280564455947052,31.0,2.0,0.0,14.421388987317686,8.719977847450057,0.0,0.0,200.0,-0.28507055699338146,1.0,1.0,1.0,0.016834688528130453,0.016591960253814857,1.0,0.0,0.02179558277130127,0.15,0.15,True,False
1.14,12.255454063415527,6.6742987632751465,1.3506473302841187,1.0104500000000023,1624,1513,0.7909482582048536,1.2090517417951463,21.0,1.0,0.0,13.219606571707878,7.9933130268292185,0.0,0.0,0.0,-0.261314677243933,1.0,1.0,1.0,0.01687085023149848,0.016608636360615492,1.0,0.0,0.025028905868530276,0.15,0.15,True,False
1.145,12.227032661437988,6.679817199707031,1.3730683326721191,1.0103500000000023,1694,1576,0.8083692366877825,1.1916307633122176,25.0,0.0,0.0,12.117972690732222,7.3272036079267835,0.0,0.0,0.0,-0.23953845414027192,1.0,1.0,1.0,0.016915216110646725,0.016642316865424316,1.0,0.0,0.036541759967803955,0.15,0.15,True,False
1.15,12.198280334472656,6.785842418670654,1.4059100151062012,1.0120000000000022,1740,1629,0.8243384669638006,1.1756615330361995,49.0,2.0,1.0,11.108141633171202,6.716603307266218,0.0,0.0,200.0,-0.21957691629524922,1.0,1.0,1.0,0.01690669528519114,0.016628176284333072,1.0,0.0,0.031164054870605473,0.15,0.15,True,False
1.155,12.234423637390137,6.862818241119385,1.4035228490829468,1.0119000000000022,1797,1649,0.8389769280501506,1.1610230719498493,35.0,5.0,0.0,10.182463163740268,6.156886364994032,0.0,0.0,0.0,-0.20127883993731177,1.0,1.0,1.0,0.01687847776338458,0.016592639343192182,1.0,0.0,0.04109726905822754,0.15,0.15,True,False
1.16,12.236376762390137,6.910107612609863,1.4013749361038208,1.0135500000000022,1701,1583,1.185728850712638,0.814271149287362,32.0,4.0,0.0,9.333924566761912,13.977145834577861,0.0,0.0,200.0,0.23216106339079748,1.0,1.0,1.0,0.016861394979059696,0.01657620848466953,1.0,0.0,0.01902499556541443,0.15,0.15,True,False
1.165,12.160706520080566,7.081243991851807,1.408463478088379,1.015200000000002,1641,1518,1.170251446486585,0.8297485535134151,34.0,1.0,2.0,8.556097519531752,12.812383681696373,0.0,0.0,200.0,0.21281430810823104,1.0,1.0,1.0,0.016838207375258207,0.016553784565379225,1.0,0.0,0.024204516410827638,0.15,0.15,True,False
1.17,12.121017456054688,7.2109222412109375,1.3744291067123413,1.016850000000002,1573,1456,0.8227304926127028,1.1772695073872972,22.0,0.0,0.0,16.176422726237437,11.744685041555007,0.0,0.0,400.0,-0.22158688423412148,1.0,1.0,1.0,0.016823209977398317,0.016537106906374298,1.0,0.0,0.013340306282043458,0.15,0.15,True,False
1.175,12.18978500366211,7.306469440460205,1.3432080745697021,1.016750000000002,1563,1431,0.8375029515616442,1.1624970484383557,22.0,1.0,0.0,14.828387499050983,10.76596128809209,0.0,0.0,0.0,-0.20312131054794466,1.0,1.0,1.0,0.016702027836193643,0.01642568890626232,1.0,0.0,0.013656808137893679,0.15,0.15,True,False
1.18,12.249528884887695,7.362306594848633,1.302233338356018,1.016650000000002,1627,1519,0.8510443722648406,1.1489556277351594,39.0,2.0,0.0,13.592688540796734,9.86879784741775,0.0,0.0,0.0,-0.18619453466894925,1.0,1.0,1.0,0.016592328902333975,0.016326744419833027,1.0,0.0,0.018517404794692993,0.15,0.15,True,False
1.185,12.258899688720703,7.34545373916626,1.2863304615020752,1.016550000000002,1632,1504,0.5301240079094371,1.4698759920905629,70.0,1.0,1.0,20.793297829063672,9.046398026799602,0.0,0.0,0.0,-0.5873449901132035,1.0,1.0,1.0,0.016562382224947214,0.016306708566844463,1.0,0.0,0.012263150215148927,0.15,0.15,True,False
1.19,12.30726146697998,7.383569240570068,1.26334547996521,1.016450000000002,1522,1403,0.9026136739169841,1.097386326083016,22.0,2.0,0.0,19.060523009975032,16.625864857899636,0.0,0.0,0.0,-0.12173290760376983,1.0,1.0,1.0,0.01651123631745577,0.016258026007562876,1.0,0.0,0.018250336647033693,0.15,0.15,True,False
1.195,12.368337631225586,7.44460916519165,1.2653007507324219,1.016350000000002,1748,1614,0.9107292010905689,1.089270798909431,34.0,3.0,0.0,17.47214609247711,15.240376119741333,0.0,0.0,0.0,-0.11158849863678891,1.0,1.0,1.0,0.016424724987397592,0.01617842974762122,1.0,0.0,0.028486149311065672,0.15,0.15,True,False
1.2,12.363912582397461,7.495516300201416,1.305465817451477,1.018000000000002,1699,1571,0.9181684343330214,1.0818315656669786,52.0,3.0,0.0,16.016133918104018,13.970344776429554,0.0,0.0,200.0,-0.10228945708372317,1.0,1.0,1.0,0.0164005005111297,0.016155241367717586,1.0,0.0,0.014635626077651977,0.15,0.15,True,False
1.205,12.466856002807617,7.594719409942627,1.2775328159332275,1.017900000000002,1635,1500,0.9249877314719364,1.0750122685280636,31.0,4.0,1.0,14.681456091595349,12.806149378393757,0.0,0.0,0.0,-0.09376533566007961,1.0,0.9872887531916301,0.980233649412791,0.016328413815548025,0.01607219067712625,1.0,0.0,0.026309335231781007,0.15,0.15,True,False
1.21,12.644241333007812,7.695207595825195,1.3111532926559448,1.017800000000002,1552,1447,0.931238753849275,1.068761246150725,36.0,3.0,1.0,13.458001417295735,11.73897026352761,0.0,0.0,0.0,-0.08595155768840623,1.0,0.9066296617190044,0.8890762180089951,0.016155791624138754,0.015910424602528415,1.0,0.0,0.018646559715270995,0.15,0.15,True,False
1.215,12.67874813079834,7.815677642822266,1.3733211755752563,1.019450000000002,1597,1494,0.6036355243618354,1.3963644756381646,37.0,3.0,1.0,20.669834632521088,10.760722741566976,0.0,0.0,200.0,-0.4954555945477056,1.0,0.8480066806077957,0.828355426589648,0.016120009434719883,0.015869340083251398,1.0,0.0,0.018001668453216553,0.15,0.15,True,False
1.22,12.6072359085083,7.910438537597656,1.410843014717102,1.019350000000002,1472,1369,0.6366658973316826,1.3633341026683174,25.0,1.0,0.0,18.94734841314433,9.863995846436394,0.0,0.0,0.0,-0.45416762833539676,1.0,0.8101519197225571,0.7890332490205765,0.016171947742501896,0.015904059788833063,0.0,0.0,0.021664180755615235,0.15,0.15,False,False
1.225,12.551705360412598,7.909976005554199,1.4443297386169434,1.021000000000002,1566,1461,0.6669437392207089,1.333056260779291,37.0,0.0,0.0,17.36840271204897,9.041996192566694,0.0,0.0,200.0,-0.4163203259741137,1.0,0.8173944552739462,0.7945440461238226,0.016224296608318887,0.015945547881225746,1.0,0.0,0.021289868354797365,0.15,0.15,True,False
1.23,12.525459289550781,7.915399551391602,1.4754494428634644,1.020900000000002,1566,1465,0.6946984276189833,1.3053015723810169,25.0,2.0,0.0,15.92103581937822,8.288496509852802,0.0,0.0,0.0,-0.3816269654762709,1.0,0.8200666556755702,0.7960326224565506,0.01624969920764367,0.015964451401184004,1.0,0.0,0.01703858256340027,0.15,0.15,True,False
1.235,12.504075050354004,8.000226974487305,1.5121289491653442,1.020800000000002,1509,1392,1.0534735586507347,0.9465264413492654,16.0,1.0,0.0,14.594282834430034,15.9311218006984,0.0,0.0,200.0,0.06684194831341825,1.0,0.7798073689142864,0.7561341424783071,0.016257852160682283,0.015966342762112617,0.0,0.0,0.02754502296447754,0.15,0.15,False,False
1.24,12.508343696594238,8.08191204071045,1.4894777536392212,1.020700000000002,1580,1485,0.7156840954298402,1.2843159045701598,38.0,0.0,1.0,21.71142593156086,14.603528317306866,0.0,0.0,200.0,-0.35539488071269976,1.0,0.7439791907866796,0.7164973517258962,0.016263374127447605,0.015964295404652756,0.0,0.0,0.01806140661239624,0.15,0.15,False,False
1.245,12.479390144348145,8.222851753234863,1.489018201828003,1.020600000000002,1494,1418,0.7393770874773535,1.2606229125226465,23.0,3.0,0.0,19.902140437264123,13.38656762419796,0.0,0.0,200.0,-0.32577864065330814,1.0,0.6802101681629817,0.6631703178087871,0.016205649978170793,0.01591157168149948,0.0,0.0,0.020214419364929202,0.15,0.15,False,False
1.25,12.377084732055664,8.317423820495605,1.517167568206787,1.020500000000002,1428,1345,0.7610956635209074,1.2389043364790926,11.0,4.0,0.0,18.24362873415878,12.271020322181464,0.0,0.0,0.0,-0.2986304205988658,1.0,0.645181362827619,0.6367118656635284,0.016233339750518404,0.015939132620890938,0.0,0.0,0.016772818565368653,0.15,0.15,False,False
1.255,12.351820945739746,8.448795318603516,1.4834072589874268,1.020400000000002,1384,1305,0.7810043582274985,1.2189956417725014,7.0,0.0,0.0,16.723326339645546,11.248435295333008,0.0,0.0,0.0,-0.2737445522156269,1.0,0.6048184384902319,0.5958240230878195,0.016223802231252193,0.015924280354132257,0.0,0.0,0.015701088905334473,0.15,0.15,False,False
1.26,12.437243461608887,8.593099594116211,1.4407438039779663,1.020300000000002,1415,1341,0.7992539950418737,1.2007460049581264,45.0,0.0,1.0,15.32971581134175,10.311065687388592,0.0,0.0,0.0,-0.2509325061976579,1.0,0.5544282744328182,0.5475284655888876,0.016067807252208393,0.015778210945427418,0.0,0.0,0.014163902997970582,0.15,0.15,False,False
1.265,12.472135543823242,8.628456115722656,1.4062052965164185,1.020200000000002,1479,1413,1.1493161621217174,0.8506838378782826,52.0,3.0,0.0,14.052239493729937,17.785143546772872,0.0,0.0,0.0,0.18664520265214674,1.0,0.5380651354789734,0.5350908140341442,0.01598500336209933,0.015706652775406837,0.0,0.0,0.018126409053802493,0.15,0.15,False,False
1.27,12.478837013244629,8.597052574157715,1.3775309324264526,1.020100000000002,1425,1357,1.1368731486115744,0.8631268513884257,3.0,4.0,1.0,12.881219535919108,16.303048251208466,0.0,0.0,0.0,0.1710914357644679,1.0,0.5449612438678741,0.5441778401533763,0.015976077411323786,0.015702872381856046,0.0,0.0,0.013460915088653566,0.15,0.15,False,False
1.275,12.553278923034668,8.65048599243164,1.3578914403915405,1.020000000000002,1369,1293,1.125467052893943,0.8745329471060569,7.0,1.0,1.0,11.807784574592516,14.944460896941093,0.0,0.0,0.0,0.1568338161174289,1.0,0.5259851366281509,0.5250583589076996,0.015889290565003954,0.015622340142726898,0.0,0.0,0.02037031412124634,0.15,0.15,False,False
1.28,12.590460777282715,8.703073501586914,1.3766494989395142,1.019900000000002,1452,1362,1.1150114651527812,0.8849885348472188,16.0,0.0,0.0,10.823802526709805,13.699089155529334,0.0,0.0,0.0,0.14376433144097645,1.0,0.5078689505656561,0.5079056570927303,0.015825971495360136,0.015564445250978073,0.0,0.0,0.03716395139694214,0.15,0.15,False,False
1.285,12.586249351501465,8.770830154418945,1.4069050550460815,1.019800000000002,1318,1242,1.1054271763900494,0.8945728236099506,5.0,2.0,0.0,9.92181898281732,12.557498392568556,0.0,0.0,0.0,0.13178397048756177,1.0,0.49053944647312164,0.4899049053589503,0.015809746303906046,0.015545047353953123,0.0,0.0,0.01854258179664612,0.15,0.15,False,False
1.29,12.688218116760254,8.935789108276367,1.4021613597869873,1.019700000000002,1311,1236,1.0966415783575454,0.9033584216424547,14.0,2.0,1.0,9.09500073424921,11.511040193187842,0.0,0.0,0.0,0.12080197294693162,1.0,0.4496654123067856,0.4445236548781395,0.01570727676153183,0.015436573885381222,0.0,0.0,0.0171690845489502,0.15,0.15,False,False
1.295,12.799177169799805,9.048521995544434,1.4380701780319214,1.019600000000002,1419,1330,1.0885881134944166,0.9114118865055835,37.0,1.0,0.0,8.33708400639511,10.551786843755522,0.0,0.0,0.0,0.11073514186802065,1.0,0.4264643043279648,0.4199137662847837,0.015608267858624458,0.015341694621990126,0.0,0.0,0.018194478750228883,0.15,0.15,False,False
1.3,12.771737098693848,9.145434379577637,1.469030499458313,1.019500000000002,1459,1380,1.4145391040365483,0.5854608959634516,13.0,2.0,0.0,7.6423270058621835,18.005804606775893,0.0,0.0,0.0,0.5181738800456854,1.0,0.41153301795323693,0.40420347203811013,0.015618527152885994,0.015344534379740557,0.0,0.0,0.015362993478775025,0.15,0.15,False,False
1.305,12.694884300231934,9.222647666931152,1.4963651895523071,1.019400000000002,1309,1248,1.3799941787001693,0.6200058212998307,12.0,0.0,1.0,7.005466422040334,16.505320889544567,0.0,0.0,0.0,0.4749927233752116,1.0,0.3987436617414157,0.39138628790775937,0.015659930650144815,0.015377271920442581,0.0,0.0,0.017466626167297362,0.15,0.15,False,False
1.31,12.677249908447266,9.223225593566895,1.5201555490493774,1.019300000000002,1338,1267,1.3483279971418218,0.6516720028581782,18.0,3.0,1.0,6.421677553536973,15.129877482082518,0.0,0.0,0.0,0.43540999642727735,1.0,0.39897737403710687,0.39039209485054016,0.015681072448690735,0.015392606146633625,0.0,0.0,0.015008403062820436,0.15,0.15,False,False
1.315,12.66183853149414,9.28833293914795,1.5487629175186157,1.019200000000002,1377,1319,0.9859673307133366,1.0140326692866632,43.0,0.0,0.0,14.219871090742224,13.86905435857564,0.0,0.0,0.0,-0.01754083660832917,1.0,0.3883027036984762,0.3794707854588827,0.01567810696239273,0.015385843968639772,0.0,0.0,0.02338936805725098,0.15,0.15,False,False
1.32,12.651432037353516,9.36866283416748,1.559777855873108,1.0191000000000021,1382,1314,0.6538033864872252,1.3461966135127748,19.0,1.0,0.0,21.368215166513703,12.713299828694337,0.0,0.0,0.0,-0.43274576689096833,1.0,0.3760717809200287,0.3664826850096385,0.015679653733968735,0.015382418253769478,0.0,0.0,0.028586633205413818,0.15,0.15,False,False
1.325,12.664968490600586,9.414956092834473,1.5373167991638184,1.0190000000000021,1314,1247,0.6826531042799566,1.3173468957200434,7.0,2.0,0.0,19.587530569304228,11.653858176303142,0.0,0.0,0.0,-0.3966836196500543,1.0,0.36904669056336087,0.35879720002412796,0.015666562442978225,0.015367319186528524,0.0,0.0,0.019527735710144045,0.15,0.15,False,False
1.33,12.60419750213623,9.565116882324219,1.5431450605392456,1.0189000000000021,1399,1319,0.7090986789232935,1.2909013210767064,3.0,2.0,1.0,17.95523635519554,10.68270332827788,0.0,0.0,0.0,-0.3636266513458831,1.0,0.3449401880304019,0.3383844594160716,0.015624907488624256,0.015330010404189428,0.0,0.0,0.018061866760253908,0.15,0.15,False,False
1.335,12.475750923156738,9.68952751159668,1.5182312726974487,1.0188000000000021,1311,1244,0.7333404556796856,1.2666595443203144,6.0,1.0,0.0,16.458966658929246,9.792478050921389,0.0,0.0,0.0,-0.33332443040039283,1.0,0.33090464770793915,0.3265779589613279,0.01566660280028979,0.015370693678657215,0.0,0.0,0.014442381858825685,0.15,0.15,False,False
1.34,12.489275932312012,9.818072319030762,1.4875061511993408,1.0187000000000022,1344,1272,0.7555620843730453,1.2444379156269547,13.0,1.0,0.0,15.087386104018474,8.976438213344606,0.0,0.0,0.0,-0.3055473945336934,1.0,0.31533622493346536,0.312156118452549,0.015589992205301922,0.015299567021429539,0.0,0.0,0.015118869543075564,0.15,0.15,False,False
1.345,12.58134937286377,9.915618896484375,1.4605846405029297,1.0186000000000022,1461,1396,0.7759319106752915,1.2240680893247085,43.0,4.0,1.0,13.8301039286836,8.22840169556589,0.0,0.0,0.0,-0.28008511165588557,1.0,0.2999621505538623,0.2976896365483602,0.015451469613860052,0.015170509771754345,0.0,0.0,0.017398645877838136,0.15,0.15,False,False
1.35,12.61383056640625,9.910131454467773,1.4320701360702515,1.0185000000000022,1417,1352,0.7946042514523506,1.2053957485476494,24.0,3.0,1.0,12.677595267959967,7.5427015542687315,0.0,0.0,0.0,-0.25674468568456177,1.0,0.2983502298593521,0.29696197559436166,0.015409478607277077,0.015134052373468876,0.0,0.0,0.014353169202804567,0.15,0.15,False,False
1.355,12.635238647460938,9.913826942443848,1.415550947189331,1.0184000000000022,1347,1279,0.8117205638313213,1.1882794361686786,2.0,1.0,1.0,19.954462328963302,15.247476424746335,0.0,0.0,0.0,-0.23534929521084838,1.0,0.29676131904125214,0.29609108964602154,0.015381524960199993,0.01511021750047803,0.0,0.0,0.01298816442489624,0.15,0.15,False,False
1.36,12.68918228149414,9.999149322509766,1.388861894607544,1.0183000000000022,1293,1213,0.49407718351204455,1.5,2.0,1.0,0.0,26.62492380154969,13.976853389350806,0.0,0.0,0.0,-0.6324035206099443,1.0,0.2862305318315824,0.28569358090559643,0.01530560509612163,0.0150381230438749,0.0,0.0,0.028445019721984866,0.15,0.15,False,False
1.365,12.700014114379883,10.032114028930664,1.4319571256637573,1.0182000000000022,1366,1290,0.5362374182193741,1.463762581780626,20.0,0.0,0.0,24.40618015142055,12.812115606904905,0.0,0.0,0.0,-0.5797032272257823,1.0,0.2818164974451065,0.2824125563104948,0.01525906069825093,0.014998880991091331,0.0,0.0,0.025697705745697026,0.15,0.15,False,False
1.37,12.738308906555176,10.143081665039062,1.4456510543823242,1.0181000000000022,1343,1272,0.5748843000344264,1.4251156999655736,24.0,3.0,1.0,22.372331805468836,11.744439306329497,0.0,0.0,0.0,-0.531394624956967,1.0,0.27042295783758163,0.2690901110569636,0.015228975098580122,0.014959456554303568,0.0,0.0,0.02224935293197632,0.15,0.15,False,False
1.375,12.881141662597656,10.234546661376953,1.4385247230529785,1.0180000000000022,1412,1356,0.6103106083648908,1.3896893916351092,14.0,2.0,0.0,20.507970821679766,10.765736030802039,0.0,0.0,0.0,-0.48711173954388637,1.0,0.2605525776743889,0.2575883890191714,0.015116251694659393,0.014846207729230326,0.0,0.0,0.019027981758117676,0.15,0.15,False,False
1.38,12.941105842590332,10.294344902038574,1.4910856485366821,1.0179000000000022,1359,1303,0.6427847243344833,1.3572152756655167,3.0,3.0,0.0,18.79897325320645,9.868591361568535,0.0,0.0,0.0,-0.4465190945818958,1.0,0.2557372550169627,0.2528940762082736,0.015057179455955824,0.014791102148592472,0.0,0.0,0.019884270429611207,0.15,0.15,False,False
1.385,12.844145774841309,10.364349365234375,1.5439224243164062,1.0178000000000023,1298,1235,0.6725526639732764,1.3274473360267236,7.0,0.0,3.0,17.23239214877258,9.04620874810449,0.0,0.0,0.0,-0.40930917003340445,1.0,0.25119323283433914,0.24762220680713654,0.015127280882249277,0.014849267123887937,0.0,0.0,0.019018486738204957,0.15,0.15,False,False
1.39,12.754546165466309,10.396695137023926,1.5818729400634766,1.0177000000000023,1428,1363,0.6998399419755035,1.3001600580244965,39.0,0.0,0.0,15.796359469708197,8.292358019095783,0.0,0.0,0.0,-0.3752000725306207,1.0,0.24910273651281994,0.24462229261795682,0.015208191083123287,0.014918701878438394,0.0,0.0,0.02015319108963013,0.15,0.15,False,False
1.395,12.75269889831543,10.385110855102539,1.6444625854492188,1.0176000000000023,1286,1217,0.7248532801442115,1.2751467198557886,21.0,2.0,0.0,14.479996180565847,7.601328184171134,0.0,0.0,0.0,-0.34393339981973564,1.0,0.25048901637395227,0.24497107913096747,0.015232653822749853,0.014937570473800104,0.0,0.0,0.020367159843444827,0.15,0.15,False,False
1.4,12.708211898803711,10.480672836303711,1.7038078308105469,1.0175000000000023,1304,1241,0.7477821734655272,1.2522178265344728,5.0,2.0,0.0,13.27332983218536,6.967884168823539,0.0,0.0,0.0,-0.315272283168091,1.0,0.24454455822706223,0.23776667813460034,0.015283244041105112,0.014977723670502504,0.0,0.0,0.02102171897888184,0.15,0.15,False,False
1.405,12.636356353759766,10.590144157409668,1.694753646850586,1.0174000000000023,1356,1290,0.7688003256767333,1.2311996743232667,1.0,2.0,1.0,12.16721901283658,6.38722715475491,0.0,0.0,0.0,-0.28899959290408345,1.0,0.23779458055893582,0.23006570835908255,0.015354466158896685,0.01503924916808804,0.0,0.0,0.04482873439788819,0.15,0.15,False,False
1.41,12.611727714538574,10.68468189239502,1.7009549140930176,1.0173000000000023,1329,1257,0.4547336318703389,1.5,7.0,1.0,0.0,19.48661742843353,5.854958225192001,0.0,0.0,0.0,-0.6815829601620764,1.0,0.22987915823856991,0.222996324300766,0.01532841706648469,0.015014361900587877,0.0,0.0,0.02142310857772827,0.15,0.15,False,False
1.415,12.53868579864502,10.798165321350098,1.7154814004898071,1.0172000000000023,1328,1273,0.500172495881144,1.499827504118856,4.0,1.0,0.0,26.196065976064066,13.700378373092665,0.0,0.0,0.0,-0.6247843801485701,1.0,0.22217828780412674,0.21608596046765646,0.0153343480390807,0.015019497368484735,0.0,0.0,0.0091440349817276,0.15,0.15,False,False
1.42,12.454465866088867,10.922849655151367,1.697158694267273,1.0171000000000023,1335,1266,0.5418247878910487,1.4581752121089513,13.0,8.0,1.0,24.013060478058726,12.558680175334942,0.0,0.0,0.0,-0.5727190151361892,1.0,0.21476530780394873,0.2090854694445928,0.015352707511434954,0.01503626039872567,0.0,0.0,0.009705612659454346,0.15,0.15,False,False
1.425,12.451807975769043,11.07164478302002,1.6754802465438843,1.0170000000000023,1327,1274,0.9133393889001279,1.0866606110998722,27.0,1.0,1.0,22.011972104887164,19.84545682739036,0.0,0.0,0.0,-0.10832576387484014,1.0,0.20391123369336128,0.1991695600251357,0.015272710006684065,0.014961229171603918,0.0,0.0,0.015361860990524293,0.15,0.15,False,False
1.43,12.485883712768555,11.159525871276855,1.6428370475769043,1.0169000000000024,1352,1283,0.5872277731584505,1.4127722268415495,12.0,1.0,0.0,28.510974429479898,18.191668758441164,0.0,0.0,0.0,-0.5159652835519367,1.0,0.1970150632162889,0.19301257406671843,0.015187421037505072,0.014881868070612352,0.0,0.0,0.019059596061706544,0.15,0.15,False,False
1.435,12.515164375305176,11.119595527648926,1.6190025806427002,1.0168000000000024,1255,1192,0.6216254587285797,1.3783745412714203,8.0,0.0,1.0,26.135059893689906,16.6756963619044,0.0,0.0,0.0,-0.4729681765892753,1.0,0.19853920365373295,0.19503213465213776,0.015165555911759537,0.01486293428267042,0.0,0.0,0.011644045114517212,0.15,0.15,False,False
1.44,12.577848434448242,11.154499053955078,1.6093074083328247,1.0167000000000024,1220,1154,0.653156670501198,1.346843329498802,5.0,1.0,0.0,23.957138235882415,15.286054998412366,0.0,0.0,0.0,-0.43355416187350243,1.0,0.19588802630702656,0.19254548475146294,0.015104280319064856,0.014804073919852575,0.0,0.0,0.01877155900001526,0.15,0.15,False,False
1.445,12.603814125061035,11.230269432067871,1.6069602966308594,1.0166000000000024,1274,1206,0.3487269479594315,1.5,1.0,0.0,0.0,30.294043382892212,14.012217081878001,0.0,0.0,0.0,-0.8140913150507106,1.0,0.19096268340945244,0.18785140787561735,0.015051994317521652,0.014753981182972591,0.0,0.0,0.02461757898330689,0.15,0.15,False,False
1.45,12.58887004852295,11.272331237792969,1.677350401878357,1.0165000000000024,1290,1222,0.4029997022961457,1.5,2.0,1.0,1.0,27.769539767651192,12.844532325054834,0.0,0.0,0.0,-0.7462503721298179,1.0,0.18848206227024397,0.18564685558279356,0.015036052403350672,0.014739742036908865,0.0,0.0,0.0148494827747345,0.15,0.15,False,False
1.455,12.654109001159668,11.386661529541016,1.6652811765670776,1.0164000000000024,1364,1307,0.7860830604381335,1.2139169395618665,18.0,4.0,0.0,25.45541145368026,20.107487964633595,0.0,0.0,0.0,-0.2673961744523332,1.0,0.18318615853786469,0.1787666231393814,0.015017906359086435,0.01471113646402955,0.0,0.0,0.01607719898223877,0.15,0.15,False,False
1.46,12.774930953979492,11.47713565826416,1.6815329790115356,1.0163000000000024,1326,1270,0.803909472068289,1.1960905279317111,13.0,3.0,1.0,23.33412716587357,18.431863967580796,0.0,0.0,0.0,-0.24511315991463878,1.0,0.17856394251187643,0.17408274735013646,0.014905366115272045,0.014603547751903534,0.0,0.0,0.02121363639831543,0.15,0.15,False,False
1.465,12.748880386352539,11.546793937683105,1.737718105316162,1.0162000000000024,1280,1221,0.8202503493959316,1.1797496506040686,7.0,0.0,1.0,21.38961656871744,16.89587530361573,0.0,0.0,0.0,-0.22468706325508556,1.0,0.17628484716018042,0.17182111740112305,0.014914350273708504,0.014610808963576954,0.0,0.0,0.02024993419647217,0.15,0.15,False,False
1.47,12.628625869750977,11.597278594970703,1.7791061401367188,1.0161000000000024,1331,1269,0.8352294869462705,1.1647705130537296,10.0,1.0,1.0,19.60714852132432,15.487885694981083,0.0,0.0,0.0,-0.2059631413171618,1.0,0.17421287174026173,0.16923082992434502,0.015015651006251574,0.014701875237127146,0.0,0.0,0.019844896793365478,0.15,0.15,False,False
1.475,12.579102516174316,11.599106788635254,1.814016342163086,1.0160000000000025,1333,1280,0.8489603630340813,1.1510396369659186,12.0,2.0,0.0,17.973219477880626,14.197228553732659,0.0,0.0,0.0,-0.18879954620739836,1.0,0.17422836894790333,0.16872674847642583,0.015074790765841803,0.01475527494524916,0.0,0.0,0.02156263113021851,0.15,0.15,False,False
1.48,12.569029808044434,11.62597942352295,1.8609377145767212,1.0159000000000025,1382,1310,0.5282136661145747,1.4717863338854253,40.0,0.0,0.0,24.80878452139057,13.014126174254937,0.0,0.0,0.0,-0.5897329173567817,1.0,0.17319479957222939,0.1673032653828462,0.015089966667195162,0.014767698788394531,0.0,0.0,0.026538233757019043,0.15,0.15,False,False
1.485,12.500242233276367,11.704198837280273,1.8889168500900269,1.0158000000000025,1462,1399,0.9008625272716934,1.0991374727283065,12.0,7.0,1.0,22.74138581127469,20.262948993067024,0.0,0.0,0.0,-0.12392184091038327,1.0,0.17051559562484425,0.16424051796396574,0.015149960139145454,0.014822503241399925,0.0,0.0,0.03649033784866333,0.15,0.15,False,False
1.49,12.471454620361328,11.748799324035645,1.866767406463623,1.0157000000000025,1296,1228,0.9091239833323856,1.0908760166676144,2.0,3.0,0.0,20.846270327001797,18.57436991031144,0.0,0.0,0.0,-0.11359502083451786,1.0,0.16936700170238814,0.16271418581406277,0.015186788514256477,0.014856206253170967,0.0,0.0,0.021350440979003907,0.15,0.15,False,False
1.495,12.3958101272583,11.892765045166016,1.8940255641937256,1.0156000000000025,1336,1272,1.2500303180546868,0.7499696819453132,2.0,2.0,2.0,19.10908113308498,25.35983908445215,0.0,0.0,0.0,0.3125378975683585,1.0,0.16241315131386122,0.1567683058480422,0.015162717706213396,0.014833531652887663,0.0,0.0,0.022626345157623292,0.15,0.15,False,False
1.5,12.218060493469238,12.034026145935059,1.8841267824172974,1.0155000000000025,1397,1318,0.895861124883463,1.104138875116537,8.0,0.0,0.0,25.84999103866123,23.246519160747805,0.0,0.0,0.0,-0.13017359389567124,1.0,0.15670952076713246,0.151470930625995,0.015252186761548122,0.01491934759542346,0.0,0.0,0.007275798916816711,0.15,0.15,False,False
1.505,12.107741355895996,12.160822868347168,1.8373777866363525,1.0154000000000025,1374,1318,0.9045393644765078,1.0954606355234922,29.0,0.0,0.0,23.69582511877279,21.30930923068549,0.0,0.0,0.0,-0.11932579440436512,1.0,0.15160168210665387,0.14691468949119252,0.015273002597192924,0.01494056157146891,0.0,0.0,0.01682037949562073,0.15,0.15,False,False
1.51,12.15492057800293,12.268462181091309,1.810896635055542,1.0153000000000025,1245,1176,0.9124944174367989,1.087505582563201,6.0,1.0,0.0,21.721173025541724,19.533533461461698,0.0,0.0,0.0,-0.1093819782040013,1.0,0.14626376330852509,0.14237866426507634,0.015148241072893143,0.01482334298392137,0.0,0.0,0.02140044927597046,0.15,0.15,False,False
1.515,12.241838455200195,12.301982879638672,1.7922446727752686,1.0152000000000025,1327,1261,0.9197865493170657,1.0802134506829342,3.0,2.0,1.0,19.911075273413246,17.90573900633989,0.0,0.0,0.0,-0.10026681335366786,1.0,0.14403311535716057,0.1405220478773117,0.0150514153453211,0.014730424930651983,0.0,0.0,0.018197078704833985,0.15,0.15,False,False
1.52,12.26844596862793,12.278064727783203,1.7478787899017334,1.0151000000000026,1284,1210,1.2598043368739769,0.7401956631260231,14.0,2.0,0.0,18.251819000628807,24.74692742247823,0.0,0.0,0.0,0.32475542109247113,1.0,0.14474529772996902,0.1413129394253095,0.015046026092022657,0.014723726393034061,0.0,0.0,0.010851815938949586,0.15,0.15,False,False
1.525,12.298585891723633,12.340214729309082,1.7160046100616455,1.0150000000000026,1275,1220,1.2381539754678124,0.7618460245321877,18.0,0.0,0.0,16.730834083909738,22.684683470605044,0.0,0.0,0.0,0.29769246933476534,1.0,0.14198597520589828,0.13909814258416495,0.014972958403329056,0.014655538058529299,0.0,0.0,0.014794896841049196,0.15,0.15,False,False
1.53,12.31251335144043,12.411115646362305,1.7249029874801636,1.0149000000000026,1342,1270,1.2183078108454946,0.7816921891545054,22.0,0.0,1.0,15.336597910250592,20.794293181387957,0.0,0.0,0.0,0.2728847635568682,1.0,0.1390783799191316,0.13665809606512389,0.01490968589981397,0.014597190699229639,0.0,0.0,0.029637053012847903,0.15,0.15,False,False
1.535,12.306245803833008,12.45805549621582,1.7519410848617554,1.0148000000000026,1270,1202,1.2001154932750366,0.7998845067249634,3.0,1.0,0.0,14.058548084396376,19.061435416272293,0.0,0.0,0.0,0.2501443665937958,1.0,0.13755257551868758,0.1350765923659007,0.014903740181277197,0.014590312882016104,0.0,0.0,0.020004827976226807,0.15,0.15,False,False
1.54,12.373408317565918,12.604639053344727,1.7316653728485107,1.0147000000000026,1277,1208,1.1834392021687836,0.8165607978312164,3.0,1.0,0.0,12.887002410696677,17.472982464916267,0.0,0.0,0.0,0.2292990027109795,1.0,0.13303013518452644,0.13015008221069974,0.014842715269575518,0.01452646063019832,0.0,0.0,0.018715604543685916,0.15,0.15,False,False
1.545,12.460196495056152,12.742770195007324,1.7625961303710938,1.0146000000000026,1385,1319,1.1681526019880515,0.8318473980119484,5.0,1.0,1.0,11.813085543138621,16.01690059283991,0.0,0.0,0.0,0.21019075248506444,1.0,0.1289757899940014,0.12634242574373883,0.014718029803285997,0.014407697599381208,0.0,0.0,0.015122729539871215,0.15,0.15,False,False
1.55,12.397018432617188,12.842390060424805,1.8154706954956055,1.0145000000000026,1297,1237,1.1541398851557139,0.8458601148442861,10.0,2.0,0.0,10.828661747877069,14.682158876769916,0.0,0.0,0.0,0.19267485644464238,1.0,0.126440841704607,0.12369017427166304,0.014756595094998678,0.014441956300288439,0.0,0.0,0.018123239278793335,0.15,0.15,False,False
1.555,12.277029991149902,12.878915786743164,1.837736964225769,1.0144000000000026,1305,1244,1.141294894726071,0.858705105273929,8.0,4.0,1.0,9.926273268887313,13.458645637039089,0.0,0.0,0.0,0.1766186184075888,1.0,0.1254125994940599,0.12229328975081444,0.014872636335591476,0.014549070037901402,0.0,0.0,0.0189749014377594,0.15,0.15,False,False
1.56,12.26125431060791,12.835922241210938,1.863811731338501,1.0143000000000026,1321,1246,1.4628536534988983,0.5371463465011017,28.0,0.0,1.0,9.09908382981337,20.670425167285828,0.0,0.0,0.0,0.5785670668736229,1.0,0.1265008809665839,0.12315659473339717,0.014904525596648455,0.01457836866999666,0.0,0.0,0.012227704524993898,0.15,0.15,False,False
1.565,12.214251518249512,12.887697219848633,1.8769861459732056,1.0142000000000027,1295,1232,1.5,0.24238415095934318,10.0,2.0,0.0,8.34082684399559,27.281223070012008,0.0,0.0,0.0,0.9470198113008209,1.0,0.12514240418871245,0.12171593184272449,0.014930106699466705,0.014601713046431541,0.0,0.0,0.016149790287017823,0.15,0.15,False,False
1.57,12.160714149475098,13.013340950012207,1.8882936239242554,1.0141000000000027,1386,1319,1.5,0.30551880504606466,10.0,1.0,0.0,7.645757940329291,25.00778781417767,0.0,0.0,0.0,0.8681014936924191,1.0,0.12184249858061473,0.11847150201598804,0.014940996188670397,0.014610523357987404,0.0,0.0,0.032637805938720704,0.15,0.15,False,False
1.575,12.18602180480957,13.040387153625488,1.8658558130264282,1.0140000000000027,1259,1197,1.5,0.36339223795889264,8.0,0.0,1.0,7.00861144530185,22.923805496329532,0.0,0.0,0.0,0.7957597025513842,1.0,0.1212250255048275,0.1177059921125571,0.01492891615877549,0.014598056829224031,0.0,0.0,0.019078456163406372,0.15,0.15,False,False
1.58,12.0784273147583,13.145125389099121,1.8805721998214722,1.0139000000000027,1265,1206,1.5,0.4164428847956516,8.0,2.0,0.0,6.424560491526695,21.013488371635404,0.0,0.0,0.0,0.7294463940054354,1.0,0.1175184485812982,0.11461113890012106,0.01492750287676851,0.014598066142449777,0.0,0.0,0.02724247455596924,0.15,0.15,False,False
1.585,11.886618614196777,13.22767448425293,1.8384822607040405,1.0138000000000027,1247,1188,1.5,0.46507264439601403,3.0,1.0,0.0,5.889180450566137,19.262364340665787,0.0,0.0,0.0,0.6686591945049825,1.0,0.11545966068903606,0.11275023221969604,0.015038800581047933,0.014706366540243229,0.0,0.0,0.012654595375061037,0.15,0.15,False,False
1.59,11.850183486938477,13.329682350158691,1.76859712600708,1.0137000000000027,1431,1358,1.1570167426369873,0.8429832573630128,13.0,3.0,1.0,13.731748746352292,17.65716731227697,0.0,0.0,0.0,0.196270928296234,1.0,0.11309653520584106,0.11077209686239561,0.014997293862203758,0.014668017781029146,0.0,0.0,0.0214546799659729,0.15,0.15,False,False
1.595,11.927810668945312,13.424267768859863,1.7287756204605103,1.0136000000000027,1470,1403,1.1439320140839049,0.856067985916095,23.0,3.0,2.0,12.587436350822934,16.185736702920558,0.0,0.0,0.0,0.1799150176048812,1.0,0.1098012924194336,0.1081490827103456,0.014843373404194912,0.014524362049996853,0.0,0.0,0.019238619804382327,0.15,0.15,False,False
1.6,11.989622116088867,13.446398735046387,1.6764360666275024,1.0135000000000027,1325,1271,1.131937679576913,0.8680623204230872,14.0,1.0,0.0,11.53848332158769,14.83692531101051,0.0,0.0,0.0,0.16492209947114106,1.0,0.1086069643497467,0.10729631719489893,0.0147626797358195,0.014448966054866712,0.0,0.0,0.02167764663696289,0.15,0.15,False,False
1.605,12.025006294250488,13.496487617492676,1.6281782388687134,1.0134000000000027,1292,1241,1.1209428729455033,0.8790571270544966,4.0,4.0,0.0,10.576943044788715,13.6005148684263,0.0,0.0,0.0,0.15117859118187926,1.0,0.10706236585974693,0.10615437291562557,0.014683341141790152,0.014376683781544369,0.0,0.0,0.019997762441635134,0.15,0.15,False,False
1.61,12.03195858001709,13.664071083068848,1.6000961065292358,1.0133000000000028,1255,1190,1.1108643002000447,0.8891356997999552,13.0,0.0,1.0,9.695531124389655,12.467138629390774,0.0,0.0,0.0,0.13858037525005598,1.0,0.1032426580786705,0.10274654564758143,0.014576277074714502,0.01427872572094202,0.0,0.0,0.03290427684783936,0.15,0.15,False,False
1.615,12.029767036437988,13.730072021484375,1.6213279962539673,1.0132000000000028,1288,1238,1.1016256085167078,0.8983743914832923,25.0,0.0,0.0,8.887570197357183,11.428210410274875,0.0,0.0,0.0,0.1270320106458846,1.0,0.10164509527385235,0.1013911080857118,0.014526251082619032,0.014234627597033978,0.0,0.0,0.01913069248199463,0.15,0.15,False,False
1.62,12.04902172088623,13.818363189697266,1.611594319343567,1.0131000000000028,1197,1145,1.0931568078069822,0.9068431921930179,3.0,0.0,0.0,8.146939347577417,10.47585954275197,0.0,0.0,0.0,0.11644600975872761,1.0,0.09983588630954425,0.09938156232237816,0.0145048003954192,0.014209018554538488,0.0,0.0,0.018628743886947633,0.15,0.15,False,False
1.625,12.116442680358887,13.890175819396973,1.5892361402511597,1.0130000000000028,1279,1222,1.0853937404897336,0.9146062595102664,4.0,1.0,0.0,7.468027735279299,9.602871247522637,0.0,0.0,0.0,0.10674217561216692,1.0,0.09831711339453857,0.09786697725454967,0.014426060952246189,0.014133244597663483,0.0,0.0,0.014766249656677246,0.15,0.15,False,False
1.63,12.141984939575195,13.992690086364746,1.628679633140564,1.0129000000000028,1289,1232,1.0782775954489223,0.9217224045510776,7.0,1.0,1.0,6.84569209067269,8.80263197689575,0.0,0.0,0.0,0.09784699431115298,1.0,0.09636969305574894,0.09606277570128441,0.014362764389564594,0.014074246864765882,0.0,0.0,0.014698925018310546,0.15,0.15,False,False
1.635,12.092365264892578,14.118896484375,1.6757392883300781,1.0128000000000028,1314,1260,1.0717544624948456,0.9282455375051545,8.0,0.0,0.0,6.275217749783299,8.069079312154438,0.0,0.0,0.0,0.08969307811855694,1.0,0.09411258002122244,0.09357831130425136,0.014388902733723324,0.014093393304695686,0.0,0.0,0.014339390993118286,0.15,0.15,False,False
1.64,12.062338829040527,14.153422355651855,1.7135825157165527,1.0127000000000028,1304,1244,1.0657749239536083,0.9342250760463916,15.0,1.0,0.0,5.7522829373013575,7.396656036141567,0.0,0.0,0.0,0.08221865494201049,1.0,0.09357019948462646,0.09272535021106403,0.01443602532769243,0.014132729265838861,0.0,0.0,0.015268867015838624,0.15,0.15,False,False
1.645,12.042409896850586,14.147253036499023,1.7373700141906738,1.0126000000000028,1307,1252,1.3936270136241409,0.6063729863758591,25.0,2.0,1.0,5.272926025859578,15.1136013664631,0.0,0.0,0.0,0.49203376703017615,1.0,0.09370478490988414,0.092632578064998,0.014470567305882772,0.014162058165917795,0.0,0.0,0.013203458786010744,0.15,0.15,False,False
1.65,11.982973098754883,14.19576358795166,1.7468266487121582,1.0125000000000028,1286,1221,1.360824762488796,0.6391752375112041,2.0,3.0,0.0,4.833515523704612,13.854134585924509,0.0,0.0,0.0,0.45103095311099484,1.0,0.09277304634451866,0.09163160497943561,0.014503351412713528,0.01419155936067303,0.0,0.0,0.0178488028049469,0.15,0.15,False,False
1.655,11.95967960357666,14.22085952758789,1.7326297760009766,1.0124000000000029,1280,1214,1.3307560322813963,0.6692439677186037,6.0,1.0,0.0,4.430722563395895,12.6996233704308,0.0,0.0,0.0,0.41344504035174523,1.0,0.09223944197098415,0.09105835730830829,0.014518868022908768,0.014205287055422863,0.0,0.0,0.028470747470855713,0.15,0.15,False,False
1.66,11.948071479797363,14.278170585632324,1.70272696018219,1.0123000000000029,1344,1288,1.30319302959128,0.6968069704087201,25.0,0.0,2.0,4.061495683112903,11.6413214228949,0.0,0.0,0.0,0.3789912869890998,1.0,0.09117024950683117,0.09009010468920073,0.014501512826730808,0.014189213203887146,0.0,0.0,0.0209549617767334,0.15,0.15,False,False
1.665,11.847637176513672,14.384269714355469,1.7135124206542969,1.0122000000000029,1352,1280,0.9445936104586732,1.0554063895413268,18.0,0.0,0.0,12.056371042853494,10.671211304320323,0.0,0.0,0.0,-0.06925798692665852,1.0,0.08911000875135264,0.08836914785206318,0.014498623398443064,0.0141901895403862,0.0,0.0,0.02018693208694458,0.15,0.15,False,False
1.67,11.759475708007812,14.459440231323242,1.6777513027191162,1.0121000000000029,1239,1176,0.949210809587117,1.050789190412883,5.0,4.0,0.0,11.051673455949036,9.781943695626962,0.0,0.0,0.0,-0.06348648801610368,1.0,0.08808977281053862,0.08734947070479393,0.014535171600679558,0.0142251195696493,0.0,0.0,0.018234920501708985,0.15,0.15,False,False
1.675,11.798624992370605,14.554567337036133,1.6329704523086548,1.012000000000003,1328,1260,0.953443242121524,1.046556757878476,5.0,2.0,1.0,10.130700667953283,8.966781720991381,0.0,0.0,0.0,-0.05819594734809508,1.0,0.0864763961484035,0.08592551884551844,0.014447243108103674,0.014143160854776701,0.0,0.0,0.020263164043426516,0.15,0.15,False,False
1.68,11.87693977355957,14.617437362670898,1.598935842514038,1.011900000000003,1401,1336,0.9573229719447303,1.0426770280552697,27.0,2.0,1.0,9.28647561229051,8.219549910908766,0.0,0.0,0.0,-0.05334628506908716,1.0,0.08498325943946838,0.08468308796485266,0.0143286376260221,0.014033920597285032,0.0,0.0,0.024219746589660647,0.15,0.15,False,False
1.685,11.900341987609863,14.60002326965332,1.55062997341156,1.011800000000003,1330,1287,1.2942127242826693,0.7057872757173306,21.0,2.0,0.0,8.512602644599633,15.867920751666368,0.0,0.0,0.0,0.36776590535333675,1.0,0.08496180487175783,0.08484052183727424,0.014296415417144697,0.014006744604557753,0.0,0.0,0.019131431579589846,0.15,0.15,False,False
1.69,11.939176559448242,14.656963348388672,1.523726463317871,1.011700000000003,1305,1238,1.2696949972591136,0.7303050027408864,8.0,4.0,0.0,7.803219090882997,14.545594022360836,0.0,0.0,0.0,0.33711874657389196,1.0,0.08391771775980791,0.08403231079379718,0.014215855238338312,0.013935042079538107,0.0,0.0,0.02969742774963379,0.15,0.15,False,False
1.695,11.960855484008789,14.723833084106445,1.5209308862686157,1.011600000000003,1385,1314,1.5,0.41944625251247925,2.0,2.0,2.0,7.152950833309413,21.666794520497433,0.0,0.0,0.0,0.725692184359401,1.0,0.08290197389821212,0.08315615045527618,0.014156653390576443,0.013881878306468328,0.0,0.0,0.03831054210662842,0.15,0.15,False,False
1.7,11.969208717346191,14.784436225891113,1.5386857986450195,1.011500000000003,1341,1285,1.5,0.4678257314697727,25.0,2.0,0.0,6.5568715972002956,19.861228310455978,0.0,0.0,0.0,0.6652178356627841,1.0,0.08209613462289175,0.08236699116726717,0.014123944565653801,0.013850987112770479,0.0,0.0,0.016952606439590456,0.15,0.15,False,False
1.705,12.043294906616211,14.951255798339844,1.5190643072128296,1.011400000000003,1302,1242,1.487826412819375,0.512173587180625,9.0,1.0,1.0,6.010465630766937,18.206125951251313,0.0,0.0,0.0,0.6097830160242188,1.0,0.07978643290698528,0.07987636451919874,0.014033680781722069,0.013759367478390535,0.0,0.0,0.017340327501297,0.15,0.15,False,False
1.71,12.14820671081543,15.08146858215332,1.5287184715270996,1.011300000000003,1213,1158,1.4471742117510937,0.5528257882489063,11.0,0.0,0.0,5.5095934948696925,16.688948788647036,0.0,0.0,0.0,0.5589677646888671,1.0,0.07807509352763495,0.07820575498044491,0.013913441604624193,0.01364628008256356,0.0,0.0,0.01179909348487854,0.15,0.15,False,False
1.715,12.14152717590332,15.208048820495605,1.5478477478027344,1.011200000000003,1262,1196,1.076576360771836,0.9234236392281641,11.0,1.0,0.0,13.383794036963884,15.298203056259782,0.0,0.0,0.0,0.09572045096479487,1.0,0.0764749695857366,0.07657830603420734,0.013888250105082989,0.013621378845224779,0.0,0.0,0.015154962539672853,0.15,0.15,False,False
1.72,12.069249153137207,15.326543807983398,1.5774298906326294,1.011100000000003,1311,1233,0.7368616640408496,1.2631383359591504,25.0,1.0,0.0,20.601811200550223,14.023352801571466,0.0,0.0,0.0,-0.32892291994893785,1.0,0.07476588090260824,0.07478619304796061,0.013902886615445217,0.01363159545386831,0.0,0.0,0.019350115060806274,0.15,0.15,False,False
1.725,12.054028511047363,15.309220314025879,1.6319661140441895,1.011000000000003,1241,1185,0.7587898587041123,1.2412101412958878,6.0,1.0,0.0,18.88499360050437,12.854740068107176,0.0,0.0,0.0,-0.30151267661985964,1.0,0.07490531851847967,0.07476681843400002,0.013932091339180868,0.01365448037783305,0.0,0.0,0.014261658191680909,0.15,0.15,False,False
1.73,12.0133638381958,15.280644416809082,1.6521295309066772,1.010900000000003,1242,1167,1.1122240371454362,0.8877759628545638,3.0,2.0,1.0,17.31124413379567,20.116845062431576,0.0,0.0,0.0,0.1402800464317952,1.0,0.07538185454905033,0.07501214742660522,0.013998642874260744,0.013711162221928438,0.0,0.0,0.013768677711486817,0.15,0.15,False,False
1.735,11.952535629272461,15.370255470275879,1.674648404121399,1.010800000000003,1249,1181,1.1028720340499831,0.8971279659500169,8.0,1.0,0.0,15.868640455979365,18.440441307228944,0.0,0.0,0.0,0.12859004256247894,1.0,0.07425801828503609,0.07384479977190495,0.01401407876983285,0.013723339264591536,0.0,0.0,0.02538456916809082,0.15,0.15,False,False
1.74,11.951401710510254,15.399556159973145,1.6320180892944336,1.010700000000003,1306,1245,1.4276326978791511,0.5723673021208489,10.0,2.0,0.0,14.546253751314417,25.237071198293197,0.0,0.0,0.0,0.534540872348939,1.0,0.0739574773857991,0.07342716678977013,0.014027241462220749,0.013733041317512592,0.0,0.0,0.02443432092666626,0.15,0.15,False,False
1.745,11.919837951660156,15.500073432922363,1.6249579191207886,1.010600000000003,1374,1300,1.3919966397225552,0.6080033602774448,27.0,2.0,1.0,13.334065938704882,23.133981931768762,0.0,0.0,0.0,0.489995799653194,1.0,0.07245706704755625,0.07217202956477801,0.013965186662971973,0.013678420800715685,0.0,0.0,0.022981882095336914,0.15,0.15,False,False
1.75,11.774734497070312,15.618675231933594,1.6207315921783447,1.010500000000003,1303,1238,1.359330253079009,0.640669746920991,16.0,3.0,1.0,12.22289377714614,21.206150104121363,0.0,0.0,0.0,0.44916281634876115,1.0,0.07094670707980792,0.07080430785814922,0.013996448057393234,0.013711336844911179,0.0,0.0,0.016850768327713015,0.15,0.15,False,False
1.755,11.69171142578125,15.728145599365234,1.556462049484253,1.010400000000003,1314,1257,1.5,0.33728060134424176,11.0,0.0,0.0,11.204319295717294,27.77230426211125,0.0,0.0,0.0,0.8283992483196977,1.0,0.06996062273780505,0.06983963462213676,0.014015415217727423,0.013729494530707598,0.0,0.0,0.020147781372070316,0.15,0.15,False,False
1.76,11.775675773620605,15.788429260253906,1.505475640296936,1.010300000000003,1266,1204,1.5,0.3925072178988884,6.0,3.0,0.0,10.270626021074186,25.457945573601975,0.0,0.0,0.0,0.7593659776263895,1.0,0.06908550237615904,0.06920765774945419,0.013888074705998104,0.013615242205560207,0.0,0.0,0.021945896148681643,0.15,0.15,False,False
1.765,11.888486862182617,15.78421688079834,1.4749722480773926,1.010200000000003,1326,1256,1.5,0.44313161640731435,11.0,0.0,1.0,9.414740519318004,23.336450109135143,0.0,0.0,0.0,0.696085479490857,1.0,0.06874674931168556,0.06904978615542254,0.013773130097736916,0.01351188790674011,0.0,0.0,0.02186772346496582,0.15,0.15,False,False
1.77,11.917472839355469,15.764533996582031,1.4256861209869385,1.010100000000003,1288,1246,1.5,0.4895373150400383,3.0,1.0,0.0,8.630178809374836,21.39174593337388,0.0,0.0,0.0,0.6380783561999521,1.0,0.06882605453332266,0.06921820032099883,0.013748276202629011,0.013491531523565452,0.0,0.0,0.021875681877136233,0.15,0.15,False,False
1.775,11.948759078979492,15.849562644958496,1.343705177307129,1.0100000000000031,1269,1207,1.1345907945466316,0.8654092054533683,5.0,0.0,0.0,16.244330575260264,19.609100438926056,0.0,0.0,0.0,0.1682384931832896,1.0,0.06785726174712181,0.06842959361771743,0.013662863057106733,0.01341729812944929,0.0,0.0,0.02603968381881714,0.15,0.15,False,False
1.78,12.027350425720215,15.982804298400879,1.345677137374878,1.0099000000000031,1427,1365,1.123374895001079,0.876625104998921,16.0,2.0,1.0,14.890636360655241,17.975008735682216,0.0,0.0,0.0,0.15421861875134873,1.0,0.06656690500676632,0.06744935177266598,0.013500552158802748,0.013277114679416021,0.0,0.0,0.04757571220397949,0.15,0.15,False,False
1.785,12.114934921264648,16.09950065612793,1.3507771492004395,1.0098000000000031,1314,1249,1.113093653750989,0.886906346249011,20.0,1.0,0.0,13.649749997267303,16.47709134104203,0.0,0.0,0.0,0.14136706718873632,1.0,0.06532009690999985,0.06613003710905711,0.013404408625016611,0.013182709614435833,0.0,0.0,0.021324090957641602,0.15,0.15,False,False
1.79,12.240058898925781,16.224119186401367,1.3438142538070679,1.0097000000000032,1261,1211,1.1036691826050733,0.8963308173949267,9.0,1.0,1.0,12.512270830828362,15.104000395955193,0.0,0.0,0.0,0.12958647825634156,1.0,0.0640292682995399,0.06473431053260963,0.013296482308457296,0.013076227623969316,0.0,0.0,0.01267340660095215,0.15,0.15,False,False
1.795,12.32376766204834,16.335412979125977,1.3574556112289429,1.0096000000000032,1237,1173,1.4283634173879838,0.5716365826120162,8.0,2.0,0.0,11.469581594925998,22.178667029625593,0.0,0.0,0.0,0.5354542717349797,1.0,0.06305156586070856,0.06375984599192938,0.013214003605147203,0.01299930348371466,0.0,0.0,0.010210028886795045,0.15,0.15,False,False
1.8,12.32848072052002,16.46575355529785,1.3720483779907227,1.0095000000000032,1269,1208,1.3926664659389851,0.6073335340610149,4.0,2.0,1.0,10.513783128682164,20.330444777156792,0.0,0.0,0.0,0.4908330824237314,1.0,0.06179569289088249,0.06244543008506298,0.01317799751025935,0.012963347447415194,0.0,0.0,0.018289618492126465,0.15,0.15,False,False
1.805,12.298717498779297,16.559030532836914,1.389434576034546,1.0094000000000032,1328,1271,1.3599442604440697,0.6400557395559303,15.0,2.0,0.0,9.637634534625317,18.636241045727058,0.0,0.0,0.0,0.44993032555508705,1.0,0.06076276612778505,0.06132284800211589,0.013158385020991167,0.012939569617932042,0.0,0.0,0.01906882405281067,0.15,0.15,False,False
1.81,12.27750301361084,16.548410415649414,1.421221137046814,1.0093000000000032,1280,1227,1.329948905407064,0.6700510945929361,21.0,2.0,0.0,8.83449832340654,17.083220958583137,0.0,0.0,0.0,0.4124361317588298,1.0,0.06079015632470449,0.06128609801332156,0.013172372321908673,0.012948422227054834,0.0,0.0,0.014786293506622314,0.15,0.15,False,False
1.815,12.242850303649902,16.586746215820312,1.4305046796798706,1.0092000000000032,1348,1283,1.3024531632898086,0.6975468367101914,6.0,3.0,2.0,8.098290129789328,15.659619212034542,0.0,0.0,0.0,0.3780664541122607,1.0,0.060475170612335205,0.06087723188102245,0.013191869171957176,0.012961378088220954,0.0,0.0,0.017965409755706787,0.15,0.15,False,False
1.82,12.21558952331543,16.651411056518555,1.4358799457550049,1.0091000000000032,1413,1352,1.2772487330156579,0.7227512669843421,22.0,6.0,1.0,7.423432618973551,14.354650944364996,0.0,0.0,0.0,0.3465609162695723,1.0,0.05987624637782574,0.06025170596937339,0.01318513648584485,0.01295309397391975,0.0,0.0,0.028002607822418212,0.15,0.15,False,False
1.825,12.219099044799805,16.69627571105957,1.3572297096252441,1.0090000000000032,1317,1253,1.2541446719310196,0.7458553280689804,19.0,0.0,0.0,6.804813234059088,13.158430032334579,0.0,0.0,0.0,0.31768083991377455,1.0,0.059468382969498634,0.059815257166822754,0.01317268159861366,0.012939901789650321,0.0,0.0,0.014902801513671876,0.15,0.15,False,False
1.83,12.16965389251709,16.82444953918457,1.362863540649414,1.0089000000000032,1248,1193,0.899632615936768,1.100367384063232,2.0,1.0,0.0,14.571078797887495,12.061894196306696,0.0,0.0,0.0,-0.12545923007903995,1.0,0.05826015956699848,0.05889109956721465,0.013084601766119402,0.012870373902842402,0.0,0.0,0.014979859590530395,0.15,0.15,False,False
1.835,12.060464859008789,16.947818756103516,1.35567307472229,1.0088000000000032,1234,1169,0.5746632312753708,1.4253367687246292,1.0,0.0,1.0,21.6901555647302,11.056736346614471,0.0,0.0,0.0,-0.5316709609057865,1.0,0.05739159261186918,0.05801921089490255,0.0131049077026546,0.01289024599827826,0.0,0.0,0.018838269710540773,0.15,0.15,False,False
1.84,12.081840515136719,17.03525161743164,1.3150615692138672,1.0087000000000033,1225,1175,0.6101079620024232,1.3898920379975768,4.0,0.0,0.0,19.882642601002683,10.135341651063264,0.0,0.0,0.0,-0.48736504749697096,1.0,0.056848982349038124,0.057457604755957924,0.013063351313273113,0.012849812240650257,0.0,0.0,0.018137261867523194,0.15,0.15,False,False
1.845,12.194547653198242,17.099645614624023,1.2921308279037476,1.0086000000000033,1294,1230,0.6425989651688879,1.357401034831112,18.0,2.0,0.0,18.22575571758579,9.290729846807992,0.0,0.0,0.0,-0.44675129353889,1.0,0.056095533072948456,0.05680710387726625,0.012933392620955905,0.012732613443707427,0.0,0.0,0.01725843906402588,0.15,0.15,False,False
1.85,12.228636741638184,17.10515785217285,1.259941816329956,1.0085000000000033,1365,1307,0.6723823847381474,1.3276176152618526,22.0,0.0,1.0,16.706942741120308,8.516502359573991,0.0,0.0,0.0,-0.40952201907731584,1.0,0.055902907624840736,0.05668180684248607,0.012893140859281024,0.012698382294426363,0.0,0.0,0.017051092386245727,0.15,0.15,False,False
1.855,12.250066757202148,17.143869400024414,1.2432459592819214,1.0084000000000033,1270,1204,0.6996838526766351,1.3003161473233649,6.0,2.0,0.0,15.314697512693614,7.806793829609491,0.0,0.0,0.0,-0.37539518415420614,1.0,0.05553600378334522,0.05639387294650078,0.012849130822966497,0.01266168508057793,0.0,0.0,0.020786657333374026,0.15,0.15,False,False
1.86,12.295737266540527,17.23443031311035,1.218035101890564,1.0083000000000033,1351,1278,0.39137686495358226,1.5,3.0,3.0,0.0,22.37180605330248,7.1562276771420334,0.0,0.0,0.0,-0.7607789188080222,1.0,0.05483221262693405,0.05570597946643829,0.01278169103898108,0.012599038891494274,0.0,0.0,0.026685123443603513,0.15,0.15,False,False
1.865,12.310211181640625,17.28099250793457,1.2433655261993408,1.0082000000000033,1303,1241,0.775428792874117,1.224571207125883,14.0,0.0,1.0,20.507488882193936,14.893208704046863,0.0,0.0,0.0,-0.28071400890735365,1.0,0.054506181428829834,0.05544620255629222,0.012739121836299699,0.012563694423685472,0.0,0.0,0.019870389699935914,0.15,0.15,False,False
1.87,12.36884593963623,17.38262176513672,1.229563593864441,1.0081000000000033,1236,1179,1.1274763934679408,0.8725236065320593,17.0,2.0,0.0,18.79853147534444,21.98544131204296,0.0,0.0,0.0,0.1593454918349259,1.0,0.053635379299521446,0.054457342873017,0.012681184646983942,0.012500749047224721,0.0,0.0,0.022732760906219486,0.15,0.15,False,False
1.875,12.528042793273926,17.448570251464844,1.2424757480621338,1.0080000000000033,1221,1163,1.1168533606789457,0.8831466393210543,10.0,0.0,0.0,17.231987185732404,20.153321202706046,0.0,0.0,0.0,0.1460667008486821,1.0,0.053093720537920795,0.05388735483090083,0.012569912554075321,0.0123938312754035,0.0,0.0,0.010483260154724122,0.15,0.15,False,False
1.88,12.605152130126953,17.54446029663086,1.2819247245788574,1.0079000000000033,1275,1209,1.4404489139557002,0.5595510860442998,3.0,0.0,1.0,15.795988253588035,26.80721110248054,0.0,0.0,0.0,0.5505611424446253,1.0,0.052495066386957966,0.053240200504660606,0.012514233822003007,0.01233843465646108,0.0,0.0,0.01588950872421265,0.15,0.15,False,False
1.885,12.570911407470703,17.674882888793945,1.3112270832061768,1.0078000000000034,1228,1167,1.403744837792725,0.5962551622072748,3.0,3.0,1.0,14.479655899122365,24.573276843940494,0.0,0.0,0.0,0.5046810472409065,1.0,0.051497844979166985,0.05211734212934971,0.01250045180010299,0.012316635887448987,0.0,0.0,0.017290720939636232,0.15,0.15,False,False
1.89,12.524383544921875,17.733776092529297,1.3402600288391113,1.0077000000000034,1319,1257,1.036766101309998,0.963233898690002,14.0,3.0,1.0,21.606351240862168,22.52550377361212,0.0,0.0,0.0,0.04595762663749756,1.0,0.05098426093657812,0.051511841205259166,0.012510325759649277,0.012319393378371995,0.0,0.0,0.018704853057861327,0.15,0.15,False,False
1.895,12.509926795959473,17.71675682067871,1.3698740005493164,1.0076000000000034,1318,1253,0.7003689262008317,1.2996310737991683,32.0,1.0,1.0,28.13915530412365,20.648378459144443,0.0,0.0,0.0,-0.37453884224896045,1.0,0.05106784248103698,0.05152689293026924,0.012529013523211082,0.012331939845656356,0.0,0.0,0.013885027170181275,0.15,0.15,False,False
1.9,12.487284660339355,17.796579360961914,1.407750129699707,1.0075000000000034,1278,1220,0.7253381823507623,1.2746618176492377,6.0,3.0,0.0,25.79422569544668,18.927680254215737,0.0,0.0,0.0,-0.3433272720615472,1.0,0.050544547848403454,0.05093545497705539,0.01252227967294554,0.01232051484597226,0.0,0.0,0.02378592967987061,0.15,0.15,False,False
1.905,12.474769592285156,17.854591369628906,1.3973928689956665,1.0074000000000034,1275,1227,0.7482266671548654,1.2517733328451346,4.0,0.0,0.0,31.97804022082612,25.683706899697757,0.0,0.0,0.0,-0.3147166660564181,1.0,0.05018143138537805,0.05046860470126073,0.012534191676725944,0.01232485907773177,0.0,0.0,0.03614962577819825,0.15,0.15,False,False
1.91,12.50335693359375,17.920555114746094,1.3736704587936401,1.0073000000000034,1210,1164,0.7692077782252935,1.2307922217747065,2.0,0.0,0.0,29.313203535757275,23.54339799138961,0.0,0.0,0.0,-0.28849027721838316,1.0,0.049720381697018944,0.05001955976088842,0.01248963565255205,0.012283180452262362,0.0,0.0,0.019803725481033325,0.15,0.15,False,False
1.915,12.427094459533691,18.08218002319336,1.383426547050476,1.0072000000000034,1265,1183,0.7884404633731857,1.2115595366268144,5.0,0.0,0.0,26.870436574444167,21.58144815877381,0.0,0.0,0.0,-0.26444942078351785,1.0,0.04870599290976922,0.04909294036527475,0.01244145833576719,0.012243002808342379,0.0,0.0,0.01846445322036743,0.15,0.15,False,False
1.92,12.34213638305664,18.213804244995117,1.3601393699645996,1.0071000000000034,1186,1132,0.8060704247587536,1.1939295752412464,4.0,0.0,0.0,24.63123352657382,19.78299414554266,0.0,0.0,0.0,-0.24241196905155799,1.0,0.04803309993197521,0.048392455404003464,0.01245326401355366,0.012252270244061947,0.0,0.0,0.017138257026672366,0.15,0.15,False,False
1.925,12.429203987121582,18.29437828063965,1.3266884088516235,1.0070000000000034,1136,1077,0.8222312226955242,1.1777687773044758,4.0,1.0,1.0,22.578630732692666,18.13441130008077,0.0,0.0,0.0,-0.22221097163059475,1.0,0.04750146841009458,0.047889743000268936,0.012357949744910002,0.012163687109326323,0.0,0.0,0.017464332580566407,0.15,0.15,False,False
1.93,12.547384262084961,18.311988830566406,1.3012133836746216,1.0069000000000035,1212,1155,0.8370452874708972,1.1629547125291029,4.0,0.0,0.0,20.697078171634942,16.623210358407373,0.0,0.0,0.0,-0.20369339066137843,1.0,0.04719681727389495,0.04765111021697521,0.012254797232647737,0.012070500524714589,0.0,0.0,0.021105358600616457,0.15,0.15,False,False
1.935,12.552973747253418,18.28844451904297,1.2763696908950806,1.0068000000000035,1307,1245,0.8506248468483225,1.1493751531516774,10.0,0.0,0.0,18.972321657332028,15.237942828540092,0.0,0.0,0.0,-0.1867189414395968,1.0,0.04725242033600807,0.047765481285750866,0.01224643938864271,0.012066929290692013,0.0,0.0,0.014745544195175172,0.15,0.15,False,False
1.94,12.583268165588379,18.359371185302734,1.2527233362197876,1.0067000000000035,1263,1213,0.8630727762776289,1.136927223722371,9.0,3.0,0.0,17.39129485255436,13.968114259495083,0.0,0.0,0.0,-0.17115902965296384,1.0,0.04680821051200231,0.04735703269640605,0.012196420381466549,0.012022116376707952,0.0,0.0,0.015896849632263184,0.15,0.15,False,False
1.945,12.618480682373047,18.452592849731445,1.2436014413833618,1.0066000000000035,1307,1228,0.8744833782544932,1.1255166217455068,5.0,2.0,2.0,15.942020281508162,12.804104737870492,0.0,0.0,0.0,-0.15689577718188347,1.0,0.04627104693402847,0.04685757836947839,0.012131963546077412,0.01196408838344117,0.0,0.0,0.02867092847824097,0.15,0.15,False,False
1.95,12.618934631347656,18.480817794799805,1.28750741481781,1.0065000000000035,1397,1327,0.551609763399952,1.4483902366000478,18.0,0.0,0.0,22.946851924715816,11.737096009714618,0.0,0.0,0.0,-0.5604877957500599,1.0,0.046093170531094074,0.04670507119347652,0.012109544671451053,0.011945253160471719,0.0,0.0,0.016580226421356203,0.15,0.15,False,False
1.955,12.707266807556152,18.59482192993164,1.271389365196228,1.0064000000000035,1371,1302,0.9223089497832895,1.0776910502167105,31.0,1.0,0.0,21.03461426432283,19.092338008905067,0.0,0.0,0.0,-0.09711381277088815,1.0,0.04535404033958912,0.045827124267816544,0.012045311741530895,0.011872254544869065,0.0,0.0,0.02287151336669922,0.15,0.15,False,False
1.96,12.868995666503906,18.652908325195312,1.3011726140975952,1.0063000000000035,1297,1237,1.2621165373013488,0.7378834626986512,10.0,2.0,1.0,19.281729742295926,25.834643174829644,0.0,0.0,0.0,0.3276456716266859,1.0,0.045010061003267765,0.04547713479648034,0.011944799528767666,0.011776778070876997,0.0,0.0,0.016530489921569823,0.15,0.15,False,False
1.965,12.89941120147705,18.745325088500977,1.3419311046600342,1.0062000000000035,1284,1219,1.2402734925262362,0.7597265074737638,3.0,2.0,0.0,17.674918930437933,23.68175624359384,0.0,0.0,0.0,0.3003418656577953,1.0,0.044581557934482895,0.0449898699298501,0.011921359691768885,0.011749724702288708,0.0,0.0,0.015500792264938357,0.15,0.15,False,False
1.97,12.82397747039795,18.876310348510742,1.368055820465088,1.0061000000000035,1269,1195,1.2202507014823831,0.7797492985176169,6.0,1.0,1.0,16.202009019568106,21.708276556627684,0.0,0.0,0.0,0.2753133768529789,1.0,0.04381615823755662,0.04413392239560684,0.011921879292155307,0.011741779744625092,0.0,0.0,0.02074122190475464,0.15,0.15,False,False
1.975,12.781617164611816,18.88895606994629,1.400600552558899,1.0060000000000036,1244,1183,1.5,0.4647701903078155,18.0,2.0,0.0,14.851841601270763,28.232586843575376,0.0,0.0,0.0,0.6690372621152306,1.0,0.04367268023391565,0.04393501362452905,0.01194067959052821,0.011754832618559401,0.0,0.0,0.016171135902404786,0.15,0.15,False,False
1.98,12.76801586151123,18.90219497680664,1.4148826599121094,1.0059000000000036,1255,1192,1.1572939922178358,0.8427060077821642,20.0,1.0,0.0,21.947521467831532,25.879871273277427,0.0,0.0,0.0,0.19661749027229475,1.0,0.04361598131557306,0.043821341047684356,0.011953227610016864,0.011761955295999845,0.0,0.0,0.013732283115386965,0.15,0.15,False,False
1.985,12.767449378967285,18.991268157958984,1.4556739330291748,1.0058000000000036,1270,1209,1.144186159533016,0.8558138404669839,4.0,0.0,0.0,20.118561345512237,23.72321533383764,0.0,0.0,0.0,0.18023269941627013,1.0,0.04317259881645441,0.04334620820979278,0.011932043125852942,0.011738856167842945,0.0,0.0,0.01626491665840149,0.15,0.15,False,False
1.99,12.745723724365234,19.029460906982422,1.419276475906372,1.0057000000000036,1375,1329,1.132170646238598,0.8678293537614019,4.0,2.0,1.0,18.44201456671955,21.746280722684503,0.0,0.0,0.0,0.16521330779824767,1.0,0.04299153884251913,0.04307608585804701,0.011957830283790827,0.011756510163346928,0.0,0.0,0.02806024312973023,0.15,0.15,False,False
1.995,12.76803207397461,19.126928329467773,1.4264804124832153,1.0056000000000036,1317,1244,1.121156425718715,0.8788435742812851,1.0,2.0,1.0,16.90518001949292,19.934090662460793,0.0,0.0,0.0,0.15144553214839362,1.0,0.04245619289577007,0.04261729773133993,0.011883408296853304,0.011690875981003046,0.0,0.0,0.0224908185005188,0.15,0.15,False,False
2.0,12.710289001464844,19.3038387298584,1.4295490980148315,1.0055000000000036,1302,1244,1.4443933902421553,0.5556066097578446,8.0,2.0,0.0,15.49641501786851,26.606249773922393,0.0,0.0,0.0,0.5554917378026942,1.0,0.04161056286344926,0.041771993661920234,0.011845049836362403,0.011653660330921412,0.0,0.0,0.023427610397338868,0.15,0.15,False,False
2.005,12.648130416870117,19.41954231262207,1.3652317523956299,1.0054000000000036,1400,1327,1.0740272743886425,0.9259727256113576,31.0,0.0,1.0,22.538380433046132,24.389062292762194,0.0,0.0,0.0,0.09253409298580309,1.0,0.04117661155760288,0.04133029064784448,0.011842577174926799,0.011650520997742813,0.0,0.0,0.018461347818374635,0.15,0.15,False,False
2.01,12.73935604095459,19.48773765563965,1.3275622129440308,1.0053000000000036,1325,1281,0.7345250015229223,1.2654749984770777,19.0,4.0,0.0,28.99351539695895,22.35664043503201,0.0,0.0,0.0,-0.3318437480963471,1.0,0.0407768397902449,0.04103494342416525,0.01173278355660538,0.011554975450659793,0.0,0.0,0.01820985555648804,0.15,0.15,False,False
2.015,12.8170804977417,19.51506233215332,1.290788173675537,1.0052000000000036,1202,1131,0.7566479180626788,1.2433520819373212,1.0,3.0,2.0,26.577389113879036,20.493587065446008,0.0,0.0,0.0,-0.30419010242165145,1.0,0.04051681918402513,0.04083991361161073,0.011654704964409273,0.011486531778549155,0.0,0.0,0.020179448127746583,0.15,0.15,False,False
2.02,12.828557014465332,19.517974853515625,1.2647677659988403,1.0051000000000037,1225,1180,0.7769272582241222,1.2230727417758778,4.0,0.0,0.0,24.362606687722447,18.785788143325505,0.0,0.0,0.0,-0.27884092721984716,1.0,0.040457068632046386,0.04084426288803419,0.0116301696592321,0.011469224312653145,0.0,0.0,0.01723518133163452,0.15,0.15,False,False
2.025,12.870035171508789,19.594820022583008,1.2449222803115845,1.0050000000000037,1327,1252,0.7955166533721122,1.204483346627888,13.0,1.0,0.0,22.332389463745574,17.22030579804838,0.0,0.0,0.0,-0.2556041832848598,1.0,0.04008933746566375,0.04051041789352894,0.01157129571462671,0.01141644276989003,0.0,0.0,0.01907644510269165,0.15,0.15,False,False
2.03,12.885290145874023,19.642580032348633,1.2637306451797485,1.0049000000000037,1368,1301,0.8125569322577694,1.1874430677422305,21.0,0.0,1.0,28.804690341766776,24.11861364821101,0.0,0.0,0.0,-0.2343038346777883,1.0,0.039841666196783386,0.040297266095876694,0.011530073437218865,0.011381124301503103,0.0,0.0,0.027728488445281984,0.15,0.15,False,False
2.035,12.911940574645996,19.70405387878418,1.2512129545211792,1.0048000000000037,1260,1196,0.8281771879029552,1.1718228120970446,4.0,5.0,1.0,26.404299479952876,22.108729177526758,0.0,0.0,0.0,-0.21477851512130589,1.0,0.039550140500068665,0.039960007804135486,0.011507610712821286,0.011354655337830385,0.0,0.0,0.017640390396118165,0.15,0.15,False,False
2.04,13.018959045410156,19.76416778564453,1.2288461923599243,1.0047000000000037,1275,1213,1.1758290889110423,0.8241709110889576,7.0,3.0,0.0,24.2039411899568,28.59966841273286,0.0,0.0,0.0,0.21978636113880298,1.0,0.03921464240799348,0.039618778973817825,0.01143188603843252,0.011281733168289065,0.0,0.0,0.0204164981842041,0.15,0.15,False,False
2.045,13.11479377746582,19.84047508239746,1.277096152305603,1.0046000000000037,1211,1141,1.4945099981684555,0.5054900018315445,13.0,0.0,0.0,22.186946090793732,34.54969604500512,0.0,0.0,0.0,0.6181374977105694,1.0,0.03889538192500671,0.03932233899831772,0.011358766350895166,0.011214566960309943,0.0,0.0,0.00976917564868927,0.15,0.15,False,False
2.05,13.11253833770752,19.974462509155273,1.311427116394043,1.0045000000000037,1287,1230,1.4533008316544174,0.5466991683455825,16.0,1.0,0.0,20.33803391656092,31.670554707921358,0.0,0.0,0.0,0.5666260395680218,1.0,0.0383266806602478,0.038667869133253895,0.011337697505950928,0.011185359132165711,0.0,0.0,0.015644965171813966,0.15,0.15,False,False
2.055,13.06881332397461,20.062013626098633,1.343190312385559,1.0044000000000037,1286,1217,1.4155257623498827,0.5844742376501173,30.0,1.0,2.0,18.64319775684751,29.031341815594576,0.0,0.0,0.0,0.5194072029373533,1.0,0.0378914720689257,0.03816915055116018,0.011335381617148718,0.011176395928487182,0.0,0.0,0.018269610404968262,0.15,0.15,False,False
2.06,13.04296875,20.044038772583008,1.3689488172531128,1.0043000000000037,1223,1164,1.3808986154873923,0.6191013845126077,2.0,1.0,0.0,17.089597943776884,26.612063330961693,0.0,0.0,0.0,0.47612326935924043,1.0,0.03792963456362486,0.038157785311341286,0.011359327860797446,0.011194038670510054,0.0,0.0,0.013473591804504395,0.15,0.15,False,False
2.065,13.0108060836792,20.104938507080078,1.3828063011169434,1.0042000000000038,1225,1148,1.3491570641967763,0.6508429358032237,0.0,1.0,0.0,15.665464781795476,24.394391386714883,0.0,0.0,0.0,0.43644633024597035,1.0,0.037692575715482235,0.03788975222657125,0.011358608802159628,0.011189919508372745,0.0,0.0,0.020287680625915527,0.15,0.15,False,False
2.07,13.012137413024902,20.19315528869629,1.4013632535934448,1.0041000000000038,1323,1245,1.3200606421803782,0.6799393578196218,1.0,1.0,0.0,14.36000938331252,22.361525437821975,0.0,0.0,0.0,0.4000758027254728,1.0,0.03734610974788666,0.03751714248210192,0.011336681976293525,0.011166012069831293,0.0,0.0,0.0261618709564209,0.15,0.15,False,False
2.075,13.034737586975098,20.22835922241211,1.3583672046661377,1.0040000000000038,1277,1205,1.29338892199868,0.70661107800132,9.0,1.0,1.0,13.163341934703142,20.498064984670144,0.0,0.0,0.0,0.36673615249835007,1.0,0.037202623983224235,0.03733473209043344,0.011327979154884815,0.011153767894332608,0.0,0.0,0.016376500129699708,0.15,0.15,False,False
2.08,13.00767707824707,20.37726593017578,1.3662583827972412,1.0039000000000038,1232,1175,1.2689398451654568,0.7310601548345432,7.0,3.0,1.0,12.06639677347788,18.789892902614298,0.0,0.0,0.0,0.3361748064568209,1.0,0.03659106635799011,0.036800300392011806,0.011258139663065474,0.011094481839487951,0.0,0.0,0.026263616085052493,0.15,0.15,False,False
2.085,12.88292407989502,20.55265998840332,1.3310736417770386,1.0038000000000038,1362,1288,1.5,0.42013847526499815,23.0,2.0,0.0,11.06086370902139,25.557401827396436,0.0,0.0,0.0,0.7248269059187523,1.0,0.036003828669587776,0.036209287742773696,0.011257884713510673,0.011094202442715567,0.0,0.0,0.01995413064956665,0.15,0.15,False,False
2.09,12.892914772033691,20.658720016479492,1.267877221107483,1.0037000000000038,1270,1208,1.5,0.46846026899291504,16.0,2.0,1.0,10.13912506660294,23.427618341780065,0.0,0.0,0.0,0.6644246637588562,1.0,0.035696523264050484,0.03593442806353172,0.011209941779573759,0.01105215361652275,0.0,0.0,0.02399291515350342,0.15,0.15,False,False
2.095,13.012640953063965,20.684417724609375,1.2354974746704102,1.0036000000000038,1282,1229,1.153911420089828,0.8460885799101721,6.0,0.0,0.0,17.627531311052692,21.47531681329839,0.0,0.0,0.0,0.19238927511228496,1.0,0.03546549783398708,0.03579339478164911,0.011103778379037976,0.010961206086600821,0.0,0.0,0.020611927509307862,0.15,0.15,False,False
2.1,13.07982349395752,20.657939910888672,1.1999890804290771,1.0035000000000038,1245,1175,1.1410854684156755,0.8589145315843244,3.0,1.0,0.0,16.158570368464968,19.685707078856858,0.0,0.0,0.0,0.1763568355195945,1.0,0.035443928403158985,0.03581927468379339,0.011062053963541985,0.010926509276032448,0.0,0.0,0.022209508419036867,0.15,0.15,False,False
2.105,13.11593246459961,20.66469383239746,1.160199761390686,1.0034000000000038,1331,1256,1.1293283460477026,0.8706716539522974,18.0,2.0,1.0,14.812022837759553,18.04523148895212,0.0,0.0,0.0,0.1616604325596283,1.0,0.03536752269913753,0.035783948066333934,0.01102922057422499,0.010900124519442519,0.0,0.0,0.02108141660690308,0.15,0.15,False,False
2.11,13.204018592834473,20.779754638671875,1.134683609008789,1.0033000000000039,1367,1307,0.7852176505437275,1.2147823494562724,16.0,3.0,0.0,21.91102093461292,16.54146219820611,0.0,0.0,0.0,-0.2684779368203406,1.0,0.03494139760732651,0.035398975014686584,0.010934018064290285,0.010814734268933535,0.0,0.0,0.02697019577026367,0.15,0.15,False,False
2.115,13.243596076965332,20.89872932434082,1.1494368314743042,1.0032000000000039,1383,1320,0.8031161796650835,1.1968838203349164,13.0,4.0,1.0,20.085102523395175,15.163007015022265,0.0,0.0,0.0,-0.24610477541864553,1.0,0.03455635625869036,0.035037885730465256,0.010869418814157447,0.010756631769860785,0.0,0.0,0.020116822719573976,0.15,0.15,False,False
2.12,13.33416748046875,20.978031158447266,1.140986442565918,1.0031000000000039,1335,1270,0.8195231646929934,1.1804768353070068,17.0,1.0,1.0,18.41134397977891,13.899423097103742,0.0,0.0,0.0,-0.22559604413375833,1.0,0.034200605005025864,0.03464365378022194,0.01080862944945693,0.010693296014020841,0.0,0.0,0.01822221279144287,0.15,0.15,False,False
2.125,13.489954948425293,21.057796478271484,1.1391525268554688,1.0030000000000039,1272,1220,0.8345629009685773,1.1654370990314227,22.0,2.0,1.0,16.87706531479733,12.741137839011763,0.0,0.0,0.0,-0.2067963737892784,1.0,0.033846430790921055,0.03427581706394752,0.010715709843983253,0.01060322819588085,0.0,0.0,0.014843859672546386,0.15,0.15,False,False
2.13,13.588218688964844,21.15618324279785,1.1816108226776123,1.002900000000004,1167,1111,1.181682659221196,0.8183173407788041,7.0,0.0,0.0,15.470643205230886,20.012709685760782,0.0,0.0,0.0,0.22710332402649486,1.0,0.033516696033378444,0.03394252465416988,0.010649102817599973,0.010539590924357375,0.0,0.0,0.014802184104919434,0.15,0.15,False,False
2.135,13.569524765014648,21.269468307495117,1.2179450988769531,1.002800000000004,1215,1163,1.1665424376194296,0.8334575623805704,2.0,1.0,0.0,14.18142293812831,18.344983878614048,0.0,0.0,0.0,0.20817804702428688,1.0,0.0330929442619284,0.033455899295707546,0.01063272706232965,0.01051592097307245,0.0,0.0,0.017598624229431155,0.15,0.15,False,False
2.14,13.522528648376465,21.32362174987793,1.2474260330200195,1.002700000000004,1238,1178,1.1526639011511437,0.8473360988488564,6.0,2.0,0.0,12.999637693284285,16.816235222062875,0.0,0.0,0.0,0.1908298764389295,1.0,0.03285869645575683,0.03316508450855812,0.010637784531960886,0.010512965964153409,0.0,0.0,0.017258890867233277,0.15,0.15,False,False
2.145,13.499096870422363,21.31141471862793,1.2691973447799683,1.002600000000004,1204,1143,1.1399419093885483,0.8600580906114517,7.0,0.0,1.0,11.916334552177261,15.414882286890968,0.0,0.0,0.0,0.17492738673568536,1.0,0.032898285426199436,0.03317195922136307,0.01065510674379766,0.010524544244011244,0.0,0.0,0.010506711006164552,0.15,0.15,False,False
2.15,13.488824844360352,21.38983154296875,1.2915395498275757,1.002500000000004,1277,1214,1.1282800836061693,0.8717199163938307,3.0,1.0,0.0,10.923306672829156,14.130308762983388,0.0,0.0,0.0,0.1603501045077116,1.0,0.032658763229846954,0.0329075117285053,0.010640306863933802,0.01050678159420689,0.0,0.0,0.01883131504058838,0.15,0.15,False,False
2.155,13.509215354919434,21.480411529541016,1.2817816734313965,1.002400000000004,1355,1292,1.1175900766389886,0.8824099233610115,17.0,2.0,1.0,10.01303111676006,12.952783032734771,0.0,0.0,0.0,0.1469875957987356,1.0,0.03235583193600178,0.03257152003546556,0.010610145206252735,0.010473499617849788,0.0,0.0,0.0389355731010437,0.15,0.15,False,False
2.16,13.536758422851562,21.523170471191406,1.2543102502822876,1.002300000000004,1279,1220,1.1077909035857394,0.8922090964142605,18.0,1.0,0.0,9.178611857030054,11.87338444667354,0.0,0.0,0.0,0.13473862948217433,1.0,0.03218676894903183,0.03240749084701141,0.010580205901836356,0.01044564958040913,0.0,0.0,0.01592742443084717,0.15,0.15,False,False
2.165,13.482605934143066,21.67730712890625,1.2654742002487183,1.002200000000004,1378,1316,1.4321416616202611,0.5678583383797389,17.0,4.0,1.0,8.413727535610883,19.21726907611741,0.0,0.0,0.0,0.5401770770253264,1.0,0.031704891783495746,0.031967777758836746,0.010530262952670455,0.010403084258238476,0.0,0.0,0.02538249254226685,0.15,0.15,False,False
2.17,13.4039888381958,21.843727111816406,1.2174923419952393,1.002100000000004,1333,1255,1.3961298564852394,0.6038701435147606,6.0,2.0,1.0,7.712583574309976,17.61582998644096,0.0,0.0,0.0,0.49516232060654924,1.0,0.031294976361095905,0.03154302015900612,0.010517196108897528,0.0103887675019602,0.0,0.0,0.01683699369430542,0.15,0.15,False,False
2.175,13.466150283813477,21.941692352294922,1.1531537771224976,1.002000000000004,1288,1222,1.3631190351114695,0.6368809648885305,4.0,1.0,0.0,7.069868276450811,16.147844154237546,0.0,0.0,0.0,0.45389879388933674,1.0,0.031013175224264465,0.031304843723773956,0.010444691870361567,0.010325572996710738,0.0,0.0,0.022068371772766115,0.15,0.15,False,False
2.18,13.582627296447754,21.929729461669922,1.1279053688049316,1.001900000000004,1257,1210,0.9995257821855137,1.0004742178144863,7.0,1.0,0.0,14.81404592007991,14.80219047471775,0.0,0.0,0.0,-0.0005927722681079217,1.0,0.03093954951812824,0.031303142507870994,0.010363369947299361,0.010258508070061605,0.0,0.0,0.020821337699890138,0.15,0.15,False,False
2.185,13.625349044799805,21.87071990966797,1.107375144958496,1.001800000000004,1281,1216,0.9995653003367209,1.0004346996632791,6.0,1.0,0.0,13.579542093406584,13.568674601824604,0.0,0.0,0.0,-0.0005433745790989874,1.0,0.03103063131372134,0.03141945693641901,0.010352662454048794,0.010251846785346668,0.0,0.0,0.016978806257247923,0.15,0.15,False,False
2.19,13.670304298400879,21.90472412109375,1.0775988101959229,1.001700000000004,1299,1228,0.9996015253086606,1.0003984746913392,27.0,0.0,1.0,12.447913585622702,12.43795171833922,0.0,0.0,0.0,-0.0004980933641741458,1.0,0.030898083932697773,0.0312983679274718,0.010317840691034993,0.010220506228506565,0.0,0.0,0.021492514610290527,0.15,0.15,False,False
2.195,13.711455345153809,21.98603630065918,1.0593467950820923,1.001600000000004,1262,1205,0.999634731532939,1.000365268467061,4.0,1.0,0.0,11.410587453487476,11.40145574181095,0.0,0.0,0.0,-0.00045658558382628557,1.0,0.03066550164173047,0.031099560049672924,0.010260115765656035,0.010170753812417388,0.0,0.0,0.02278155326843262,0.15,0.15,False,False
2.2,13.709917068481445,22.034900665283203,1.075790524482727,1.001500000000004,1266,1199,0.9996651705718608,1.0003348294281393,4.0,1.0,0.0,10.459705165696853,10.451334429993372,0.0,0.0,0.0,-0.0004185367851740729,1.0,0.030545275658369064,0.03100110838810603,0.010237566117818158,0.010153031519924601,0.0,0.0,0.016533195972442627,0.15,0.15,False,False
2.205,13.809423446655273,22.115446090698242,1.0540528297424316,1.001400000000004,1307,1243,0.9996930730242057,1.0003069269757943,4.0,3.0,1.0,9.588063068555448,9.580389894160591,0.0,0.0,0.0,-0.0003836587197428187,1.0,0.03025791452576717,0.03067574619005124,0.010181843924025696,0.01009344627770285,0.0,0.0,0.02321004867553711,0.15,0.15,False,False
2.21,13.965624809265137,22.188411712646484,1.082679033279419,1.001300000000004,1320,1259,0.9997186502721886,1.0002813497278114,19.0,1.0,0.0,8.789057812842493,8.782024069647209,0.0,0.0,0.0,-0.0003516871597642357,1.0,0.030005130295952163,0.03042849556853374,0.010097536724060774,0.010014165503283342,0.0,0.0,0.016113719940185546,0.15,0.15,False,False
2.215,14.026814460754395,22.29471206665039,1.122205376625061,1.001200000000004,1285,1211,0.9997420960828396,1.0002579039171604,23.0,1.0,0.0,8.056636328438952,8.05018873050994,0.0,0.0,0.0,-0.00032237989645054197,1.0,0.029693713101247948,0.03008163534104824,0.01005511769714455,0.00996831183632215,0.0,0.0,0.015194287300109865,0.15,0.15,False,False
2.22,13.994919776916504,22.415830612182617,1.1523221731185913,1.001100000000004,1211,1142,0.9997635880759362,1.0002364119240637,8.0,0.0,1.0,7.385249967735706,7.3793396696341125,0.0,0.0,0.0,-0.0002955149050796635,1.0,0.02931938972324133,0.029656854458153248,0.01003408261264364,0.009940083061034482,0.0,0.0,0.019901095628738406,0.15,0.15,False,False
2.225,13.952475547790527,22.42097282409668,1.1954697370529175,1.001000000000004,1184,1127,0.9997832890696082,1.0002167109303917,2.0,1.0,0.0,6.769812470424396,6.764394697164603,0.0,0.0,0.0,-0.0002708886629896767,1.0,0.0292698061093688,0.029572932980954647,0.010047884037097296,0.00994755420833826,0.0,0.0,0.01830801606178284,0.15,0.15,False,False
2.23,13.921160697937012,22.437910079956055,1.2161585092544556,1.0009000000000041,1262,1205,1.3331346816471408,0.6668653183528592,2.0,0.0,1.0,6.205661431222363,14.534028472400884,0.0,0.0,0.0,0.416418352058926,1.0,0.029232301749289036,0.02949716833730539,0.010063084385668239,0.009955681550006073,0.0,0.0,0.01915673613548279,0.15,0.15,False,False
2.235,13.941788673400879,22.537769317626953,1.2412943840026855,1.0008000000000041,1341,1282,1.5,0.3612932084901209,10.0,2.0,1.0,5.688522978620499,21.656192766367475,0.0,0.0,0.0,0.7983834893873488,1.0,0.028968461168309055,0.029207908858855568,0.010033382180457314,0.009923156661291918,0.0,0.0,0.026257615089416503,0.15,0.15,False,False
2.24,13.969964981079102,22.585880279541016,1.204904317855835,1.0007000000000041,1303,1243,1.5,0.4145187744492774,9.0,2.0,0.0,5.214479397068791,19.851510035836853,0.0,0.0,0.0,0.7318515319384031,1.0,0.028827257143954437,0.02903530839830637,0.010017988970503211,0.009903639632587632,0.0,0.0,0.02496828317642212,0.15,0.15,False,False
2.245,13.990286827087402,22.683345794677734,1.1932038068771362,1.0006000000000042,1288,1231,1.2033577900881625,0.7966422099118377,13.0,2.0,1.0,13.11327278064639,18.19721753285045,0.0,0.0,0.0,0.2541972376102029,1.0,0.028547639958560467,0.028789999584356945,0.009962853121881684,0.009855988901108503,0.0,0.0,0.01898064970970154,0.15,0.15,False,False
2.25,13.90100383758545,22.858135223388672,1.1844360828399658,1.0005000000000042,1362,1291,1.1864113075808156,0.8135886924191845,20.0,2.0,1.0,12.020500048925857,16.680782738446243,0.0,0.0,0.0,0.23301413447601932,1.0,0.028143106028437614,0.02840432959298293,0.0099342941151311,0.009831597950930398,0.0,0.0,0.016150805950164795,0.15,0.15,False,False
2.255,13.861958503723145,22.98797035217285,1.13014554977417,1.0004000000000042,1311,1235,1.5,0.49578963471758586,16.0,2.0,0.0,11.01879171151537,23.624050843575723,0.0,0.0,0.0,0.6302629566030177,1.0,0.02790911744038264,0.028171398056050144,0.009915145734945934,0.009813734019796055,0.0,0.0,0.019593865871429444,0.15,0.15,False,False
2.26,13.98000431060791,23.0334529876709,1.0824905633926392,1.0003000000000042,1386,1324,1.1288595015088798,0.8711404984911202,22.0,4.0,0.0,18.43389240222242,21.655379939944414,0.0,0.0,0.0,0.16107437688609974,1.0,0.02774013827244441,0.028047285353144012,0.009833334867532056,0.00974290034112831,0.0,0.0,0.020043554306030276,0.15,0.15,False,False
2.265,14.0838041305542,23.003904342651367,1.054936170578003,1.0002000000000042,1282,1221,0.7847878763831398,1.21521212361686,1.0,0.0,0.0,25.231068035370548,19.850764944949045,0.0,0.0,0.0,-0.26901515452107516,1.0,0.027718309623499714,0.028068958781659603,0.00977883270631234,0.009698103337238233,0.0,0.0,0.01947043299674988,0.15,0.15,False,False
2.27,14.102532386779785,22.991254806518555,1.02389657497406,1.0001000000000042,1242,1184,0.8027222200178783,1.1972777799821217,4.0,0.0,1.0,23.128479032423,18.196534532869958,0.0,0.0,0.0,-0.24659722497765219,1.0,0.027714486544330917,0.02808722977836927,0.009765666133413713,0.009689503737414878,0.0,0.0,0.015987223386764525,0.15,0.15,False,False
2.275,14.152393341064453,23.061172485351562,0.9761812090873718,1.0000000000000042,1209,1161,0.8191620350163884,1.1808379649836116,7.0,1.0,0.0,21.201105779721082,16.680156655130794,0.0,0.0,0.0,-0.22604745622951442,1.0,0.027544420833388965,0.027940568203727405,0.009718172562619051,0.009648416501780352,0.0,0.0,0.016725953817367557,0.15,0.15,False,False
2.28,14.20029354095459,23.09718894958496,0.9837686419487,0.9999000000000042,1238,1173,0.8342318654316895,1.1657681345683106,5.0,1.0,0.0,19.434346964744325,15.290143600536561,0.0,0.0,0.0,-0.20721016821038818,1.0,0.02748099621385336,0.0279201768959562,0.009674430669595798,0.009614873755102357,0.0,0.0,0.03246298789978028,0.15,0.15,False,False
2.285,14.2056303024292,23.13296890258789,0.96484375,0.9998000000000042,1224,1178,0.8480458766457153,1.1519541233542847,3.0,0.0,1.0,17.81481805101563,14.015964967158514,0.0,0.0,0.0,-0.1899426541928559,1.0,0.02738621241102616,0.027816143507758778,0.009664006453628343,0.009603205447395643,0.0,0.0,0.017922935485839845,0.15,0.15,False,False
2.29,14.326274871826172,23.182682037353516,0.9384352564811707,0.9997000000000043,1339,1268,0.19999999999999996,1.5,13.0,5.0,1.0,32.996916546764325,12.847967886561971,0.0,0.0,0.0,-1.0,1.0,0.027205136915047966,0.027635240306456886,0.009603751823306084,0.009545489835242432,0.0,0.0,0.023476216793060303,0.15,0.15,False,False
2.295,14.487513542175293,23.224533081054688,1.004553198814392,0.9996000000000043,1426,1370,0.26120521579258016,1.5,33.0,1.0,1.0,30.24717350120063,11.77730389601514,0.0,0.0,0.0,-0.9234934802592747,1.0,0.027072370673219364,0.027515303033093613,0.00953265349380672,0.009480014365787309,0.0,0.0,0.012908388376235962,0.15,0.15,False,False
2.3,14.542709350585938,23.345870971679688,1.072681188583374,0.9995000000000043,1291,1223,0.3227714478098652,1.5,7.0,1.0,0.0,27.72657570943391,10.795861904680544,0.0,0.0,0.0,-0.8465356902376684,1.0,0.026745731011033058,0.027124526289602123,0.009496560863529643,0.009433595308413109,0.0,0.0,0.020986783504486083,0.15,0.15,False,False
2.305,14.477462768554688,23.40287208557129,1.1008000373840332,0.9994000000000043,1252,1178,0.19999999999999996,1.5,3.0,0.0,0.0,33.74936106698108,9.896206745957166,0.0,0.0,0.0,-1.0,1.0,0.026569957844913006,0.02688302192837,0.009511402264858287,0.009435700873533886,0.0,0.0,0.021073713302612308,0.15,0.15,False,False
2.31,14.38739013671875,23.378725051879883,1.1241748332977295,0.9993000000000043,1314,1259,0.19999999999999996,1.5,11.0,1.0,1.0,30.936914311399324,9.071522850460735,0.0,0.0,0.0,-1.0,1.0,0.026621893048286438,0.02691690033922593,0.009545291541144252,0.009464437995726865,0.0,0.0,0.018649878501892092,0.15,0.15,False,False
2.315,14.37435531616211,23.438501358032227,1.1818629503250122,0.9992000000000043,1251,1193,0.5316023130989183,1.4683976869010817,16.0,2.0,0.0,28.358838118782714,16.64889594625567,0.0,0.0,0.0,-0.5854971086263522,1.0,0.02648634525636832,0.026765026462574802,0.00953290689115723,0.009449596594398221,0.0,0.0,0.02649933099746704,0.15,0.15,False,False
2.32,14.411176681518555,23.530895233154297,1.1990859508514404,0.9991000000000043,1322,1252,0.5706354536740084,1.4293645463259916,3.0,4.0,0.0,25.995601608884154,15.261487950734365,0.0,0.0,0.0,-0.5367056829074894,1.0,0.026262947358191013,0.026482430597146354,0.009514139965176582,0.009420844338213405,0.0,0.0,0.03348985910415649,0.15,0.15,False,False
2.325,14.44572925567627,23.585844039916992,1.1799802780151367,0.9990000000000043,1238,1177,0.6064158325345077,1.3935841674654923,14.0,1.0,1.0,23.829301474810475,13.989697288173167,0.0,0.0,0.0,-0.49198020933186537,1.0,0.026125689813246332,0.026322631941487394,0.009495915146544576,0.009399540722370148,0.0,0.0,0.016809396743774414,0.15,0.15,False,False
2.33,14.451656341552734,23.74795150756836,1.1956192255020142,0.9989000000000043,1361,1289,0.639214513156632,1.360785486843368,28.0,1.0,2.0,21.843526351909603,12.823889180825402,0.0,0.0,0.0,-0.45098185855421,1.0,0.0257777888327837,0.02599323013176521,0.00943659416710337,0.009345443298419317,0.0,0.0,0.019938082695007325,0.15,0.15,False,False
2.335,14.388869285583496,23.93345832824707,1.177939534187317,0.9988000000000044,1270,1202,0.6692799703935792,1.3307200296064208,16.0,0.0,0.0,20.023232489250468,11.755231749089951,0.0,0.0,0.0,-0.41340003700802586,1.0,0.025428245620181165,0.025629294880976282,0.009408139934142431,0.009315627394244075,0.0,0.0,0.011359083652496337,0.15,0.15,False,False
2.34,14.439973831176758,24.085445404052734,1.1495753526687622,0.9987000000000044,1298,1241,0.696839972860781,1.303160027139219,5.0,1.0,0.0,18.35462978181293,10.775629103332454,0.0,0.0,0.0,-0.3789500339240237,1.0,0.025121911118427914,0.0253265545082589,0.009340788625801604,0.009251889229441684,0.0,0.0,0.01613434672355652,0.15,0.15,False,False
2.345,14.553993225097656,24.160512924194336,1.132968544960022,0.9986000000000044,1255,1198,0.722103308455716,1.277896691544284,2.0,0.0,0.0,16.825077299995183,9.877660011388082,0.0,0.0,0.0,-0.34737086443035503,1.0,0.02490375656634569,0.02512631860251228,0.009261891633893054,0.009179625194519758,0.0,0.0,0.018709779977798463,0.15,0.15,False,False
2.35,14.579625129699707,24.135196685791016,1.0982142686843872,0.9985000000000044,1183,1124,1.0785946994177396,0.9214053005822603,4.0,0.0,1.0,15.422987524995584,17.387855010439075,0.0,0.0,0.0,0.09824337427217458,1.0,0.024903747253119946,0.025144036238392196,0.009250095657383403,0.009171321677664917,0.0,0.0,0.013586323261260988,0.15,0.15,False,False
2.355,14.606640815734863,24.118186950683594,1.0756090879440308,0.9984000000000044,1299,1235,1.072045141132928,0.927954858867072,11.0,3.0,0.0,14.137738564579285,15.938867092902486,0.0,0.0,0.0,0.09005642641616003,1.0,0.02492560617004832,0.02519191863636176,0.009239570936188102,0.009165898663923144,0.0,0.0,0.012201662063598634,0.15,0.15,False,False
2.36,14.669974327087402,24.164182662963867,1.0455271005630493,0.9983000000000044,1309,1253,1.0660413793718506,0.9339586206281494,10.0,3.0,0.0,12.959593684197678,14.610628168493944,0.0,0.0,0.0,0.08255172421481331,1.0,0.024808868765830994,0.025087763400127493,0.009200733232622346,0.009130918964122733,0.0,0.0,0.01676867961883545,0.15,0.15,False,False
2.365,14.71009635925293,24.174785614013672,1.1117535829544067,0.9982000000000044,1242,1192,1.0605379310908631,0.939462068909137,2.0,0.0,1.0,11.879627543847871,13.393075821119448,0.0,0.0,0.0,0.07567241386357884,1.0,0.024775850276152294,0.025077826188256346,0.00917251881522437,0.009108552476391196,0.0,0.0,0.024051728248596194,0.15,0.15,False,False
2.37,14.768645286560059,24.255189895629883,1.1023554801940918,0.9981000000000044,1300,1230,1.0554931034999577,0.9445068965000423,8.0,1.0,0.0,10.889658581860548,12.276986169359493,0.0,0.0,0.0,0.06936637937494723,1.0,0.02455264407520493,0.024794430937618017,0.009145224854970973,0.00907018780708313,0.0,0.0,0.021936609745025638,0.15,0.15,False,False
2.375,14.929444313049316,24.293170928955078,1.089827299118042,0.9980000000000044,1292,1228,1.0508686782082945,0.9491313217917053,26.0,1.0,0.0,9.982187033372169,11.253903988579534,0.0,0.0,0.0,0.06358584776036827,1.0,0.024415056686848402,0.024651606411983572,0.009081784325341385,0.009008370883141955,0.0,0.0,0.012230381965637208,0.15,0.15,False,False
2.38,15.003650665283203,24.341690063476562,1.1416903734207153,0.9979000000000045,1262,1204,1.37996295502427,0.62003704497573,8.0,1.0,1.0,9.150338113924487,18.649411989531238,0.0,0.0,0.0,0.4749536937803375,1.0,0.024334412689010303,0.02458252556001147,0.009048422022412222,0.008978499875714382,0.0,0.0,0.017386869192123414,0.15,0.15,False,False
2.385,14.946249961853027,24.46500587463379,1.173384428024292,0.9978000000000045,1277,1217,1.3482993754389143,0.6517006245610857,2.0,2.0,1.0,8.387809937764112,17.09529432373697,0.0,0.0,0.0,0.43537421929864284,1.0,0.02407522484039267,0.024281092919409275,0.009038808833186826,0.008960859461997947,0.0,0.0,0.01667074203491211,0.15,0.15,False,False
2.39,14.903179168701172,24.53753662109375,1.207006573677063,0.9977000000000045,1230,1174,1.5,0.34739223918099515,5.0,0.0,0.0,7.688825776283769,24.004019796758886,0.0,0.0,0.0,0.815759701023756,1.0,0.02390358208989104,0.024081598967313766,0.009031652395303052,0.008948523318395019,0.0,0.0,0.019567705392837524,0.15,0.15,False,False
2.395,14.910416603088379,24.534177780151367,1.2344259023666382,0.9976000000000045,1223,1168,1.2648904474174212,0.7351095525825789,14.0,1.0,1.0,15.38142362826012,22.003684813695646,0.0,0.0,0.0,0.3311130592717763,1.0,0.023899812561770283,0.02405258050809304,0.009035504966353377,0.008947318807865184,0.0,0.0,0.012710407972335816,0.15,0.15,False,False
2.4,14.930570602416992,24.6497745513916,1.2594718933105469,0.9975000000000045,1227,1159,0.909482910132636,1.090517089867364,11.0,0.0,0.0,22.43297165923844,20.17004441255434,0.0,0.0,0.0,-0.11314636233420501,1.0,0.02368186057234804,0.02381320111453533,0.009004714277883371,0.00891337210002045,0.0,0.0,0.02654852867126465,0.15,0.15,False,False
2.405,14.942198753356934,24.717546463012695,1.2584916353225708,0.9974000000000045,1311,1248,0.9170260009549163,1.0829739990450837,9.0,1.0,0.0,20.563557354301903,18.48920737817481,0.0,0.0,0.0,-0.10371749880635459,1.0,0.02355876301104824,0.023670532585432134,0.008991077387084564,0.008896454237401485,0.0,0.0,0.05380797863006592,0.15,0.15,False,False
2.41,14.9711332321167,24.750856399536133,1.2417927980422974,0.9973000000000045,1255,1186,0.92394050087534,1.0760594991246601,6.0,0.0,0.0,18.849927574776743,16.948440096660242,0.0,0.0,0.0,-0.09507437390582503,1.0,0.023469282314181328,0.02357771464933952,0.008970067913954457,0.008875626372173429,0.0,0.0,0.018457484245300294,0.15,0.15,False,False
2.415,14.94933032989502,24.898401260375977,1.261021375656128,0.9972000000000045,1281,1216,0.9302787924690616,1.0697212075309384,11.0,0.0,0.0,17.27910027687868,15.536070088605221,0.0,0.0,0.0,-0.08715150941367292,1.0,0.023192265847076975,0.023318439877281587,0.008921922805408638,0.008832215098664165,0.0,0.0,0.020532655715942382,0.15,0.15,False,False
2.42,14.866073608398438,25.085906982421875,1.210107445716858,0.9971000000000045,1276,1213,0.9360888930966399,1.0639111069033602,8.0,3.0,1.0,15.839175253805456,14.241397581221452,0.0,0.0,0.0,-0.07988888362920017,1.0,0.022915180306881666,0.023027520316342514,0.008904937033851942,0.008813211461529136,0.0,0.0,0.015980616807937623,0.15,0.15,False,False
2.425,14.91943073272705,25.218122482299805,1.1539896726608276,0.9970000000000045,1319,1263,0.9414148186719199,1.05858518132808,8.0,2.0,0.0,14.519243982655,13.054614449452998,0.0,0.0,0.0,-0.0732314766601001,1.0,0.022689236793667078,0.02282942490031322,0.008841143377746146,0.0087572125873218,0.0,0.0,0.02067880392074585,0.15,0.15,False,False
2.43,15.040661811828613,25.218318939208984,1.1452683210372925,0.9969000000000046,1329,1273,0.9462969171159266,1.0537030828840734,6.0,2.0,2.0,13.309306984100417,11.96672991199858,0.0,0.0,0.0,-0.0671288536050918,1.0,0.0226118586336573,0.0227914370285968,0.008776993102704486,0.008703526885559162,0.0,0.0,0.021477382183074954,0.15,0.15,False,False
2.435,15.069291114807129,25.135902404785156,1.1263773441314697,0.9968000000000046,1328,1275,0.9507721740229327,1.0492278259770673,17.0,1.0,0.0,12.200198068758715,10.969502419332033,0.0,0.0,0.0,-0.06153478247133411,1.0,0.022696724627166986,0.022883318209399782,0.008784418071930608,0.008711670525372028,0.0,0.0,0.016564223766326904,0.15,0.15,False,False
2.44,15.12697982788086,25.160852432250977,1.0907530784606934,0.9967000000000046,1363,1290,0.9548744928543549,1.0451255071456451,16.0,1.0,0.0,19.516848229695487,18.38871055105436,0.0,0.0,0.0,-0.056406883932056395,1.0,0.022630838211625814,0.022823635954409838,0.00875845590295891,0.008687867860620221,0.0,0.0,0.02015687942504883,0.15,0.15,False,False
2.445,15.185076713562012,25.302654266357422,1.0436558723449707,0.9966000000000046,1220,1164,0.9586349517831586,1.0413650482168415,5.0,0.0,1.0,17.890444210554197,16.85631800513316,0.0,0.0,0.0,-0.05170631027105177,1.0,0.022387639619410038,0.022602906295408808,0.008693196966002386,0.008629721123725176,0.0,0.0,0.03364667654037476,0.15,0.15,False,False
2.45,15.134499549865723,25.357370376586914,1.0235804319381714,0.9965000000000046,1256,1186,0.9620820391345621,1.0379179608654379,3.0,2.0,0.0,16.39957385967468,15.45162483803873,0.0,0.0,0.0,-0.04739745108179738,1.0,0.022331970588614546,0.02258128176132838,0.008682517412429055,0.008627413772046566,0.0,0.0,0.011503573656082153,0.15,0.15,False,False
2.455,15.141569137573242,25.424312591552734,0.9946953058242798,0.9964000000000046,1234,1173,0.965241869206682,1.034758130793318,3.0,0.0,0.0,15.032942704701787,14.163989434868835,0.0,0.0,0.0,-0.043447663491647595,1.0,0.02222699190800389,0.022484689640502136,0.00866605395761629,0.008613216535498699,0.0,0.0,0.022580626010894778,0.15,0.15,False,False
2.46,15.260543823242188,25.42403221130371,1.0222266912460327,0.9963000000000046,1203,1144,0.9681383801061252,1.0318616198938748,9.0,0.0,0.0,13.78019747930997,12.9836569819631,0.0,0.0,0.0,-0.039827024867343574,1.0,0.022198803101976715,0.022470702727635704,0.008627156882236402,0.008578802226111293,0.0,0.0,0.012004095315933227,0.15,0.15,False,False
2.465,15.319756507873535,25.474775314331055,1.076059103012085,0.9962000000000046,1208,1141,0.9707935150972814,1.0292064849027185,6.0,0.0,0.0,12.631847689367472,11.901685566799507,0.0,0.0,0.0,-0.036508106128398235,1.0,0.022086688162138067,0.02233843474338452,0.00860259907009701,0.008550562585393589,0.0,0.0,0.022145097255706788,0.15,0.15,False,False
2.47,15.301687240600586,25.606571197509766,1.1172528266906738,0.9961000000000046,1227,1161,0.9732273888391747,1.0267726111608253,8.0,0.0,1.0,11.579193715253515,10.909878436232882,0.0,0.0,0.0,-0.033465763951031666,1.0,0.021824631839990616,0.022037059534341097,0.008577011370410522,0.008517257325972121,0.0,0.0,0.0185349977016449,0.15,0.15,False,False
2.475,15.293648719787598,25.643003463745117,1.148902416229248,0.9960000000000047,1239,1182,0.9754584397692434,1.0245415602307566,7.0,0.0,0.0,10.614260905649056,10.00072189988014,0.0,0.0,0.0,-0.03067695028844577,1.0,0.02174610815321406,0.0219300901517272,0.00857408003260692,0.00850808418666323,0.0,0.0,0.010541291236877443,0.15,0.15,False,False
2.48,15.304166793823242,25.646944046020508,1.1826095581054688,0.9959000000000047,1341,1272,0.9775035697884731,1.022496430211527,24.0,1.0,0.0,9.729739163511635,9.167328408223462,0.0,0.0,0.0,-0.02812053776440866,1.0,0.021736896596848965,0.021900990201781195,0.008575156486282747,0.008504680202653011,0.0,0.0,0.020220177173614504,0.15,0.15,False,False
2.485,15.313939094543457,25.753101348876953,1.2007689476013184,0.9958000000000047,1370,1293,0.9793782723061003,1.0206217276938998,7.0,5.0,0.0,8.918927566552332,8.403384374204839,0.0,0.0,0.0,-0.02577715961737468,1.0,0.02155050557727615,0.021690917977442346,0.008550255636995038,0.008475479747479161,0.0,0.0,0.015682740211486818,0.15,0.15,False,False
2.49,15.29141902923584,25.743568420410156,1.175114631652832,0.9957000000000047,1321,1254,0.9810967496139252,1.0189032503860747,4.0,1.0,2.0,8.17568360267297,7.703102343021102,0.0,0.0,0.0,-0.02362906298259344,1.0,0.021559220428268116,0.021686739443490904,0.008563038039331635,0.008485170546919107,0.0,0.0,0.027566208839416507,0.15,0.15,False,False
2.495,15.334078788757324,25.824432373046875,1.1978837251663208,0.9956000000000047,1257,1201,1.3160053538127647,0.6839946461872353,4.0,0.0,0.0,7.4943766357835555,15.394510481102675,0.0,0.0,0.0,0.39500669226595597,1.0,0.02141513473664721,0.021558005052308243,0.008521189447492361,0.008447932777926326,0.0,0.0,0.0294356632232666,0.15,0.15,False,False
2.5,15.27007007598877,26.01336669921875,1.1806610822677612,0.9955000000000047,1298,1231,0.9563382409950344,1.0436617590049655,10.0,0.0,0.0,15.203178582801591,14.111634607677452,0.0,0.0,0.0,-0.054577198756206965,1.0,0.021137772127985954,0.021270348224788904,0.008488896613319715,0.00841451226733625,0.0,0.0,0.014958690404891969,0.15,0.15,False,False
2.505,15.256361961364746,26.179759979248047,1.1222237348556519,0.9954000000000047,1346,1291,0.959976720912115,1.0400232790878852,31.0,0.0,1.0,13.93624703423479,12.935665057037664,0.0,0.0,0.0,-0.05002909885985636,1.0,0.020923532235125702,0.021060608172168337,0.008453946017349761,0.008381686250989636,0.0,0.0,0.014728883504867554,0.15,0.15,False,False
2.51,15.367006301879883,26.27437973022461,1.0858869552612305,0.9953000000000047,1296,1235,0.9633119941694387,1.0366880058305614,9.0,3.0,0.0,12.774893114715224,11.857692968951191,0.0,0.0,0.0,-0.04586000728820165,1.0,0.02074767059336106,0.02091444873561462,0.008377651683986187,0.008315106388181448,0.0,0.0,0.019275273084640505,0.15,0.15,False,False
2.515,15.43775463104248,26.275842666625977,1.0560023784637451,0.9952000000000047,1239,1177,0.966369327988652,1.033630672011348,7.0,2.0,0.0,11.710318688488956,10.869551888205258,0.0,0.0,0.0,-0.04203834001418487,1.0,0.020689376009007297,0.020880626204113167,0.008339162062232694,0.008283620700240135,0.0,0.0,0.020813426971435546,0.15,0.15,False,False
2.52,15.452193260192871,26.234756469726562,1.0324491262435913,0.9951000000000048,1241,1170,0.9691718839895977,1.0308281160104023,3.0,0.0,1.0,10.734458797781542,9.963755897521485,0.0,0.0,0.0,-0.038535145013002835,1.0,0.020728916085014742,0.0209378885726134,0.008339329312245052,0.008287574164569378,0.0,0.0,0.016922465562820434,0.15,0.15,False,False
2.525,15.517804145812988,26.269664764404297,1.0001802444458008,0.9950000000000048,1249,1187,0.9717408936571313,1.0282591063428688,6.0,1.0,0.0,9.83992056463308,9.133442906061362,0.0,0.0,0.0,-0.03532388292858588,1.0,0.02066510186220209,0.020883480707804363,0.00831001748641332,0.008261374120290082,0.0,0.0,0.02307616710662842,0.15,0.15,False,False
2.53,15.558650016784668,26.321456909179688,1.0023324489593506,0.9949000000000048,1269,1208,0.9740958191857036,1.0259041808142964,11.0,4.0,1.0,9.019927184246988,8.37232266388958,0.0,0.0,0.0,-0.032380226017870405,1.0,0.02058192932357391,0.020817887658874195,0.008276149552936356,0.00823316047899425,0.0,0.0,0.033824169635772706,0.15,0.15,False,False
2.535,15.575267791748047,26.36296272277832,1.0013355016708374,0.9948000000000048,1286,1232,1.3095878342535616,0.6904121657464384,12.0,2.0,2.0,8.268266585559738,16.00796244189878,0.0,0.0,0.0,0.3869847928169521,1.0,0.02051567193120718,0.02074799733236432,0.008263417985290289,0.008219904654348891,0.0,0.0,0.018136658668518067,0.15,0.15,False,False
2.54,15.68979549407959,26.404077529907227,0.9862733483314514,0.9947000000000048,1331,1276,1.2837888480657649,0.7162111519342351,19.0,1.0,0.0,7.5792443700964265,14.673965571740547,0.0,0.0,0.0,0.35473606008220604,1.0,0.020410404540598392,0.02063628130902847,0.008222153410315514,0.008178358742346367,0.0,0.0,0.018951982259750366,0.15,0.15,False,False
2.545,15.807266235351562,26.448179244995117,1.0103542804718018,0.9946000000000048,1230,1173,0.9268064440602845,1.0731935559397157,17.0,0.0,0.0,15.280974005921724,13.451135107428835,0.0,0.0,0.0,-0.09149194492464448,1.0,0.020326421751330297,0.020557296617577474,0.008179806560898822,0.008138709235936403,0.0,0.0,0.013308666944503786,0.15,0.15,False,False
2.55,15.825638771057129,26.559083938598633,1.0603684186935425,0.9945000000000048,1330,1261,0.9329059070552607,1.0670940929447392,9.0,1.0,0.0,14.007559505428247,12.330207181809765,0.0,0.0,0.0,-0.08386761618092411,1.0,0.020146307845910393,0.02036111274113258,0.008150229696184397,0.008106334522987407,0.0,0.0,0.014754750728607177,0.15,0.15,False,False
2.555,15.802127838134766,26.654939651489258,1.1058547496795654,0.9944000000000048,1287,1232,0.9384970814673224,1.0615029185326776,4.0,2.0,1.0,12.840262879975892,11.30268991665895,0.0,0.0,0.0,-0.07687864816584708,1.0,0.019976201001554728,0.02015918881321947,0.008134056503574055,0.00808299247485896,0.0,0.0,0.019538569450378417,0.15,0.15,False,False
2.56,15.782002449035645,26.63743782043457,1.1407139301300049,0.9943000000000048,1283,1232,0.9436223246783788,1.0563776753216212,5.0,7.0,0.0,11.770240973311234,10.360799090270705,0.0,0.0,0.0,-0.07047209415202645,1.0,0.019989532108108204,0.020146688135961693,0.008148794683317345,0.008090985162804525,0.0,0.0,0.013481208086013793,0.15,0.15,False,False
2.565,15.767289161682129,26.700096130371094,1.1713151931762695,0.9942000000000049,1365,1291,0.6149871309551806,1.3850128690448194,18.0,0.0,1.0,19.12272089220196,9.497399166081479,0.0,0.0,0.0,-0.48126608630602413,1.0,0.019901321114351354,0.02004055306315422,0.008141513681039214,0.008079549685741465,0.0,0.0,0.021260006427764894,0.15,0.15,False,False
2.57,15.7791109085083,26.777803421020508,1.1856857538223267,0.9941000000000049,1289,1229,0.6470715367089157,1.3529284632910843,15.0,1.0,0.0,17.529160817851796,8.705949235574689,0.0,0.0,0.0,-0.44116057911385537,1.0,0.019786548800766468,0.019907146537055574,0.008125405681009095,0.008059547205145162,0.0,0.0,0.030551786422729495,0.15,0.15,False,False
2.575,15.791123390197754,26.826753616333008,1.152894139289856,0.9940000000000049,1213,1154,0.3431489086498395,1.5,6.0,0.0,0.0,24.401730749697478,7.980453465943465,0.0,0.0,0.0,-0.8210638641877006,1.0,0.019722352735698223,0.019834204576909542,0.008115617480749886,0.008048003849883875,0.0,0.0,0.01680610179901123,0.15,0.15,False,False
2.58,15.788866996765137,26.99989891052246,1.1577098369598389,0.9939000000000049,1185,1127,0.3978864995956861,1.5,7.0,0.0,0.0,22.368253187222688,7.315415677114842,0.0,0.0,0.0,-0.7526418755053923,1.0,0.01948211652537187,0.01961277254546682,0.00806170942572256,0.00800009157198171,0.0,0.0,0.008403849005699158,0.15,0.15,False,False
2.585,15.772412300109863,27.194507598876953,1.1454495191574097,0.9938000000000049,1132,1084,0.44806262462937896,1.5,5.0,0.0,0.0,20.504232088287463,6.705797704021938,0.0,0.0,0.0,-0.6899217192132763,1.0,0.019239784839252632,0.01936575941120585,0.0080188336626937,0.007957578248654803,0.0,0.0,0.01575728416442871,0.15,0.15,False,False
2.59,15.814345359802246,27.291975021362305,1.080350399017334,0.9937000000000049,1166,1105,0.49405740591026415,1.5,5.0,0.0,0.0,18.795546080930173,6.146981228686776,0.0,0.0,0.0,-0.6324282426121698,1.0,0.01911584520712495,0.019243690185248852,0.007984198164194822,0.007924491461987298,0.0,0.0,0.01280381679534912,0.15,0.15,False,False
2.595,15.926678657531738,27.31822967529297,1.0415939092636108,0.9936000000000049,1249,1196,0.8695526220844089,1.1304473779155912,6.0,0.0,0.0,17.22925057418599,13.968066126296211,0.0,0.0,0.0,-0.16305922239448895,1.0,0.019043654513855778,0.019203192399193846,0.007931531484549245,0.007881359585250419,0.0,0.0,0.017637258768081664,0.15,0.15,False,False
2.6,15.95915699005127,27.282960891723633,1.0127899646759033,0.9935000000000049,1134,1075,0.8804232369107081,1.1195767630892919,3.0,0.0,0.0,15.793479693003823,12.804060615771526,0.0,0.0,0.0,-0.14947095386161485,1.0,0.01905042755727967,0.01923208124935627,0.00791704592605432,0.00787292568323513,0.0,0.0,0.012213410139083863,0.15,0.15,False,False
2.605,15.985179901123047,27.270404815673828,0.995430052280426,0.993400000000005,1260,1199,0.890387967168149,1.1096120328318508,7.0,0.0,1.0,14.477356385253504,11.737055564457231,0.0,0.0,0.0,-0.13701504103981366,1.0,0.019057381432503462,0.019252258352935314,0.007909389678388834,0.007868859684094787,0.0,0.0,0.014251325130462646,0.15,0.15,False,False
2.61,16.061742782592773,27.340791702270508,0.979336142539978,0.993300000000005,1235,1177,0.5661889699041367,1.4338110300958633,4.0,0.0,0.0,21.604243353149045,10.758967600752461,0.0,0.0,0.0,-0.5422637876198292,1.0,0.018944030161947012,0.019143955626835428,0.007869353285059333,0.007831451948732138,0.0,0.0,0.022161538600921633,0.15,0.15,False,False
2.615,16.07516860961914,27.382427215576172,1.0408047437667847,0.993200000000005,1311,1253,0.9356732224121254,1.0643267775878746,10.0,3.0,0.0,19.803889740386623,18.195720300689757,0.0,0.0,0.0,-0.08040847198484329,1.0,0.018897436093539,0.01910521648824215,0.007853275553012889,0.007818039739504457,0.0,0.0,0.02177072286605835,0.15,0.15,False,False
2.62,16.149227142333984,27.448278427124023,1.0295913219451904,0.993100000000005,1372,1303,0.6077004538777815,1.3922995461222185,24.0,2.0,2.0,26.486898928687737,16.679410275632275,0.0,0.0,0.0,-0.4903744326527731,1.0,0.018765785110493503,0.018939070869237185,0.007823993995164832,0.007780536155526837,0.0,0.0,0.024376087188720703,0.15,0.15,False,False
2.625,16.346954345703125,27.491086959838867,1.0255470275878906,0.993000000000005,1214,1167,0.6403920827212999,1.3596079172787001,10.0,0.0,0.0,24.27965735129709,15.289459419329585,0.0,0.0,0.0,-0.4495098965983752,1.0,0.01865016141285499,0.01882015960291028,0.007762760700037083,0.007720505042622487,0.0,0.0,0.016589187383651734,0.15,0.15,False,False
2.63,16.457441329956055,27.54802131652832,1.095996618270874,0.992900000000005,1258,1201,0.6703594091611915,1.3296405908388085,3.0,2.0,0.0,22.25635257202233,14.01533780105212,0.0,0.0,0.0,-0.4120507385485105,1.0,0.018582936997214954,0.018756555703779064,0.0077301155154903736,0.007689822232350707,0.0,0.0,0.01879714369773865,0.15,0.15,False,False
2.635,16.421655654907227,27.658903121948242,1.1557860374450684,0.992800000000005,1320,1259,0.36449612506442564,1.5,10.0,3.0,1.0,28.734989857687133,12.847392984297775,0.0,0.0,0.0,-0.7943798436694679,1.0,0.01842721753443281,0.018564140579352777,0.007720360299572349,0.007670982352768382,0.0,0.0,0.018106021881103516,0.15,0.15,False,False
2.64,16.353065490722656,27.715696334838867,1.195255994796753,0.992700000000005,1356,1292,0.4174547813090569,1.5,20.0,1.0,0.0,26.340407369546536,11.77677690227296,0.0,0.0,0.0,-0.7281815233636788,1.0,0.01834309737508496,0.018448211097468935,0.007726387120783329,0.007668679269651572,0.0,0.0,0.020829000473022462,0.15,0.15,False,False
2.645,16.321897506713867,27.705036163330078,1.2548291683197021,0.992600000000005,1314,1266,0.4660002161999689,1.5,9.0,3.0,1.0,24.145373422084322,10.795378827083546,0.0,0.0,0.0,-0.6674997297500388,1.0,0.018353627528995275,0.018440724816173315,0.007738633236537377,0.0076759936443219585,0.0,0.0,0.01915246367454529,0.15,0.15,False,False
2.65,16.316707611083984,27.788776397705078,1.3355683088302612,0.992500000000005,1346,1278,0.5105001981833048,1.4894998018166952,6.0,4.0,1.0,22.13325897024396,9.895763924826584,0.0,0.0,0.0,-0.6118747522708688,1.0,0.01825700125967463,0.01831363420933485,0.0077349122148007154,0.007665026932954788,0.0,0.0,0.01296105742454529,0.15,0.15,False,False
2.655,16.291643142700195,27.914066314697266,1.3268890380859375,0.9924000000000051,1354,1292,0.21795851500136276,1.5,11.0,2.0,0.0,28.622154056056964,9.071116931091035,0.0,0.0,0.0,-0.9775518562482965,1.0,0.018137057777494192,0.01815485768020153,0.007737062017743787,0.007658100609357159,0.0,0.0,0.04830929756164551,0.15,0.15,False,False
2.66,16.270694732666016,27.984119415283203,1.3556946516036987,0.9923000000000051,1369,1302,0.28312863875124916,1.5,36.0,2.0,0.0,26.23697455138555,8.315190520166782,0.0,0.0,0.0,-0.8960892015609385,1.0,0.018053302386154733,0.018076614166299503,0.00772230327129364,0.007644751652454337,0.0,0.0,0.013167123794555665,0.15,0.15,False,False
2.665,16.22629737854004,28.104169845581055,1.3786741495132446,0.9922000000000051,1344,1281,0.6762012521886451,1.3237987478113549,19.0,3.0,1.0,24.050560005436754,15.955591310152883,0.0,0.0,0.0,-0.40474843476419353,1.0,0.017927230801433325,0.01793922313178579,0.007706176644812028,0.00762602003912131,0.0,0.0,0.019895867109298707,0.15,0.15,False,False
2.67,16.203550338745117,28.260028839111328,1.353000283241272,0.9921000000000051,1302,1248,0.7031844811729246,1.2968155188270754,11.0,1.0,0.0,22.046346671650358,14.625958700973476,0.0,0.0,0.0,-0.37101939853384414,1.0,0.017765987819681566,0.017766723564515512,0.007680008032669624,0.007597837829962373,0.0,0.0,0.011256961822509766,0.15,0.15,False,False
2.675,16.247074127197266,28.413890838623047,1.3378046751022339,0.9920000000000051,1316,1253,0.3945857744085144,1.5,10.0,0.0,0.0,28.542484449012825,13.407128809225686,0.0,0.0,0.0,-0.756767781989357,1.0,0.0175758955689768,0.017586532824983202,0.007625519065186381,0.007547057078530392,0.0,0.0,0.035589251518249515,0.15,0.15,False,False
2.68,16.293184280395508,28.451684951782227,1.3181484937667847,0.9919000000000051,1283,1220,0.44503695987447156,1.5,10.0,0.0,1.0,26.163944078261757,12.289868075123545,0.0,0.0,0.0,-0.6937038001569106,1.0,0.01749778864905238,0.017516420533259712,0.007596354698762298,0.007520526414737105,0.0,0.0,0.01839998245239258,0.15,0.15,False,False
2.685,16.31476593017578,28.415985107421875,1.2895476818084717,0.9918000000000051,1268,1205,0.4912838798849323,1.5,3.0,1.0,0.0,23.983615405073277,11.265712402196582,0.0,0.0,0.0,-0.6358951501438347,1.0,0.017508284654468298,0.017537027597427368,0.007591074099764228,0.0075177483571072425,0.0,0.0,0.01923227071762085,0.15,0.15,False,False
2.69,16.372032165527344,28.455371856689453,1.2832229137420654,0.9917000000000051,1343,1283,0.8670102232278545,1.1329897767721455,10.0,3.0,1.0,21.984980787983837,18.6602363686802,0.0,0.0,0.0,-0.1662372209651819,1.0,0.017447594242791336,0.017487832810729742,0.007564583017180364,0.007494597230106592,0.0,0.0,0.022824633121490478,0.15,0.15,False,False
2.695,16.404584884643555,28.514074325561523,1.2822848558425903,0.9916000000000051,1266,1214,0.8780927046255332,1.1219072953744667,1.0,4.0,1.0,20.15289905565185,17.105216671290183,0.0,0.0,0.0,-0.1523841192180834,1.0,0.01737187538916866,0.017414302565157413,0.007541737286373973,0.007472844639172157,0.0,0.0,0.02601496696472168,0.15,0.15,False,False
2.7,16.4080753326416,28.526418685913086,1.3677973747253418,0.9915000000000052,1349,1284,0.5549183125734055,1.4450816874265944,17.0,0.0,0.0,26.80682413434753,15.679781948682667,0.0,0.0,0.0,-0.5563521092832431,1.0,0.01734979528312882,0.017393387388437986,0.007533347234129906,0.007465067319571972,0.0,0.0,0.017908161878585814,0.15,0.15,False,False
2.705,16.486915588378906,28.617162704467773,1.3539446592330933,0.9914000000000052,1326,1265,0.5920084531922883,1.4079915468077115,24.0,1.0,1.0,24.5729221231519,14.373133452959111,0.0,0.0,0.0,-0.5099894335096395,1.0,0.017236177809536457,0.017237411035845678,0.007515510078519583,0.0074373476672917604,0.0,0.0,0.022070300579071046,0.15,0.15,False,False
2.71,16.631818771362305,28.679550170898438,1.3714406490325928,0.9913000000000052,1210,1154,0.6260077487595976,1.3739922512404024,6.0,2.0,0.0,22.525178612889242,13.175372331879185,0.0,0.0,0.0,-0.46749031405050284,1.0,0.017157383263111115,0.017164900588492554,0.007472753447170059,0.007397557298342387,0.0,0.0,0.022365336418151856,0.15,0.15,False,False
2.715,16.629867553710938,28.747346878051758,1.428486943244934,0.9912000000000052,1253,1209,0.6571737696962978,1.3428262303037022,5.0,1.0,0.0,20.648080395148472,12.07742463755592,0.0,0.0,0.0,-0.4285327878796276,1.0,0.017110295593738556,0.017113628952453535,0.0074666261207312346,0.007390414830297232,0.0,0.0,0.03543697595596314,0.15,0.15,False,False
2.72,16.548662185668945,28.803640365600586,1.4745508432388306,0.9911000000000052,1317,1256,1.0190759555549398,0.9809240444450602,27.0,0.0,0.0,18.927407028886098,19.404305917759594,0.0,0.0,0.0,0.023844944443674798,1.0,0.017039227144171797,0.017014682137717806,0.007474385589982073,0.007391093531623483,0.0,0.0,0.02677109479904175,0.15,0.15,False,False
2.725,16.5063533782959,28.822805404663086,1.5097709894180298,0.9910000000000052,1208,1145,1.017486292592028,0.9825137074079718,9.0,0.0,0.0,17.350123109812255,17.78728042461296,0.0,0.0,0.0,0.021857865740035187,1.0,0.017009026681383453,0.01696339575573802,0.0074825140958031024,0.007394090062007308,0.0,0.0,0.023047282695770267,0.15,0.15,False,False
2.73,16.493879318237305,28.86777687072754,1.538967251777649,0.9909000000000052,1202,1141,1.0160291015426923,0.9839708984573076,4.0,0.0,1.0,15.9042795173279,16.30500705589521,0.0,0.0,0.0,0.020036376928365483,1.0,0.016963619273155928,0.016903679352253675,0.007480472947160403,0.007388808686907093,0.0,0.0,0.03288840293884278,0.15,0.15,False,False
2.735,16.478572845458984,28.93729019165039,1.579024314880371,0.9908000000000052,1248,1200,1.0146933430808014,0.9853066569191986,8.0,2.0,0.0,14.578922890883907,14.946256467903941,0.0,0.0,0.0,0.018366678851001694,1.0,0.016903555175910395,0.016831940350433193,0.0074761434613416595,0.007381880811105172,0.0,0.0,0.035634698867797854,0.15,0.15,False,False
2.74,16.46174430847168,28.9869441986084,1.5472147464752197,0.9907000000000052,1268,1200,1.013468897824068,0.9865311021759321,7.0,2.0,0.0,13.364012649976914,13.700735095578612,0.0,0.0,0.0,0.016836122280084888,1.0,0.01687774512295922,0.016788284604748092,0.00748461422820886,0.007386344174544017,0.0,0.0,0.010793262720108032,0.15,0.15,False,False
2.745,16.463520050048828,29.081634521484375,1.5814377069473267,0.9906000000000053,1302,1246,1.0123464896720622,0.9876535103279377,8.0,2.0,1.0,12.250344929145504,12.55900717094706,0.0,0.0,0.0,0.015433112090077828,1.0,0.01675623624275128,0.016682584925244253,0.007450443226844072,0.007356030400842428,0.0,0.0,0.02285914182662964,0.15,0.15,False,False
2.75,16.383529663085938,29.18510627746582,1.58461332321167,0.9905000000000053,1324,1253,0.6779842821993904,1.3220157178006096,16.0,1.0,1.0,19.562816185050043,11.512423240034805,0.0,0.0,0.0,-0.4025196472507619,1.0,0.016664285212755203,0.01658075489103794,0.007447739675020179,0.0073509620657811565,0.0,0.0,0.016239163875579835,0.15,0.15,False,False
2.755,16.336524963378906,29.30834197998047,1.5432363748550415,0.9904000000000053,1275,1232,1.0381522586827747,0.9618477413172253,8.0,1.0,1.0,17.932581502962538,18.886387970031905,0.0,0.0,0.0,0.047690323353468324,1.0,0.016558640636503696,0.01647456859548887,0.00743319746106863,0.007336402001480262,0.0,0.0,0.01080964207649231,0.15,0.15,False,False
2.76,16.378625869750977,29.44618797302246,1.5051085948944092,0.9903000000000053,1197,1136,1.0349729037925435,0.9650270962074565,4.0,2.0,1.0,16.43819971104899,17.31252230586258,0.0,0.0,0.0,0.0437161297406794,1.0,0.016388818621635437,0.01632236254711946,0.007377133006229997,0.007285521520922582,0.0,0.0,0.020327413082122804,0.15,0.15,False,False
2.765,16.42191505432129,29.467926025390625,1.4664748907089233,0.9902000000000053,1303,1239,1.0320584951431648,0.967941504856835,3.0,1.0,0.0,15.06834973512824,15.869812113707363,0.0,0.0,0.0,0.04007311892895613,1.0,0.016323530580848455,0.016274605101595323,0.007347529365991553,0.007260563240076105,0.0,0.0,0.01909432888031006,0.15,0.15,False,False
2.77,16.465320587158203,29.439760208129883,1.448868989944458,0.9901000000000053,1218,1154,1.0293869538812346,0.9706130461187655,10.0,0.0,0.0,13.812653923867554,14.547327770898416,0.0,0.0,0.0,0.03673369235154311,1.0,0.01632606222604712,0.016291584664334856,0.007335965444023411,0.007252496434375644,0.0,0.0,0.01835561275482178,0.15,0.15,False,False
2.775,16.515417098999023,29.49359893798828,1.4142684936523438,0.9900000000000053,1198,1142,1.0269380410577984,0.9730619589422017,22.0,0.0,0.0,12.661599430211924,13.335050456656882,0.0,0.0,0.0,0.03367255132224791,1.0,0.01625548116862774,0.01622666915257772,0.0073098065331578255,0.007228189303229253,0.0,0.0,0.022129316329956055,0.15,0.15,False,False
2.78,16.524185180664062,29.549694061279297,1.434449553489685,0.9899000000000053,1227,1157,1.0246932043029817,0.9753067956970182,4.0,0.0,0.0,11.60646614436093,12.223796251935475,0.0,0.0,0.0,0.03086650537872728,1.0,0.016187664587050676,0.016173666808754206,0.007285964675247669,0.0072084662194053335,0.0,0.0,0.03786172151565552,0.15,0.15,False,False
2.785,16.5360164642334,29.644012451171875,1.468056321144104,0.9898000000000053,1277,1222,1.0226354372777333,0.9773645627222666,6.0,1.0,0.0,10.639260632330851,11.205146564274186,0.0,0.0,0.0,0.028294296597166736,1.0,0.01609352262069782,0.016071891101698082,0.007265484503780803,0.007186499424278736,0.0,0.0,0.020449037551879885,0.15,0.15,False,False
2.79,16.68464469909668,29.793624877929688,1.4595589637756348,0.9897000000000054,1234,1171,1.0207491508379223,0.9792508491620777,7.0,1.0,1.0,9.752655579636613,10.27138435058467,0.0,0.0,0.0,0.02593643854740284,1.0,0.015927928034216166,0.015889030570785206,0.007211116996283333,0.00712917457955579,0.0,0.0,0.016651878356933596,0.15,0.15,False,False
2.795,16.81566047668457,29.905527114868164,1.4958995580673218,0.9896000000000054,1253,1193,1.019020054934762,0.9809799450652379,3.0,0.0,0.0,8.939934281333562,9.415435654702614,0.0,0.0,0.0,0.023775068668452626,1.0,0.015814894189437233,0.01578117876003186,0.007163176002601783,0.0070838393488278,0.0,0.0,0.018729748725891116,0.15,0.15,False,False
2.8,16.764507293701172,30.00630760192871,1.5333986282348633,0.9895000000000054,1272,1212,1.0174350503568652,0.9825649496431348,9.0,2.0,0.0,8.194939757889099,8.63081601681073,0.0,0.0,0.0,0.02179381294608156,1.0,0.015735702278713386,0.01569004807000359,0.007160725072026253,0.007078356575220823,0.0,0.0,0.017792409658432005,0.15,0.15,False,False
2.805,16.66708755493164,30.06772232055664,1.5634669065475464,0.9894000000000054,1243,1193,1.0159821294937932,0.9840178705062068,7.0,2.0,1.0,7.51202811139834,7.9115813487431685,0.0,0.0,0.0,0.019977661867241415,1.0,0.01567998512958487,0.015618767744551103,0.007171249793221554,0.0070846119585136575,0.0,0.0,0.01932960033416748,0.15,0.15,False,False
2.81,16.644962310791016,30.053560256958008,1.6067211627960205,0.9893000000000054,1307,1229,1.0146502853693105,0.9853497146306897,12.0,2.0,0.0,6.886025768781812,7.252282903014571,0.0,0.0,0.0,0.01831285671163796,1.0,0.01569204032421112,0.015618617956837019,0.007180904891962807,0.007091067964211106,0.0,0.0,0.01412768006324768,0.15,0.15,False,False
2.815,16.627065658569336,30.096477508544922,1.6476560831069946,0.9892000000000054,1296,1236,1.0134294282552012,0.9865705717447989,21.0,0.0,1.0,6.312190288049994,6.647925994430023,0.0,0.0,0.0,0.016786785319001442,1.0,0.015666823989401262,0.015578496580322584,0.0071838517518093194,0.007090423799430331,0.0,0.0,0.020230042934417724,0.15,0.15,False,False
2.82,16.588909149169922,30.216590881347656,1.6708695888519287,0.9891000000000054,1306,1249,1.0123103092339345,0.9876896907660656,7.0,1.0,0.0,14.119507764045826,14.427265494894186,0.0,0.0,0.0,0.015387886542418006,1.0,0.015579508617520332,0.015477406947563093,0.00717921182513237,0.007082642987370491,0.0,0.0,0.045729751586914065,0.15,0.15,False,False
2.825,16.61269187927246,30.259740829467773,1.7002689838409424,0.9890000000000054,1213,1147,1.0112844501311065,0.9887155498688935,2.0,1.0,1.0,12.942882117042007,13.22499337031967,0.0,0.0,0.0,0.01410556266388312,1.0,0.015550046227872372,0.015439892498155436,0.007171887361134092,0.007073760498315096,0.0,0.0,0.0096456378698349,0.15,0.15,False,False
2.83,16.590478897094727,30.348365783691406,1.7244564294815063,0.9889000000000054,1351,1278,0.6770107459535142,1.3229892540464858,6.0,2.0,1.0,20.19764194062184,12.122910589459696,0.0,0.0,0.0,-0.40373656755810716,1.0,0.015483013509462278,0.015364702946196001,0.007160687043021123,0.007060738668466608,0.0,0.0,0.020168559551239015,0.15,0.15,False,False
2.835,16.475831985473633,30.416933059692383,1.7121212482452393,0.9888000000000055,1384,1335,0.7039265171240547,1.2960734828759453,18.0,4.0,0.0,18.514505112236684,11.112668040338054,0.0,0.0,0.0,-0.37009185359493146,1.0,0.01544483316441377,0.01531990710645914,0.007173048797994852,0.007071213719124596,0.0,0.0,0.0180404531955719,0.15,0.15,False,False
2.84,16.416114807128906,30.571311950683594,1.654476284980774,0.9887000000000055,1270,1206,0.7285993073637169,1.271400692636283,21.0,1.0,0.0,16.97162968621696,10.186612370309883,0.0,0.0,0.0,-0.3392508657953539,1.0,0.015307126256326836,0.01518801087513566,0.007145722629502416,0.007045532887180647,0.0,0.0,0.01573669791221619,0.15,0.15,False,False
2.845,16.418031692504883,30.745397567749023,1.6237093210220337,0.9886000000000055,1327,1254,0.7512160317500738,1.2487839682499262,6.0,1.0,1.0,15.557327212365546,9.337728006117391,0.0,0.0,0.0,-0.31097996031240777,1.0,0.015114903605232637,0.015017869882285595,0.00708601592729489,0.006992041599005461,0.0,0.0,0.01986603617668152,0.15,0.15,False,False
2.85,16.402233123779297,30.771404266357422,1.601381540298462,0.9885000000000055,1269,1211,0.7719480291042342,1.2280519708957658,9.0,3.0,0.0,14.260883278001751,8.559584005607608,0.0,0.0,0.0,-0.2850649636197072,1.0,0.015068186136583488,0.014984633307904005,0.007073786109685898,0.006982935204481086,0.0,0.0,0.015197705030441285,0.15,0.15,False,False
2.855,16.4494571685791,30.767953872680664,1.5781033039093018,0.9884000000000055,1313,1260,0.7909523600122147,1.2090476399877854,27.0,0.0,1.0,13.072476338168272,7.84628533847364,0.0,0.0,0.0,-0.2613095499847316,1.0,0.01505125081166625,0.014975246352454027,0.007061527964348595,0.00697229717237254,0.0,0.0,0.013579412698745727,0.15,0.15,False,False
2.86,16.536611557006836,30.838054656982422,1.5747992992401123,0.9883000000000055,1263,1200,0.4750396633445303,1.5,10.0,4.0,0.0,20.316436643320912,7.19242822693417,0.0,0.0,0.0,-0.6562004208193372,1.0,0.014965667699774107,0.014897357517232498,0.007022929300243656,0.006936213855321209,0.0,0.0,0.022379910945892333,0.15,0.15,False,False
2.865,16.544260025024414,30.870519638061523,1.5989041328430176,0.9882000000000055,1246,1197,0.8521196913991528,1.147880308600847,2.0,0.0,0.0,18.6234002563775,14.926392541356321,0.0,0.0,0.0,-0.18485038575105897,1.0,0.014935864601284266,0.014868876120696466,0.007013541956742605,0.006927314292018613,0.0,0.0,0.02158435344696045,0.15,0.15,False,False
2.87,16.580120086669922,30.988216400146484,1.6119492053985596,0.9881000000000055,1260,1191,0.8644430504492234,1.1355569495507765,6.0,1.0,1.0,17.07145023501271,13.682526496243295,0.0,0.0,0.0,-0.1694461869384707,1.0,0.014821481114874285,0.014746335024634998,0.006985863825927178,0.006897985003888607,0.0,0.0,0.019191834926605224,0.15,0.15,False,False
2.875,16.714771270751953,31.157644271850586,1.6176223754882812,0.9880000000000055,1206,1141,0.8757394629117882,1.124260537088212,10.0,0.0,0.0,15.648829382094982,12.542315954889686,0.0,0.0,0.0,-0.15532567136026482,1.0,0.014661105815321207,0.014580638768772285,0.006928986016040048,0.006841140566393733,0.0,0.0,0.016455234289169313,0.15,0.15,False,False
2.88,16.79158592224121,31.28190040588379,1.6709070205688477,0.9879000000000056,1277,1215,1.2194278410024724,0.7805721589975276,2.0,1.0,1.0,14.3447602669204,19.83045629198221,0.0,0.0,0.0,0.27428480125309046,1.0,0.014571913828452429,0.01449414063245058,0.006895328018193444,0.006808959102878968,0.0,0.0,0.020870862007141115,0.15,0.15,False,False
2.885,16.700101852416992,31.34796905517578,1.7090191841125488,0.9878000000000056,1344,1268,1.2011421875855997,0.7988578124144003,9.0,2.0,1.0,13.149363578010366,18.17791826765036,0.0,0.0,0.0,0.2514277344819996,1.0,0.014537787841012081,0.01444333465769887,0.0069109792821109295,0.006820149719715118,0.0,0.0,0.02031564235687256,0.15,0.15,False,False
2.89,16.58854103088379,31.355735778808594,1.7190089225769043,0.9877000000000056,1369,1297,1.184380338620133,0.815619661379867,31.0,3.0,0.0,12.053583279842835,16.66309174534616,0.0,0.0,0.0,0.23047542327516632,1.0,0.014532518883546194,0.014423090033233166,0.0069336624195178356,0.006838493670026462,0.0,0.0,0.020097482204437255,0.15,0.15,False,False
2.895,16.5744686126709,31.339189529418945,1.7283991575241089,0.9876000000000056,1241,1191,1.5,0.497651356264878,6.0,1.0,0.0,11.049118006522598,23.607834099900646,0.0,0.0,0.0,0.6279358046689024,1.0,0.014537253882735968,0.014425073750317097,0.006935551064088941,0.0068395390796164674,0.0,0.0,0.014887847900390624,0.15,0.15,False,False
2.9,16.560985565185547,31.423267364501953,1.751178503036499,0.9875000000000056,1213,1148,1.460486256757195,0.5395137432428049,2.0,1.0,0.0,10.128358172645713,21.64051459157559,0.0,0.0,0.0,0.5756078209464939,1.0,0.014473131547371548,0.014359661533186834,0.006921828414003055,0.0068256305530667305,0.0,0.0,0.011311566829681397,0.15,0.15,False,False
2.905,16.547300338745117,31.506750106811523,1.737618327140808,0.9874000000000056,1254,1198,1.422112402027429,0.577887597972571,6.0,0.0,1.0,9.284328324925237,19.83713837561096,0.0,0.0,0.0,0.5276405025342861,1.0,0.014418221544474363,0.014298059201488893,0.006915566433841984,0.0068179110530763865,0.0,0.0,0.021322515010833744,0.15,0.15,False,False
2.91,16.548166275024414,31.556562423706055,1.7416268587112427,0.9873000000000056,1319,1254,1.3869363685251432,0.6130636314748569,20.0,2.0,0.0,8.510634297848133,18.18404351097671,0.0,0.0,0.0,0.4836704606564289,1.0,0.014362491201609373,0.014247721216330927,0.00689728845221301,0.006801035099973282,0.0,0.0,0.01934430480003357,0.15,0.15,False,False
2.915,16.456768035888672,31.637636184692383,1.763810396194458,0.9872000000000056,1310,1245,1.354691671148048,0.6453083288519521,27.0,1.0,2.0,7.801414773027455,16.66870655172865,0.0,0.0,0.0,0.4433645889350598,1.0,0.014297972278048595,0.014185761101543903,0.006893603907277187,0.006797750247642398,0.0,0.0,0.02231398820877075,0.15,0.15,False,False
2.92,16.34756088256836,31.733659744262695,1.700954556465149,0.9871000000000056,1340,1290,1.3251340318857106,0.6748659681142894,8.0,7.0,1.0,7.151296875275166,15.279647672417928,0.0,0.0,0.0,0.4064175398571381,1.0,0.014253523355970781,0.014135606276492279,0.006901765009388328,0.00680428968432049,0.0,0.0,0.016081939935684207,0.15,0.15,False,False
2.925,16.365034103393555,31.844261169433594,1.6400146484375,0.9870000000000057,1310,1256,1.2980395292285678,0.7019604707714321,6.0,2.0,0.0,6.555355469002236,14.006343699716433,0.0,0.0,0.0,0.37254941153570986,1.0,0.014141496115674576,0.014043318418165049,0.00685898819938302,0.0067668023984879255,0.0,0.0,0.020641791820526122,0.15,0.15,False,False
2.93,16.453556060791016,31.887357711791992,1.6137806177139282,0.9869000000000057,1408,1327,1.273202901792854,0.7267970982071461,19.0,2.0,1.0,14.342409179918715,21.172481724740063,0.0,0.0,0.0,0.3415036272410674,1.0,0.014051804319024086,0.013974489799390238,0.006812161688382427,0.006725944112986326,0.0,0.0,0.024864859580993652,0.15,0.15,False,False
2.935,16.498016357421875,31.854507446289062,1.5884662866592407,0.9868000000000057,1336,1280,0.9171026599767828,1.0828973400232171,32.0,3.0,0.0,21.480541748258823,19.408108247678392,0.0,0.0,0.0,-0.10362167502902153,1.0,0.014052391052246094,0.013982440189768871,0.006803888051460187,0.006719601418202123,0.0,0.0,0.017559670209884644,0.15,0.15,False,False
2.94,16.533294677734375,31.92037010192871,1.5575472116470337,0.9867000000000057,1315,1249,0.9240107716453843,1.0759892283546157,11.0,1.0,0.0,19.690496602570587,17.790765893705192,0.0,0.0,0.0,-0.09498653544326974,1.0,0.013986607858290276,0.013923044316470623,0.0067794012526671095,0.006697147618979216,0.0,0.0,0.024050321578979496,0.15,0.15,False,False
2.945,16.549232482910156,32.02077102661133,1.5360987186431885,0.9866000000000057,1267,1210,0.9303432073416021,1.0696567926583977,9.0,1.0,0.0,18.049621885689703,16.308202069229758,0.0,0.0,0.0,-0.08707099082299727,1.0,0.013896365029116472,0.013843918374429148,0.0067468771400551,0.0066680938471108675,0.0,0.0,0.034992959499359134,0.15,0.15,False,False
2.95,16.53005027770996,32.06972885131836,1.5586845874786377,0.9865000000000057,1248,1194,0.9361479400631353,1.0638520599368646,10.0,1.0,1.0,16.545486728548894,14.949185230127277,0.0,0.0,0.0,-0.07981507492108086,1.0,0.013853091125686964,0.013809735731532177,0.006732168064142267,0.006656176798666517,0.0,0.0,0.019116371870040894,0.15,0.15,False,False
2.955,16.58553695678711,32.23776626586914,1.5510015487670898,0.9864000000000057,1196,1138,0.6081356117245407,1.3918643882754593,12.0,2.0,0.0,23.50002950116982,13.703419794283336,0.0,0.0,0.0,-0.48983048534432416,1.0,0.013725593065222105,0.013673251184324425,0.006696151879926523,0.006618197852124771,0.0,0.0,0.023060541152954105,0.15,0.15,False,False
2.96,16.73928451538086,32.38373947143555,1.5798227787017822,0.9863000000000057,1251,1190,0.6407909774141622,1.3592090225858378,6.0,0.0,0.0,21.541693709405667,12.561468144759724,0.0,0.0,0.0,-0.44901127823229714,1.0,0.013602119094381731,0.013551781885325909,0.0066404153282443685,0.0065643154084682465,0.0,0.0,0.014811787605285644,0.15,0.15,False,False
2.965,16.75248908996582,32.498470306396484,1.6314210891723633,0.9862000000000057,1321,1247,0.6707250626296487,1.3292749373703514,5.0,0.0,0.0,19.746552566955195,11.514679132696413,0.0,0.0,0.0,-0.4115936717129391,1.0,0.01353336653361718,0.013477256676803034,0.006624414042259256,0.006547057225058476,0.0,0.0,0.022685606479644776,0.15,0.15,False,False
2.97,16.628063201904297,32.53755187988281,1.6535789966583252,0.9861000000000057,1291,1230,0.6981646407438447,1.3018353592561553,7.0,0.0,1.0,18.10100651970893,10.555122538305046,0.0,0.0,0.0,-0.3772941990701941,1.0,0.013515180132041376,0.013443108182400465,0.006646616772438089,0.006564349168911576,0.0,0.0,0.020288610458374025,0.15,0.15,False,False
2.975,16.55278778076172,32.51062774658203,1.6879769563674927,0.9860000000000058,1282,1218,0.389984254015191,1.5,10.0,3.0,0.0,24.925922643066517,9.675528993446292,0.0,0.0,0.0,-0.7625196824810112,1.0,0.013531272610028585,0.013452221949895224,0.006663516396656632,0.006578837055712938,0.0,0.0,0.017151013612747193,0.15,0.15,False,False
2.98,16.545791625976562,32.50534439086914,1.7298085689544678,0.9859000000000058,1303,1246,0.44081889951392494,1.5,15.0,1.0,2.0,22.848762422810974,8.8692349106591,0.0,0.0,0.0,-0.6989763756075937,1.0,0.01353811783095201,0.013450471839557093,0.006668799712012212,0.006581847555935383,0.0,0.0,0.015415250062942507,0.15,0.15,False,False
2.985,16.504968643188477,32.61135482788086,1.7705732583999634,0.9858000000000058,1344,1280,0.4874173245544312,1.5,6.0,3.0,0.0,20.944698887576727,8.13013200143751,0.0,0.0,0.0,-0.6407283443069609,1.0,0.013475687398264807,0.013377075859655937,0.006664233903090159,0.0065744547949483,0.0,0.0,0.028294246196746826,0.15,0.15,False,False
2.99,16.49205207824707,32.64799499511719,1.7329857349395752,0.9857000000000058,1284,1215,0.5301325475082286,1.4698674524917714,12.0,0.0,1.0,19.199307313612,7.452621001317716,0.0,0.0,0.0,-0.5873343156147142,1.0,0.013474329219510158,0.013363404820362728,0.006673054692024986,0.006580123445019126,0.0,0.0,0.01753879189491272,0.15,0.15,False,False
2.995,16.45832061767578,32.76390075683594,1.7225314378738403,0.9856000000000058,1279,1217,0.5692881685492097,1.4307118314507903,25.0,0.0,1.0,17.599365037477664,6.831569251207906,0.0,0.0,0.0,-0.5383897893134879,1.0,0.013379771262407303,0.013281727054466804,0.006645279936492443,0.0065557107639809455,0.0,0.0,0.014074331521987915,0.15,0.15,False,False
3.0,16.37909507751465,32.943115234375,1.7488737106323242,0.9855000000000058,1241,1178,0.6051808211701087,1.3948191788298914,13.0,1.0,0.0,16.132751284354526,6.262271813607247,0.0,0.0,0.0,-0.49352397353736405,1.0,0.013249187419811886,0.01315705633411805,0.006616706183801095,0.006528875480095546,0.0,0.0,0.020778799057006837,0.15,0.15,False,False
3.005,16.324260711669922,33.02631759643555,1.7255135774612427,0.9854000000000058,1300,1228,0.638082419405933,1.361917580594067,7.0,1.0,0.0,14.788355343991649,5.740415829139976,0.0,0.0,0.0,-0.4523969757425837,1.0,0.01320401051392158,0.013105350856979689,0.006613971975942453,0.00652455841191113,0.0,0.0,0.013083622455596924,0.15,0.15,False,False
3.01,16.391590118408203,33.13756561279297,1.7004094123840332,0.9853000000000058,1275,1216,0.668242217788772,1.3317577822112279,4.0,1.0,0.0,13.555992398659011,5.262047843378311,0.0,0.0,0.0,-0.41469722776403495,1.0,0.01310029998421669,0.013008848764002323,0.006570700012768309,0.006483815765629212,0.0,0.0,0.0187505316734314,0.15,0.15,False,False
3.015,16.419519424438477,33.199684143066406,1.6562416553497314,0.9852000000000058,1271,1210,1.029222032973041,0.9707779670269591,3.0,3.0,1.0,12.426326365437427,13.15687718976345,0.0,0.0,0.0,0.036527541216301175,1.0,0.013031025494759282,0.012948307751988372,0.006542747917895516,0.006458617669219772,0.0,0.0,0.015760252475738527,0.15,0.15,False,False
3.02,16.40842628479004,33.188690185546875,1.6335172653198242,0.9851000000000059,1320,1265,0.6934535302252876,1.3065464697747124,6.0,4.0,1.0,19.724132501650974,12.060470757283163,0.0,0.0,0.0,-0.38318308721839056,1.0,0.01302708483611544,0.01295636563251416,0.006538540086088082,0.0064575507227952285,0.0,0.0,0.012704049348831178,0.15,0.15,False,False
3.025,16.4484920501709,33.27107620239258,1.6202688217163086,0.9850000000000059,1294,1223,0.7189990693731803,1.2810009306268197,14.0,2.0,1.0,18.08045479318006,11.055431527509565,0.0,0.0,0.0,-0.35125116328352474,1.0,0.012959258941312632,0.012894222357620796,0.006511727697215974,0.006432595740382871,0.0,0.0,0.019127523899078368,0.15,0.15,False,False
3.03,16.472387313842773,33.32240676879883,1.6403766870498657,0.9849000000000059,1332,1279,0.7424158135920819,1.257584186407918,33.0,0.0,0.0,16.57375022708172,10.134145566883769,0.0,0.0,0.0,-0.32198023300989764,1.0,0.012914194958284497,0.012853107958411178,0.006493275286629796,0.006415549432858825,0.0,0.0,0.03250356435775757,0.15,0.15,False,False
3.035,16.46512222290039,33.3703727722168,1.6846184730529785,0.9848000000000059,1273,1203,0.43054782912607514,1.5,9.0,2.0,0.0,23.525937708158242,9.28963343631012,0.0,0.0,0.0,-0.7118152135924061,1.0,0.012881915317848325,0.012816228748609623,0.006486702477559447,0.006407827992613117,0.0,0.0,0.018954224586486816,0.15,0.15,False,False
3.04,16.54966926574707,33.501434326171875,1.675844430923462,0.9847000000000059,1358,1283,0.4780021766989022,1.5,7.0,2.0,0.0,21.565442899145054,8.51549731661761,0.0,0.0,0.0,-0.6524972791263722,1.0,0.012795548730840286,0.012716439863046011,0.006458051696730157,0.006375971909922859,0.0,0.0,0.02054870367050171,0.15,0.15,False,False
3.045,16.645097732543945,33.59590530395508,1.7172439098358154,0.9846000000000059,1272,1201,0.8548353286406604,1.1451646713593397,2.0,0.0,0.0,19.768322657549632,16.13920587356614,0.0,0.0,0.0,-0.18145583919917457,1.0,0.012734940585990747,0.012659257821117839,0.0064268467637399835,0.006346421820732455,0.0,0.0,0.020137765407562257,0.15,0.15,False,False
3.05,16.57699966430664,33.66350555419922,1.762568712234497,0.9845000000000059,1245,1182,0.8669323845872721,1.133067615412728,7.0,0.0,1.0,18.12096243608716,14.794272050768962,0.0,0.0,0.0,-0.16633451926590997,1.0,0.012707858889674148,0.012622545085226497,0.006433611852116883,0.006350294182387492,0.0,0.0,0.019560421705245974,0.15,0.15,False,False
3.055,16.476041793823242,33.69561004638672,1.8074439764022827,0.9844000000000059,1258,1192,0.8780213525383327,1.1219786474616673,4.0,1.0,0.0,16.6108822330799,13.561416046538215,0.0,0.0,0.0,-0.1524733093270842,1.0,0.012690003107612332,0.012592888281991085,0.006448899706204733,0.006361995668460926,0.0,0.0,0.024405555725097658,0.15,0.15,False,False
3.06,16.447093963623047,33.697776794433594,1.8526484966278076,0.984300000000006,1327,1269,0.8881862398268049,1.111813760173195,6.0,1.0,0.0,15.226642046989907,12.43129804266003,0.0,0.0,0.0,-0.13976720021649386,1.0,0.012696325235689681,0.012588130387788018,0.006460041622631252,0.006370130189073583,0.0,0.0,0.02317715644836426,0.15,0.15,False,False
3.065,16.4083194732666,33.74900436401367,1.8986759185791016,0.984200000000006,1293,1232,0.8975040531745712,1.102495946825429,6.0,3.0,1.0,13.957755209740748,11.395356539105027,0.0,0.0,0.0,-0.12811993353178605,1.0,0.012678571899111073,0.012560196143264573,0.006465522455982864,0.006372979066024224,0.0,0.0,0.021404726505279543,0.15,0.15,False,False
3.07,16.35433578491211,33.81570816040039,1.8922216892242432,0.984100000000006,1327,1277,0.9060453820766903,1.0939546179233097,13.0,2.0,2.0,12.794608942262352,10.445743494179608,0.0,0.0,0.0,-0.11744327240413721,1.0,0.01266220856147508,0.012532602607583007,0.006476186487513284,0.006380731938406825,0.0,0.0,0.0403675127029419,0.15,0.15,False,False
3.075,16.374418258666992,33.82160949707031,1.9029910564422607,0.984000000000006,1291,1222,0.9138749335702994,1.0861250664297006,29.0,0.0,0.0,11.728391530407155,9.57526486966464,0.0,0.0,0.0,-0.10765633303712577,1.0,0.01265704360169669,0.012528108976160487,0.0064724707044661045,0.006377329506600897,0.0,0.0,0.019074186086654666,0.15,0.15,False,False
3.08,16.28696632385254,33.93876266479492,1.9342917203903198,0.983900000000006,1243,1181,0.9210520224394411,1.078947977560559,8.0,0.0,0.0,19.084358902873223,17.11065946385925,0.0,0.0,0.0,-0.09868497195069867,1.0,0.012583265003437798,0.012455309818809232,0.006461600035739442,0.006366488135730227,0.0,0.0,0.027716610431671146,0.15,0.15,False,False
3.085,16.122657775878906,34.06046676635742,1.8969364166259766,0.983800000000006,1149,1082,0.9276310205694877,1.0723689794305122,1.0,0.0,0.0,17.49399566096712,15.684771175204311,0.0,0.0,0.0,-0.09046122428814041,1.0,0.01252699876204133,0.012394606989497941,0.0064698604789252085,0.006373352371156216,0.0,0.0,0.007449264526367187,0.15,0.15,False,False
3.09,16.04985237121582,34.20346450805664,1.8514745235443115,0.983700000000006,1201,1137,0.9336617688553638,1.0663382311446363,3.0,0.0,1.0,16.036162689219857,14.377706910603951,0.0,0.0,0.0,-0.0829227889307953,1.0,0.012429573883612951,0.012307071204607686,0.006443326128646731,0.0063494850959007944,0.0,0.0,0.014114996194839477,0.15,0.15,False,False
3.095,16.077970504760742,34.32972717285156,1.8173604011535645,0.983600000000006,1251,1193,1.2725232881174167,0.7274767118825832,5.0,1.0,0.0,14.699815798451535,21.512898001386954,0.0,0.0,0.0,0.34065411014677094,1.0,0.012310678915431103,0.012201983869696658,0.006395359523594379,0.006305813634147247,0.0,0.0,0.019988439083099364,0.15,0.15,False,False
3.1,16.1184024810791,34.31684494018555,1.7808557748794556,0.983500000000006,1208,1138,1.249813014107632,0.7501869858923679,3.0,0.0,0.0,13.474831148580574,19.720156501271376,0.0,0.0,0.0,0.31226626763454013,1.0,0.012292055180296302,0.01219304899374644,0.006381249598537883,0.006294254756843051,0.0,0.0,0.014033597707748414,0.15,0.15,False,False
3.105,16.17299461364746,34.298831939697266,1.7648643255233765,0.983400000000006,1314,1241,1.228995262931996,0.771004737068004,15.0,5.0,1.0,12.351928552865525,18.076810126165427,0.0,0.0,0.0,0.28624407866499507,1.0,0.01229191121334831,0.012199471239000559,0.0063724788681914415,0.00628701236564666,0.0,0.0,0.013980898857116699,0.15,0.15,False,False
3.11,16.211904525756836,34.39728927612305,1.7423043251037598,0.9833000000000061,1412,1349,0.8765789910209963,1.1234210089790038,42.0,0.0,0.0,19.655934506793397,16.570409282318305,0.0,0.0,0.0,-0.15427626122375457,1.0,0.012221474122876923,0.012132796691730618,0.006344006590855619,0.00625991087872535,0.0,0.0,0.021854124069213866,0.15,0.15,False,False
3.115,16.182289123535156,34.45903015136719,1.7751014232635498,0.9832000000000061,1291,1228,0.8868640751025799,1.11313592489742,10.0,1.0,1.0,18.017939964560615,15.189541842125113,0.0,0.0,0.0,-0.14141990612177507,1.0,0.01217322152418395,0.012091603130102158,0.006328905971410374,0.006246959674172103,0.0,0.0,0.02060844898223877,0.15,0.15,False,False
3.12,16.177196502685547,34.5181884765625,1.777484655380249,0.9831000000000061,1262,1220,0.8962920688440317,1.1037079311559683,3.0,2.0,0.0,16.516444967513895,13.923746688614687,0.0,0.0,0.0,-0.1296349139449604,1.0,0.012145263220493993,0.012056082875157397,0.006324497323172788,0.006240549846552312,0.0,0.0,0.02195375680923462,0.15,0.15,False,False
3.125,16.258888244628906,34.63688659667969,1.7660099267959595,0.9830000000000061,1249,1191,0.9049343964403623,1.0950656035596376,15.0,2.0,1.0,15.140074553554403,12.763434464563462,0.0,0.0,0.0,-0.11883200444954704,1.0,0.012065183060864609,0.011974149383604527,0.006291718261005978,0.006207706173881888,0.0,0.0,0.0209842848777771,0.15,0.15,False,False
3.13,16.28380584716797,34.75803756713867,1.8305909633636475,0.9829000000000061,1290,1238,0.9128565300703322,1.0871434699296678,15.0,3.0,0.0,13.878401674091535,11.69981492584984,0.0,0.0,0.0,-0.10892933741208477,1.0,0.011995673800508182,0.011908891222750148,0.006265562842600048,0.0061831140192225575,0.0,0.0,0.017878366708755495,0.15,0.15,False,False
3.135,16.18805694580078,34.83702087402344,1.8710823059082031,0.9828000000000061,1266,1196,0.9201184858978045,1.0798815141021954,3.0,1.0,0.0,12.721868201250572,10.724830348695686,0.0,0.0,0.0,-0.0998518926277443,1.0,0.011975703140099844,0.01187522973244389,0.00628105946816504,0.006194532422038416,0.0,0.0,0.017308290004730227,0.15,0.15,False,False
3.14,16.11235809326172,34.85130310058594,1.9096368551254272,0.9827000000000061,1282,1241,0.9267752787396542,1.0732247212603458,2.0,1.0,1.0,11.661712517813024,9.831094486304378,0.0,0.0,0.0,-0.09153090157543228,1.0,0.011973894434049726,0.011863890880097946,0.006296543870121241,0.0062071576636905474,0.0,0.0,0.02182302713394165,0.15,0.15,False,False
3.145,16.099103927612305,34.8327751159668,1.9408740997314453,0.9826000000000061,1344,1269,0.932877338844683,1.067122661155317,9.0,0.0,0.0,10.689903141328605,9.01183661244568,0.0,0.0,0.0,-0.08390332644414622,1.0,0.011989406775683165,0.011870948364958167,0.006306822566936414,0.006215169948215286,0.0,0.0,0.014937182664871216,0.15,0.15,False,False
3.15,16.038358688354492,34.88849639892578,1.9775258302688599,0.9825000000000061,1329,1269,0.605137560607626,1.3948624393923739,11.0,3.0,1.0,18.132411212884556,8.260850228075206,0.0,0.0,0.0,-0.49357804924046744,1.0,0.011969693781187138,0.01184568740427494,0.006312015660417577,0.006218825389320652,0.0,0.0,0.02655588388442993,0.15,0.15,False,False
3.155,15.98370361328125,34.93819808959961,1.9602751731872559,0.9824000000000062,1250,1192,0.3047094305569906,1.5,15.0,0.0,1.0,24.954710278477506,7.572446042402272,0.0,0.0,0.0,-0.8691132118037617,1.0,0.011961385995770495,0.011829675252859792,0.0063221346742163105,0.006226893941250941,0.0,0.0,0.042712192535400394,0.15,0.15,False,False
3.16,15.96714973449707,35.02081298828125,1.9643421173095703,0.9823000000000062,1281,1222,0.362650311343908,1.5,12.0,2.0,0.0,22.87515108860438,6.941408872202082,0.0,0.0,0.0,-0.7966871108201149,1.0,0.011904656033342084,0.011777486264084777,0.006304871058091521,0.006210822223996123,0.0,0.0,0.01832082748413086,0.15,0.15,False,False
3.165,15.824430465698242,35.114967346191406,1.9860587120056152,0.9822000000000062,1282,1214,0.41576278539858236,1.5,1.0,1.0,0.0,20.96888849788735,6.362958132851908,0.0,0.0,0.0,-0.730296518251772,1.0,0.011850753022978704,0.01172636829627057,0.006303408881649375,0.006209881200144689,0.0,0.0,0.017826584577560426,0.15,0.15,False,False
3.17,15.670166015625,35.23115158081055,1.9582101106643677,0.9821000000000062,1290,1219,0.19999999999999996,1.5,9.0,1.0,2.0,27.554814456396734,5.832711621780915,0.0,0.0,0.0,-1.0,1.0,0.011804706882685423,0.011676788174857696,0.006309368764050305,0.006214955355972052,0.0,0.0,0.012947496175765991,0.15,0.15,False,False
3.175,15.617018699645996,35.43441390991211,1.9080108404159546,0.9820000000000062,1299,1254,0.2035228960640867,1.5,31.0,3.0,0.0,25.258579918363672,5.346652319965839,0.0,0.0,0.0,-0.9955963799198916,1.0,0.011671865358948708,0.011551826416204374,0.0062685102845231695,0.00617648009210825,0.0,0.0,0.02157578706741333,0.15,0.15,False,False
3.18,15.6419095993042,35.52766799926758,1.8822588920593262,0.9819000000000062,1443,1374,0.26989598805874604,1.5,14.0,1.0,1.0,23.153698258500032,4.901097959968686,0.0,0.0,0.0,-0.9126300149265674,1.0,0.011586499555657308,0.011479282984510064,0.006230553068841497,0.006142353328565757,0.0,0.0,0.018500044345855716,0.15,0.15,False,False
3.185,15.673751831054688,35.48151397705078,1.8550715446472168,0.9818000000000062,1213,1163,0.6640713223871839,1.335928677612816,5.0,3.0,0.0,21.22422340362503,12.826006463304626,0.0,0.0,0.0,-0.4199108470160201,1.0,0.011603127932175994,0.011500866385176778,0.006232470623217523,0.006145082879811525,0.0,0.0,0.011804324388504029,0.15,0.15,False,False
3.19,15.745166778564453,35.52074432373047,1.8601911067962646,0.9817000000000062,1214,1154,0.6920653788549186,1.3079346211450815,6.0,1.0,0.0,19.45553811998961,11.757172591362574,0.0,0.0,0.0,-0.38491827643135174,1.0,0.011568521149456501,0.011471428054695329,0.00621000110792617,0.006124167703092098,0.0,0.0,0.01624799132347107,0.15,0.15,False,False
3.195,15.772543907165527,35.605377197265625,1.8537037372589111,0.9816000000000062,1219,1156,0.3843932639503421,1.5,9.0,0.0,0.0,26.167576609990473,10.777408208749026,0.0,0.0,0.0,-0.7695084200620723,1.0,0.011516266580050191,0.011418509529903531,0.006190247950144112,0.006104467514281472,0.0,0.0,0.029359047412872312,0.15,0.15,False,False
3.2,15.751274108886719,35.635379791259766,1.929840326309204,0.9815000000000063,1233,1178,0.43569382528781364,1.5,10.0,0.0,0.0,23.9869452258246,9.87929085801994,0.0,0.0,0.0,-0.7053827183902329,1.0,0.011494104595233997,0.011398738715797663,0.0061833994307865705,0.006098416051827371,0.0,0.0,0.016805572509765627,0.15,0.15,False,False
3.205,15.78711986541748,35.77539825439453,1.9283802509307861,0.9814000000000063,1238,1173,0.48271933984716253,1.5,5.0,0.0,0.0,21.988033123672547,9.056016619851611,0.0,0.0,0.0,-0.6466008251910468,1.0,0.011435971440126499,0.011324259297301372,0.006170847142736117,0.006081652827560902,0.0,0.0,0.021462361812591556,0.15,0.15,False,False
3.21,15.893719673156738,35.923465728759766,1.9354885816574097,0.9813000000000063,1262,1189,0.5258260615265657,1.4741739384734343,3.0,0.0,0.0,20.155697030033167,8.30134856819731,0.0,0.0,0.0,-0.5927174230917929,1.0,0.011354697247346243,0.011244578830276927,0.006129828980192542,0.006041971889014046,0.0,0.0,0.019156110286712647,0.15,0.15,False,False
3.215,15.866449356079102,36.005435943603516,2.011442184448242,0.9812000000000063,1275,1198,0.5653405563993519,1.4346594436006481,7.0,0.0,0.0,18.476055610863735,7.6095695208475345,0.0,0.0,0.0,-0.54332430450081,1.0,0.011317798246939978,0.011208060896024108,0.0061194235847021146,0.006031640029201905,0.0,0.0,0.02182703971862793,0.15,0.15,False,False
3.22,15.738276481628418,36.00665283203125,2.0572924613952637,0.9811000000000063,1269,1215,0.6015621766994059,1.398437823300594,9.0,3.0,1.0,16.936384309958424,6.975438727443573,0.0,0.0,0.0,-0.4980472791257425,1.0,0.01133771302799384,0.011212643779193362,0.006152795976959169,0.00606051025291284,0.0,0.0,0.019393166303634645,0.15,0.15,False,False
3.225,15.664606094360352,35.97165298461914,2.0943679809570312,0.9810000000000063,1348,1273,0.6347653286411221,1.3652346713588779,8.0,3.0,1.0,15.525018950795221,6.394152166823275,0.0,0.0,0.0,-0.4565433391985973,1.0,0.011364698875695467,0.011230747137839597,0.0061768380692228675,0.006082026908795039,0.0,0.0,0.022806117534637453,0.15,0.15,False,False
3.23,15.647415161132812,35.979164123535156,2.162477493286133,0.9809000000000063,1292,1238,0.6652015512543619,1.3347984487456381,21.0,1.0,1.0,14.231267371562286,5.861306152921335,0.0,0.0,0.0,-0.41849806093204756,1.0,0.011367263117184242,0.011227430077269673,0.006183140794746578,0.006087004633930823,0.0,0.0,0.020842714309692385,0.15,0.15,False,False
3.235,15.537235260009766,36.06755828857422,2.200695514678955,0.9808000000000063,1320,1257,0.693101421983165,1.306898578016835,21.0,1.0,1.0,21.378661757265427,13.706197306844555,0.0,0.0,0.0,-0.3836232225210436,1.0,0.011358375971515974,0.011206697284554442,0.006202532676979899,0.00610355850464354,0.0,0.0,0.03025716066360474,0.15,0.15,False,False
3.24,15.447768211364746,36.1467399597168,2.1868348121643066,0.9807000000000063,1227,1177,0.718676303484568,1.281323696515432,7.0,0.0,0.0,19.59710661082664,12.56401419794084,0.0,0.0,0.0,-0.35165462064428993,1.0,0.011346370835478108,0.011188754579052329,0.006214287326050302,0.00611395516898483,0.0,0.0,0.024458651542663575,0.15,0.15,False,False
3.245,15.330989837646484,36.22745895385742,2.213437557220459,0.9806000000000064,1255,1188,0.742119944860854,1.257880055139146,7.0,1.0,1.0,17.964014393257752,11.517013014779103,0.0,0.0,0.0,-0.3223500689239325,1.0,0.011291387878979247,0.011138345968599122,0.0062080179729188485,0.006108329980634153,0.0,0.0,0.018221778869628908,0.15,0.15,False,False
3.25,15.134090423583984,36.32203674316406,2.21178936958313,0.9805000000000064,1234,1174,0.7636099494557828,1.2363900505442174,26.0,0.0,0.0,16.467013193819607,10.557261930214176,0.0,0.0,0.0,-0.29548756318027153,1.0,0.011255596376334628,0.011100307650243243,0.006222591813032826,0.006122207851149142,0.0,0.0,0.008810778260231019,0.15,0.15,False,False
3.255,14.985176086425781,36.416847229003906,2.1683168411254883,0.9804000000000064,1274,1223,0.7833091203344675,1.2166908796655325,4.0,4.0,0.0,15.094762094334639,9.677490102696328,0.0,0.0,0.0,-0.2708635995819155,1.0,0.011209419462829828,0.011055567301809788,0.006223481808168193,0.006123515195213258,0.0,0.0,0.014421637058258057,0.15,0.15,False,False
3.26,14.957152366638184,36.53364562988281,2.167287826538086,0.9803000000000064,1235,1187,0.8013666936399286,1.1986333063600714,3.0,1.0,1.0,13.836865253140084,8.8710325941383,0.0,0.0,0.0,-0.24829163295008919,1.0,0.011117401688049238,0.010973515066628655,0.006188320500465731,0.006091157750536999,0.0,0.0,0.017498431205749513,0.15,0.15,False,False
3.265,15.007051467895508,36.56868362426758,2.138564109802246,0.9802000000000064,1320,1253,0.8179194691699346,1.1820805308300655,6.0,0.0,0.0,12.683793148711743,8.131779877960108,0.0,0.0,0.0,-0.22760066353758174,1.0,0.011086650580788653,0.010944543561587732,0.006174142666471502,0.006077038900305828,0.0,0.0,0.015887528657913208,0.15,0.15,False,False
3.27,15.070342063903809,36.56805419921875,2.105482339859009,0.9801000000000064,1325,1273,0.4997595134057734,1.5,21.0,3.0,1.0,19.96014371965243,7.454131554796765,0.0,0.0,0.0,-0.6253006082427832,1.0,0.011075964430347085,0.010937807383015752,0.006161916341322164,0.006065358563015859,0.0,0.0,0.017535412311553956,0.15,0.15,False,False
3.275,15.07386589050293,36.643943786621094,2.0952513217926025,0.9800000000000064,1328,1263,0.5414462206219589,1.458553779378041,12.0,1.0,1.0,18.296798409681394,6.832953925230368,0.0,0.0,0.0,-0.5731922242225513,1.0,0.011027928752203783,0.010895516801004609,0.006141723715700209,0.006046433700248599,0.0,0.0,0.021524076461791993,0.15,0.15,False,False
3.28,15.040926933288574,36.69887161254883,2.1259140968322754,0.9799000000000064,1367,1302,0.9129923689034622,1.0870076310965378,12.0,2.0,0.0,16.77206520887461,14.596874431461169,0.0,0.0,0.0,-0.10875953887067213,1.0,0.01099099909576277,0.010861554183065891,0.006131661939434707,0.006037128623574972,0.0,0.0,0.03486080646514893,0.15,0.15,False,False
3.285,15.029812812805176,36.7690544128418,2.1756436824798584,0.9798000000000064,1282,1225,0.9202430048281738,1.0797569951718262,6.0,4.0,1.0,15.37439310813506,13.380468228839405,0.0,0.0,0.0,-0.09969624396478274,1.0,0.010965293816601237,0.010830845373372238,0.006128255045041442,0.006032516636575262,0.0,0.0,0.01875468730926514,0.15,0.15,False,False
3.29,15.055916786193848,36.91889953613281,2.148085117340088,0.9797000000000065,1282,1228,0.9268894210924927,1.0731105789075073,16.0,2.0,1.0,14.093193682457137,12.265429209769454,0.0,0.0,0.0,-0.09138822363438415,1.0,0.010904728357369702,0.010762455640360713,0.0061087257927283645,0.006011676547738413,0.0,0.0,0.018921353816986085,0.15,0.15,False,False
3.295,15.085604667663574,37.03152084350586,2.1836557388305664,0.9796000000000065,1294,1230,0.9329819693347849,1.067018030665215,29.0,2.0,0.0,12.91876087558571,11.243310108955333,0.0,0.0,0.0,-0.08377253833151883,1.0,0.010846256433675688,0.010710367932915688,0.006080388751191398,0.005985159465732674,0.0,0.0,0.020496556758880617,0.15,0.15,False,False
3.3,14.983089447021484,37.053260803222656,2.23439359664917,0.9795000000000065,1251,1188,0.9385668052235531,1.061433194776447,7.0,1.0,1.0,20.17553080262023,18.639700933209056,0.0,0.0,0.0,-0.07679149347055869,1.0,0.010849795459459226,0.010708563107376298,0.006098522959897916,0.006001711396190028,0.0,0.0,0.016791545152664185,0.15,0.15,False,False
3.305,14.871296882629395,37.04620361328125,2.2786076068878174,0.9794000000000065,1273,1212,0.610352904788257,1.389647095211743,4.0,3.0,0.0,26.827569902401876,17.0863925221083,0.0,0.0,0.0,-0.48705886901467876,1.0,0.010866860393434763,0.010717359061042469,0.006126308968911569,0.0060273190805067624,0.0,0.0,0.019377288818359376,0.15,0.15,False,False
3.31,14.862820625305176,37.035919189453125,2.3132269382476807,0.9793000000000065,1273,1214,0.6428234960559023,1.3571765039440977,5.0,0.0,0.0,24.59193907720172,15.662526478599275,0.0,0.0,0.0,-0.44647062993012215,1.0,0.0108836789149791,0.010727233796690902,0.006138141616247594,0.006037860487898191,0.0,0.0,0.02058784008026123,0.15,0.15,False,False
3.315,14.824854850769043,37.056541442871094,2.348081111907959,0.9792000000000065,1328,1274,0.6725882047179104,1.3274117952820896,4.0,2.0,1.0,22.542610820768243,14.357315938716003,0.0,0.0,0.0,-0.409264744102612,1.0,0.010882781352847815,0.010722188356642922,0.006145007985954484,0.006044022156856954,0.0,0.0,0.027755553722381594,0.15,0.15,False,False
3.32,14.736237525939941,37.07841491699219,2.356462240219116,0.9791000000000065,1255,1198,0.6998725209914178,1.3001274790085822,8.0,0.0,1.0,20.664059919037555,13.160872943823001,0.0,0.0,0.0,-0.3751593487607277,1.0,0.010890750757729014,0.010725659861539802,0.006162373853536944,0.006060445836434762,0.0,0.0,0.03680628538131714,0.15,0.15,False,False
3.325,14.680526733398438,37.138362884521484,2.346978187561035,0.9790000000000065,1290,1238,0.724883144242133,1.275116855757867,7.0,4.0,0.0,18.942054925784426,12.06413353183775,0.0,0.0,0.0,-0.3438960696973338,1.0,0.010873523618405065,0.010707220450664561,0.006164709144892792,0.006062473597315451,0.0,0.0,0.016117606163024902,0.15,0.15,False,False
3.33,14.534503936767578,37.234066009521484,2.3716797828674316,0.9789000000000065,1345,1295,0.7478095488886218,1.2521904511113782,12.0,0.0,2.0,17.363550348635723,11.05878907085127,0.0,0.0,0.0,-0.3152380638892226,1.0,0.010815116111189127,0.010652881270895403,0.00616036083859702,0.0060585366251568,0.0,0.0,0.01819783687591553,0.15,0.15,False,False
3.335,14.342057228088379,37.24836730957031,2.3517258167266846,0.9788000000000066,1268,1191,1.1021587531479033,0.8978412468520967,22.0,3.0,0.0,15.916587819582745,18.47055664828033,0.0,0.0,0.0,0.12769844143487924,1.0,0.010820288443937898,0.010656066006049514,0.006188269859800736,0.00608595049319168,0.0,0.0,0.012649768590927124,0.15,0.15,False,False
3.34,14.232162475585938,37.334747314453125,2.310077667236328,0.9787000000000066,1306,1251,1.0936455237189115,0.9063544762810885,25.0,0.0,0.0,14.590205501284181,16.93134359425697,0.0,0.0,0.0,0.11705690464863938,1.0,0.010768634189541142,0.010608471541975936,0.006178764160722494,0.006077487099294862,0.0,0.0,0.01809194803237915,0.15,0.15,False,False
3.345,14.218884468078613,37.48723220825195,2.2891788482666016,0.9786000000000066,1260,1208,1.0858417300756689,0.9141582699243311,5.0,0.0,0.0,13.374355042843833,15.520398294735553,0.0,0.0,0.0,0.10730216259458603,1.0,0.010663047432899475,0.010511912017439803,0.006137228144022326,0.006037837204833826,0.0,0.0,0.01892201066017151,0.15,0.15,False,False
3.35,14.248427391052246,37.49477005004883,2.2520225048065186,0.9785000000000066,1155,1104,0.7453549192360298,1.2546450807639702,0.0,1.0,0.0,20.59315878927351,14.227031770174257,0.0,0.0,0.0,-0.3183063509549626,1.0,0.010644410892079275,0.010497396967063349,0.00612685961338381,0.0060280191246420145,0.0,0.0,0.014943346977233887,0.15,0.15,False,False
3.355,14.285039901733398,37.49802017211914,2.231774091720581,0.9784000000000066,1262,1205,0.7665753426330274,1.2334246573669727,6.0,3.0,1.0,18.877062223500715,13.041445789326401,0.0,0.0,0.0,-0.2917808217087157,1.0,0.010633420897647738,0.010490520314003032,0.006117251274796824,0.006018711719661951,0.0,0.0,0.013799576759338381,0.15,0.15,False,False
3.36,14.268592834472656,37.62055969238281,2.205197811126709,0.9783000000000066,1247,1202,0.7860273974136084,1.2139726025863915,15.0,1.0,0.0,17.303973704875656,11.954658640215866,0.0,0.0,0.0,-0.2674657532329895,1.0,0.010567013717566928,0.010427782544866204,0.006092257293251654,0.0059945270186290145,0.0,0.0,0.03912793874740601,0.15,0.15,False,False
3.365,14.25239372253418,37.655948638916016,2.2450199127197266,0.9782000000000066,1373,1311,0.803858447629141,1.196141552370859,19.0,1.0,0.0,15.861975896136016,10.958437086864544,0.0,0.0,0.0,-0.2451769404635736,1.0,0.010537863709032536,0.01040349171186487,0.006079701900792619,0.0059831596445292234,0.0,0.0,0.01970654845237732,0.15,0.15,False,False
3.37,14.21679401397705,37.7508430480957,2.247443675994873,0.9781000000000066,1346,1280,1.1535369103267126,0.8464630896732873,6.0,1.0,2.0,14.540144571458015,18.37856732962583,0.0,0.0,0.0,0.1919211379083908,1.0,0.010507227076838415,0.010367170131454866,0.0060780131025239825,0.005980122174757223,0.0,0.0,0.01955792784690857,0.15,0.15,False,False
3.375,14.244068145751953,37.92496871948242,2.2306647300720215,0.9780000000000066,1218,1147,1.1407421677994867,0.8592578322005134,8.0,2.0,0.0,13.328465857169846,16.84702005215701,0.0,0.0,0.0,0.1759277097493582,1.0,0.010425657189140718,0.010286165634170175,0.006044271479671201,0.005946988821960986,0.0,0.0,0.01644996762275696,0.15,0.15,False,False
3.38,14.221095085144043,38.078163146972656,2.299253463745117,0.9779000000000067,1305,1243,1.129013653816196,0.870986346183804,33.0,0.0,0.0,12.217760369072359,15.443101714477258,0.0,0.0,0.0,0.16126706727024498,1.0,0.010356098258246979,0.010221743335326513,0.006016273012695214,0.005920425755903125,0.0,0.0,0.017464253902435303,0.15,0.15,False,False
3.385,14.098938941955566,38.10659408569336,2.344282627105713,0.9778000000000067,1337,1264,0.7849291826648463,1.2150708173351537,18.0,2.0,1.0,19.532947004982994,14.156176571604153,0.0,0.0,0.0,-0.26883852166894207,1.0,0.010370655994241437,0.010227121335143845,0.006045410991646349,0.005947359216709932,0.0,0.0,0.01802623510360718,0.15,0.15,False,False
3.39,14.021262168884277,38.05693435668945,2.368265151977539,0.9777000000000067,1279,1219,0.8028517507761093,1.1971482492238907,3.0,2.0,0.0,17.90520142123441,12.97649519063714,0.0,0.0,0.0,-0.24643531152986348,1.0,0.010405243762458365,0.010254186345264316,0.006075553052748243,0.00597567316920807,0.0,0.0,0.018240610361099245,0.15,0.15,False,False
3.395,14.019612312316895,38.00811767578125,2.392002582550049,0.9776000000000067,1243,1186,1.1526141048781002,0.8473858951218999,3.0,2.0,0.0,16.413101302798207,20.22845392475071,0.0,0.0,0.0,0.19076763109762512,1.0,0.01042639642643432,0.010271982367460927,0.006085639664282402,0.005985046542870502,0.0,0.0,0.017879881858825684,0.15,0.15,False,False
3.4,13.936495780944824,38.05192947387695,2.4185686111450195,0.9775000000000067,1322,1257,1.1398962628049252,0.8601037371950748,9.0,1.0,1.0,15.045342860898355,18.542749431021484,0.0,0.0,0.0,0.17487032850615644,1.0,0.0104148934284846,0.010258350909377139,0.006092830056635043,0.005991799213613073,0.0,0.0,0.021672031879425048,0.15,0.15,False,False
3.405,13.857989311218262,38.13985061645508,2.411137819290161,0.9774000000000067,1320,1257,1.1282382409045146,0.8717617590954853,27.0,1.0,0.0,13.791564289156826,16.997520311769694,0.0,0.0,0.0,0.16029780113064343,1.0,0.010392067876333993,0.010232814432432255,0.006096565436261396,0.005995106766931713,0.0,0.0,0.03367098093032837,0.15,0.15,False,False
3.41,13.807621002197266,38.19780349731445,2.4068856239318848,0.9773000000000067,1207,1148,1.4508850541624716,0.5491149458375284,2.0,0.0,0.0,12.642267265060424,23.914393619122215,0.0,0.0,0.0,0.5636063177030896,1.0,0.01036012195982039,0.010202638028810423,0.00609026678527395,0.005989011454706391,0.0,0.0,0.0186012077331543,0.15,0.15,False,False
3.415,13.648853302001953,38.21094512939453,2.408027172088623,0.9772000000000067,1291,1214,1.4133112996489323,0.5866887003510677,4.0,0.0,0.0,11.588744992972055,21.921527484195362,0.0,0.0,0.0,0.5166391245611653,1.0,0.010343437703947227,0.010188404315461716,0.006102419186693927,0.0060011574532836676,0.0,0.0,0.01989491581916809,0.15,0.15,False,False
3.42,13.485840797424316,38.21469497680664,2.3642518520355225,0.9771000000000067,1267,1210,1.3788686913448547,0.6211313086551453,1.0,0.0,0.0,10.623016243557716,20.09473352717908,0.0,0.0,0.0,0.47358586418106824,1.0,0.010345404734835029,0.010190838171790045,0.006121541761482756,0.006020366563461721,0.0,0.0,0.014606931209564208,0.15,0.15,False,False
3.425,13.418548583984375,38.32450866699219,2.3107380867004395,0.9770000000000068,1205,1140,1.34729630039945,0.65270369960055,6.0,0.0,0.0,9.737764889927906,18.420172399914158,0.0,0.0,0.0,0.4341203754993126,1.0,0.010274478700011969,0.01012693508528173,0.006096911383792758,0.005997075544049343,0.0,0.0,0.018428530693054203,0.15,0.15,False,False
3.43,13.435100555419922,38.430599212646484,2.2807633876800537,0.9769000000000068,1237,1183,1.3183549420328293,0.6816450579671708,8.0,4.0,1.0,8.926284482433914,16.885158033254644,0.0,0.0,0.0,0.3979436775410365,1.0,0.010191912685210507,0.010054227119932573,0.006058145275649926,0.005960396180550258,0.0,0.0,0.01877167582511902,0.15,0.15,False,False
3.435,13.488512992858887,38.41727828979492,2.246595859527588,0.9768000000000068,1321,1265,1.2918253635300934,0.7081746364699066,19.0,2.0,1.0,8.182427442231088,15.478061530483423,0.0,0.0,0.0,0.36478170441261676,1.0,0.010186309227719903,0.01005237689241767,0.00605015802041938,0.005952707724645734,0.0,0.0,0.015454264879226687,0.15,0.15,False,False
3.44,13.501825332641602,38.4744758605957,2.208516836166382,0.9767000000000068,1397,1327,1.267506583235919,0.7324934167640811,18.0,2.0,1.0,7.50055848871183,14.188223069609803,0.0,0.0,0.0,0.33438322904489864,1.0,0.010151317498336237,0.010021586591998737,0.006033218232914805,0.005936521144273381,0.0,0.0,0.018610032796859743,0.15,0.15,False,False
3.445,13.471226692199707,38.573360443115234,2.1625001430511475,0.9766000000000068,1291,1221,1.245214367966259,0.754785632033741,5.0,0.0,0.0,6.875511947985844,13.005871147142319,0.0,0.0,0.0,0.3065179599578237,1.0,0.010088932467624545,0.009966204718997082,0.0060064215601111455,0.005911626115751764,0.0,0.0,0.029225366115570067,0.15,0.15,False,False
3.45,13.434617042541504,38.584266662597656,2.1356863975524902,0.9765000000000068,1299,1255,1.5,0.4418868293642626,12.0,2.0,0.0,6.302552618987024,20.255381884880457,0.0,0.0,0.0,0.6976414632946717,1.0,0.010070852003991604,0.009955465017507475,0.005997597084691128,0.005904724821448326,0.0,0.0,0.020209667682647706,0.15,0.15,False,False
3.455,13.374529838562012,38.6643180847168,2.1103408336639404,0.9764000000000068,1312,1248,1.5,0.48839626025057414,7.0,1.0,1.0,5.777339900738105,18.567433394473753,0.0,0.0,0.0,0.6395046746867823,1.0,0.010033386449019115,0.009922016179189086,0.005987643962725997,0.005895626187945406,0.0,0.0,0.02120488166809082,0.15,0.15,False,False
3.46,13.38661003112793,38.82530975341797,2.1249899864196777,0.9763000000000068,1285,1228,1.1356367614369738,0.8643632385630262,21.0,3.0,0.0,13.629228242343261,17.020147278267604,0.0,0.0,0.0,0.16954595179621715,1.0,0.009957515867426991,0.009851053279514115,0.005953363724984229,0.0058629357954487205,0.0,0.0,0.014295809268951418,0.15,0.15,False,False
3.465,13.35632038116455,39.01325988769531,2.1917643547058105,0.9762000000000068,1282,1208,1.1243336979838925,0.8756663020161074,11.0,3.0,1.0,12.493459222147989,15.601801671745303,0.0,0.0,0.0,0.15541712247986572,1.0,0.009885065956041217,0.009779230458661914,0.005928927954907219,0.0058390997583046556,0.0,0.0,0.017042641639709474,0.15,0.15,False,False
3.47,13.255596160888672,39.16323471069336,2.2194836139678955,0.9761000000000069,1191,1132,0.7806392231519017,1.2193607768480983,2.0,1.0,1.0,19.785670953635652,14.301651532433194,0.0,0.0,0.0,-0.27420097106012287,1.0,0.009845088158423703,0.009732772208129367,0.005932049631762008,0.005840794959415993,0.0,0.0,0.022578871250152587,0.15,0.15,False,False
3.475,13.256921768188477,39.16141128540039,2.2288079261779785,0.9760000000000069,1349,1295,0.7989192878892432,1.2010807121107567,17.0,3.0,0.0,18.13686504083268,13.109847238063761,0.0,0.0,0.0,-0.251350890138446,1.0,0.009845454090585312,0.009727693007638058,0.005935363005846739,0.0058426832159360256,0.0,0.0,0.013584851026535037,0.15,0.15,False,False
3.48,13.223200798034668,39.10662078857422,2.2481164932250977,0.9759000000000069,1284,1218,0.8156760138984729,1.1843239861015271,28.0,1.0,0.0,16.62545962076329,12.017359968225113,0.0,0.0,0.0,-0.23040498262690887,1.0,0.009862345565731328,0.009741659741848707,0.005946364447784921,0.005852361209690571,0.0,0.0,0.01538091540336609,0.15,0.15,False,False
3.485,13.131386756896973,39.108097076416016,2.265407085418701,0.9758000000000069,1289,1216,0.8310363460736002,1.1689636539264,3.0,1.0,2.0,15.240004652366348,11.015913304206354,0.0,0.0,0.0,-0.21120456740799973,1.0,0.009867477929219604,0.009744288011764487,0.005961748926589887,0.005866746262957653,0.0,0.0,0.01631800651550293,0.15,0.15,False,False
3.49,13.135750770568848,39.10276412963867,2.220860004425049,0.9757000000000069,1379,1317,0.5117833172341335,1.4882166827658665,8.0,2.0,0.0,22.303337598002486,10.097920528855823,0.0,0.0,0.0,-0.6102708534573331,1.0,0.009875738760456443,0.009749953945477804,0.005966912916240593,0.005871334772867462,0.0,0.0,0.015249209403991701,0.15,0.15,False,False
3.495,13.084797859191895,39.151180267333984,2.260605573654175,0.9756000000000069,1395,1318,0.8858013741312889,1.114198625868711,16.0,2.0,0.0,20.44472613150228,17.589760484784502,0.0,0.0,0.0,-0.14274828233588882,1.0,0.009829618502408266,0.009710946663593253,0.005949321202933788,0.005855367053300142,0.0,0.0,0.026637158393859866,0.15,0.15,False,False
3.5,12.916902542114258,39.18046188354492,2.2534701824188232,0.9755000000000069,1315,1252,0.8953179262870148,1.1046820737129852,10.0,5.0,2.0,18.74099895387709,16.12394711105246,0.0,0.0,0.0,-0.1308525921412315,1.0,0.009825096931308508,0.009702510821322601,0.005970607744529843,0.005875344116551181,0.0,0.0,0.018505121469497683,0.15,0.15,False,False
3.505,12.766120910644531,39.26504898071289,2.182568073272705,0.9754000000000069,1215,1154,0.9040414324297636,1.0959585675702364,12.0,1.0,0.0,17.179249041053996,14.780284851798086,0.0,0.0,0.0,-0.1199482094627955,1.0,0.0097935499312977,0.009672273881733418,0.005972080786402027,0.005877070749799411,0.0,0.0,0.014735608100891116,0.15,0.15,False,False
3.51,12.732768058776855,39.381874084472656,2.144312858581543,0.9753000000000069,1389,1300,0.9120379797272833,1.0879620202727167,21.0,2.0,0.0,15.747644954299496,13.548594447481578,0.0,0.0,0.0,-0.10995252534089586,1.0,0.009712165532012781,0.009602416151513657,0.005932723094398777,0.005841261784856519,0.0,0.0,0.02134248495101929,0.15,0.15,False,False
3.515,12.794198036193848,39.42304611206055,2.1282620429992676,0.975200000000007,1225,1153,1.2527014814166764,0.7472985185833236,5.0,0.0,0.0,14.43534120810787,20.752878243524776,0.0,0.0,0.0,0.31587685177084535,1.0,0.009671455482020974,0.009568750004594525,0.005905913227858643,0.00581657145327578,0.0,0.0,0.019565863609313967,0.15,0.15,False,False
3.52,12.851036071777344,39.42619705200195,2.108415126800537,0.975100000000007,1234,1186,1.2316430246319532,0.7683569753680468,3.0,0.0,0.0,13.232396107432214,19.023471723231044,0.0,0.0,0.0,0.2895537807899415,1.0,0.00966625714985033,0.009564971551299095,0.005898786669907471,0.0058095799370979275,0.0,0.0,0.015350714921951295,0.15,0.15,False,False
3.525,12.838680267333984,39.50704574584961,2.068437099456787,0.975000000000007,1255,1188,1.2123394392459572,0.7876605607540429,10.0,0.0,0.0,12.129696431812862,17.43818241296179,0.0,0.0,0.0,0.2654242990574464,1.0,0.009627126855775714,0.009528893666962784,0.005882070787871878,0.005793846988429626,0.0,0.0,0.022641465663909913,0.15,0.15,False,False
3.53,12.796380996704102,39.56310272216797,2.0874738693237305,0.974900000000007,1227,1168,1.1946444859754606,0.8053555140245393,5.0,1.0,1.0,11.118888395828456,15.985000545214973,0.0,0.0,0.0,0.24330560746932584,1.0,0.009589537124459943,0.009498305153101683,0.005865323861750464,0.005779399264914295,0.0,0.0,0.037184660434722905,0.15,0.15,False,False
3.535,12.742971420288086,39.600929260253906,2.1106138229370117,0.974800000000007,1259,1183,1.5,0.48824255452249443,5.0,3.0,0.0,10.192314362842751,22.98625049978039,0.0,0.0,0.0,0.6396968068468819,1.0,0.009575414005666971,0.00948230076270799,0.00586656640128543,0.005780080100521445,0.0,0.0,0.020953023433685304,0.15,0.15,False,False
3.54,12.761557579040527,39.78947067260742,2.096935272216797,0.974700000000007,1399,1336,1.4691109916877134,0.5308890083122866,3.0,1.0,1.0,9.342954832605855,21.07072962479869,0.0,0.0,0.0,0.5863887396096418,1.0,0.009508224126572411,0.009411358817790946,0.005838995760617157,0.0057516417776544895,0.0,0.0,0.018948830366134643,0.15,0.15,False,False
3.545,12.798312187194824,39.98310089111328,2.149590492248535,0.974600000000007,1288,1220,1.0966850757137374,0.9033149242862626,8.0,2.0,1.0,25.231041929888697,27.64816882273213,0.0,0.0,0.0,0.12085634464217172,1.0,0.009431249151627224,0.00933860739072164,0.0057978578843176365,0.005712563482423624,0.0,0.0,0.014648299217224122,0.15,0.15,False,False
3.55,12.682151794433594,40.096553802490234,2.1973764896392822,0.974500000000007,1308,1248,1.421961319404259,0.5780386805957408,21.0,0.0,0.0,23.12845510239797,33.67748808750445,0.0,0.0,0.0,0.527451649255324,1.0,0.009403780956442159,0.009305651377265653,0.0058034464018419385,0.0057163646367068095,0.0,0.0,0.013003582954406739,0.15,0.15,False,False
3.555,12.57863998413086,40.15247344970703,2.2134385108947754,0.974400000000007,1380,1322,1.3867978761205708,0.6132021238794292,20.0,0.0,1.0,21.201083843864808,30.87103074687908,0.0,0.0,0.0,0.4834973451507135,1.0,0.00939173895555238,0.009287559272100529,0.005816565826535225,0.005727618311842283,0.0,0.0,0.016539233922958373,0.15,0.15,False,False
3.56,12.586535453796387,40.13641357421875,2.237398147583008,0.974300000000007,1222,1167,1.35456471977719,0.64543528022281,5.0,7.0,1.0,19.434326856876073,28.29844485130582,0.0,0.0,0.0,0.4432058997214874,1.0,0.009391477797180414,0.00928377266973257,0.0058165896916761994,0.0057264956800887985,0.0,0.0,0.007667725086212158,0.15,0.15,False,False
3.565,12.53147029876709,40.12617874145508,2.2474570274353027,0.9742000000000071,1191,1123,0.9916843264624242,1.0083156735375758,6.0,0.0,0.0,26.148132952136397,25.940241113697002,0.0,0.0,0.0,-0.010394591921969721,1.0,0.009396856961150965,0.00928610097616911,0.005826549604535103,0.005735337035730481,0.0,0.0,0.014786961078643798,0.15,0.15,False,False
3.57,12.445796966552734,40.16238021850586,2.2470901012420654,0.9741000000000071,1292,1234,0.9923772992572222,1.0076227007427778,18.0,2.0,0.0,23.969121872791696,23.77855435422225,0.0,0.0,0.0,-0.009528375928472244,1.0,0.009383860354622206,0.00927239772863686,0.005831538777177533,0.005739930978355309,0.0,0.0,0.0230981183052063,0.15,0.15,False,False
3.575,12.442228317260742,40.19394302368164,2.190619468688965,0.9740000000000071,1267,1202,0.9930125243191203,1.0069874756808797,3.0,0.0,1.0,21.971695050059054,21.797008158037062,0.0,0.0,0.0,-0.008734344601099587,1.0,0.009373420228560766,0.009261973900720477,0.005828665258983771,0.0057371366225803895,0.0,0.0,0.018974729776382447,0.15,0.15,False,False
3.58,12.307158470153809,40.25946807861328,2.2149596214294434,0.9739000000000071,1282,1205,0.9935948139591936,1.0064051860408063,6.0,0.0,0.0,20.140720462554132,19.980590811533972,0.0,0.0,0.0,-0.008006482551007998,1.0,0.009318868008752665,0.00921680669610699,0.0058133481070399284,0.0057241960894316435,0.0,0.0,0.018852914571762087,0.15,0.15,False,False
3.585,12.127303123474121,40.25102615356445,2.2067646980285645,0.9738000000000071,1225,1164,0.994128579462594,1.005871420537406,16.0,0.0,0.0,18.46232709067462,18.315541577239472,0.0,0.0,0.0,-0.007339275671757406,1.0,0.009332045835132401,0.009227335685864091,0.005841465705695252,0.005751169519498944,0.0,0.0,0.01955242991447449,0.15,0.15,False,False
3.59,12.099040985107422,40.333438873291016,2.1524574756622314,0.9737000000000071,1401,1322,0.9946178645073779,1.005382135492622,21.0,6.0,2.0,16.9237998331184,16.78924644580285,0.0,0.0,0.0,-0.006727669365777622,1.0,0.009300628832230966,0.009196824006115397,0.005828238984880349,0.005738318044071397,0.0,0.0,0.018350830078125,0.15,0.15,False,False
3.595,12.163819313049316,40.45927810668945,2.122169017791748,0.9736000000000071,1322,1256,0.6617330424650965,1.3382669575349035,3.0,2.0,0.0,23.846816513691866,15.390142575319278,0.0,0.0,0.0,-0.42283369691862943,1.0,0.009222907247021794,0.009127860345567267,0.00578090005243818,0.005694069938423733,0.0,0.0,0.018118226528167726,0.15,0.15,False,False
3.6,12.19495964050293,40.481910705566406,2.08889102935791,0.9735000000000071,1330,1271,0.689921955593005,1.310078044406995,5.0,2.0,1.0,21.859581804217544,14.10763069404267,0.0,0.0,0.0,-0.3875975555087437,1.0,0.009199841491257152,0.009109355742111802,0.005765586975030601,0.005680268707995614,0.0,0.0,0.016055196523666382,0.15,0.15,False,False
3.605,12.176263809204102,40.51485061645508,2.0629501342773438,0.9734000000000071,1298,1238,0.7157617926269213,1.2842382073730787,9.0,1.0,0.0,20.037949987199415,12.931994802872447,0.0,0.0,0.0,-0.3552977592163484,1.0,0.009178060572594404,0.009092087857425213,0.005755943323795995,0.005672056189117333,0.0,0.0,0.015545766353607179,0.15,0.15,False,False
3.61,12.134305953979492,40.63587188720703,2.030269145965576,0.9733000000000072,1390,1318,0.7394483099080111,1.2605516900919889,28.0,4.0,1.0,18.36812082159946,11.854328569299742,0.0,0.0,0.0,-0.32568961261498597,1.0,0.009122083817298215,0.009040703686575096,0.0057309262532119955,0.005648841421740751,0.0,0.0,0.031408123970031745,0.15,0.15,False,False
3.615,12.11782169342041,40.64978790283203,2.056462287902832,0.9732000000000072,1365,1301,0.7611609507490104,1.2388390492509895,14.0,2.0,0.0,16.83744408646617,10.86646785519143,0.0,0.0,0.0,-0.298548811563737,1.0,0.009107069733242195,0.009030998141194384,0.005721338287306329,0.005641248038349053,0.0,0.0,0.02940264701843262,0.15,0.15,False,False
3.62,12.07633113861084,40.74964904785156,2.059596300125122,0.9731000000000072,1255,1200,0.19999999999999996,1.5,6.0,0.0,1.0,32.10099041259399,9.960928867258811,0.0,0.0,0.0,-1.0,1.0,0.009073906888564428,0.008994406865288814,0.0057129719061776996,0.005631732055917382,0.0,0.0,0.022638816833496094,0.15,0.15,False,False
3.625,12.133340835571289,40.9259033203125,2.0779271125793457,0.9730000000000072,1221,1151,0.19999999999999996,1.5,14.0,0.0,0.0,29.425907878211152,9.13085146165391,0.0,0.0,0.0,-1.0,1.0,0.009008400375023484,0.008928356304143866,0.00567715479216228,0.005596275247323017,0.0,0.0,0.016213853359222413,0.15,0.15,False,False
3.63,12.143569946289062,41.041595458984375,2.1272830963134766,0.9729000000000072,1232,1174,0.5891812647262342,1.4108187352737658,15.0,0.0,0.0,26.973748888360223,16.70328050651608,0.0,0.0,0.0,-0.5135234190922071,1.0,0.008977620551983517,0.008896594323838752,0.005661716568283737,0.0055808581722279395,0.0,0.0,0.018681142330169678,0.15,0.15,False,False
3.635,12.032646179199219,41.06998825073242,2.1740128993988037,0.9728000000000072,1295,1215,0.6234161593323814,1.3765838406676187,10.0,3.0,1.0,24.72593648099687,15.311340464306406,0.0,0.0,0.0,-0.47072980083452326,1.0,0.00897564304371675,0.008888303224618237,0.0056785638056074585,0.0055952505984654035,0.0,0.0,0.019153118133544922,0.15,0.15,False,False
3.64,11.935236930847168,41.03459930419922,2.206340789794922,0.9727000000000072,1235,1186,0.6547981460546829,1.345201853945317,4.0,3.0,0.0,22.66544177424713,14.035395425614205,0.0,0.0,0.0,-0.43150231743164635,1.0,0.00899172737263143,0.008897761969516676,0.005702859101196131,0.005616946533943216,0.0,0.0,0.022815165519714357,0.15,0.15,False,False
3.645,11.924272537231445,41.006404876708984,2.2499966621398926,0.9726000000000072,1314,1252,0.6835649672167927,1.3164350327832073,11.0,0.0,1.0,20.776654959726535,12.865779140146353,0.0,0.0,0.0,-0.3955437909790091,1.0,0.009002948257451257,0.00890527036972344,0.005711573176085949,0.005624453575971226,0.0,0.0,0.022000710964202884,0.15,0.15,False,False
3.65,11.860733032226562,41.052188873291016,2.3042235374450684,0.9725000000000072,1257,1194,0.70993455328206,1.29006544671794,26.0,0.0,0.0,19.04526704641599,11.79363087846749,0.0,0.0,0.0,-0.36258180839742504,1.0,0.00899790320545435,0.008895233428726595,0.0057199213188141584,0.005631246409999828,0.0,0.0,0.01992188811302185,0.15,0.15,False,False
3.655,11.750675201416016,41.12667465209961,2.281377077102661,0.9724000000000073,1299,1239,0.7341066738418882,1.2658933261581118,10.0,0.0,1.0,17.458161459214658,10.810828305261865,0.0,0.0,0.0,-0.3323666576976397,1.0,0.008992085543771585,0.008883231785148382,0.0057341889866317315,0.005643624269093077,0.0,0.0,0.03901670217514038,0.15,0.15,False,False
3.66,11.700610160827637,41.1786994934082,2.284553289413452,0.9723000000000073,1235,1176,0.7562644510217309,1.243735548978269,2.0,1.0,0.0,16.003314670946768,9.909925946490041,0.0,0.0,0.0,-0.3046694362228363,1.0,0.0089679592444251,0.008862247535338005,0.005727102009889981,0.005637339781969786,0.0,0.0,0.018337590694427492,0.15,0.15,False,False
3.665,11.63855266571045,41.208499908447266,2.3341643810272217,0.9722000000000073,1255,1204,0.77657574676992,1.22342425323008,9.0,1.0,0.0,14.669705115034537,9.084098784282537,0.0,0.0,0.0,-0.2792803165376,1.0,0.008948008374621471,0.008842886503164967,0.005723351302246253,0.005633695012268921,0.0,0.0,0.019445402622222902,0.15,0.15,False,False
3.67,11.515337944030762,41.263641357421875,2.297267198562622,0.9721000000000073,1270,1198,0.7951944345390933,1.2048055654609067,3.0,1.0,1.0,13.447229688781658,8.327090552258992,0.0,0.0,0.0,-0.2560069568261333,1.0,0.008940862414116662,0.008830711788808307,0.0057365531877925004,0.005645436467602849,0.0,0.0,0.013266582489013672,0.15,0.15,False,False
3.675,11.402384757995605,41.39189147949219,2.2404913902282715,0.9720000000000073,1276,1205,0.47892823166083553,1.5,4.0,2.0,0.0,20.659960548049852,7.633166339570742,0.0,0.0,0.0,-0.6513397104239556,1.0,0.008877440510938566,0.008772874328618249,0.005713365001914402,0.0056239824819689,0.0,0.0,0.014148579835891725,0.15,0.15,False,False
3.68,11.37123966217041,41.48931884765625,2.22231388092041,0.9719000000000073,1298,1250,0.5223508790224327,1.4776491209775673,9.0,1.0,0.0,18.938297169045697,6.997069144606513,0.0,0.0,0.0,-0.5970614012219592,1.0,0.0088156348404785,0.0087196317811807,0.005680630759646496,0.005594260874204338,0.0,0.0,0.021401891708374025,0.15,0.15,False,False
3.685,11.431093215942383,41.46472930908203,2.2029051780700684,0.9718000000000073,1293,1231,0.5621549724372299,1.43784502756277,10.0,0.0,2.0,17.36010573829189,6.413980049222637,0.0,0.0,0.0,-0.5473062844534626,1.0,0.008819669795533022,0.008725427323952317,0.005677363757664959,0.005591234269862374,0.0,0.0,0.013650220632553101,0.15,0.15,False,False
3.69,11.474717140197754,41.54185485839844,2.1911818981170654,0.9717000000000073,1367,1309,0.5986420580674607,1.4013579419325393,24.0,1.0,0.0,24.24676359343423,14.212815045120749,0.0,0.0,0.0,-0.5016974274156741,1.0,0.00879028191169103,0.008697750745341182,0.005657777073793113,0.005572245572693646,0.0,0.0,0.022467465400695802,0.15,0.15,False,False
3.695,11.412373542785645,41.63460922241211,2.18192458152771,0.9716000000000073,1355,1293,0.6320885532285057,1.3679114467714943,8.0,6.0,0.0,22.226199960648046,13.028413791360686,0.0,0.0,0.0,-0.459889308464368,1.0,0.00875176745466888,0.008661527729903659,0.005643989037101468,0.005559261577824752,0.0,0.0,0.029014580249786377,0.15,0.15,False,False
3.7,11.366975784301758,41.64226150512695,2.2350237369537354,0.9715000000000074,1288,1235,0.6627478404594634,1.3372521595405367,4.0,2.0,2.0,20.374016630594042,11.942712642080629,0.0,0.0,0.0,-0.42156519942567067,1.0,0.008741177540893357,0.00865298400943478,0.005641575747479996,0.005557619733735919,0.0,0.0,0.01882200241088867,0.15,0.15,False,False
3.705,11.370841979980469,41.79444122314453,2.2274892330169678,0.9714000000000074,1236,1188,0.6908521870878415,1.3091478129121585,4.0,1.0,0.0,18.67618191137787,10.94748658857391,0.0,0.0,0.0,-0.38643476614019806,1.0,0.008699826430529356,0.008605128386989236,0.00562606321182102,0.00554023562775304,0.0,0.0,0.024485394954681397,0.15,0.15,False,False
3.71,11.410478591918945,41.977142333984375,2.2456231117248535,0.9713000000000074,1245,1177,0.7166145048305215,1.2833854951694785,18.0,0.0,0.0,17.119833418763047,10.035196039526083,0.0,0.0,0.0,-0.3542318689618482,1.0,0.008637440235664448,0.008544644806534052,0.005588820980240902,0.005504241562448442,0.0,0.0,0.02132443904876709,0.15,0.15,False,False
3.715,11.350004196166992,42.024688720703125,2.315769672393799,0.9712000000000074,1236,1189,0.7402299627613114,1.2597700372386886,23.0,0.0,0.0,15.693180633866126,9.198929702898909,0.0,0.0,0.0,-0.32471254654836085,1.0,0.00863060277576248,0.008536757668480277,0.0055920390877872705,0.005507048723908762,0.0,0.0,0.019689534902572633,0.15,0.15,False,False
3.72,11.22861099243164,41.993221282958984,2.360962152481079,0.9711000000000074,1215,1156,0.7618774658645354,1.2381225341354645,5.0,2.0,0.0,14.385415581043947,8.432352227657333,0.0,0.0,0.0,-0.2976531676693307,1.0,0.00865305308252573,0.008550831892838081,0.005624705421117445,0.005536779838924607,0.0,0.0,0.018800206184387207,0.15,0.15,False,False
3.725,11.190829277038574,41.95805740356445,2.357999563217163,0.9710000000000074,1299,1238,0.7817210103758241,1.218278989624176,8.0,2.0,1.0,13.186630949290285,7.729656208685888,0.0,0.0,0.0,-0.27284873703021983,1.0,0.008672431576997042,0.008564857222760718,0.005643386199759941,0.005553826728525261,0.0,0.0,0.01912070155143738,0.15,0.15,False,False
3.73,11.153090476989746,42.0465202331543,2.377063751220703,0.9709000000000074,1305,1251,1.133244259511172,0.8667557404888279,3.0,3.0,0.0,12.087745036849427,15.41885152462873,0.0,0.0,0.0,0.16655532438896517,1.0,0.008631931462635597,0.00852575331615905,0.0056259460203970475,0.00553691682095329,0.0,0.0,0.016304116249084476,0.15,0.15,False,False
3.735,11.072636604309082,42.18617248535156,2.4365856647491455,0.9708000000000074,1238,1175,1.1221405712185746,0.8778594287814254,5.0,1.0,1.0,11.080432950445307,14.13394723090967,0.0,0.0,0.0,0.15267571402321814,1.0,0.008587859726200502,0.008480744048332175,0.005612887519722184,0.005523786724855503,0.0,0.0,0.01840579390525818,0.15,0.15,False,False
3.74,10.971596717834473,42.22804641723633,2.4205803871154785,0.9707000000000074,1350,1287,1.1119621902836934,0.8880378097163067,21.0,2.0,0.0,10.157063537908197,12.956118295000529,0.0,0.0,0.0,0.1399527378546166,1.0,0.00859660329297185,0.008483993588015437,0.005632557828600208,0.005542041423420112,0.0,0.0,0.020554745197296144,0.15,0.15,False,False
3.745,10.86134147644043,42.2351188659668,2.4268407821655273,0.9706000000000075,1298,1233,1.1026320077600522,0.8973679922399479,11.0,1.0,0.0,9.310641576415847,11.87644177041715,0.0,0.0,0.0,0.12829000970006516,1.0,0.008583907037973404,0.008473337317506473,0.005636343072789411,0.005545901949517429,0.0,0.0,0.021514801979064944,0.15,0.15,False,False
3.75,10.713433265686035,42.24702453613281,2.4295713901519775,0.9705000000000075,1285,1228,1.0940793404467146,0.9059206595532855,8.0,0.0,0.0,8.534754778381192,10.886738289549054,0.0,0.0,0.0,0.11759917555839312,1.0,0.008573461091145873,0.008463264675810933,0.005645946754763524,0.005555532212990026,0.0,0.0,0.013677843809127807,0.15,0.15,False,False
3.755,10.596480369567871,42.30508804321289,2.388606071472168,0.9704000000000075,1213,1162,0.4195727287428218,1.5,6.0,0.0,0.0,24.490191880182756,9.9795100987533,0.0,0.0,0.0,-0.7255340890714728,1.0,0.00855359947308898,0.008443496966113647,0.005646818123447399,0.005556503698850672,0.0,0.0,0.010778212547302246,0.15,0.15,False,False
3.76,10.533687591552734,42.41585922241211,2.366978645324707,0.9703000000000075,1264,1203,0.4679416680142532,1.5,10.0,1.0,1.0,22.449342556834193,9.147884257190524,0.0,0.0,0.0,-0.6650729149821835,1.0,0.008496175675342481,0.008391481436168155,0.005619063158519566,0.005530658721302947,0.0,0.0,0.017057886123657228,0.15,0.15,False,False
3.765,10.527904510498047,42.4718132019043,2.346405029296875,0.9702000000000075,1261,1204,0.8456131956797321,1.1543868043202679,24.0,2.0,0.0,20.578564010431343,16.718893902424647,0.0,0.0,0.0,-0.19298350540033482,1.0,0.008464188625415167,0.008362972099954884,0.005604105729920169,0.0055164711860318984,0.0,0.0,0.014516763687133791,0.15,0.15,False,False
3.77,10.560412406921387,42.476898193359375,2.326671838760376,0.9701000000000075,1195,1127,0.8584787627064211,1.1415212372935788,17.0,2.0,0.0,18.86368367622873,15.32565274388926,0.0,0.0,0.0,-0.1769015466169736,1.0,0.008458426455035806,0.008358982546875875,0.005598432617262006,0.005510965129360557,0.0,0.0,0.012886825799942016,0.15,0.15,False,False
3.775,10.547769546508789,42.558170318603516,2.3130269050598145,0.9700000000000075,1170,1106,0.8702721991475528,1.1297278008524472,2.0,1.0,0.0,17.291710036543,14.048515015231821,0.0,0.0,0.0,-0.16215975106555902,1.0,0.008426669519394636,0.008329356399675211,0.005582427644791703,0.005495531368069351,0.0,0.0,0.02201772212982178,0.15,0.15,False,False
3.78,10.516345977783203,42.6074104309082,2.3323185443878174,0.9699000000000075,1327,1271,0.88108284921859,1.11891715078141,4.0,2.0,2.0,15.850734200164418,12.877805430629168,0.0,0.0,0.0,-0.14864643847676245,1.0,0.008405278204008937,0.008309811043242615,0.005572998197749257,0.005486716011849543,0.0,0.0,0.02976328611373901,0.15,0.15,False,False
3.785,10.474869728088379,42.6525764465332,2.366891384124756,0.9698000000000075,1337,1268,0.8909926117837075,1.1090073882162925,10.0,3.0,1.0,22.86317301681738,20.13798831141007,0.0,0.0,0.0,-0.1362592352703656,1.0,0.008391775578881305,0.008294825286914905,0.005571551931401094,0.0054848853809138145,0.0,0.0,0.02009921073913574,0.15,0.15,False,False
3.79,10.467942237854004,42.81114196777344,2.347137689590454,0.9697000000000076,1322,1271,0.5667432274683984,1.4332567725316014,24.0,3.0,1.0,29.2912419320826,18.45982261879256,0.0,0.0,0.0,-0.5415709656645019,1.0,0.008349233927826088,0.008248952217400074,0.005553070611009995,0.005465713717664282,0.0,0.0,0.019920382499694824,0.15,0.15,False,False
3.795,10.46191120147705,42.95627975463867,2.3884706497192383,0.9696000000000076,1326,1263,0.6028479585126987,1.3971520414873013,19.0,1.0,0.0,26.85030510440905,16.921504067226515,0.0,0.0,0.0,-0.4964400518591267,1.0,0.008303226592640083,0.008206434625511369,0.0055263125492880745,0.005440374564689895,0.0,0.0,0.01987142324447632,0.15,0.15,False,False
3.8,10.362040519714355,42.9747314453125,2.44126558303833,0.9695000000000076,1234,1185,0.6359439619699738,1.3640560380300262,12.0,2.0,0.0,24.612779679041626,15.511378728290971,0.0,0.0,0.0,-0.4550700475375328,1.0,0.00830655413058897,0.00820601514230172,0.0055414964056884255,0.005454251465077202,0.0,0.0,0.01955255508422852,0.15,0.15,False,False
3.805,10.27374267578125,42.93141174316406,2.4768362045288086,0.9694000000000076,1276,1208,0.6662819651391427,1.3337180348608573,10.0,2.0,0.0,22.561714705788155,14.218763834266722,0.0,0.0,0.0,-0.41714754357607164,1.0,0.008327107643708587,0.008220923288414877,0.005568242825878164,0.005479169388612112,0.0,0.0,0.020875749588012697,0.15,0.15,False,False
3.81,10.271831512451172,42.897911071777344,2.5176498889923096,0.9693000000000076,1306,1238,0.6940918013775474,1.3059081986224526,3.0,0.0,1.0,20.68157181363914,13.033866848077828,0.0,0.0,0.0,-0.3823852482780657,1.0,0.008341934299096465,0.008232278050854802,0.005579570618768534,0.005489640946810445,0.0,0.0,0.0177060866355896,0.15,0.15,False,False
3.815,10.215644836425781,42.90565872192383,2.56072998046875,0.9692000000000076,1255,1180,0.7195841512627519,1.2804158487372481,3.0,2.0,0.0,18.95810749583588,11.947711277404675,0.0,0.0,0.0,-0.3505198109215602,1.0,0.008346405811607838,0.008233650975550216,0.005590489599853754,0.005499876763982078,0.0,0.0,0.026015102863311768,0.15,0.15,False,False
3.82,10.126581192016602,42.926326751708984,2.567136287689209,0.9691000000000076,1280,1228,0.7429521386575225,1.2570478613424774,5.0,1.0,0.0,17.37826520451622,10.952068670954285,0.0,0.0,0.0,-0.3213098266780968,1.0,0.008354380261152983,0.008238005296637615,0.005607033769289653,0.005515609518624842,0.0,0.0,0.03420909881591797,0.15,0.15,False,False
3.825,10.094687461853027,42.969146728515625,2.5486576557159424,0.9690000000000076,1265,1192,0.19999999999999996,1.5,6.0,0.0,0.0,32.59674310413987,10.039396281708093,0.0,0.0,0.0,-1.0,1.0,0.008346977022786936,0.008230072756608328,0.005607238660256068,0.005515799469624957,0.0,0.0,0.019171780347824095,0.15,0.15,False,False
3.83,9.962753295898438,43.025856018066406,2.583955764770508,0.9689000000000076,1241,1195,0.506230616510835,1.493769383489165,22.0,1.0,1.0,29.880347845461543,17.53611325823242,0.0,0.0,0.0,-0.6172117293614562,1.0,0.00831523754944404,0.00820097668717305,0.005602726014330983,0.005511460864606003,0.0,0.0,0.015787932872772217,0.15,0.15,False,False
3.835,9.837324142456055,42.98171615600586,2.5810294151306152,0.9688000000000077,1287,1222,0.547378065134932,1.452621934865068,18.0,1.0,1.0,27.390318858339747,16.07477048671305,0.0,0.0,0.0,-0.5657774185813349,1.0,0.008333698691179356,0.008217033464461565,0.005627935364221534,0.005536073391946654,0.0,0.0,0.01590151071548462,0.15,0.15,False,False
3.84,9.722273826599121,43.068519592285156,2.540140151977539,0.9687000000000077,1205,1155,0.585096559707021,1.414903440292979,3.0,2.0,0.0,25.107792286811435,14.735206279486961,0.0,0.0,0.0,-0.5186293003662237,1.0,0.008299980545416474,0.008184382847199839,0.005620148925421139,0.005528656377767524,0.0,0.0,0.012804752588272095,0.15,0.15,False,False
3.845,9.65937614440918,43.20734786987305,2.513747215270996,0.9686000000000077,1260,1199,0.6196718463981026,1.3803281536018974,3.0,2.0,1.0,23.015476262910482,13.507272422863048,0.0,0.0,0.0,-0.4754101920023717,1.0,0.008234267588704824,0.00812368040593962,0.005587654692741732,0.005497465220590433,0.0,0.0,0.0197694206237793,0.15,0.15,False,False
3.85,9.673650741577148,43.211978912353516,2.480536699295044,0.9685000000000077,1251,1195,0.6513658591982607,1.3486341408017393,20.0,1.0,0.0,21.09751990766794,12.38166638762446,0.0,0.0,0.0,-0.4357926760021741,1.0,0.00822276381465296,0.00811482119994859,0.005580372332284848,0.005490559657725195,0.0,0.0,0.015012277364730837,0.15,0.15,False,False
3.855,9.686318397521973,43.23921203613281,2.47501802444458,0.9684000000000077,1286,1225,0.6804187042650723,1.3195812957349276,12.0,2.0,0.0,19.33939324869561,11.34986085532242,0.0,0.0,0.0,-0.39947661966865955,1.0,0.008208412133778136,0.008102891345818838,0.005570299496563773,0.00548078251692156,0.0,0.0,0.015010321140289306,0.15,0.15,False,False
3.86,9.657269477844238,43.31989669799805,2.467564105987549,0.9683000000000077,1354,1293,0.7070504789096497,1.2929495210903503,7.0,1.0,1.0,17.727777144637642,10.404039117378884,0.0,0.0,0.0,-0.36618690136293786,1.0,0.00818157180522879,0.008076748345047235,0.005558345777293047,0.005469026121621331,0.0,0.0,0.026897368431091313,0.15,0.15,False,False
3.865,9.62572956085205,43.3505859375,2.5245940685272217,0.9682000000000077,1347,1271,0.3981296056671789,1.5,6.0,3.0,1.0,24.583795715917837,9.53703585759731,0.0,0.0,0.0,-0.7523379929160263,1.0,0.008165643084794283,0.00806209941705068,0.0055518521306415405,0.005462931391472618,0.0,0.0,0.024737753868103028,0.15,0.15,False,False
3.87,9.569048881530762,43.42658996582031,2.5332629680633545,0.9681000000000077,1330,1273,0.19999999999999996,1.5,7.0,3.0,1.0,30.868479406258015,8.7422828694642,0.0,0.0,0.0,-1.0,1.0,0.008156804057459038,0.008048503659665585,0.005556671918990712,0.0054667323517302675,0.0,0.0,0.01719301462173462,0.15,0.15,False,False
3.875,9.567720413208008,43.593589782714844,2.5247480869293213,0.9680000000000077,1274,1207,0.19999999999999996,1.5,21.0,0.0,0.0,28.296106122403177,8.01375929700885,0.0,0.0,0.0,-1.0,1.0,0.008109982591122389,0.008001755146930616,0.0055303971748799086,0.005441061997165283,0.0,0.0,0.020699021816253663,0.15,0.15,False,False
3.88,9.531017303466797,43.66505813598633,2.5924243927001953,0.9679000000000078,1267,1215,0.25631394973554134,1.5,19.0,0.0,0.0,25.938097278869577,7.345946022258112,0.0,0.0,0.0,-0.9296075628305733,1.0,0.008086944386983912,0.007980421651154757,0.005518049389744799,0.005429167261657616,0.0,0.0,0.02490323781967163,0.15,0.15,False,False
3.885,9.445050239562988,43.58906173706055,2.662113904953003,0.9678000000000078,1190,1130,0.31828778725757967,1.5,2.0,0.0,1.0,23.77658917229711,6.733783853736603,0.0,0.0,0.0,-0.8521402659280254,1.0,0.008123732792834442,0.008011222817003727,0.005553944308000307,0.005463511139775316,0.0,0.0,0.019618706703186037,0.15,0.15,False,False
3.89,9.388618469238281,43.51131820678711,2.696749210357666,0.9677000000000078,1244,1172,0.375097138319448,1.5,3.0,0.0,0.0,21.795206741272352,6.172635199258552,0.0,0.0,0.0,-0.78112857710069,1.0,0.00816403771750629,0.008045878106107315,0.005589427892118692,0.005497952612737815,0.0,0.0,0.024496285915374758,0.15,0.15,False,False
3.895,9.356358528137207,43.521697998046875,2.7602434158325195,0.9676000000000078,1249,1183,0.4271723767928274,1.5,9.0,1.0,0.0,19.978939512832987,5.658248932653673,0.0,0.0,0.0,-0.7160345290089657,1.0,0.00816579597691695,0.008045677095651627,0.005596038536168635,0.00550450310887148,0.0,0.0,0.02249529600143433,0.15,0.15,False,False
3.9,9.22957706451416,43.601654052734375,2.831176280975342,0.9675000000000078,1249,1193,0.4749080120600918,1.5,7.0,0.0,1.0,18.314027886763572,5.1867281882658665,0.0,0.0,0.0,-0.6563649849248853,1.0,0.008162384619936347,0.00803851056843996,0.005610982577006022,0.005519541640145084,0.0,0.0,0.02201117992401123,0.15,0.15,False,False
3.905,9.05859375,43.66111755371094,2.8467907905578613,0.9674000000000078,1437,1384,0.5186656777217509,1.4813343222782491,20.0,6.0,0.0,16.78785889619994,4.754500839243711,0.0,0.0,0.0,-0.6016679028478114,1.0,0.00816840057571729,0.00804155133664608,0.005633546776759128,0.005542577321951589,0.0,0.0,0.040958800315856934,0.15,0.15,False,False
3.91,8.941856384277344,43.63515853881836,2.8672592639923096,0.9673000000000078,1388,1333,0.8921102045782716,1.1078897954217284,18.0,0.0,0.0,15.388870654849944,12.691625769306734,0.0,0.0,0.0,-0.13486224427716048,1.0,0.008182341310506066,0.008054840533683699,0.005655694403685629,0.005564430418113868,0.0,0.0,0.022283709049224852,0.15,0.15,False,False
3.915,8.788296699523926,43.543094635009766,2.8644814491271973,0.9672000000000078,1249,1193,0.5677676875300823,1.4322323124699177,10.0,0.0,1.0,22.439798100279113,11.633990288531173,0.0,0.0,0.0,-0.540290390587397,1.0,0.008204748543600242,0.008075575266654294,0.005686824442818761,0.005594808220242461,0.0,0.0,0.014128873348236084,0.15,0.15,False,False
3.92,8.607980728149414,43.530128479003906,2.8524796962738037,0.9671000000000078,1248,1190,0.6037870469025756,1.3962129530974243,4.0,0.0,0.0,20.56981492525585,10.66449109782024,0.0,0.0,0.0,-0.4952661913717805,1.0,0.008199266934146484,0.008070797969897589,0.0057024473790079355,0.005610409425571561,0.0,0.0,0.011030279397964478,0.15,0.15,False,False
3.925,8.483960151672363,43.58013153076172,2.857377529144287,0.9670000000000079,1219,1154,0.6368047929940276,1.3631952070059725,10.0,1.0,0.0,18.85566368148453,9.77578350633522,0.0,0.0,0.0,-0.4539940087574655,1.0,0.008171884886299571,0.008045015468572577,0.0057000399101525545,0.005608139520821473,0.0,0.0,0.017125747203826903,0.15,0.15,False,False
3.93,8.44900894165039,43.64240264892578,2.830415964126587,0.9669000000000079,1298,1240,0.6670710602445253,1.3329289397554747,11.0,0.0,2.0,17.28435837469415,8.961134880807284,0.0,0.0,0.0,-0.4161611746943433,1.0,0.008151129586622119,0.008024527148033183,0.005694198965405425,0.005602138116955757,0.0,0.0,0.02235048770904541,0.15,0.15,False,False
3.935,8.486161231994629,43.65365982055664,2.796938419342041,0.9668000000000079,1354,1294,0.6948151385574817,1.3051848614425183,25.0,3.0,0.0,15.84399517680297,8.21437364074001,0.0,0.0,0.0,-0.38148107680314797,1.0,0.008139796166991195,0.008014646203567585,0.005684561134936909,0.005592106220622858,0.0,0.0,0.020987300872802737,0.15,0.15,False,False
3.94,8.452632904052734,43.7032470703125,2.784853219985962,0.9667000000000079,1357,1300,0.7202472103443582,1.2797527896556418,15.0,2.0,0.0,14.523662245402722,7.529842504011676,0.0,0.0,0.0,-0.34969098706955226,1.0,0.008115909683207672,0.00799266155809164,0.005673530783193807,0.005580634654810032,0.0,0.0,0.02307827711105347,0.15,0.15,False,False
3.945,8.41356086730957,43.74573516845703,2.788787364959717,0.9666000000000079,1329,1276,0.7435599428156616,1.2564400571843384,5.0,4.0,1.0,13.313357058285828,6.90235562867737,0.0,0.0,0.0,-0.3205500714804229,1.0,0.008098601829260588,0.007976315294702848,0.005667034032133719,0.005574071741042038,0.0,0.0,0.04894406318664551,0.15,0.15,False,False
3.95,8.406451225280762,43.755088806152344,2.881117105484009,0.9665000000000079,1304,1240,0.43159661424769,1.5,3.0,0.0,0.0,20.53724397009534,6.327159326287589,0.0,0.0,0.0,-0.7105042321903875,1.0,0.008091320826982459,0.007969378105675181,0.005663567183849713,0.005570927169173956,0.0,0.0,0.02438556432723999,0.15,0.15,False,False
3.955,8.311375617980957,43.84359359741211,2.8663535118103027,0.9664000000000079,1273,1210,0.8122968963937158,1.1877031036062842,8.0,0.0,0.0,18.825806972587394,14.133229382430288,0.0,0.0,0.0,-0.23462887950785527,1.0,0.008095642551779747,0.007968913996592164,0.005681172478944063,0.0055891605249295635,0.0,0.0,0.02114184856414795,0.15,0.15,False,False
3.96,8.251842498779297,43.98337936401367,2.885439157485962,0.9663000000000079,1342,1271,0.8279388216942395,1.1720611783057606,13.0,3.0,1.0,17.256989724871776,12.955460267227764,0.0,0.0,0.0,-0.2150764728822006,1.0,0.008052230502168339,0.007927749926845234,0.005658465282370647,0.0055668239171306295,0.0,0.0,0.023347039222717286,0.15,0.15,False,False
3.965,8.18259048461914,43.987030029296875,2.945470094680786,0.9662000000000079,1386,1300,0.8422772532197196,1.1577227467802804,16.0,1.0,2.0,15.818907247799126,11.875838578292116,0.0,0.0,0.0,-0.1971534334753505,1.0,0.008056241786107421,0.007931134508301815,0.005666885796623926,0.005575201163689296,0.0,0.0,0.033543963432312016,0.15,0.15,False,False
3.97,8.106741905212402,43.91440200805664,2.9878990650177,0.966100000000008,1417,1368,0.8554208154514096,1.1445791845485904,11.0,2.0,0.0,14.5006649771492,10.88618536343444,0.0,0.0,0.0,-0.180723980685738,1.0,0.00809063242437939,0.007962069939821959,0.005702515287945668,0.005611280212178826,0.0,0.0,0.060411562919616704,0.15,0.15,False,False
3.975,8.092560768127441,43.86450958251953,3.0317630767822266,0.966000000000008,1380,1315,0.8674690808304588,1.1325309191695412,7.0,0.0,1.0,13.292276229053432,9.979003249814902,0.0,0.0,0.0,-0.16566364896192648,1.0,0.008115281816571951,0.007984675855065387,0.0057231500977650285,0.005632586544379592,0.0,0.0,0.026302175521850584,0.15,0.15,False,False
3.98,8.061972618103027,43.846256256103516,3.077143669128418,0.965900000000008,1359,1296,0.5451799907612538,1.4548200092387462,5.0,5.0,0.0,20.517919876632313,9.147419645663659,0.0,0.0,0.0,-0.5685250115484327,1.0,0.008132513612508774,0.008000425295904279,0.005738269537687302,0.005648674365753929,0.0,0.0,0.03559770345687867,0.15,0.15,False,False
3.985,7.994388580322266,43.83374786376953,3.10745906829834,0.965800000000008,1406,1354,0.583081658197816,1.416918341802184,20.0,2.0,0.0,18.808093220246285,8.385134675191686,0.0,0.0,0.0,-0.52114792725273,1.0,0.008149699618419012,0.008016331121325493,0.0057573294422278804,0.005668872618116438,0.0,0.0,0.043166546821594244,0.15,0.15,False,False
3.99,7.956294536590576,43.80953598022461,3.095529794692993,0.965700000000008,1326,1253,0.6178248533479981,1.3821751466520018,17.0,0.0,1.0,17.240752118559094,7.686373452259046,0.0,0.0,0.0,-0.47771893331500237,1.0,0.008168192580342293,0.008033931565781435,0.005772615744111439,0.005685014572615425,0.0,0.0,0.02262504816055298,0.15,0.15,False,False
3.995,7.75468635559082,43.7828254699707,3.107595682144165,0.965600000000008,1217,1164,0.6496727822356649,1.350327217764335,5.0,1.0,0.0,15.804022775345835,7.045842331237458,0.0,0.0,0.0,-0.43790902220541883,1.0,0.008166272891685367,0.008032344436893862,0.005796484183520079,0.005707565384606521,0.0,0.0,0.018760223388671875,0.15,0.15,False,False
4.0,7.582272529602051,43.663246154785156,3.108349323272705,0.965500000000008,1180,1117,1.0122000503826927,0.9877999496173072,3.0,1.0,0.0,14.487020877400349,14.792022136967669,0.0,0.0,0.0,0.015250062978365975,1.0,0.008197328230986994,0.00806303423208495,0.005837791056061785,0.005748583547150096,0.0,0.0,0.011978341341018679,0.15,0.15,False,False
4.005,7.4545464515686035,43.618431091308594,3.078183889389038,0.965400000000008,1207,1153,1.0111833795174683,0.9888166204825316,14.0,1.0,0.0,13.279769137616986,13.559353625553696,0.0,0.0,0.0,0.013979224396835476,1.0,0.00820425571873784,0.00807040836662054,0.005856287898495793,0.005767373174118499,0.0,0.0,0.017224717140197753,0.15,0.15,False,False
4.01,7.333313941955566,43.704288482666016,3.0533478260040283,0.965300000000008,1292,1221,1.010251431224346,0.989748568775654,13.0,1.0,1.0,12.173121709482237,12.429407490090886,0.0,0.0,0.0,0.012814289030432491,1.0,0.008157736544186871,0.008026108068103593,0.005843331455253065,0.005753650524032613,0.0,0.0,0.0189802086353302,0.15,0.15,False,False
4.015,7.30452299118042,43.75795364379883,3.0171356201171875,0.965200000000008,1293,1244,1.0093971452889838,0.9906028547110162,13.0,2.0,0.0,11.158694900358716,11.393623532583312,0.0,0.0,0.0,0.011746431611229813,1.0,0.008131845000510415,0.008001229725778103,0.005833037042369446,0.0057421376307805385,0.0,0.0,0.016960314512252807,0.15,0.15,False,False
4.02,7.341460227966309,43.7714729309082,2.980644464492798,0.9651000000000081,1277,1216,1.0086140498482352,0.9913859501517649,7.0,3.0,1.0,10.228803658662157,10.444154904868036,0.0,0.0,0.0,0.010767562310293943,1.0,0.008121312906344732,0.007991306095694503,0.005822891059021155,0.0057306103796387715,0.0,0.0,0.014210333824157715,0.15,0.15,False,False
4.025,7.288903713226318,43.83037185668945,2.9584548473358154,0.9650000000000081,1255,1215,1.3412295456942156,0.6587704543057844,6.0,1.0,2.0,9.376403353773643,17.90714199612903,0.0,0.0,0.0,0.4265369321177694,1.0,0.008092960342764854,0.007964257383719087,0.005811023875139654,0.005717647145502269,0.0,0.0,0.028234429359436035,0.15,0.15,False,False
4.03,7.257083892822266,43.86758804321289,2.9690403938293457,0.9649000000000081,1392,1314,1.3127937502196976,0.6872062497803024,15.0,2.0,0.0,8.59503640762584,16.414880163118276,0.0,0.0,0.0,0.39099218777462186,1.0,0.008073313316951197,0.007945761317387223,0.00580192330138137,0.005708110984414816,0.0,0.0,0.054813780784606934,0.15,0.15,False,False
4.035,7.195704936981201,43.88581085205078,3.0019845962524414,0.9648000000000081,1278,1213,0.9533942710347227,1.0466057289652773,11.0,1.0,0.0,16.21211670699035,15.04697348285842,0.0,0.0,0.0,-0.05825716120659656,1.0,0.008069385463992756,0.007941560664524635,0.005807683143454294,0.005713869080257913,0.0,0.0,0.01967223048210144,0.15,0.15,False,False
4.04,7.067169189453125,44.0048713684082,2.9771742820739746,0.9647000000000081,1305,1241,0.9572780817818292,1.0427219182181708,7.0,4.0,0.0,14.86110698140782,13.79305902595355,0.0,0.0,0.0,-0.053402397772713515,1.0,0.008043107033396762,0.007914671441540122,0.005808047135360539,0.005714977742172778,0.0,0.0,0.01631767511367798,0.15,0.15,False,False
4.045,6.942038536071777,44.152095794677734,3.0271074771881104,0.9646000000000081,1267,1213,0.9608382416333434,1.0391617583666566,9.0,1.0,1.0,13.622681399623835,12.64363744045742,0.0,0.0,0.0,-0.04895219795832073,1.0,0.00798908683160941,0.007863127005596956,0.005784506405082842,0.005691187107004225,0.0,0.0,0.016577655076980592,0.15,0.15,False,False
4.05,6.823308944702148,44.14055252075195,3.090419292449951,0.9645000000000081,1241,1182,0.9641017214972315,1.0358982785027684,19.0,0.0,0.0,12.48745794965518,11.590000987085968,0.0,0.0,0.0,-0.044872848128460596,1.0,0.008005875085170071,0.007878436784570416,0.005809439268584053,0.005716817686334252,0.0,0.0,0.02217378616333008,0.15,0.15,False,False
4.055,6.776623725891113,44.02579116821289,3.0987601280212402,0.9644000000000081,1253,1189,0.9670932447057956,1.0329067552942044,14.0,1.0,0.0,19.780169787183915,18.957500904828805,0.0,0.0,0.0,-0.041133444117755505,1.0,0.008060654702906808,0.00793036383887132,0.005856078738967578,0.0057647980671996875,0.0,0.0,0.019431196451187134,0.15,0.15,False,False
4.06,6.815252780914307,43.96883773803711,3.132756471633911,0.9643000000000082,1310,1244,0.9698354743136458,1.030164525686354,3.0,0.0,0.0,18.13182230491859,17.377709162759736,0.0,0.0,0.0,-0.03770565710794269,1.0,0.008074940415099263,0.007943779928609729,0.005863352756326398,0.0057720072800293565,0.0,0.0,0.016686198711395265,0.15,0.15,False,False
4.065,6.771031379699707,43.93655776977539,-3.1102402210235596,0.9642000000000082,1303,1227,0.9723491847875088,1.0276508152124912,5.0,2.0,1.0,16.62083711284204,15.929566732529757,0.0,0.0,0.0,-0.03456351901561412,1.0,0.008090049571668109,0.007958154892548919,0.005879098898731172,0.005788605000513296,0.0,0.0,0.01790976166725159,0.15,0.15,False,False
4.07,6.62332010269165,43.927757263183594,-3.0608770847320557,0.9641000000000082,1350,1272,0.9746534193885497,1.0253465806114503,12.0,4.0,1.0,15.235767353438536,14.602102838152277,0.0,0.0,0.0,-0.03168322576431297,1.0,0.008106523115808766,0.007973773560176294,0.005908022091413538,0.005818648690668246,0.0,0.0,0.03096289396286011,0.15,0.15,False,False
4.075,6.600104808807373,43.95586013793945,-3.0269851684570312,0.9640000000000082,1243,1204,0.9767656344395038,1.0232343655604963,9.0,0.0,0.0,13.966120073985325,13.38526093497292,0.0,0.0,0.0,-0.029042956950620268,1.0,0.008115728075305622,0.007982748017335933,0.005913908244110644,0.005826932222892841,0.0,0.0,0.01103646993637085,0.15,0.15,False,False
4.08,6.589098930358887,43.98365020751953,-3.0002024173736572,0.9639000000000082,1266,1212,1.3120351649028783,0.6879648350971216,20.0,1.0,1.0,12.802276734486547,20.603155857058507,0.0,0.0,0.0,0.390043956128598,1.0,0.008111093193292618,0.00797808946420749,0.005909691293103,0.005824266700074077,0.0,0.0,0.023210573196411132,0.15,0.15,False,False
4.085,6.583817481994629,43.92924880981445,-3.0207667350769043,0.9638000000000082,1209,1147,1.2860322344943054,0.7139677655056947,5.0,2.0,0.0,11.735420339946002,18.886226202303632,0.0,0.0,0.0,0.35754029311788155,1.0,0.008136835725357136,0.00800328872477015,0.005926619051024318,0.005842303507961333,0.0,0.0,0.016265316009521486,0.15,0.15,False,False
4.09,6.5302019119262695,43.94645309448242,-3.062498092651367,0.9637000000000082,1257,1211,1.5,0.40447045171355367,7.0,1.0,0.0,10.757468644950501,25.64570735211166,0.0,0.0,0.0,0.7444119353580579,1.0,0.008121962503840527,0.00798867743772765,0.005924928894576928,0.005839486257173121,0.0,0.0,0.01680592775344849,0.15,0.15,False,False
4.095,6.443045616149902,43.98689651489258,-3.122600793838501,0.9636000000000082,1240,1176,1.5,0.4540979140707575,14.0,2.0,0.0,9.86101292453796,23.50856507276902,0.0,0.0,0.0,0.6823776074115531,1.0,0.008088826046635708,0.00795637684253355,0.005917733263534805,0.005830100659901897,0.0,0.0,0.01671956062316895,0.15,0.15,False,False
4.1,6.411899566650391,43.974735260009766,3.103395462036133,0.9635000000000082,1354,1292,1.5,0.4995897545648612,30.0,3.0,1.0,9.03926184749313,21.5495179833716,0.0,0.0,0.0,0.6255128067939235,1.0,0.008071353270982703,0.007939818703259032,0.005912403382050495,0.0058220099890604615,0.0,0.0,0.0199284827709198,0.15,0.15,False,False
4.105,6.391316890716553,44.00476837158203,3.0600664615631104,0.9634000000000082,1268,1212,1.4587093916488771,0.5412906083511227,4.0,1.0,0.0,8.285990026868701,19.75372481809063,0.0,0.0,0.0,0.5733867395610965,1.0,0.008045830763876438,0.007915626435230177,0.005899424819896619,0.005806899474312862,0.0,0.0,0.030781462192535403,0.15,0.15,False,False
4.11,6.367861747741699,44.08296203613281,3.0587868690490723,0.9633000000000083,1290,1217,1.4204836090114707,0.5795163909885293,7.0,0.0,0.0,7.595490857962975,18.107581083249745,0.0,0.0,0.0,0.5256045112643385,1.0,0.008007238696639737,0.007878810865804553,0.005877587633828322,0.005783959253070256,0.0,0.0,0.0318229079246521,0.15,0.15,False,False
4.115,6.357801914215088,44.12358093261719,3.1167571544647217,0.9632000000000083,1272,1207,1.3854433082605149,0.6145566917394851,8.0,3.0,1.0,6.96253328646606,16.59861599297893,0.0,0.0,0.0,0.4818041353256436,1.0,0.007995757041499019,0.00786764508423706,0.005871074002546569,0.00577761714036266,0.0,0.0,0.020322656631469725,0.15,0.15,False,False
4.12,6.2092976570129395,44.13882827758789,3.112070322036743,0.9631000000000083,1276,1204,1.3533230325721386,0.6466769674278614,14.0,1.0,1.0,6.382322179260555,15.21539799356402,0.0,0.0,0.0,0.44165379071517324,1.0,0.007998329820111394,0.007869184094791612,0.005889885360375047,0.005797846242785454,0.0,0.0,0.019823527336120604,0.15,0.15,False,False
4.125,6.05927038192749,44.21239471435547,3.0979926586151123,0.9630000000000083,1382,1315,1.3238794465244603,0.6761205534755397,12.0,4.0,2.0,5.850461997655509,13.947448160767017,0.0,0.0,0.0,0.40484930815557546,1.0,0.00797712088872989,0.007848929380998015,0.0058927753707394,0.005800512929757437,0.0,0.0,0.014828343391418457,0.15,0.15,False,False
4.13,5.949906826019287,44.24348831176758,3.125684976577759,0.9629000000000083,1238,1167,1.5,0.3697771740192446,5.0,1.0,0.0,5.362923497850883,21.118494147369766,0.0,0.0,0.0,0.7877785324759442,1.0,0.00796290929429233,0.00783585283594827,0.005896107953352233,0.0058031786466017365,0.0,0.0,0.015049309730529786,0.15,0.15,False,False
4.135,5.828423500061035,44.188758850097656,-3.140320062637329,0.9628000000000083,1240,1185,1.2443709238156924,0.7556290761843075,5.0,1.0,0.0,13.249346539696642,19.358619635088953,0.0,0.0,0.0,0.30546365476961557,1.0,0.007985900156199932,0.007858053237820666,0.005929003236815333,0.005836390191689134,0.0,0.0,0.018490681648254396,0.15,0.15,False,False
4.14,5.77951717376709,44.13416290283203,-3.1143274307250977,0.9627000000000083,1265,1189,1.2240066801643847,0.7759933198356153,7.0,0.0,0.0,12.145234328055254,17.745401332164874,0.0,0.0,0.0,0.280008350205481,1.0,0.00800608773715794,0.007877310660357278,0.005952082574367523,0.005859764254031083,0.0,0.0,0.018622229099273684,0.15,0.15,False,False
4.145,5.814322471618652,44.119873046875,-3.081380605697632,0.9626000000000083,1291,1224,1.2053394568173528,0.7946605431826472,14.0,1.0,1.0,11.133131467383983,16.2666178878178,0.0,0.0,0.0,0.25667432102169097,1.0,0.008015312099208435,0.007885547820478678,0.00595451972912997,0.005863096448592842,0.0,0.0,0.013279756307601929,0.15,0.15,False,False
4.15,5.744372367858887,44.05803680419922,-3.082184076309204,0.9625000000000083,1442,1367,0.8548945020825733,1.1451054979174267,30.0,4.0,0.0,18.538703845101985,14.911066397166318,0.0,0.0,0.0,-0.18138187239678336,1.0,0.008037688676267862,0.007906860361496609,0.005979669513180852,0.005888846547653278,0.0,0.0,0.03837272644042969,0.15,0.15,False,False
4.155,5.673536777496338,44.041221618652344,-3.0843472480773926,0.9624000000000084,1374,1328,0.8669866269090256,1.1330133730909744,12.0,1.0,1.0,16.99381185801015,13.66847753073579,0.0,0.0,0.0,-0.166266716363718,1.0,0.008039892418310046,0.007909023746227225,0.0059911042141417665,0.0058999032868693275,0.0,0.0,0.05516783714294434,0.15,0.15,False,False
4.16,5.611347198486328,44.030914306640625,-3.1321916580200195,0.9623000000000084,1349,1272,0.8780710746666068,1.1219289253333933,13.0,1.0,1.0,15.577660869842637,12.529437736507807,0.0,0.0,0.0,-0.1524111566667415,1.0,0.00803967472165823,0.007908840586120885,0.005999024336536726,0.005907424880812566,0.0,0.0,0.0158935546875,0.15,0.15,False,False
4.165,5.494466781616211,43.92406463623047,-3.108837127685547,0.9622000000000084,1228,1167,1.2215651517777228,0.7784348482222773,9.0,1.0,0.0,14.279522464022417,19.818651258465486,0.0,0.0,0.0,0.27695643972215345,1.0,0.008045429907118281,0.007915393216535449,0.006022164210056266,0.005927760697280368,0.0,0.0,0.020387630462646487,0.15,0.15,False,False
4.17,5.394213676452637,43.820186614990234,3.1336631774902344,0.9621000000000084,1305,1231,0.8697680557962459,1.130231944203754,5.0,1.0,0.0,21.422895592020545,18.167096986926694,0.0,0.0,0.0,-0.16278993025469254,1.0,0.008079045995449027,0.007948335260152817,0.006056791753508151,0.005963202953959505,0.0,0.0,0.019614236354827883,0.15,0.15,False,False
4.175,5.311435222625732,43.88527297973633,3.090161085128784,0.9620000000000084,1270,1203,0.5472873844798921,1.4527126155201078,4.0,2.0,1.0,27.970987626018832,16.653172238016136,0.0,0.0,0.0,-0.5658907694001348,1.0,0.008043479174375534,0.00791404047049582,0.006042902047435443,0.005947705164241294,0.0,0.0,0.017216895818710328,0.15,0.15,False,False
4.18,5.2696123123168945,43.98960876464844,3.0711300373077393,0.9619000000000084,1241,1170,0.5850134357732344,1.4149865642267656,4.0,1.0,0.0,25.640071990517264,15.265407884848123,0.0,0.0,0.0,-0.518733205283457,1.0,0.007994554471224546,0.007867112678165238,0.006018047182199856,0.005921182455495,0.0,0.0,0.01998237371444702,0.15,0.15,False,False
4.185,5.263272762298584,43.99811935424805,3.0467939376831055,0.9618000000000084,1264,1190,0.6195956494587982,1.3804043505412018,4.0,1.0,0.0,23.503399324640824,13.99329056111078,0.0,0.0,0.0,-0.47550543817650226,1.0,0.00798782566562295,0.007860833623756966,0.006016539603782197,0.005918780613380174,0.0,0.0,0.014310946464538574,0.15,0.15,False,False
4.19,5.182571887969971,44.008392333984375,3.023024082183838,0.9617000000000084,1228,1163,0.6512960120038984,1.3487039879961016,15.0,2.0,1.0,21.544782714254087,12.827183014351547,0.0,0.0,0.0,-0.435879984995127,1.0,0.007976153089354437,0.00784995344777902,0.006019327944765489,0.005920578648025791,0.0,0.0,0.018329348564147953,0.15,0.15,False,False
4.195,5.086458206176758,44.028953552246094,3.0082552433013916,0.9616000000000084,1313,1258,0.6803546776702403,1.3196453223297597,31.0,1.0,2.0,19.749384154732912,11.758251096488918,0.0,0.0,0.0,-0.3995566529121997,1.0,0.0079571723472327,0.007832254826401671,0.0060176416688288254,0.005918183596804738,0.0,0.0,0.02354543685913086,0.15,0.15,False,False
4.2,5.054482936859131,44.02985763549805,3.0376408100128174,0.9615000000000085,1339,1279,0.706991787864387,1.293008212135613,11.0,6.0,1.0,18.1036021418385,10.778396838448174,0.0,0.0,0.0,-0.3662602651695163,1.0,0.007947938283905387,0.007824019994586706,0.00601545247870187,0.005915689980611205,0.0,0.0,0.018125909566879272,0.15,0.15,False,False
4.205,4.920675754547119,44.092491149902344,3.014599084854126,0.9614000000000085,1269,1209,0.731409138875688,1.268590861124312,4.0,2.0,0.0,16.594968630018624,9.880197101910825,0.0,0.0,0.0,-0.3357385764053899,1.0,0.007937266879404586,0.0078122740766654415,0.00602614542003721,0.005926694526957969,0.0,0.0,0.027391479015350346,0.15,0.15,False,False
4.21,4.783472061157227,44.24896240234375,3.0504751205444336,0.9613000000000085,1322,1256,0.7537917106360474,1.2462082893639526,21.0,0.0,0.0,15.21205457751707,9.056847343418257,0.0,0.0,0.0,-0.3077603617049407,1.0,0.007881102695440253,0.007758330320939422,0.006001089738371472,0.005901476057867209,0.0,0.0,0.019008538722991943,0.15,0.15,False,False
4.215,4.674531936645508,44.27828598022461,3.1163649559020996,0.9612000000000085,1312,1254,0.19999999999999996,1.5,14.0,2.0,0.0,30.611050029390647,8.302110064800068,0.0,0.0,0.0,-1.0,1.0,0.007881675846874714,0.0077583470071355505,0.006013847305439413,0.005914904759265482,0.0,0.0,0.01640003204345703,0.15,0.15,False,False
4.22,4.595303535461426,44.189109802246094,-3.1222708225250244,0.9611000000000085,1311,1247,0.5153388679650122,1.4846611320349878,4.0,2.0,1.0,28.06012919360809,15.943600892733395,0.0,0.0,0.0,-0.6058264150437348,1.0,0.007925235743944844,0.007799270485217373,0.006059708151345452,0.005962046949813764,0.0,0.0,0.021480317115783694,0.15,0.15,False,False
4.225,4.626101016998291,44.131446838378906,-3.085451364517212,0.9610000000000085,1285,1222,0.5557272956345944,1.4442727043654056,2.0,4.0,0.0,25.72178509414075,14.61496748500561,0.0,0.0,0.0,-0.5553408804567569,1.0,0.007954332589482268,0.007826570654287934,0.00607983092777431,0.005983583978377283,0.0,0.0,0.018015090227127075,0.15,0.15,False,False
4.23,4.637479305267334,44.09192657470703,-3.059736728668213,0.9609000000000085,1320,1251,0.19999999999999996,1.5,21.0,0.0,0.0,40.244969669629015,13.397053527921809,0.0,0.0,0.0,-1.0,1.0,0.0079724060681959,0.007843670124808948,0.006092320351550977,0.005997178377583623,0.0,0.0,0.01926648020744324,0.15,0.15,False,False
4.235,4.531562805175781,44.06395721435547,-3.0212674140930176,0.9608000000000085,1338,1271,0.19999999999999996,1.5,26.0,1.0,0.0,36.89122219715993,12.28063240059499,0.0,0.0,0.0,-1.0,1.0,0.007984218730901679,0.007855020618687075,0.006114964295799534,0.006020430009812117,0.0,0.0,0.025895996093750002,0.15,0.15,False,False
4.24,4.387446880340576,44.08683776855469,-3.032186269760132,0.9607000000000085,1183,1135,0.19999999999999996,1.5,10.0,1.0,1.0,33.81695368072993,11.257246367212074,0.0,0.0,0.0,-1.0,1.0,0.007985293632373214,0.00785601247722904,0.0061322820450489725,0.006039239039334158,0.0,0.0,0.022763748168945313,0.15,0.15,False,False
4.245,4.32136344909668,44.035465240478516,-3.016948699951172,0.9606000000000086,1242,1185,0.19999999999999996,1.5,2.0,0.0,0.0,30.998874207335767,10.319142503277735,0.0,0.0,0.0,-1.0,1.0,0.007991077921663722,0.007861638829732936,0.006146327165576319,0.0060521799605339766,0.0,0.0,0.019906771183013917,0.15,0.15,False,False
4.25,4.215792655944824,43.953983306884766,-2.99904727935791,0.9605000000000086,1271,1208,0.5750765041845387,1.4249234958154613,8.0,3.0,0.0,28.415634690057786,17.792547294671255,0.0,0.0,0.0,-0.5311543697693265,1.0,0.008010015590116382,0.007880379368240636,0.006176475047444304,0.006082533315444986,0.0,0.0,0.01604953408241272,0.15,0.15,False,False
4.255,4.049829006195068,43.89414978027344,-3.0289647579193115,0.9604000000000086,1313,1263,0.6104867955024939,1.389513204497506,4.0,2.0,1.0,26.047665132552968,16.309835020115315,0.0,0.0,0.0,-0.48689150562188266,1.0,0.008022176722685497,0.007892642946292957,0.0062078060970331235,0.006114495530103644,0.0,0.0,0.011050689220428466,0.15,0.15,False,False
4.26,3.887598991394043,43.89911651611328,-3.0516927242279053,0.9603000000000086,1269,1214,0.6429462292106194,1.3570537707893806,4.0,3.0,0.0,23.877026371506886,14.950682101772372,0.0,0.0,0.0,-0.4463172134867257,1.0,0.007997520345573625,0.007869456118593614,0.006214124150574207,0.006119534955359995,0.0,0.0,0.017797408103942872,0.15,0.15,False,False
4.265,3.8504810333251953,43.91513442993164,-3.079817771911621,0.9602000000000086,1295,1233,1.006034043443068,0.9939659565569322,13.0,1.0,2.0,21.887274173881313,22.038125259958008,0.0,0.0,0.0,0.00754255430383477,1.0,0.007982484918708604,0.007855147511387866,0.006211446792197725,0.006115465269734463,0.0,0.0,0.015887975692749023,0.15,0.15,False,False
4.27,3.8952298164367676,43.95318603515625,-3.104177236557007,0.9601000000000086,1325,1272,1.0055312064894788,0.9944687935105212,20.0,0.0,1.0,20.063334659391202,20.201614821628173,0.0,0.0,0.0,0.0069140081118485245,1.0,0.007970767716566723,0.007843110555162033,0.0061977053216348095,0.006099935271777213,0.0,0.0,0.011230852603912354,0.15,0.15,False,False
4.275,3.8568153381347656,44.03324890136719,-3.1053106784820557,0.9600000000000086,1238,1176,1.0050702726153555,0.9949297273846445,7.0,2.0,0.0,18.391390104441935,18.518146919825824,0.0,0.0,0.0,0.006337840769194436,1.0,0.00794129368538658,0.007814148363346856,0.006180893396958709,0.006081950074682633,0.0,0.0,0.017438693046569826,0.15,0.15,False,False
4.28,3.8002846240997314,44.0472297668457,-3.090836524963379,0.9599000000000086,1264,1207,1.0046477498974093,0.9953522501025907,13.0,1.0,0.0,16.858774262405106,16.97496800984034,0.0,0.0,0.0,0.005809687371761641,1.0,0.007933257535720866,0.007806360178316633,0.006183315611754855,0.0060841594434653725,0.0,0.0,0.0242555046081543,0.15,0.15,False,False
4.285,3.7657670974731445,44.03506851196289,-3.046516180038452,0.9598000000000086,1307,1231,1.0042604374059585,0.9957395625940415,6.0,3.0,1.0,15.45387640720468,15.560387342353643,0.0,0.0,0.0,0.005325546757448141,1.0,0.00793686058993141,0.007809899592151245,0.006191104378861686,0.006092451900864641,0.0,0.0,0.01977083206176758,0.15,0.15,False,False
4.29,3.6425297260284424,44.12194061279297,-3.0659589767456055,0.9597000000000087,1313,1255,1.003905400955462,0.996094599044538,5.0,0.0,0.0,14.166053373270955,14.263688397157505,0.0,0.0,0.0,0.0048817511943274996,1.0,0.007925245445221663,0.0077977605784932775,0.006198683404363692,0.006101786275394261,0.0,0.0,0.02183110237121582,0.15,0.15,False,False
4.295,3.5369229316711426,44.220523834228516,-3.020017623901367,0.9596000000000087,1264,1207,0.6702466175425069,1.329753382457493,5.0,0.0,0.0,21.318882258831707,13.07504769739438,0.0,0.0,0.0,-0.4121917280718663,1.0,0.007887895529468855,0.007761792512610555,0.006181321029240887,0.006083700185020765,0.0,0.0,0.014515001773834229,0.15,0.15,False,False
4.3,3.453913450241089,44.152732849121094,-2.9715418815612793,0.9595000000000087,1240,1187,0.6977260660806315,1.3022739339193685,8.0,4.0,1.0,19.542308737262395,11.985460389278181,0.0,0.0,0.0,-0.3778424173992107,1.0,0.007917618689437708,0.007790452412640056,0.006214915192686021,0.0061185632754738135,0.0,0.0,0.01916114330291748,0.15,0.15,False,False
4.305,3.420969009399414,44.049957275390625,-2.9340391159057617,0.9594000000000087,1244,1188,0.7229155605739122,1.2770844394260878,15.0,0.0,0.0,17.913783009157196,10.986672023505,0.0,0.0,0.0,-0.34635554928260986,1.0,0.007960836325461667,0.007832413539290428,0.006257254669132332,0.006162778202754756,0.0,0.0,0.020963566303253175,0.15,0.15,False,False
4.31,3.4376707077026367,44.027008056640625,-2.88826584815979,0.9593000000000087,1225,1156,0.7460059305260862,1.2539940694739138,15.0,1.0,0.0,16.420967758394095,10.07111602154625,0.0,0.0,0.0,-0.3174925868423923,1.0,0.007977169395113986,0.007848439272493124,0.006269181612879038,0.006176680132436256,0.0,0.0,0.0190357506275177,0.15,0.15,False,False
4.315,3.393634557723999,43.991973876953125,-2.8357303142547607,0.9592000000000087,1313,1247,0.7671721029822457,1.2328278970177542,7.0,0.0,0.0,15.052553778527919,9.231856353084062,0.0,0.0,0.0,-0.29103487127219285,1.0,0.007997324379781883,0.007868510438129306,0.006290209906486174,0.006200009762930374,0.0,0.0,0.025009284019470217,0.15,0.15,False,False
4.32,3.3112401962280273,43.9323844909668,-2.831861972808838,0.9591000000000087,1266,1206,0.7865744277337252,1.2134255722662748,6.0,0.0,0.0,13.798174296983925,8.462534990327056,0.0,0.0,0.0,-0.2667819653328435,1.0,0.008030270303909978,0.007901487406343222,0.0063250163414826,0.006237835041247308,0.0,0.0,0.03820054292678833,0.15,0.15,False,False
4.325,3.265958547592163,43.918487548828125,-2.84285831451416,0.9590000000000087,1360,1285,0.8043598920892481,1.195640107910752,3.0,2.0,2.0,12.64832643890193,7.757323741133134,0.0,0.0,0.0,-0.24455013488843985,1.0,0.008034472120925784,0.007905691551665466,0.006334049200328688,0.0062469604502742495,0.0,0.0,0.016217894554138183,0.15,0.15,False,False
4.33,3.1236495971679688,43.79838943481445,-2.815164089202881,0.9589000000000087,1308,1255,0.8206632344151441,1.179336765584856,1.0,6.0,0.0,19.927632568993435,15.444213429372038,0.0,0.0,0.0,-0.22417095698106984,1.0,0.008052636791641515,0.007923266384750605,0.006371966446749866,0.00628289805414776,0.0,0.0,0.021214907169342042,0.15,0.15,False,False
4.335,2.9963467121124268,43.618404388427734,-2.833641767501831,0.9588000000000088,1233,1171,0.5022746315472155,1.4977253684527845,5.0,0.0,1.0,26.600329854910647,14.157195643591034,0.0,0.0,0.0,-0.6221567105659807,1.0,0.008106423386683067,0.007976831790680688,0.00643412737796704,0.006346310256049037,0.0,0.0,0.012208887338638306,0.15,0.15,False,False
4.34,2.848991870880127,43.55617904663086,-2.8849189281463623,0.9587000000000088,1393,1323,0.5437517455849474,1.4562482544150526,24.0,0.0,0.0,24.38363570033476,12.977429339958448,0.0,0.0,0.0,-0.5703103180188156,1.0,0.008108191347370546,0.00797888613305986,0.006458490000416836,0.0063695698433245225,0.0,0.0,0.017340993881225585,0.15,0.15,False,False
4.345,2.7349109649658203,43.61642837524414,-2.934624195098877,0.9586000000000088,1290,1226,0.5817724334528686,1.4182275665471313,32.0,0.0,0.0,22.351666058640195,11.89597689496191,0.0,0.0,0.0,-0.5227844581839143,1.0,0.008065797931825122,0.007936944797014197,0.006446852736795942,0.006354185946596166,0.0,0.0,0.020314857959747315,0.15,0.15,False,False
4.35,2.75817608833313,43.678470611572266,-2.961047649383545,0.9585000000000088,1160,1102,0.6166247306651296,1.3833752693348704,4.0,1.0,0.0,20.489027220420176,10.904645487048418,0.0,0.0,0.0,-0.4792190866685879,1.0,0.008039532306914529,0.007910051693518957,0.006426013618086776,0.006329459138214588,0.0,0.0,0.011201636791229248,0.15,0.15,False,False
4.355,2.761361598968506,43.73140335083008,-2.9772226810455322,0.9584000000000088,1211,1163,0.648572669776369,1.351427330223631,1.0,0.0,0.0,18.78160828538516,9.995925029794384,0.0,0.0,0.0,-0.43928416277953886,1.0,0.008020995495220026,0.00789137207902968,0.006411033100448549,0.006312805926427245,0.0,0.0,0.014129821062088013,0.15,0.15,False,False
4.36,2.6616621017456055,43.766273498535156,-2.9795730113983154,0.9583000000000088,1294,1230,0.6778582806283382,1.3221417193716618,10.0,3.0,1.0,17.216474261603064,9.162931277311518,0.0,0.0,0.0,-0.4026771492145773,1.0,0.008001334887618821,0.007872096806143722,0.006411050562746823,0.006311611505225301,0.0,0.0,0.02173754692077637,0.15,0.15,False,False
4.365,2.614835500717163,43.75670623779297,-2.9207088947296143,0.9582000000000088,1381,1314,1.0380367572426432,0.9619632427573568,27.0,3.0,0.0,15.781768073136142,16.732687004202223,0.0,0.0,0.0,0.04754594655330404,1.0,0.007997514912858605,0.007868556228155892,0.00641588238067925,0.006316152478878697,0.0,0.0,0.02139831781387329,0.15,0.15,False,False
4.37,2.526846408843994,43.763145446777344,-2.9168314933776855,0.9581000000000088,1244,1183,1.034867027472423,0.965132972527577,6.0,0.0,2.0,14.46662073370813,15.338296420518704,0.0,0.0,0.0,0.04358378434052872,1.0,0.008011203802501162,0.00788184969375531,0.00643868581391871,0.0063418610564743485,0.0,0.0,0.020607097148895265,0.15,0.15,False,False
4.375,2.373746156692505,43.87563705444336,-2.9355850219726562,0.9580000000000088,1309,1251,1.3652947751830544,0.6347052248169456,9.0,0.0,0.0,13.261069005899119,22.393438385475477,0.0,0.0,0.0,0.4566184689788179,1.0,0.007974893087521195,0.00784666898349921,0.006429878412745893,0.006333492153013746,0.0,0.0,0.021626143455505373,0.15,0.15,False,False
4.38,2.270073175430298,43.91037368774414,-2.8844921588897705,0.9579000000000089,1336,1276,1.0015202105844665,0.9984797894155335,12.0,2.0,0.0,20.489313255407524,20.527318520019186,0.0,0.0,0.0,0.0019002632305831213,1.0,0.00795067404396832,0.007822921810050806,0.006422876031138003,0.006324824644252658,0.0,0.0,0.019436789751052858,0.15,0.15,False,False
4.385,2.2240521907806396,43.78465270996094,-2.84228515625,0.9578000000000089,1329,1250,1.0013935263690943,0.9986064736309056,24.0,1.0,2.0,18.781870484123562,18.81670864335092,0.0,0.0,0.0,0.00174190796136795,1.0,0.008002759423106909,0.007873998644451301,0.006475038632440071,0.006379209420022866,0.0,0.0,0.01871858835220337,0.15,0.15,False,False
4.39,2.226102113723755,43.69428634643555,-2.8130245208740234,0.9577000000000089,1291,1226,1.0012773991716697,0.9987226008283302,6.0,3.0,0.0,17.216714610446598,17.248649589738342,0.0,0.0,0.0,0.0015967489645872135,1.0,0.008043059303114813,0.007913761073723435,0.00651144616616269,0.006418042855026822,0.0,0.0,0.01969605803489685,0.15,0.15,False,False
4.395,2.2145321369171143,43.69621276855469,-2.777414083480835,0.9576000000000089,1273,1212,1.0011709492406973,0.9988290507593027,5.0,0.0,0.0,15.78198839290938,15.811262123926813,0.0,0.0,0.0,0.0014636865508716567,1.0,0.00804695145537456,0.007918004024152955,0.006516917686288556,0.006425400885442893,0.0,0.0,0.01624808788299561,0.15,0.15,False,False
4.4,2.1370584964752197,43.65004348754883,-2.746792793273926,0.9575000000000089,1292,1240,1.001073370137306,0.9989266298626941,23.0,1.0,1.0,14.466822693500264,14.493656946932912,0.0,0.0,0.0,0.0013417126716324113,1.0,0.008067021844908595,0.007938299871360263,0.006544337375089526,0.006454880737389128,0.0,0.0,0.02045154333114624,0.15,0.15,False,False
4.405,2.1163229942321777,43.6319465637207,-2.7563369274139404,0.9574000000000089,1296,1246,1.0009839226258639,0.9990160773741362,11.0,1.0,0.0,13.261254135708574,13.28585220135517,0.0,0.0,0.0,0.0012299032823297473,1.0,0.008083690966789922,0.007955418744434914,0.006559191194052498,0.006472166278399527,0.0,0.0,0.029114172458648686,0.15,0.15,False,False
4.41,2.0617032051086426,43.59653854370117,-2.7637863159179688,0.9573000000000089,1349,1272,1.0009019290737085,0.9990980709262915,6.0,4.0,1.0,12.156149624399525,12.178697851242237,0.0,0.0,0.0,0.0011274113421356092,1.0,0.008087968453764915,0.00795927713625133,0.006571317013973991,0.006483078856642048,0.0,0.0,0.018999574184417726,0.15,0.15,False,False
4.415,1.956734299659729,43.47307586669922,-2.7522003650665283,0.9572000000000089,1273,1201,1.000826768317566,0.9991732316824339,4.0,3.0,1.0,11.143137155699565,11.163806363638717,0.0,0.0,0.0,0.0010334603969575974,1.0,0.008110032649710774,0.007980732480064034,0.00661075619670252,0.00652075589944919,0.0,0.0,0.012831017971038819,0.15,0.15,False,False
4.42,1.8556607961654663,43.36621856689453,-2.7827656269073486,0.9571000000000089,1370,1300,1.000757870957769,0.9992421290422311,15.0,0.0,0.0,10.214542392724601,10.233489166668823,0.0,0.0,0.0,0.0009473386972111087,1.0,0.008135007228702307,0.008006020216271281,0.006647354457527399,0.006558184589569768,0.0,0.0,0.01642714381217957,0.15,0.15,False,False
4.425,1.7505629062652588,43.36532974243164,-2.8262224197387695,0.957000000000009,1324,1262,1.0006947150446215,0.9993052849553785,15.0,3.0,0.0,9.363330526664218,9.380698402779755,0.0,0.0,0.0,0.0008683938057768792,1.0,0.008118483625973266,0.007989354198798537,0.006652627683555087,0.0065609535279994215,0.0,0.0,0.016365593671798705,0.15,0.15,False,False
4.43,1.6575168371200562,43.42474365234375,-2.8625168800354004,0.956900000000009,1384,1303,0.6673034887909031,1.332696511209097,13.0,2.0,2.0,16.916386316108863,8.598973535881441,0.0,0.0,0.0,-0.41587063901137106,1.0,0.008082270699863633,0.007952987604464095,0.006643184460699558,0.006547449738718569,0.0,0.0,0.021355578899383547,0.15,0.15,False,False
4.435,1.66908860206604,43.455223083496094,-2.891526222229004,0.956800000000009,1279,1220,0.6950281980583279,1.304971801941672,6.0,2.0,0.0,15.506687456433124,7.882392407891321,0.0,0.0,0.0,-0.38121475242709013,1.0,0.008067130111157894,0.007937339833006263,0.006632312821845214,0.006533609703183174,0.0,0.0,0.016258902549743652,0.15,0.15,False,False
4.44,1.6082203388214111,43.46052551269531,-2.9232943058013916,0.956700000000009,1189,1124,0.7204425148868006,1.2795574851131994,5.0,0.0,0.0,14.214463501730362,7.225526373900378,0.0,0.0,0.0,-0.34944685639149925,1.0,0.008056128863245249,0.007926145335659385,0.006633139758681258,0.0065323322390516605,0.0,0.0,0.019846763610839847,0.15,0.15,False,False
4.445,1.4982115030288696,43.445152282714844,-2.930191993713379,0.956600000000009,1300,1225,0.7437389719795673,1.2562610280204327,7.0,0.0,0.0,13.029924876586165,6.623399176075346,0.0,0.0,0.0,-0.32032628502554095,1.0,0.0080415610379229,0.007912012127538523,0.006639972950021426,0.006536864675581455,0.0,0.0,0.02982250452041626,0.15,0.15,False,False
4.45,1.4672300815582275,43.43153381347656,-2.8916826248168945,0.956500000000009,1299,1242,0.7650940576479367,1.2349059423520634,6.0,1.0,1.0,11.944097803537318,6.071449244735734,0.0,0.0,0.0,-0.29363242794007915,1.0,0.008040119428187609,0.007910759498675665,0.006645590765401721,0.006541805729890863,0.0,0.0,0.018389176130294803,0.15,0.15,False,False
4.455,1.3294061422348022,43.45471954345703,-2.8955094814300537,0.956400000000009,1325,1257,0.7846695528439419,1.2153304471560582,10.0,1.0,0.0,10.948756319909208,5.565495141007756,0.0,0.0,0.0,-0.2691630589450726,1.0,0.008039701109131178,0.007910099811851978,0.0066654745023697615,0.006563492740194003,0.0,0.0,0.023633902072906495,0.15,0.15,False,False
4.46,1.1874325275421143,43.56497573852539,-2.8699660301208496,0.956300000000009,1226,1167,0.8026137567736135,1.1973862432263864,3.0,0.0,0.0,10.036359959916773,5.101703879257109,0.0,0.0,0.0,-0.24673280403298317,1.0,0.008001398916045826,0.007872677718599638,0.006651425501331687,0.006549258056717615,0.0,0.0,0.01633278608322144,0.15,0.15,False,False
4.465,1.0842362642288208,43.544132232666016,-2.819535732269287,0.956200000000009,1265,1195,1.1523959437091458,0.8476040562908543,5.0,0.0,0.0,9.199996629923708,13.00989522265235,0.0,0.0,0.0,0.19049492963643208,1.0,0.008010085051258406,0.007881428658341369,0.006671733766173324,0.006570435555962225,0.0,0.0,0.01867359161376953,0.15,0.15,False,False
4.47,1.0341546535491943,43.42219924926758,-2.7893154621124268,0.956100000000009,1365,1296,1.1396962817333836,0.8603037182666164,35.0,5.0,2.0,8.433330244096732,11.925737287431321,0.0,0.0,0.0,0.17462035216672947,1.0,0.00806085493726035,0.007931515962506335,0.006727591389790177,0.006628971702108781,0.0,0.0,0.017412137985229493,0.15,0.15,False,False
4.475,1.054731011390686,43.365577697753906,-2.762694835662842,0.9560000000000091,1236,1178,1.1280549249222682,0.8719450750777317,6.0,1.0,0.0,7.730552723755337,10.931925846812044,0.0,0.0,0.0,0.16006865615283536,1.0,0.008086788390452664,0.007957211152339976,0.006750055278340976,0.006653482560068369,0.0,0.0,0.016093528270721434,0.15,0.15,False,False
4.48,1.0480666160583496,43.35066604614258,-2.7396013736724854,0.9559000000000091,1200,1137,1.4507170145120794,0.5492829854879206,2.0,0.0,0.0,7.086339996775725,18.354265359577706,0.0,0.0,0.0,0.5633962681400991,1.0,0.008094398848091563,0.00796512079735597,0.006758422823622823,0.006663562962785363,0.0,0.0,0.01659741163253784,0.15,0.15,False,False
4.485,0.9598426222801208,43.28080749511719,-2.7090003490448,0.9558000000000091,1219,1157,1.4131572633027394,0.5868427366972606,5.0,0.0,1.0,6.4958116637110805,16.824743246279564,0.0,0.0,0.0,0.5164465791284242,1.0,0.008116123887399834,0.007986847388868531,0.006791344688584408,0.006697624145696561,0.0,0.0,0.025557916164398193,0.15,0.15,False,False
4.49,0.9102084040641785,43.25749206542969,-2.733496904373169,0.9557000000000091,1274,1205,1.045394158027511,0.9546058419724889,24.0,0.0,0.0,14.287827358401822,15.422681309089599,0.0,0.0,0.0,0.056742697534388854,1.0,0.008134070861463746,0.008005211517835658,0.006811884619916479,0.006720655364915729,0.0,0.0,0.031231379508972167,0.15,0.15,False,False
4.495,0.792678952217102,43.20255661010742,-2.7371790409088135,0.9556000000000091,1247,1191,0.7082779781918853,1.2917220218081147,17.0,0.0,0.0,21.430508411868335,14.137457866665466,0.0,0.0,0.0,-0.3646525272601434,1.0,0.00813314807601273,0.00800355492780606,0.006835684180259705,0.00674138388906916,0.0,0.0,0.017072205543518067,0.15,0.15,False,False
4.5,0.6977370977401733,43.07912063598633,-2.7250192165374756,0.9555000000000091,1180,1122,0.7325881466758948,1.2674118533241052,3.0,0.0,0.0,19.644632710879307,12.959336377776676,0.0,0.0,0.0,-0.3342648166551315,1.0,0.008156044641509652,0.008026207021127146,0.006875176137934129,0.006779798616965612,0.0,0.0,0.02707890033721924,0.15,0.15,False,False
4.505,0.6227288246154785,43.00582504272461,-2.7703065872192383,0.9554000000000091,1267,1195,1.0882058011195703,0.9117941988804297,6.0,0.0,0.0,18.007579984972697,20.212725012961954,0.0,0.0,0.0,0.11025725139946285,1.0,0.008173068054020405,0.008043680184831222,0.0069011860371877756,0.006807189978038272,0.0,0.0,0.0146130907535553,0.15,0.15,False,False
4.51,0.48706743121147156,43.0400390625,-2.8105037212371826,0.9553000000000091,1241,1178,1.0808553176929394,0.9191446823070606,9.0,1.0,1.0,16.506948319558305,18.52833126188179,0.0,0.0,0.0,0.10106914711617421,1.0,0.008141685587664446,0.008011709821100037,0.00690192721473674,0.006803223708023628,0.0,0.0,0.0164266300201416,0.15,0.15,False,False
4.515,0.44735103845596313,43.072139739990234,-2.856271505355835,0.9552000000000092,1278,1209,1.074117374551861,0.9258826254481389,9.0,0.0,0.0,15.131369292928445,16.984303656724972,0.0,0.0,0.0,0.09264671818982632,1.0,0.008117731582994264,0.007987577700987458,0.006893463820839922,0.006791036964083712,0.0,0.0,0.01947499752044678,0.15,0.15,False,False
4.52,0.4488949179649353,43.089080810546875,-2.8775081634521484,0.9551000000000092,1321,1240,1.0679409266725393,0.9320590733274606,4.0,1.0,0.0,13.870421851851074,15.568945018664557,0.0,0.0,0.0,0.08492615834067418,1.0,0.008103043849890431,0.007972441768894594,0.006884054746478796,0.006777946449195346,0.0,0.0,0.019656872749328612,0.15,0.15,False,False
4.525,0.3788665235042572,43.10350799560547,-2.9131391048431396,0.9550000000000092,1302,1240,1.062279182783161,0.937720817216839,4.0,2.0,0.0,12.714553364196817,14.271532933775843,0.0,0.0,0.0,0.0778489784789513,1.0,0.008089328960826,0.007958764908835292,0.006883967434987426,0.00677617460799714,0.0,0.0,0.02626001596450806,0.15,0.15,False,False
4.53,0.31937411427497864,43.10639953613281,-2.9072959423065186,0.9549000000000092,1293,1228,1.0570892508845644,0.9429107491154357,3.0,0.0,1.0,11.655007250513748,13.082238522627856,0.0,0.0,0.0,0.0713615636057054,1.0,0.008072394412010908,0.007942218411092957,0.006880510287980239,0.006770233158022165,0.0,0.0,0.035552976131439214,0.15,0.15,False,False
4.535,0.22297193109989166,43.09122085571289,-2.8662986755371094,0.9548000000000092,1261,1189,1.0523318133108506,0.9476681866891493,10.0,3.0,0.0,10.683756646304268,11.992051979075534,0.0,0.0,0.0,0.0654147666385633,1.0,0.00806907075457275,0.007939172210171819,0.006894122343510389,0.006783864228054881,0.0,0.0,0.013008576631546021,0.15,0.15,False,False
4.54,0.08990010619163513,43.14127731323242,-2.900583028793335,0.9547000000000092,1233,1178,1.3813041622016131,0.6186958377983869,36.0,0.0,0.0,9.793443592445579,19.326047647485904,0.0,0.0,0.0,0.4766302027520163,1.0,0.008062816535433134,0.007932871424903473,0.006909252066786091,0.006801196141168475,0.0,0.0,0.01890454173088074,0.15,0.15,False,False
4.545,-0.032671909779310226,43.212921142578125,-2.875325918197632,0.9546000000000092,1227,1168,1.3495288153514786,0.6504711846485214,4.0,1.0,0.0,8.977323293075113,17.71554367686208,0.0,0.0,0.0,0.4369110191893483,1.0,0.008025601273402572,0.007896583216885727,0.00689374515786767,0.006783323672910532,0.0,0.0,0.016301141977310182,0.15,0.15,False,False
4.55,-0.1416425108909607,43.12716293334961,-2.8290343284606934,0.9545000000000092,1247,1191,1.3204014140721887,0.6795985859278113,5.0,1.0,1.0,8.229213018652187,16.239248370456906,0.0,0.0,0.0,0.4005017675902359,1.0,0.00805310788564384,0.007923557811106246,0.006937941458697121,0.006827905308455229,0.0,0.0,0.015461602210998538,0.15,0.15,False,False
4.555,-0.19251972436904907,43.0212516784668,-2.8024964332580566,0.9544000000000092,1150,1091,1.2937012962328398,0.7062987037671602,2.0,0.0,0.0,7.543445267097837,14.88597767291883,0.0,0.0,0.0,0.36712662029104964,1.0,0.008098358909289043,0.007968111506973704,0.00699208506072561,0.0068845623172819614,0.0,0.0,0.019208134412765504,0.15,0.15,False,False
4.56,-0.16275346279144287,43.022918701171875,-2.7705960273742676,0.9543000000000093,1273,1197,1.2692261882134364,0.7307738117865636,5.0,0.0,0.0,6.914824828173018,13.645479533508928,0.0,0.0,0.0,0.3365327352667955,1.0,0.00810602951484422,0.00797582285789152,0.006994999712333083,0.006889694680770239,0.0,0.0,0.014091057777404787,0.15,0.15,False,False
4.565,-0.2074357271194458,42.97040557861328,-2.7504544258117676,0.9542000000000093,1293,1245,1.2467906725289835,0.7532093274710167,5.0,3.0,2.0,6.3385894258252655,12.50835623904985,0.0,0.0,0.0,0.3084883406612292,1.0,0.008124496477345627,0.0079941819421947,0.007019833816836278,0.00691627540315191,0.0,0.0,0.023389315605163573,0.15,0.15,False,False
4.57,-0.27694380283355713,42.909950256347656,-2.745673179626465,0.9541000000000093,1405,1341,1.226224783151568,0.773775216848432,16.0,3.0,0.0,5.810373640339827,11.465993219129029,0.0,0.0,0.0,0.2827809789394601,1.0,0.008143278925369184,0.008012855735917887,0.007049050570155184,0.006946431240066886,0.0,0.0,0.045402240753173825,0.15,0.15,False,False
4.575,-0.3066622018814087,42.91229248046875,-2.7765722274780273,0.9540000000000093,1289,1229,1.2073727178889375,0.7926272821110625,17.0,0.0,0.0,13.659509170311505,18.843827117534943,0.0,0.0,0.0,0.2592158973611719,1.0,0.008145237807184458,0.0080149721664687,0.00705681974068284,0.006954656758656105,0.0,0.0,0.020362505912780764,0.15,0.15,False,False
4.58,-0.41407424211502075,42.804954528808594,-2.7558517456054688,0.9539000000000093,1183,1134,1.1900916580648593,0.8099083419351407,5.0,0.0,0.0,12.521216739452212,17.273508191073695,0.0,0.0,0.0,0.23761457258107416,1.0,0.008153301120425265,0.00802225045238932,0.0070914882235229015,0.0069852122881760206,0.0,0.0,0.024825181961059574,0.15,0.15,False,False
4.585,-0.48625096678733826,42.61552810668945,-2.791588068008423,0.9538000000000093,1270,1209,0.8409173532261212,1.1590826467738788,1.0,0.0,1.0,19.811115344497857,15.834049175150886,0.0,0.0,0.0,-0.19885330846734856,1.0,0.008206031828497847,0.008074945847814282,0.00715633931880196,0.007051316400369009,0.0,0.0,0.011815558671951294,0.15,0.15,False,False
4.59,-0.5880606174468994,42.56854248046875,-2.8497536182403564,0.9537000000000093,1186,1146,0.8541742404572776,1.1458257595427224,8.0,1.0,0.0,18.1601890657897,14.514545077221644,0.0,0.0,0.0,-0.18228219942840287,1.0,0.008199823011333745,0.008068765746429563,0.007168700297673544,0.007061297462011377,0.0,0.0,0.016276506185531617,0.15,0.15,False,False
4.595,-0.7196307182312012,42.62791442871094,-2.8761181831359863,0.9536000000000093,1323,1266,0.8663263870858379,1.1336736129141622,8.0,0.0,0.0,16.646839976973894,13.30499965411984,0.0,0.0,0.0,-0.1670920161427027,1.0,0.008152934024110436,0.008022378121192258,0.007156301677847902,0.007043407531455159,0.0,0.0,0.019373022317886353,0.15,0.15,False,False
4.6,-0.7302179932594299,42.66286087036133,-2.908489227294922,0.9535000000000093,1258,1205,0.8774658548286847,1.1225341451713153,3.0,0.0,0.0,15.25960331222607,12.196249682943186,0.0,0.0,0.0,-0.15316768146414414,1.0,0.008135599394639334,0.008005011283482116,0.007146835559979081,0.007031129207462072,0.0,0.0,0.01782545566558838,0.15,0.15,False,False
4.605,-0.7355497479438782,42.68511962890625,-2.9290754795074463,0.9534000000000094,1275,1215,0.887677033592961,1.112322966407039,3.0,4.0,1.0,13.987969702873896,11.17989554269792,0.0,0.0,0.0,-0.14040370800879876,1.0,0.008125054882839322,0.007994062422464292,0.007139301548401515,0.0070209859404712915,0.0,0.0,0.015826705694198608,0.15,0.15,False,False
4.61,-0.83464115858078,42.695411682128906,-2.964482307434082,0.9533000000000094,1347,1276,0.8970372807935476,1.1029627192064524,21.0,3.0,2.0,12.822305560967736,10.248237580806427,0.0,0.0,0.0,-0.1287033990080655,1.0,0.008106023306027055,0.007975671129922073,0.007138495954374473,0.007018792287757,0.0,0.0,0.017830338478088383,0.15,0.15,False,False
4.615,-0.8756143450737,42.6864128112793,-2.9508466720581055,0.9532000000000094,1392,1327,0.9056175073940853,1.0943824926059147,20.0,3.0,0.0,11.753780097553758,9.39421778240589,0.0,0.0,0.0,-0.11797811575739336,1.0,0.008091494285811981,0.007962128535533946,0.007135052001103759,0.0070131585622827215,0.0,0.0,0.020555868148803714,0.15,0.15,False,False
4.62,-0.9270306825637817,42.6673698425293,-2.9720239639282227,0.9531000000000094,1358,1282,0.5801493817779115,1.4198506182220885,21.0,1.0,0.0,19.107631756090942,8.611366300538732,0.0,0.0,0.0,-0.5248132727776105,1.0,0.00809975783340633,0.007969815439234178,0.007151403309156498,0.007029849803075194,0.0,0.0,0.02369168519973755,0.15,0.15,False,False
4.625,-1.0428191423416138,42.75568389892578,-2.9734675884246826,0.9530000000000094,1279,1219,0.6151369332964189,1.384863066703581,4.0,3.0,1.0,17.51532910975003,7.893752442160504,0.0,0.0,0.0,-0.4810788333794763,1.0,0.008063840214163065,0.007934472135578593,0.007136146305128932,0.007013138383626938,0.0,0.0,0.02016819477081299,0.15,0.15,False,False
4.63,-1.2093297243118286,42.81229782104492,-2.8947393894195557,0.9529000000000094,1255,1188,0.6472088555217174,1.3527911444782825,5.0,1.0,0.0,16.055718350604195,7.2359397386471285,0.0,0.0,0.0,-0.44098893059785327,1.0,0.008035357653473815,0.007906813019265732,0.007134452850247423,0.0070109198956439895,0.0,0.0,0.014544094800949097,0.15,0.15,False,False
4.635,-1.3241242170333862,42.7465705871582,-2.8340978622436523,0.9528000000000094,1315,1257,0.6766081175615741,1.3233918824384259,6.0,0.0,0.0,14.717741821387179,6.632944760426534,0.0,0.0,0.0,-0.4042398530480322,1.0,0.008073333107555907,0.007943637513866028,0.007191551849246025,0.007071630874027809,0.0,0.0,0.023299114704132082,0.15,0.15,False,False
4.64,-1.2919920682907104,42.671913146972656,-2.8163254261016846,0.9527000000000094,1371,1295,0.7035574410981098,1.2964425589018902,7.0,4.0,1.0,13.49126333627158,6.080199363724323,0.0,0.0,0.0,-0.3705531986273628,1.0,0.008116860020284852,0.00798617722466588,0.007231533915425341,0.007115638970086972,0.0,0.0,0.020564928054809573,0.15,0.15,False,False
4.645,-1.2314423322677612,42.623565673828125,-2.794004201889038,0.9526000000000094,1314,1259,0.7282609876732673,1.2717390123267327,19.0,1.0,0.0,12.36699139158228,5.5735160834139625,0.0,0.0,0.0,-0.3396737654084159,1.0,0.008134562134121856,0.008003442781046033,0.0072421218889455,0.007127186593910059,0.0,0.0,0.017322864532470707,0.15,0.15,False,False
4.65,-1.2920374870300293,42.56007385253906,-2.756519079208374,0.9525000000000095,1236,1178,0.41757257203382825,1.5,8.0,2.0,2.0,19.669742108950423,5.109056409796132,0.0,0.0,0.0,-0.7280342849577146,1.0,0.008152840891852975,0.008021639660000801,0.00727290753275156,0.0071589477981130285,0.0,0.0,0.018613535165786742,0.15,0.15,False,False
4.655,-1.3514279127120972,42.5638313293457,-2.7601819038391113,0.9524000000000095,1234,1187,0.7994415243643427,1.2005584756356573,8.0,0.0,1.0,18.030596933204553,13.01663504231312,0.0,0.0,0.0,-0.2506980945445717,1.0,0.008165222825482488,0.008034114337836703,0.007291591027751565,0.007180723284060757,0.0,0.0,0.03241857767105103,0.15,0.15,False,False
4.66,-1.4190953969955444,42.56311798095703,-2.7554478645324707,0.9523000000000095,1258,1200,0.4828213973339809,1.5,9.0,1.0,1.0,24.86138052210417,11.931915455453693,0.0,0.0,0.0,-0.6464732533325239,1.0,0.00816009589470923,0.008029118568326037,0.007299899977321426,0.0071885021558652324,0.0,0.0,0.02434786319732666,0.15,0.15,False,False
4.665,-1.5104339122772217,42.43125915527344,-2.7469077110290527,0.9522000000000095,1367,1298,0.859252947556149,1.140747052443851,13.0,0.0,0.0,22.789598811928823,19.270922500832548,0.0,0.0,0.0,-0.17593381555481374,1.0,0.008185847351948421,0.008054372544089954,0.007347523157174389,0.007234920049086213,0.0,0.0,0.01773848652839661,0.15,0.15,False,False
4.67,-1.6268404722213745,42.29440689086914,-2.784425973892212,0.9521000000000095,1193,1132,0.8709818685931365,1.1290181314068635,3.0,2.0,0.0,20.89046557760142,17.665012292429836,0.0,0.0,0.0,-0.16127266425857928,1.0,0.008215648510182898,0.008084214059635997,0.00740173039957881,0.007289362450440725,0.0,0.0,0.01246420979499817,0.15,0.15,False,False
4.675,-1.7638665437698364,42.27743911743164,-2.809187889099121,0.9520000000000095,1319,1235,0.5484000462103753,1.4515999537896247,4.0,0.0,0.0,27.482926779467967,16.192927934727347,0.0,0.0,0.0,-0.5644999422370309,1.0,0.008194020095591744,0.00806306799252828,0.007409352886800965,0.007293893722817302,0.0,0.0,0.016899988651275635,0.15,0.15,False,False
4.68,-1.8351929187774658,42.3314323425293,-2.831122636795044,0.9519000000000095,1327,1260,0.586033375692844,1.413966624307156,7.0,1.0,1.0,25.192682881178968,14.843517273500067,0.0,0.0,0.0,-0.517458280383945,1.0,0.008162714463348191,0.008032245871921381,0.007397117636476954,0.007278888563935956,0.0,0.0,0.02026472330093384,0.15,0.15,False,False
4.685,-1.8046523332595825,42.376441955566406,-2.8584585189819336,0.9518000000000095,1287,1229,0.6205305943851069,1.379469405614893,8.0,4.0,0.0,23.09329264108072,13.606557500708394,0.0,0.0,0.0,-0.4743367570186162,1.0,0.00815129722468555,0.008020233362913132,0.007383149738113086,0.007262459645668666,0.0,0.0,0.014090461730957033,0.15,0.15,False,False
4.69,-1.8689396381378174,42.40486526489258,-2.872178792953491,0.9517000000000095,1280,1234,0.985486378186348,1.014513621813652,27.0,1.0,1.0,21.168851587657326,20.806011042316026,0.0,0.0,0.0,-0.018142027267064976,1.0,0.008133024675771594,0.008001975559939941,0.007376824117576083,0.007253918253506224,0.0,0.0,0.016261619329452515,0.15,0.15,False,False
4.695,-1.9571328163146973,42.37263870239258,-2.8913891315460205,0.9516000000000095,1303,1235,0.9866958466708191,1.013304153329181,15.0,1.0,0.0,19.404780622019214,19.07217678878969,0.0,0.0,0.0,-0.016630191661476168,1.0,0.008129570633172989,0.007998718259235224,0.00739259102071325,0.007268076296895742,0.0,0.0,0.020859360694885254,0.15,0.15,False,False
4.7,-1.9862312078475952,42.357215881347656,-2.8296382427215576,0.9515000000000096,1258,1197,0.9878045261149174,1.0121954738850827,3.0,3.0,0.0,17.78771557018428,17.482828723057214,0.0,0.0,0.0,-0.015244342356353257,1.0,0.00812317943200469,0.007992756630604466,0.007392991877471408,0.007267136049146454,0.0,0.0,0.01643049240112305,0.15,0.15,False,False
4.705,-2.1008474826812744,42.38486862182617,-2.8425846099853516,0.9514000000000096,1182,1132,0.9888208156053409,1.0111791843946591,7.0,1.0,0.0,16.30540593933559,16.02592632946911,0.0,0.0,0.0,-0.013973980493323879,1.0,0.008126315272723636,0.00799555719519655,0.007415032402301828,0.007293033413589001,0.0,0.0,0.021828262805938723,0.15,0.15,False,False
4.71,-2.233294725418091,42.46982955932617,-2.8289215564727783,0.9513000000000096,1302,1243,0.9897524143048958,1.010247585695104,31.0,0.0,1.0,14.946622111057623,14.690432468680019,0.0,0.0,0.0,-0.012809482118880222,1.0,0.008089194695154827,0.007959228241816163,0.007398672169074416,0.007275762036442757,0.0,0.0,0.017183895111083987,0.15,0.15,False,False
4.715,-2.3198750019073486,42.434967041015625,-2.77748966217041,0.9512000000000096,1277,1222,0.9906063797794878,1.0093936202205123,8.0,2.0,0.0,13.701070268469488,13.466229762956683,0.0,0.0,0.0,-0.011742025275640255,1.0,0.008097672058890264,0.007967598891506594,0.007421066208432118,0.0072982624017943944,0.0,0.0,0.014730823040008546,0.15,0.15,False,False
4.72,-2.357452392578125,42.315914154052734,-2.7355751991271973,0.9511000000000096,1274,1200,0.9913891814645305,1.0086108185354696,4.0,1.0,1.0,12.559314412763698,12.344043949376958,0.0,0.0,0.0,-0.010763523169336953,1.0,0.008146307663992047,0.008015408723925551,0.007484488499661287,0.007364606329550346,0.0,0.0,0.024605281352996826,0.15,0.15,False,False
4.725,-2.346132755279541,42.267154693603516,-2.6898701190948486,0.9510000000000096,1272,1216,0.6587734163424862,1.3412265836575137,4.0,3.0,1.0,19.846038211700055,11.31537362026221,0.0,0.0,0.0,-0.4265332295718922,1.0,0.008174237639953693,0.008043224224820733,0.007514430908486247,0.0073978009944160785,0.0,0.0,0.020453007221221925,0.15,0.15,False,False
4.73,-2.363844871520996,42.24174118041992,-2.6503543853759766,0.9509000000000096,1293,1230,0.6872089649806123,1.3127910350193877,4.0,2.0,0.0,18.192201694058383,10.372425818573692,0.0,0.0,0.0,-0.39098879377423457,1.0,0.008191680923725169,0.008061111439019442,0.007534785351405541,0.007421952517082294,0.0,0.0,0.02221838712692261,0.15,0.15,False,False
4.735,-2.4035730361938477,42.179542541503906,-2.6220831871032715,0.9508000000000096,1292,1241,1.0466082178988947,0.9533917821011053,18.0,1.0,0.0,16.676184886220184,17.84139033369255,0.0,0.0,0.0,0.058260272373618346,1.0,0.008220844125996035,0.008090529590845108,0.007570697537933787,0.0074612019428362455,0.0,0.0,0.034380917549133305,0.15,0.15,False,False
4.74,-2.3952248096466064,42.146968841552734,-2.682241439819336,0.9507000000000096,1357,1292,1.0427241997406536,0.9572758002593464,14.0,0.0,1.0,15.286502812368502,16.35460780588484,0.0,0.0,0.0,0.05340524967581688,1.0,0.008242321200668812,0.008112371045475205,0.0075903247731427355,0.007483742277448377,0.0,0.0,0.014088916778564452,0.15,0.15,False,False
4.745,-2.46409010887146,42.09056091308594,-2.684330940246582,0.9506000000000097,1261,1216,1.0391638497622657,0.9608361502377343,5.0,2.0,1.0,14.012627578004459,14.991723822061102,0.0,0.0,0.0,0.048954812202832175,1.0,0.008229768136516213,0.008098523830994964,0.007598459875832002,0.007484849775210023,0.0,0.0,0.013608671426773073,0.15,0.15,False,False
4.75,-2.6349799633026123,41.9406852722168,-2.677233934402466,0.9505000000000097,1281,1226,1.0359001956154104,0.9640998043845898,14.0,2.0,0.0,12.844908613170753,13.74241350355601,0.0,0.0,0.0,0.044875244519262836,1.0,0.008247910300269723,0.008117387381692728,0.007655287239079675,0.007541402010247111,0.0,0.0,0.023851730823516847,0.15,0.15,False,False
4.755,-2.7322604656219482,41.81210708618164,-2.7703678607940674,0.9504000000000097,1331,1262,0.699575179314126,1.300424820685874,26.0,1.0,1.0,20.107832895406524,12.597212378259675,0.0,0.0,0.0,-0.37553102585734244,1.0,0.008276594647516807,0.008146591329326233,0.0077088460481415195,0.0075960260195036735,0.0,0.0,0.013306227922439576,0.15,0.15,False,False
4.76,-2.851376533508301,41.83071517944336,-2.8132567405700684,0.9503000000000097,1329,1260,0.3912772477046156,1.5,9.0,0.0,0.0,26.76551348745598,11.547444680071369,0.0,0.0,0.0,-0.7609034403692305,1.0,0.008233376235390704,0.008102644157285493,0.007692921596268813,0.007571080156291525,0.0,0.0,0.018278279304504395,0.15,0.15,False,False
4.765,-2.893108606338501,41.87183380126953,-2.822991132736206,0.9502000000000097,1228,1174,0.7753374770625642,1.224662522937436,2.0,3.0,0.0,24.53505403016798,18.918490956732086,0.0,0.0,0.0,-0.28082815367179476,1.0,0.008209261577576399,0.008077886110792559,0.007682111657535037,0.007554712550093731,0.0,0.0,0.012325850725173951,0.15,0.15,False,False
4.77,-2.902081251144409,41.90238952636719,-2.844104528427124,0.9501000000000097,1264,1213,0.7940593539740172,1.205940646025983,4.0,3.0,2.0,22.490466194320646,17.341950043671076,0.0,0.0,0.0,-0.2574258075324785,1.0,0.008201670522491138,0.008069755276665092,0.007679724367335439,0.007550301573549708,0.0,0.0,0.014026519060134888,0.15,0.15,False,False
4.775,-2.9798355102539062,41.91419219970703,-2.866417407989502,0.9500000000000097,1358,1298,0.8112210744761825,1.1887789255238175,14.0,4.0,0.0,20.616260678127258,15.89678754003182,0.0,0.0,0.0,-0.2359736569047719,1.0,0.008186361907670896,0.008054565793524187,0.007680872998510798,0.007549218911056718,0.0,0.0,0.02139294147491455,0.15,0.15,False,False
4.78,-3.0346457958221436,41.90703582763672,-2.8301444053649902,0.9499000000000097,1394,1319,0.8269526516031673,1.1730473483968327,16.0,0.0,2.0,18.898238954949985,14.572055245029167,0.0,0.0,0.0,-0.2163091854960409,1.0,0.008175196514154475,0.008043822987625997,0.007681884259606401,0.007548365586747726,0.0,0.0,0.03120125770568848,0.15,0.15,False,False
4.785,-3.094010829925537,41.8852424621582,-2.7809417247772217,0.9498000000000097,1331,1257,0.8413732639695701,1.1586267360304299,16.0,1.0,1.0,17.32338570870415,13.357717307943403,0.0,0.0,0.0,-0.1982834200380374,1.0,0.008185839978978038,0.00805428174013893,0.007704977178946137,0.007573737530037761,0.0,0.0,0.02007413148880005,0.15,0.15,False,False
4.79,-3.2644400596618652,41.96099853515625,-2.805119037628174,0.9497000000000098,1230,1154,0.19999999999999996,1.5,13.0,0.0,0.0,32.54643689964547,12.244574198948118,0.0,0.0,0.0,-1.0,1.0,0.008168651256710291,0.008037306445961198,0.007716335433845719,0.007588432636111975,0.0,0.0,0.01839074015617371,0.15,0.15,False,False
4.795,-3.405117988586426,42.038421630859375,-2.764206886291504,0.9496000000000098,1300,1241,0.2555983676410971,1.5,10.0,4.0,1.0,29.834233824675014,11.224193015702442,0.0,0.0,0.0,-0.9305020404486285,1.0,0.008124347077682614,0.007993974722921848,0.0076911427701512975,0.007561078139891228,0.0,0.0,0.018991775512695312,0.15,0.15,False,False
4.8,-3.4381070137023926,41.9556999206543,-2.6965553760528564,0.9495000000000098,1286,1230,0.31763183700433895,1.5,6.0,3.0,0.0,27.348047672618762,10.288843597727238,0.0,0.0,0.0,-0.8529602037445763,1.0,0.00815797015093267,0.008027036674320698,0.007736181141808629,0.0076084735337644815,0.0,0.0,0.02047318696975708,0.15,0.15,False,False
4.805,-3.3848907947540283,41.837642669677734,-2.6600093841552734,0.9494000000000098,1276,1219,0.37449585058731083,1.5,2.0,2.0,0.0,25.06904369990053,9.431439964583301,0.0,0.0,0.0,-0.7818801867658614,1.0,0.008220065695544084,0.008088573425387343,0.00780000778225561,0.007677726292361816,0.0,0.0,0.020787463188171387,0.15,0.15,False,False
4.81,-3.3686068058013916,41.80699157714844,-2.6217081546783447,0.9493000000000098,1274,1215,0.4266211963717017,1.5,14.0,1.0,2.0,22.979956724908817,8.64548663420136,0.0,0.0,0.0,-0.7167235045353728,1.0,0.0082391407340765,0.008107995381578803,0.007820255511129897,0.007701168845718106,0.0,0.0,0.019584113359451295,0.15,0.15,False,False
4.815,-3.4115843772888184,41.791343688964844,-2.5574984550476074,0.9492000000000098,1323,1257,0.19999999999999996,1.5,22.0,2.0,0.0,29.398293664499747,7.925029414684579,0.0,0.0,0.0,-1.0,1.0,0.008248890129228434,0.008118510789548358,0.007838385257249078,0.007722834125161171,0.0,0.0,0.026888613700866697,0.15,0.15,False,False
4.82,-3.465388536453247,41.70930862426758,-2.5580711364746094,0.9491000000000098,1368,1290,0.5459803108401104,1.4540196891598896,20.0,4.0,0.0,26.948435859124768,15.59794363012753,0.0,0.0,0.0,-0.5675246114498619,1.0,0.008291834965348244,0.008162412559613585,0.007891696489726504,0.00778279888133208,0.0,0.0,0.03734116554260254,0.15,0.15,False,False
4.825,-3.492737054824829,41.681785583496094,-2.588712692260742,0.9490000000000098,1375,1298,0.5838152849367679,1.416184715063232,8.0,0.0,1.0,24.70273287086437,14.298114994283567,0.0,0.0,0.0,-0.5202308938290401,1.0,0.00829786256266137,0.00816831326422592,0.007903038834532103,0.007794008512670795,0.0,0.0,0.018423213958740237,0.15,0.15,False,False
4.83,-3.651853084564209,41.545536041259766,-2.5671749114990234,0.9489000000000098,1178,1117,0.6184973445253705,1.3815026554746295,13.0,0.0,1.0,22.644171798292337,13.106605411426603,0.0,0.0,0.0,-0.4768783193432867,1.0,0.008306759021555385,0.008176328847184777,0.007956174667924643,0.007842309229696792,0.0,0.0,0.013140214681625368,0.15,0.15,False,False
4.835,-3.8568806648254395,41.338111877441406,-2.577765941619873,0.9488000000000099,1216,1154,0.6502892324815897,1.3497107675184103,5.0,1.0,0.0,20.757157481767976,12.01438829380772,0.0,0.0,0.0,-0.4371384593980128,1.0,0.008351861809690794,0.008221793298919996,0.008059466878573101,0.007946737265835207,0.0,0.0,0.01981376647949219,0.15,0.15,False,False
4.84,-3.9539356231689453,41.21357727050781,-2.6598706245422363,0.9487000000000099,1188,1127,0.6794317964414573,1.3205682035585427,11.0,0.0,0.0,19.02739435828731,11.013189269323743,0.0,0.0,0.0,-0.40071025444817837,1.0,0.00836961786262691,0.008240545867010951,0.008108114901309213,0.00799557698580126,0.0,0.0,0.01705228924751282,0.15,0.15,False,False
4.845,-4.038334846496582,41.24668502807617,-2.6558661460876465,0.9486000000000099,1211,1139,0.7061458134046692,1.2938541865953308,5.0,0.0,0.0,17.441778161763366,10.095423496880096,0.0,0.0,0.0,-0.3673177332441635,1.0,0.00832719961181283,0.008196665439754725,0.008083219484736523,0.007961426939194402,0.0,0.0,0.01202556848526001,0.15,0.15,False,False
4.85,-4.032114505767822,41.32701873779297,-2.673658609390259,0.9485000000000099,1157,1110,0.7306336622876133,1.2693663377123867,4.0,0.0,0.0,15.988296648283086,9.25413820547342,0.0,0.0,0.0,-0.3367079221404833,1.0,0.008313398187359175,0.00818153649258117,0.008067487506195903,0.007943315043424567,0.0,0.0,0.013832122087478638,0.15,0.15,False,False
4.855,-4.040856838226318,41.39606857299805,-2.6912403106689453,0.9484000000000099,1223,1167,0.7530808570969789,1.246919142903021,6.0,0.0,0.0,14.655938594259496,8.482960021683969,0.0,0.0,0.0,-0.30864892862877635,1.0,0.008292388326177996,0.008159909630194306,0.008048384527986249,0.00792132418913146,0.0,0.0,0.02008169174194336,0.15,0.15,False,False
4.86,-4.123404502868652,41.40876007080078,-2.7028985023498535,0.9483000000000099,1327,1264,0.7736574523388974,1.2263425476611027,1.0,0.0,1.0,13.434610378071204,7.776046686543638,0.0,0.0,0.0,-0.2829281845763783,1.0,0.008277317974716425,0.00814465107396245,0.008050422184169292,0.007920908198381465,0.0,0.0,0.03432017803192139,0.15,0.15,False,False
4.865,-4.1618428230285645,41.37779235839844,-2.634817600250244,0.9482000000000099,1275,1214,0.7925193313106559,1.2074806686893442,6.0,4.0,0.0,12.315059513231937,7.128042795998335,0.0,0.0,0.0,-0.2593508358616801,1.0,0.008276303221161168,0.008143677453820905,0.008059452520683408,0.007928667667632302,0.0,0.0,0.02246623754501343,0.15,0.15,False,False
4.87,-4.283003807067871,41.37485122680664,-2.6149802207946777,0.9481000000000099,1296,1236,0.8098093870347679,1.190190612965232,7.0,0.0,0.0,11.288804553795941,6.53403922966514,0.0,0.0,0.0,-0.23773826620654007,1.0,0.008290613380571207,0.008158680672446888,0.00809947339197,0.007974514737725258,0.0,0.0,0.02072775363922119,0.15,0.15,False,False
4.875,-4.479912281036377,41.438232421875,-2.6285815238952637,0.94800000000001,1285,1224,0.8256586047818706,1.1743413952181294,6.0,1.0,1.0,10.348070840979613,5.9895359605263785,0.0,0.0,0.0,-0.2179267440226617,1.0,0.008260873922457298,0.008130398734162252,0.008103491272777319,0.007980430188278358,0.0,0.0,0.018283822536468507,0.15,0.15,False,False
4.88,-4.583433628082275,41.447975158691406,-2.57368540763855,0.94790000000001,1342,1268,1.1735203877167146,0.8264796122832853,5.0,0.0,0.0,9.485731604231312,13.82374129714918,0.0,0.0,0.0,0.21690048464589343,1.0,0.008242940530180931,0.008112531310568254,0.008098574665685495,0.007972640451043844,0.0,0.0,0.02179175138473511,0.15,0.15,False,False
4.885,-4.591598033905029,41.329986572265625,-2.5344247817993164,0.94780000000001,1260,1211,1.1590603554069885,0.8409396445930115,16.0,5.0,2.0,8.695253970545368,12.67176285572008,0.0,0.0,0.0,0.19882544425873566,1.0,0.008295000685999792,0.008164769581829509,0.008165991166606545,0.008045421758045753,0.0,0.0,0.016189165115356445,0.15,0.15,False,False
4.89,-4.5787529945373535,41.2403564453125,-2.5102193355560303,0.94770000000001,1337,1289,1.1458053257897394,0.8541946742102605,32.0,2.0,0.0,7.97064947299992,11.615782617743406,0.0,0.0,0.0,0.1822566572371743,1.0,0.008336557075381279,0.008206674829125404,0.008219003987809023,0.008102995343506336,0.0,0.0,0.018825132846832276,0.15,0.15,False,False
4.895,-4.581390857696533,41.23815155029297,-2.476778268814087,0.94760000000001,1283,1221,1.1336548819739278,0.8663451180260722,6.0,1.0,0.0,7.30642868358326,10.647800732931454,0.0,0.0,0.0,0.16706860246740973,1.0,0.008341531114031872,0.00821235861318807,0.008226163918152452,0.008113087775806587,0.0,0.0,0.017605983018875122,0.15,0.15,False,False
4.9,-4.640698432922363,41.170406341552734,-2.4475595951080322,0.94750000000001,1322,1263,0.7891836418094338,1.2108163581905662,8.0,3.0,1.0,15.03089295995132,9.760484005187166,0.0,0.0,0.0,-0.2635204477382077,1.0,0.008365189423784614,0.00823678681626916,0.008267211184526484,0.00815757317468524,0.0,0.0,0.011655420064926147,0.15,0.15,False,False
4.905,-4.678398132324219,41.1299934387207,-2.4453821182250977,0.94740000000001,1333,1273,0.8067516716586477,1.1932483283413524,29.0,2.0,1.0,13.778318546622042,8.947110338088235,0.0,0.0,0.0,-0.24156041042669035,1.0,0.008386470920716723,0.008259185124188662,0.008297455109034976,0.008191710415606698,0.0,0.0,0.028835890293121343,0.15,0.15,False,False
4.91,-4.734485626220703,41.10810089111328,-2.4328176975250244,0.94730000000001,1280,1211,0.822855699020427,1.177144300979573,12.0,4.0,1.0,12.63012533440354,8.201517809914215,0.0,0.0,0.0,-0.2214303762244662,1.0,0.008387022729342183,0.008259755947316687,0.008312941839297613,0.008206955390051007,0.0,0.0,0.02030501365661621,0.15,0.15,False,False
4.915,-4.761394023895264,40.964012145996094,-2.4133834838867188,0.94720000000001,1281,1219,0.8376177241020581,1.1623822758979419,6.0,1.0,0.0,11.57761488986991,7.5180579924213635,0.0,0.0,0.0,-0.20297784487242732,1.0,0.008423627587035298,0.008295699565981826,0.008371712950368723,0.008265494834631681,0.0,0.0,0.02225438356399536,0.15,0.15,False,False
4.92,-4.802051067352295,40.80668640136719,-2.4628982543945312,0.94710000000001,1278,1224,0.8511495804268866,1.1488504195731133,3.0,1.0,0.0,10.612813649047418,6.891553159719583,0.0,0.0,0.0,-0.18606302446639172,1.0,0.008468231729542216,0.008340823696926236,0.00843976391479373,0.008336020400747657,0.0,0.0,0.013264183998107911,0.15,0.15,False,False
4.925,-4.9383769035339355,40.74821472167969,-2.4973788261413574,0.9470000000000101,1226,1176,0.8635537820579794,1.1364462179420205,8.0,0.0,0.0,9.728412511626798,6.317257063076284,0.0,0.0,0.0,-0.1705577724275257,1.0,0.008452835803230604,0.008324001682922244,0.008465064068635305,0.008354166056960821,0.0,0.0,0.014943578243255614,0.15,0.15,False,False
4.93,-5.029532432556152,40.758689880371094,-2.5284583568573,0.9469000000000101,1301,1226,0.8749243002198144,1.1250756997801856,7.0,0.0,1.0,8.917711468991232,5.790818974486593,0.0,0.0,0.0,-0.15634462472523195,1.0,0.008430546149611473,0.008300555249055227,0.008470843313261867,0.008353663142770529,0.0,0.0,0.01975905537605286,0.15,0.15,False,False
4.935,-5.0209808349609375,40.8012809753418,-2.545584201812744,0.9468000000000101,1289,1226,0.8853472752014966,1.1146527247985034,8.0,1.0,0.0,8.174568846575296,5.308250726612711,0.0,0.0,0.0,-0.14331590599812927,1.0,0.008416473089406889,0.008284844225272536,0.008456214175870022,0.008333864388987422,0.0,0.0,0.015745109319686888,0.15,0.15,False,False
4.94,-5.070032119750977,40.812564849853516,-2.5631651878356934,0.9467000000000101,1306,1239,0.8949016689347051,1.1050983310652949,13.0,5.0,2.0,7.4933547760273544,4.865896499394984,0.0,0.0,0.0,-0.1313729138316185,1.0,0.008407842445497712,0.008275490254163742,0.00845712337953349,0.008332329258943599,0.0,0.0,0.019522451162338257,0.15,0.15,False,False
4.945,-5.155544281005859,40.77860641479492,-2.571000099182129,0.9466000000000101,1305,1245,0.9036598631901464,1.0963401368098535,12.0,0.0,0.0,15.202241878025074,12.793738457778733,0.0,0.0,0.0,-0.12042517101231702,1.0,0.008404025963197153,0.008271164260804653,0.008477096756299337,0.008349290583282709,0.0,0.0,0.02581871747970581,0.15,0.15,False,False
4.95,-5.1745219230651855,40.74646759033203,-2.5191898345947266,0.9465000000000101,1329,1258,0.9116882079243008,1.0883117920756993,18.0,0.0,0.0,13.93538838818965,11.727593586297171,0.0,0.0,0.0,-0.11038974009462396,1.0,0.008405932846168678,0.008272959773118298,0.008488486443335812,0.008359260003392896,0.0,0.0,0.018034828901290895,0.15,0.15,False,False
4.955,-5.311336994171143,40.719940185546875,-2.5318081378936768,0.9464000000000101,1291,1240,0.9190475239306091,1.080952476069391,7.0,0.0,0.0,12.77410602250718,10.750294120772407,0.0,0.0,0.0,-0.10119059508673862,1.0,0.008420531715576848,0.008288697960476082,0.008533769675220054,0.008410257287323475,0.0,0.0,0.024637053012847902,0.15,0.15,False,False
4.96,-5.4858574867248535,40.76985549926758,-2.5205843448638916,0.9463000000000101,1266,1203,0.9257935636030583,1.0742064363969417,4.0,0.0,1.0,11.709597187298248,9.854436277374706,0.0,0.0,0.0,-0.09275804549617712,1.0,0.00838306228009363,0.00825170932027201,0.008524518925696611,0.008398710051551461,0.0,0.0,0.01734769105911255,0.15,0.15,False,False
4.965,-5.558924674987793,40.706565856933594,-2.4671387672424316,0.9462000000000101,1211,1157,0.9319774333028034,1.0680225666971965,7.0,2.0,0.0,10.733797421690062,9.033233254260146,0.0,0.0,0.0,-0.08502820837149576,1.0,0.008396840033431848,0.008265384240075946,0.008559105917811394,0.008433267551784715,0.0,0.0,0.019771351814270022,0.15,0.15,False,False
4.97,-5.523807048797607,40.57923889160156,-2.4313223361968994,0.9461000000000102,1277,1214,0.9376459805275698,1.0623540194724304,14.0,3.0,0.0,9.83931430321589,8.280463816405133,0.0,0.0,0.0,-0.07794252434053783,1.0,0.008459066739305854,0.008328271408875784,0.008635320700705051,0.008516104038183888,0.0,0.0,0.01961519718170166,0.15,0.15,False,False
4.975,-5.477043628692627,40.53858947753906,-2.397522211074829,0.9460000000000102,1257,1202,0.942842148816939,1.057157851183061,7.0,2.0,1.0,9.019371444614565,7.590425165038038,0.0,0.0,0.0,-0.07144731397882635,1.0,0.008487698699658116,0.008357857586815953,0.008663257273534935,0.008549122139811516,0.0,0.0,0.019199204444885255,0.15,0.15,False,False
4.98,-5.512909889221191,40.505348205566406,-2.3623106479644775,0.9459000000000102,1364,1299,1.2809386364155273,0.7190613635844726,6.0,2.0,1.0,8.26775715756335,15.291223067951535,0.0,0.0,0.0,0.35117329551940923,1.0,0.008500822198887667,0.008372256609921655,0.008688470115885139,0.008578544948250055,0.0,0.0,0.02025871753692627,0.15,0.15,False,False
4.985,-5.584172248840332,40.424156188964844,-2.3329904079437256,0.9458000000000102,1387,1341,0.5908604167142334,1.4091395832857665,30.0,2.0,0.0,24.245444061099736,14.016954478955572,0.0,0.0,0.0,-0.5114244791072082,1.0,0.008529565917948883,0.008402252181743583,0.00874013329545657,0.00863492333640655,0.0,0.0,0.0322861385345459,0.15,0.15,False,False
4.99,-5.5940375328063965,40.40980911254883,-2.3867173194885254,0.9457000000000102,1347,1270,0.6249553819880473,1.3750446180119527,19.0,3.0,1.0,22.224990389341425,12.848874939042608,0.0,0.0,0.0,-0.4688057725149409,1.0,0.008542432527368268,0.008416643055776756,0.008753665024414659,0.008653303375467658,0.0,0.0,0.025163934230804447,0.15,0.15,False,False
4.995,-5.657369613647461,40.30942153930664,-2.3908841609954834,0.9456000000000102,1267,1217,0.65620910015571,1.34379089984429,6.0,1.0,0.0,20.372907856896305,11.778135360789056,0.0,0.0,0.0,-0.4297386248053624,1.0,0.008548291322464745,0.00841913279145956,0.008792512041206162,0.00868210569024086,0.0,0.0,0.016033473014831545,0.15,0.15,False,False
5.0,-5.771478176116943,40.07588195800781,-2.3825228214263916,0.9455000000000102,1219,1160,0.6848583418094009,1.315141658190599,0.0,1.0,1.0,18.67516553548828,10.796624080723301,0.0,0.0,0.0,-0.3939270727382489,1.0,0.008598951390013099,0.008469156843299668,0.008902576519176364,0.008790284239997467,0.0,0.0,0.02031839609146118,0.15,0.15,False,False
5.005,-5.828762054443359,39.940948486328125,-2.4244041442871094,0.9454000000000102,1209,1157,0.7111201466586174,1.2888798533413826,8.0,0.0,0.0,17.118901740864256,9.896905407329692,0.0,0.0,0.0,-0.3610998166767282,1.0,0.00862920346359412,0.008500783781831464,0.00896390643902123,0.008854379023735722,0.0,0.0,0.01614381551742554,0.15,0.15,False,False
5.01,-5.943111419677734,39.93207550048828,-2.4358344078063965,0.9453000000000102,1258,1193,0.7351934677703993,1.2648065322296007,9.0,2.0,0.0,15.692326595792235,9.072163290052217,0.0,0.0,0.0,-0.3310081652870009,1.0,0.008604124498864016,0.00847447003858785,0.008970968968545398,0.008854578481987119,0.0,0.0,0.019440144300460815,0.15,0.15,False,False
5.015,-6.006464958190918,39.95337677001953,-2.4609811305999756,0.9452000000000103,1194,1145,0.7572606787895326,1.2427393212104674,5.0,1.0,0.0,14.384632712809548,8.316149682547865,0.0,0.0,0.0,-0.30342415151308416,1.0,0.008594168272490304,0.008462743135169148,0.008981926366686821,0.008860337159906825,0.0,0.0,0.015536532402038575,0.15,0.15,False,False
5.02,-6.007954120635986,39.978919982910156,-2.48345947265625,0.9451000000000103,1343,1275,0.7774889555570716,1.2225110444429284,3.0,2.0,2.0,13.185913320075418,7.623137209002209,0.0,0.0,0.0,-0.27813880555366044,1.0,0.008585260172064107,0.008452096177885931,0.008975108697389564,0.008848363844056925,0.0,0.0,0.014440798759460449,0.15,0.15,False,False
5.025,-6.087320804595947,39.96158981323242,-2.512110948562622,0.9450000000000103,1276,1211,0.7960315425939823,1.2039684574060177,26.0,1.0,0.0,12.087087210069132,6.987875774918692,0.0,0.0,0.0,-0.254960571757522,1.0,0.008578423488264283,0.008444098057225347,0.008991520929460725,0.008860371308401227,0.0,0.0,0.01937267541885376,0.15,0.15,False,False
5.03,-6.131435394287109,39.95563888549805,-2.489572048187256,0.9449000000000103,1363,1296,0.4796955807111505,1.5,19.0,2.0,1.0,19.413163275896704,6.405552793675467,0.0,0.0,0.0,-0.6503805241110618,1.0,0.008563938705871504,0.008429068451126417,0.008988123930369815,0.008852853206917644,0.0,0.0,0.03159864664077759,0.15,0.15,False,False
5.035,-6.189774036407471,39.92149353027344,-2.448805809020996,0.9448000000000103,1319,1258,0.5230542823185547,1.4769457176814453,7.0,4.0,1.0,26.12873300290531,14.205090060869177,0.0,0.0,0.0,-0.5961821471018067,1.0,0.008578503038734198,0.008443741050238412,0.009021925895164411,0.008888692439844212,0.0,0.0,0.018305290937423706,0.15,0.15,False,False
5.04,-6.354375839233398,39.92953109741211,-2.468147039413452,0.9447000000000103,1283,1207,0.5627997587920084,1.4372002412079916,7.0,2.0,1.0,23.951338585996535,13.021332555796745,0.0,0.0,0.0,-0.5465003015099895,1.0,0.008573793262864154,0.008440647119035324,0.00905489781871438,0.008926722609127562,0.0,0.0,0.019576897621154787,0.15,0.15,False,False
5.045,-6.524055480957031,39.93850326538086,-2.4223663806915283,0.9446000000000103,1297,1234,0.5992331122260077,1.4007668877739923,12.0,2.0,0.0,21.955393703830158,11.93622150948035,0.0,0.0,0.0,-0.5009586097174904,1.0,0.00854620011523366,0.008412861886123817,0.009059043368324637,0.008926450197274487,0.0,0.0,0.020511162281036378,0.15,0.15,False,False
5.05,-6.543919086456299,39.85846710205078,-2.355821371078491,0.9445000000000103,1314,1250,0.6326303528738404,1.3673696471261596,18.0,0.0,1.0,20.12577756184431,10.94153638369032,0.0,0.0,0.0,-0.45921205890769945,1.0,0.008581260529657206,0.008448905233914655,0.009109174134209752,0.008982352446764708,0.0,0.0,0.018613957166671753,0.15,0.15,False,False
5.055,-6.496123313903809,39.74785614013672,-2.3125436305999756,0.9444000000000103,1259,1196,0.6632444901343537,1.3367555098656463,11.0,1.0,0.0,18.448629431690616,10.029741685049459,0.0,0.0,0.0,-0.42094438733205786,1.0,0.008645173705493411,0.00851487391628325,0.00918751310867568,0.009071465659265717,0.0,0.0,0.020425374507904055,0.15,0.15,False,False
5.06,-6.459005832672119,39.74140167236328,-2.2746129035949707,0.9443000000000104,1356,1288,0.19999999999999996,1.5,4.0,1.0,0.0,33.57791031238306,9.193929877962002,0.0,0.0,0.0,-1.0,1.0,0.008664417158191403,0.008536269888281822,0.009200568310916424,0.009092321852222085,0.0,0.0,0.01901764988899231,0.15,0.15,False,False
5.065,-6.495543956756592,39.68545150756836,-2.247215747833252,0.9442000000000104,1281,1227,0.19999999999999996,1.5,1.0,3.0,1.0,30.77975111968447,8.427769054798501,0.0,0.0,0.0,-1.0,1.0,0.00868682051077485,0.008560454395289224,0.009240097909544906,0.009137695888057351,0.0,0.0,0.021894161701202394,0.15,0.15,False,False
5.07,-6.580266952514648,39.61685562133789,-2.2220253944396973,0.9441000000000104,1324,1260,0.19999999999999996,1.5,9.0,2.0,1.0,28.214771859710762,7.725454966898626,0.0,0.0,0.0,-1.0,1.0,0.008705526124686003,0.008580574455360573,0.009287379992504915,0.009189099073410034,0.0,0.0,0.035041139125823975,0.15,0.15,False,False
5.075,-6.603114604949951,39.596893310546875,-2.2239990234375,0.9440000000000104,1327,1280,0.24872504726355515,1.5,7.0,4.0,0.0,25.86354087140153,7.081667052990407,0.0,0.0,0.0,-0.9390936909205561,1.0,0.008716799784451723,0.008593585807830095,0.009299470499778788,0.009206013831620416,0.0,0.0,0.019538989067077638,0.15,0.15,False,False
5.08,-6.656634330749512,39.44807052612305,-2.2017955780029297,0.9439000000000104,1280,1234,0.3113312933249256,1.5,15.0,1.0,1.0,23.708245798784734,6.491528131907873,0.0,0.0,0.0,-0.860835883343843,1.0,0.008751279674470425,0.008626712951809168,0.0093772584417214,0.009281412155056994,0.0,0.0,0.016618409156799317,0.15,0.15,False,False
5.085,-6.68795919418335,39.246826171875,-2.217540740966797,0.9438000000000104,1357,1297,0.36872035221451505,1.5,29.0,1.0,1.0,21.732558648886005,5.950567454248883,0.0,0.0,0.0,-0.7890995597318561,1.0,0.008813525394846996,0.008689657164116701,0.009484960076709589,0.00939261595097681,0.0,0.0,0.010850571393966675,0.15,0.15,False,False
5.09,-6.771005153656006,39.099552154541016,-2.240731716156006,0.9437000000000104,1275,1211,0.42132698952997216,1.5,15.0,5.0,0.0,19.921512094812172,5.454686833061476,0.0,0.0,0.0,-0.7233412630875348,1.0,0.008838599314913154,0.00871432285445432,0.009560179508601626,0.009465582746391496,0.0,0.0,0.014574377536773684,0.15,0.15,False,False
5.095,-6.894622802734375,39.04637145996094,-2.244589328765869,0.9436000000000104,1237,1176,0.19999999999999996,1.5,5.0,0.0,1.0,26.594719420244488,5.00012959697302,0.0,0.0,0.0,-1.0,1.0,0.008833173584813874,0.00870740933654209,0.009605806553736329,0.009504958676795166,0.0,0.0,0.02124048709869385,0.15,0.15,False,False
5.1,-6.907167911529541,39.076263427734375,-2.2823615074157715,0.9435000000000104,1331,1275,0.19999999999999996,1.5,4.0,0.0,0.0,32.711826135224115,4.583452130558602,0.0,0.0,0.0,-1.0,1.0,0.008828314409280818,0.008701181504875422,0.009604765412708124,0.009500900826727351,0.0,0.0,0.015346686840057374,0.15,0.15,False,False
5.105,-6.928643703460693,39.099239349365234,-2.2970352172851562,0.9434000000000105,1263,1206,0.19999999999999996,1.5,6.0,3.0,0.0,38.31917395728877,4.201497786345384,0.0,0.0,0.0,-1.0,1.0,0.008810816798359156,0.008681192218015592,0.009589528975387415,0.00947834070151051,0.0,0.0,0.014836796522140502,0.15,0.15,False,False
5.11,-7.006594657897949,39.08296203613281,-2.296956777572632,0.9433000000000105,1339,1275,0.19999999999999996,1.5,15.0,1.0,1.0,35.125909460848035,12.184706304149934,0.0,0.0,0.0,-1.0,1.0,0.008803797342504065,0.008673023742934069,0.009603302460163832,0.009488488625114163,0.0,0.0,0.035378959178924564,0.15,0.15,False,False
5.115,-7.02814245223999,39.09691619873047,-2.222703456878662,0.9432000000000105,1336,1266,0.19999999999999996,1.5,21.0,3.0,1.0,32.198750339110696,11.169314112137439,0.0,0.0,0.0,-1.0,1.0,0.008796201242754858,0.008665566177417835,0.00959907891228795,0.009484112573166689,0.0,0.0,0.02233445405960083,0.15,0.15,False,False
5.12,-7.120245933532715,39.05304718017578,-2.2181482315063477,0.9431000000000105,1311,1248,0.2289206716776473,1.5,3.0,1.0,0.0,29.515521144184802,10.238537936125985,0.0,0.0,0.0,-0.9638491604029408,1.0,0.008827700124432644,0.008701032881314557,0.009660431339095037,0.009558430562416714,0.0,0.0,0.022367382049560548,0.15,0.15,False,False
5.125,-7.307982444763184,39.04151153564453,-2.227282762527466,0.9430000000000105,1251,1188,0.19999999999999996,1.5,5.0,3.0,2.0,35.389227715502734,9.38532644144882,0.0,0.0,0.0,-1.0,1.0,0.008810459015270075,0.008684684289619327,0.009691377636045218,0.009589218146478137,0.0,0.0,0.020459048748016358,0.15,0.15,False,False
5.13,-7.384793758392334,39.03434371948242,-2.1488189697265625,0.9429000000000105,1275,1206,0.19999999999999996,1.5,19.0,0.0,0.0,32.4401254058775,8.603215904661418,0.0,0.0,0.0,-1.0,1.0,0.008793285815045238,0.008666542513916891,0.009683488945787152,0.009577126475051045,0.0,0.0,0.024510409832000736,0.15,0.15,False,False
5.135,-7.309980392456055,38.95649337768555,-2.0888845920562744,0.9428000000000105,1291,1220,0.45931331828874344,1.5,18.0,0.0,0.0,29.736781622054377,16.219614579272964,0.0,0.0,0.0,-0.6758583521390706,1.0,0.008850532273451488,0.00872866405795018,0.0097392483924826,0.009649757218236726,0.0,0.0,0.020364913940429687,0.15,0.15,False,False
5.14,-7.224565029144287,38.8835563659668,-2.048102378845215,0.9427000000000105,1314,1238,0.5043705417646815,1.4956294582353185,7.0,2.0,0.0,27.258716486883177,14.867980031000217,0.0,0.0,0.0,-0.619536822794148,1.0,0.008906515237564843,0.008788748333851498,0.009794986496369045,0.009718965350960692,0.0,0.0,0.022235701084136965,0.15,0.15,False,False
5.145,-7.222500324249268,38.85940933227539,-1.9912981986999512,0.9426000000000105,1313,1242,0.5456729966176248,1.4543270033823752,17.0,2.0,1.0,24.987156779642913,13.628981695083532,0.0,0.0,0.0,-0.567908754227969,1.0,0.008925297297537327,0.008810764411464334,0.009816995977113645,0.009749582968652248,0.0,0.0,0.02604471445083618,0.15,0.15,False,False
5.15,-7.251373767852783,38.783790588378906,-1.8750756978988647,0.9425000000000106,1336,1266,0.5835335802328228,1.4164664197671772,14.0,3.0,0.0,22.904893714672667,12.493233220493236,0.0,0.0,0.0,-0.5205830247089716,1.0,0.008961979377393922,0.008852506677309673,0.00986655514376859,0.009812311812614402,0.0,0.0,0.025882105827331543,0.15,0.15,False,False
5.155,-7.219431400299072,38.62329864501953,-1.8287041187286377,0.9424000000000106,1424,1352,0.6182391152134209,1.381760884786579,4.0,0.0,0.0,20.996152571783277,11.4521304521188,0.0,0.0,0.0,-0.47720110598322385,1.0,0.009042849609007439,0.00894466764293611,0.009939241766308745,0.009912231471389532,0.0,0.0,0.060054078102111816,0.15,0.15,False,False
5.16,-7.160505294799805,38.494102478027344,-1.8143588304519653,0.9423000000000106,1290,1221,0.6500525222789693,1.3499474777210307,3.0,0.0,2.0,19.246473190801336,10.497786247775567,0.0,0.0,0.0,-0.4374343471512884,1.0,0.009095071970174711,0.009000931556026142,0.009990779605383675,0.00997462309896946,0.0,0.0,0.017743672132492068,0.15,0.15,False,False
5.165,-7.11594295501709,38.3238639831543,-1.815159559249878,0.9422000000000106,1278,1220,1.0125481454223886,0.9874518545776115,14.0,3.0,0.0,17.642600424901225,17.956304060460937,0.0,0.0,0.0,0.015685181777985592,1.0,0.009157187305390835,0.009064626647159457,0.010087235520283382,0.010076608741655946,0.0,0.0,0.0162035608291626,0.15,0.15,False,False
5.17,-7.093666076660156,38.121131896972656,-1.83892023563385,0.9421000000000106,1356,1301,1.0115024666371895,0.9884975333628105,31.0,1.0,0.0,16.172383722826122,16.45994538875586,0.0,0.0,0.0,0.014378083296486821,1.0,0.009223779585833352,0.009131539845839143,0.010194283677265048,0.010186254512518644,0.0,0.0,0.009540680646896362,0.15,0.15,False,False
5.175,-7.126533508300781,37.98744201660156,-1.837796688079834,0.9420000000000106,1291,1235,1.010543927750757,0.989456072249243,9.0,5.0,1.0,14.824685079257279,15.088283273026203,0.0,0.0,0.0,0.013179909688446224,1.0,0.009257930796593428,0.009163549014677605,0.01027631185327967,0.010264466206232708,0.0,0.0,0.02088611602783203,0.15,0.15,False,False
5.18,-7.192480564117432,37.98188018798828,-1.8613792657852173,0.9419000000000106,1261,1199,1.0096652671048605,0.9903347328951394,5.0,0.0,0.0,13.589294655985839,13.830926333607353,0.0,0.0,0.0,0.01208158388107572,1.0,0.009260165582721433,0.009164180761824053,0.01030586271857222,0.01029127083408336,0.0,0.0,0.023480944633483887,0.15,0.15,False,False
5.185,-7.217189788818359,38.02760696411133,-1.8915438652038574,0.9418000000000106,1273,1217,1.0088598281794556,0.9911401718205445,5.0,0.0,0.0,12.456853434653684,12.678349139140073,0.0,0.0,0.0,0.011074785224319417,1.0,0.009247347479686141,0.009147264063358307,0.010299957745398085,0.010276994823167723,0.0,0.0,0.020124325752258303,0.15,0.15,False,False
5.19,-7.254043102264404,37.99898147583008,-1.9097198247909546,0.9417000000000106,1300,1248,1.0081215091645008,0.9918784908354992,19.0,0.0,1.0,11.418782315099211,11.621820044211733,0.0,0.0,0.0,0.01015188645562608,1.0,0.009248307906091213,0.009144331561401486,0.010323168244212866,0.010292140844588479,0.0,0.0,0.020941805839538575,0.15,0.15,False,False
5.195,-7.297971725463867,37.960060119628906,-1.9145835638046265,0.9416000000000107,1305,1248,1.0074447167341258,0.9925552832658742,21.0,0.0,1.0,10.467217122174276,10.653335040527422,0.0,0.0,0.0,0.009305895917657292,1.0,0.009253663010895252,0.009147257854541143,0.010355107563858231,0.010318930726498365,0.0,0.0,0.027485125064849854,0.15,0.15,False,False
5.2,-7.305835247039795,37.941993713378906,-1.817914605140686,0.9415000000000107,1255,1205,1.0068243236729488,0.9931756763270513,5.0,2.0,0.0,9.594949028659752,9.76555712048347,0.0,0.0,0.0,0.008530404591185902,1.0,0.009258004138246179,0.0091509276535362,0.010371123983835181,0.01033333595842123,0.0,0.0,0.016344865560531618,0.15,0.15,False,False
5.205,-7.396546840667725,37.84226608276367,-1.8364735841751099,0.9414000000000107,1248,1197,1.0062556300335364,0.9937443699664636,4.0,2.0,1.0,8.795369942938105,8.951760693776514,0.0,0.0,0.0,0.007819537541920418,1.0,0.009309337474405766,0.009212419002627334,0.010450206464156508,0.0104366607653598,0.0,0.0,0.01995168924331665,0.15,0.15,False,False
5.21,-7.55471134185791,37.77397537231445,-1.822235345840454,0.9413000000000107,1306,1235,1.0057343275307415,0.9942656724692585,5.0,1.0,1.0,8.062422447693264,8.205780635961803,0.0,0.0,0.0,0.007167909413426976,1.0,0.009305692510679364,0.009205834940075874,0.010503090840453904,0.010481593587125342,0.0,0.0,0.013792909383773805,0.15,0.15,False,False
5.215,-7.572816371917725,37.678627014160156,-1.7699710130691528,0.9412000000000107,1332,1267,1.0052564669031798,0.9947435330968202,16.0,2.0,0.0,7.390553910385491,7.521965582964985,0.0,0.0,0.0,0.006570583628974713,1.0,0.009333667888616523,0.00923387318228682,0.010550967029606303,0.010530472500249743,0.0,0.0,0.019314999580383303,0.15,0.15,False,False
5.22,-7.502171516418457,37.58789825439453,-1.739589810371399,0.9411000000000107,1347,1271,1.0048184279945815,0.9951815720054186,17.0,5.0,1.0,6.774674417853366,6.895135117717903,0.0,0.0,0.0,0.006023034993226828,1.0,0.009396001308535537,0.009302892334138354,0.010617781275262436,0.010614696657285094,0.0,0.0,0.032872557640075684,0.15,0.15,False,False
5.225,-7.4625067710876465,37.572818756103516,-1.698317050933838,0.9410000000000107,1318,1265,0.671083558995033,1.328916441004967,29.0,2.0,0.0,14.543451549698919,6.320540524574744,0.0,0.0,0.0,-0.4111455512562087,1.0,0.009419632066662114,0.009330929024145007,0.010637231559182208,0.010644703482588133,0.0,0.0,0.019599603414535524,0.15,0.15,False,False
5.23,-7.446842193603516,37.544158935546875,-1.6634156703948975,0.9409000000000107,1214,1156,1.0318265957454469,0.9681734042545531,9.0,2.0,0.0,13.331497253890674,14.127162147526846,0.0,0.0,0.0,0.039783244681808584,1.0,0.009439107573901614,0.00935564438501994,0.01065325962069134,0.010672158872087797,0.0,0.0,0.025553569793701176,0.15,0.15,False,False
5.235,-7.435020923614502,37.46134567260742,-1.642710566520691,0.9408000000000107,1206,1142,1.0291743794333263,0.9708256205666737,4.0,1.0,0.0,12.220539149399784,12.949898635232941,0.0,0.0,0.0,0.036467974291657865,1.0,0.00947504381959637,0.009395850744719308,0.010697755108897885,0.010726399098833403,0.0,0.0,0.03229181051254273,0.15,0.15,False,False
5.24,-7.4394354820251465,37.41371154785156,-1.6596136093139648,0.9407000000000107,1269,1215,1.0267431811472156,0.9732568188527843,1.0,1.0,0.0,11.202160886949802,11.870740415630195,0.0,0.0,0.0,0.03342897643401965,1.0,0.00949496830192705,0.009418575015539925,0.01072293147444725,0.010757467631871503,0.0,0.0,0.018118815422058107,0.15,0.15,False,False
5.245,-7.40295934677124,37.2532958984375,-1.6558867692947388,0.9406000000000108,1354,1283,1.024514582718281,0.9754854172817189,6.0,1.0,1.0,10.268647479703985,10.881512047661012,0.0,0.0,0.0,0.030643228397851364,1.0,0.009560474039365848,0.009480266598984599,0.010833408062656721,0.010864106783022484,0.0,0.0,0.02116121530532837,0.15,0.15,False,False
5.25,-7.280589580535889,37.10140609741211,-1.6657768487930298,0.9405000000000108,1303,1245,1.022471700825091,0.977528299174909,28.0,2.0,1.0,9.41292685639532,9.974719377022593,0.0,0.0,0.0,0.028089626031363668,1.0,0.009634294159089526,0.009553713801627358,0.010917740873992443,0.010951008880510926,0.0,0.0,0.012031093835830689,0.15,0.15,False,False
5.255,-7.247810363769531,36.985084533691406,-1.6919924020767212,0.9404000000000108,1292,1221,1.0205990590896667,0.9794009409103333,13.0,2.0,0.0,8.628516285029043,9.14349276227071,0.0,0.0,0.0,0.02574882386208337,1.0,0.009671468675757449,0.009590437014897665,0.010978351347148418,0.011011760216206312,0.0,0.0,0.014519190788269043,0.15,0.15,False,False
5.26,-7.3308210372924805,36.88626480102539,-1.7222106456756592,0.9403000000000108,1229,1169,0.6855491374988611,1.3144508625011389,8.0,0.0,0.0,16.242806594609956,8.381535032081484,0.0,0.0,0.0,-0.3930635781264236,1.0,0.009696676085392635,0.009610991304119429,0.011075173582260808,0.011100584718709191,0.0,0.0,0.018128836154937746,0.15,0.15,False,False
5.265,-7.388792991638184,36.85489273071289,-1.7603425979614258,0.9402000000000108,1296,1239,0.7117533760406227,1.2882466239593773,7.0,0.0,1.0,23.22257271172579,16.01640711274136,0.0,0.0,0.0,-0.36030827994922154,1.0,0.009705075062811375,0.009613593962664407,0.011129592700550955,0.011144139959166448,0.0,0.0,0.01628925919532776,0.15,0.15,False,False
5.27,-7.398380279541016,36.884368896484375,-1.7790374755859375,0.9401000000000108,1238,1179,0.7357739280372375,1.2642260719627625,12.0,0.0,0.0,21.28735831908197,14.681706520012911,0.0,0.0,0.0,-0.330282589953453,1.0,0.009691980667412281,0.009594977600499988,0.011121926363557577,0.011125003608564537,0.0,0.0,0.013315938711166384,0.15,0.15,False,False
5.275,-7.455952167510986,36.80784225463867,-1.8079167604446411,0.9400000000000108,1221,1167,0.7577927673674678,1.2422072326325322,10.0,0.0,0.0,19.513411792491805,13.458230976678502,0.0,0.0,0.0,-0.3027590407906652,1.0,0.009709769704689583,0.009609880313898127,0.011183040915057063,0.011181065735096734,0.0,0.0,0.022226774692535402,0.15,0.15,False,False
5.28,-7.48002290725708,36.764522552490234,-1.7888267040252686,0.9399000000000108,1316,1239,0.777976703420179,1.222023296579821,5.0,6.0,2.0,17.887294143117487,12.33671172862196,0.0,0.0,0.0,-0.2775291207247763,1.0,0.009715283134331306,0.009611421264708042,0.011218527021507423,0.011207987942422431,0.0,0.0,0.03646578550338746,0.15,0.15,False,False
5.285,-7.486573219299316,36.70552062988281,-1.7630321979522705,0.9398000000000108,1371,1308,0.7964786448018307,1.2035213551981694,16.0,2.0,0.0,16.396686297857695,11.308652417903463,0.0,0.0,0.0,-0.25440169399771156,1.0,0.009745322943975529,0.009643195274596414,0.011267630228151878,0.011262455955147743,0.0,0.0,0.017883809804916384,0.15,0.15,False,False
5.29,-7.617237567901611,36.58930969238281,-1.7749598026275635,0.9397000000000109,1347,1276,1.1467720910683448,0.8532279089316552,13.0,0.0,1.0,15.030295773036219,18.69959804974484,0.0,0.0,0.0,0.18346511383543102,1.0,0.009780463684971135,0.00968152618346115,0.01137227596094211,0.011375355922306579,0.0,0.0,0.02215010643005371,0.15,0.15,False,False
5.295,-7.736656665802002,36.52344512939453,-1.742687463760376,0.9396000000000109,1294,1221,1.134541083479316,0.865458916520684,11.0,1.0,0.0,13.7777711252832,17.1412982122661,0.0,0.0,0.0,0.16817635434914502,1.0,0.009776722096527617,0.00967537829031547,0.011422724540655812,0.011419528940071663,0.0,0.0,0.019764571189880373,0.15,0.15,False,False
5.3,-7.690513610839844,36.4334716796875,-1.699411392211914,0.9395000000000109,1228,1165,1.1233293265227065,0.8766706734772937,11.0,0.0,0.0,12.6296235315096,15.712856694577258,0.0,0.0,0.0,0.15416165815338295,1.0,0.009824853235234817,0.009726915353288254,0.011476712146153053,0.011483495666955909,0.0,0.0,0.01633204221725464,0.15,0.15,False,False
5.305,-7.591233730316162,36.352516174316406,-1.6645948886871338,0.9394000000000109,1195,1148,0.7797185493124809,1.2202814506875193,14.0,0.0,0.0,19.91048823721713,14.403451970029153,0.0,0.0,0.0,-0.2753518133593989,1.0,0.009892201827218136,0.009800151844198506,0.011537640045086544,0.011560753919184208,0.0,0.0,0.020704298019409182,0.15,0.15,False,False
5.31,-7.576540470123291,36.37620544433594,-1.6243640184402466,0.9393000000000109,1192,1128,0.7980753368697742,1.2019246631302258,5.0,1.0,0.0,18.2512808841157,13.203164305860057,0.0,0.0,0.0,-0.25240582891278224,1.0,0.009894738517080745,0.009808028892924389,0.01152292126789689,0.011557292503615221,0.0,0.0,0.017063337564468383,0.15,0.15,False,False
5.315,-7.564395427703857,36.31590270996094,-1.5866169929504395,0.9392000000000109,1319,1257,0.8149023921306264,1.1850976078693736,1.0,4.0,1.0,16.73034081043939,12.102900613705051,0.0,0.0,0.0,-0.23137200983671696,1.0,0.009923674321422975,0.009842329503347477,0.011555196639771264,0.011601695247615378,0.0,0.0,0.020652966499328615,0.15,0.15,False,False
5.32,-7.535654067993164,36.21553421020508,-1.5708953142166138,0.9391000000000109,1349,1270,0.8303271927864075,1.1696728072135925,2.0,1.0,0.0,15.336145742902774,11.094325562562963,0.0,0.0,0.0,-0.21209100901699057,1.0,0.009971837280318141,0.009895825060084462,0.011609822201232117,0.011668883574505648,0.0,0.0,0.03292205572128296,0.15,0.15,False,False
5.325,-7.5400471687316895,36.172325134277344,-1.5858633518218994,0.9390000000000109,1348,1293,0.8444665933875403,1.1555334066124596,11.0,0.0,3.0,14.058133597660875,10.169798432349383,0.0,0.0,0.0,-0.1944167582655746,1.0,0.009992402823021015,0.009918997141843041,0.011638967553153634,0.011703841155394912,0.0,0.0,0.015504816770553589,0.15,0.15,False,False
5.33,-7.503715515136719,36.00944137573242,-1.5789095163345337,0.938900000000011,1264,1204,0.8574277106052453,1.1425722893947547,24.0,3.0,0.0,21.2199557978558,17.655648562986933,0.0,0.0,0.0,-0.17821536174344335,1.0,0.010059871710836887,0.009982401194671791,0.011760524551694592,0.01182146331605812,0.0,0.0,0.010415736436843872,0.15,0.15,False,False
5.335,-7.404036998748779,35.83666229248047,-1.6053478717803955,0.938800000000011,1301,1234,1.2026420680548082,0.7973579319451918,16.0,1.0,0.0,19.45162614803448,24.517677849404688,0.0,0.0,0.0,0.25330258506851033,1.0,0.010138420232882103,0.0100618542637676,0.011863150090600055,0.011929265844325226,0.0,0.0,0.015682524442672728,0.15,0.15,False,False
5.34,-7.39199686050415,35.72035598754883,-1.6411035060882568,0.938700000000011,1286,1233,0.8524218957169076,1.1475781042830924,3.0,1.0,0.0,26.163990635698273,22.474538028620962,0.0,0.0,0.0,-0.18447263035386552,1.0,0.010177582735195756,0.010097728033239644,0.011950009890521567,0.01201106351800263,0.0,0.0,0.015169039964675904,0.15,0.15,False,False
5.345,-7.4696502685546875,35.62899398803711,-1.6679939031600952,0.938600000000011,1271,1219,0.8647200710738319,1.1352799289261681,16.0,3.0,1.0,23.983658082723416,20.601659859569214,0.0,0.0,0.0,-0.16909991115771011,1.0,0.010202086996287107,0.010115446833272776,0.012060442240908742,0.012109178739289444,0.0,0.0,0.018548069000244142,0.15,0.15,False,False
5.35,-7.502633094787598,35.637332916259766,-1.6975854635238647,0.938500000000011,1240,1183,0.8759933984843458,1.1240066015156542,2.0,0.0,0.0,21.98501990916313,18.884854871271777,0.0,0.0,0.0,-0.15500825189456774,1.0,0.010201783540348213,0.010109115003918609,0.01208599462794761,0.012123313499614596,0.0,0.0,0.012078752517700197,0.15,0.15,False,False
5.355,-7.537320613861084,35.63924789428711,-1.7088446617126465,0.938400000000011,1288,1220,0.5529939486106503,1.4470060513893497,4.0,0.0,0.0,28.486268250066203,17.311116965332463,0.0,0.0,0.0,-0.558757564236687,1.0,0.010196837441374859,0.010099219313512247,0.012102002510800958,0.012129422975704074,0.0,0.0,0.014317169189453124,0.15,0.15,False,False
5.36,-7.587503910064697,35.55350112915039,-1.7356042861938477,0.938300000000011,1309,1234,0.5902444528930961,1.4097555471069039,4.0,2.0,1.0,26.112412562560685,15.86852388488809,0.0,0.0,0.0,-0.5121944338836297,1.0,0.010222453080738585,0.01012259900259475,0.012179854093119502,0.012204039764280122,0.0,0.0,0.026717867851257328,0.15,0.15,False,False
5.365,-7.587191104888916,35.51293182373047,-1.6922810077667236,0.938200000000011,1284,1226,0.6243907484853382,1.3756092515146618,9.0,1.0,0.0,23.936378182347294,14.546146894480747,0.0,0.0,0.0,-0.4695115643933273,1.0,0.010231297152737778,0.010127245526139935,0.012216801599909862,0.01223184207143883,0.0,0.0,0.024478540420532227,0.15,0.15,False,False
5.37,-7.631587982177734,35.4070930480957,-1.6924508810043335,0.938100000000011,1395,1323,0.6556915194448933,1.3443084805551067,26.0,4.0,0.0,21.941680000485018,13.333967986607352,0.0,0.0,0.0,-0.4303856006938833,1.0,0.010280645995711287,0.010182165230313938,0.012308312191938361,0.01233871909789741,0.0,0.0,0.021783103942871095,0.15,0.15,False,False
5.375,-7.801470756530762,35.287025451660156,-1.6960633993148804,0.938000000000011,1278,1213,0.35105055949115227,1.5,10.0,3.0,2.0,28.4465400004446,12.222803987723406,0.0,0.0,0.0,-0.8111868006360596,1.0,0.010303350087876122,0.010204530553892255,0.01243429840542376,0.01246436460254093,0.0,0.0,0.018368712663650512,0.15,0.15,False,False
5.38,-7.897830486297607,35.15774917602539,-1.619569182395935,0.9379000000000111,1288,1205,0.4051296795335563,1.5,13.0,0.0,0.0,26.07599500040755,11.204236988746455,0.0,0.0,0.0,-0.7435879005830547,1.0,0.010326969980572661,0.010225506266579032,0.012536833140378198,0.012561697124813994,0.0,0.0,0.016024643182754518,0.15,0.15,False,False
5.385,-7.837355613708496,35.06890869140625,-1.5675733089447021,0.9378000000000111,1184,1137,0.7880355395724266,1.2119644604275734,17.0,0.0,0.0,23.902995417040252,18.603883906350916,0.0,0.0,0.0,-0.2649555755344668,1.0,0.010394139681011438,0.010304100578650832,0.012592764105647802,0.012645991907144587,0.0,0.0,0.021178884506225588,0.15,0.15,False,False
5.39,-7.742212772369385,35.05532455444336,-1.5409324169158936,0.9377000000000111,1273,1202,0.8056992446080576,1.1943007553919425,25.0,0.0,0.0,21.911079132286897,17.05356024748834,0.0,0.0,0.0,-0.24287594423992792,1.0,0.01043623002866904,0.010355623283733925,0.012597906170412898,0.012673874152824283,0.0,0.0,0.0202095627784729,0.15,0.15,False,False
5.395,-7.700037002563477,35.062644958496094,-1.4903345108032227,0.9376000000000111,1270,1208,0.8218909742240529,1.1781090257759472,4.0,2.0,0.0,20.085155871262987,15.63243022686431,0.0,0.0,0.0,-0.22263628221993387,1.0,0.01044833566993475,0.010371862445026636,0.012593097053468227,0.01267873759691914,0.0,0.0,0.019104905128479004,0.15,0.15,False,False
5.4,-7.6599531173706055,34.973602294921875,-1.4493118524551392,0.9375000000000111,1298,1221,0.8367333930387152,1.163266606961285,1.0,0.0,1.0,18.41139288199107,14.32972770795895,0.0,0.0,0.0,-0.20408325870160599,1.0,0.010497451682264607,0.010429323107625049,0.0126365025062114,0.012740788515657187,0.0,0.0,0.02656642198562622,0.15,0.15,False,False
5.405,-7.630816459655762,34.86220169067383,-1.4720258712768555,0.9374000000000111,1276,1231,0.8503389436188223,1.1496610563811778,6.0,3.0,0.0,16.877110141825145,13.135583732295704,0.0,0.0,0.0,-0.1870763204764721,1.0,0.010550244866559904,0.010488939005881548,0.012694268176952999,0.012813639671852192,0.0,0.0,0.03575849771499634,0.15,0.15,False,False
5.41,-7.613802433013916,34.78487014770508,-1.4586181640625,0.9373000000000111,1324,1255,0.8628106983172539,1.1371893016827461,11.0,0.0,0.0,15.47068429667305,12.040951754604395,0.0,0.0,0.0,-0.1714866271034327,1.0,0.010586205947523316,0.010520305562143525,0.012763588456436992,0.012876427887628477,0.0,0.0,0.019652832746505738,0.15,0.15,False,False
5.415,-7.559802532196045,34.71765899658203,-1.422391414642334,0.9372000000000111,1325,1267,0.8742431401241494,1.1257568598758505,17.0,2.0,1.0,14.181460605283627,11.037539108387362,0.0,0.0,0.0,-0.15719607484481327,1.0,0.010627783679713806,0.010563475467885535,0.012819837235535186,0.012938797008246183,0.0,0.0,0.019281218051910402,0.15,0.15,False,False
5.42,-7.486659526824951,34.60517120361328,-1.4534908533096313,0.9371000000000111,1307,1236,0.8847228784471369,1.115277121552863,10.0,2.0,0.0,12.999672221509991,10.117744182688416,0.0,0.0,0.0,-0.14409640194107878,1.0,0.010690595178554457,0.010632741808270415,0.012882550557454428,0.013016618322581053,0.0,0.0,0.012362022399902344,0.15,0.15,False,False
5.425,-7.4698486328125,34.43891906738281,-1.5059351921081543,0.9370000000000112,1233,1175,1.2276626385765423,0.7723373614234578,8.0,0.0,0.0,11.916366203050824,17.60793216746438,0.0,0.0,0.0,0.2845782982206778,1.0,0.010761669836938381,0.010697885494058331,0.013038022443652153,0.013165524772678813,0.0,0.0,0.014315844774246217,0.15,0.15,False,False
5.43,-7.493310451507568,34.35330581665039,-1.5404675006866455,0.9369000000000112,1218,1159,0.8753574186951638,1.1246425813048362,1.0,0.0,2.0,19.256669019463253,16.14060448684235,0.0,0.0,0.0,-0.15580322663104518,1.0,0.010795594425871968,0.01072139401609699,0.013160449064647159,0.013269981524596613,0.0,0.0,0.022598609924316407,0.15,0.15,False,False
5.435,-7.530566215515137,34.4008674621582,-1.562697410583496,0.9368000000000112,1251,1194,0.885744300470567,1.114255699529433,10.0,2.0,0.0,17.651946601174647,14.79555411293882,0.0,0.0,0.0,-0.14281962441179133,1.0,0.010774836021785935,0.010693401175861558,0.01315264729782939,0.01324773533269763,0.0,0.0,0.013801398277282714,0.15,0.15,False,False
5.44,-7.614338397979736,34.3757438659668,-1.5699779987335205,0.9367000000000112,1422,1352,0.8952656087646864,1.1047343912353136,12.0,2.0,1.0,16.180951051076757,13.562591270193918,0.0,0.0,0.0,-0.13091798904414195,1.0,0.010772463477527102,0.010687064301843446,0.013201258843764663,0.013288981281220913,0.0,0.0,0.02060746192932129,0.15,0.15,False,False
5.445,-7.6296706199646,34.285400390625,-1.5941318273544312,0.9366000000000112,1421,1354,0.5706601413676293,1.4293398586323707,25.0,7.0,1.0,23.16587179682036,12.432375331011091,0.0,0.0,0.0,-0.5366748232904633,1.0,0.010809012067814669,0.010721559325853985,0.01328974962234497,0.01337562610084812,0.0,0.0,0.03030790090560913,0.15,0.15,False,False
5.45,-7.604538917541504,34.243473052978516,-1.5398285388946533,0.9365000000000112,1309,1248,0.6064384629203269,1.3935615370796732,15.0,1.0,0.0,21.23538248041866,11.396344053426834,0.0,0.0,0.0,-0.49195192134959137,1.0,0.010825153440237045,0.010733030891666811,0.013331869461884102,0.013408707454800606,0.0,0.0,0.016732240915298464,0.15,0.15,False,False
5.455,-7.673811435699463,34.118160247802734,-1.538598895072937,0.9364000000000112,1222,1165,0.6392352576769662,1.3607647423230338,12.0,3.0,0.0,19.465767273717105,10.446648715641263,0.0,0.0,0.0,-0.45095592790379213,1.0,0.010880386301626762,0.010797402743871014,0.013443072481701773,0.013542814025034508,0.0,0.0,0.013518550395965575,0.15,0.15,False,False
5.46,-7.803530693054199,34.00770568847656,-1.5236846208572388,0.9363000000000112,1322,1265,0.6692989862038858,1.3307010137961142,4.0,0.0,1.0,17.843620000907347,9.576094656004491,0.0,0.0,0.0,-0.41337626724514276,1.0,0.010899339880173406,0.01081569081482788,0.013561309315264225,0.013660280189166468,0.0,0.0,0.02053466796875,0.15,0.15,False,False
5.465,-7.782674312591553,33.93121337890625,-1.472931146621704,0.9362000000000112,1183,1124,0.3635240706868954,1.5,1.0,0.0,0.0,24.689985000831733,8.778086768004117,0.0,0.0,0.0,-0.7955949116413807,1.0,0.010933240409940481,0.010850881614411872,0.01360944239422679,0.013713125760356586,0.0,0.0,0.019515099525451662,0.15,0.15,False,False
5.47,-7.66821813583374,33.896671295166016,-1.422505497932434,0.9361000000000113,1217,1156,0.4165637314629874,1.5,4.0,2.0,0.0,22.632486250762422,8.046579537337108,0.0,0.0,0.0,-0.7292953356712657,1.0,0.010992478734503191,0.010920003599797687,0.013625955519576868,0.01375389595826467,0.0,0.0,0.023416485786437992,0.15,0.15,False,False
5.475,-7.612765789031982,33.91635513305664,-1.3758316040039062,0.9360000000000113,1294,1236,0.7985167538410718,1.2014832461589282,4.0,1.0,0.0,20.746445729865552,15.709364575892348,0.0,0.0,0.0,-0.2518540576986602,1.0,0.011009310061732929,0.010946817152823012,0.013594426369915407,0.013742817876239618,0.0,0.0,0.0210219407081604,0.15,0.15,False,False
5.48,-7.586501598358154,33.887718200683594,-1.3187569379806519,0.9359000000000113,1233,1183,0.8153070243543159,1.184692975645684,7.0,0.0,1.0,19.017575252376755,14.400250861234651,0.0,0.0,0.0,-0.23086621955710518,1.0,0.011033356034507355,0.010979356399426859,0.013601887039840221,0.013767514222611984,0.0,0.0,0.024855570793151857,0.15,0.15,False,False
5.485,-7.524999618530273,33.78425598144531,-1.2825003862380981,0.9358000000000113,1291,1224,0.8306981056581229,1.1693018943418771,20.0,3.0,1.0,17.43277731467869,13.200229956131762,0.0,0.0,0.0,-0.21162736792734646,1.0,0.011093999880055588,0.011051607628663382,0.013641420130928358,0.013830457658817371,0.0,0.0,0.031256093978881835,0.15,0.15,False,False
5.49,-7.485113143920898,33.700584411621094,-1.307417631149292,0.9357000000000113,1360,1289,0.8448065968532793,1.1551934031467208,28.0,0.0,0.0,15.9800458717888,12.100210793120782,0.0,0.0,0.0,-0.1939917539334009,1.0,0.011134884941081207,0.011099767483149966,0.013670421515901884,0.013873305482168993,0.0,0.0,0.02244985818862915,0.15,0.15,False,False
5.495,-7.41794490814209,33.571067810058594,-1.2991254329681396,0.9356000000000113,1313,1239,0.8577393804488394,1.1422606195511606,6.0,1.0,1.0,14.648375382473066,11.09185989369405,0.0,0.0,0.0,-0.1778257744389508,1.0,0.011213681427761912,0.011172510761146745,0.013801193175216516,0.013999337485680979,0.0,0.0,0.018020687103271486,0.15,0.15,False,False
5.5,-7.286829471588135,33.4551887512207,-1.2954027652740479,0.9355000000000113,1225,1170,0.5362610987447696,1.4637389012552304,3.0,0.0,0.0,21.761010767266974,10.167538235886212,0.0,0.0,0.0,-0.5796736265690381,1.0,0.011295618023723364,0.011255854430298012,0.013881945051252842,0.014086897329737743,0.0,0.0,0.01014855146408081,0.15,0.15,False,False
5.505,-7.206336975097656,33.34444046020508,-1.3171849250793457,0.9354000000000113,1302,1222,0.5749060071827055,1.4250939928172945,13.0,0.0,0.0,19.947593203328058,9.320243382895693,0.0,0.0,0.0,-0.5313674910216182,1.0,0.011357300681993365,0.011319645370046299,0.013959117544194063,0.014170394279062748,0.0,0.0,0.01357058048248291,0.15,0.15,False,False
5.51,-7.23007869720459,33.200439453125,-1.3375885486602783,0.9353000000000113,1227,1176,0.6103305065841467,1.3896694934158533,8.0,0.0,0.0,18.285293769717384,8.543556434321053,0.0,0.0,0.0,-0.4870868667698166,1.0,0.011427937618767222,0.011384776250148814,0.014139104168862104,0.014346545406927666,0.0,0.0,0.01779837727546692,0.15,0.15,False,False
5.515,-7.262432098388672,33.14356994628906,-1.3737289905548096,0.9352000000000114,1249,1196,0.6428029643688011,1.3571970356311989,3.0,4.0,1.0,16.7615192889076,7.831593398127631,0.0,0.0,0.0,-0.4464962945389985,1.0,0.011460143141448498,0.011410648779322704,0.014237818929056328,0.014437648933380842,0.0,0.0,0.01532052278518677,0.15,0.15,False,False
5.52,-7.288943767547607,33.172828674316406,-1.397909164428711,0.9351000000000114,1321,1254,1.0059027173380677,0.9940972826619323,16.0,3.0,2.0,15.364726014831966,15.51229394828366,0.0,0.0,0.0,0.007378396672584664,1.0,0.01144362419533233,0.01138616818934679,0.01423747589190801,0.014422948782642683,0.0,0.0,0.013152341842651369,0.15,0.15,False,False
5.525,-7.3286213874816895,33.09943771362305,-1.4184584617614746,0.9350000000000114,1391,1324,1.005410824226562,0.9945891757734379,38.0,0.0,0.0,14.084332180262635,14.219602785926687,0.0,0.0,0.0,0.006763530283202623,1.0,0.01147021461899082,0.011407372076064348,0.01432863064110279,0.014507141119490068,0.0,0.0,0.019035295248031617,0.15,0.15,False,False
5.53,-7.337203025817871,33.04513168334961,-1.3912158012390137,0.9349000000000114,1255,1196,0.3382932555410152,1.5,13.0,2.0,0.0,29.57730449857408,13.034635887099462,0.0,0.0,0.0,-0.8271334305737309,1.0,0.011493947434549531,0.011426345833266776,0.01440154854208231,0.014573078757772844,0.0,0.0,0.031585130691528324,0.15,0.15,False,False
5.535,-7.322507381439209,32.989559173583984,-1.3432912826538086,0.9348000000000114,1273,1215,0.39343548424593067,1.5,7.0,1.0,1.0,27.112529123692905,11.948416229841174,0.0,0.0,0.0,-0.7582056446925866,1.0,0.011529730788121622,0.011467320146039128,0.014443298180898031,0.014627149018148582,0.0,0.0,0.01640727758407593,0.15,0.15,False,False
5.54,-7.4085917472839355,32.85036087036133,-1.3530439138412476,0.9347000000000114,1271,1216,0.4439825272254365,1.5,1.0,5.0,0.0,24.853151696718495,10.952714877354408,0.0,0.0,0.0,-0.6950218409682043,1.0,0.011585500712196033,0.011533189099282026,0.01457493519410491,0.01478158791239063,0.0,0.0,0.019429599046707154,0.15,0.15,False,False
5.545,-7.498385906219482,32.74820327758789,-1.3132922649383545,0.9346000000000114,1258,1205,0.8236506499566503,1.1763493500433497,3.0,4.0,0.0,22.782055721991952,18.373321970908208,0.0,0.0,0.0,-0.22043668755418722,1.0,0.01160210114903748,0.0115456470909218,0.014684601531674465,0.014884315896779299,0.0,0.0,0.021707627773284912,0.15,0.15,False,False
5.55,-7.421663761138916,32.69689178466797,-1.264794945716858,0.9345000000000114,1272,1203,0.8383464291269292,1.1616535708730709,2.0,0.0,1.0,20.883551078492623,16.842211806665855,0.0,0.0,0.0,-0.2020669635913384,1.0,0.011647401843219995,0.011599092977121472,0.014694614025453728,0.014912012654046219,0.0,0.0,0.017063506841659547,0.15,0.15,False,False
5.555,-7.299719333648682,32.66728210449219,-1.2254806756973267,0.9344000000000114,1252,1189,0.8518175600330185,1.1481824399669815,3.0,0.0,0.0,19.143255155284905,15.438694156110365,0.0,0.0,0.0,-0.18522804995872696,1.0,0.011710045703997215,0.01167366319956879,0.01469161594286561,0.014933604591836533,0.0,0.0,0.021316795349121096,0.15,0.15,False,False
5.56,-7.275421619415283,32.6751594543457,-1.2003109455108643,0.9343000000000115,1239,1176,0.8641660966969337,1.1358339033030664,21.0,0.0,0.0,17.547983892344494,14.152136309767835,0.0,0.0,0.0,-0.16979237912883294,1.0,0.011721360497176647,0.011694085163374742,0.014672035661836466,0.01493021845817566,0.0,0.0,0.021499350070953372,0.15,0.15,False,False
5.565,-7.256283283233643,32.626277923583984,-1.1631722450256348,0.9342000000000115,1271,1207,0.8754855886388558,1.124514411361144,20.0,0.0,0.0,16.085651901315785,12.972791617287182,0.0,0.0,0.0,-0.15564301420143015,1.0,0.011750437940160435,0.011728169241299232,0.01470602893580993,0.014974430669099092,0.0,0.0,0.025813026428222658,0.15,0.15,False,False
5.57,-7.205348491668701,32.56586837768555,-1.1462289094924927,0.9341000000000115,1185,1130,0.8858617895856179,1.1141382104143822,5.0,0.0,0.0,14.745180909539469,11.891725649179916,0.0,0.0,0.0,-0.14267276301797766,1.0,0.011788715686028203,0.01177537060963611,0.014709366175035637,0.01499236406137546,0.0,0.0,0.023992955684661865,0.15,0.15,False,False
5.575,-7.167308807373047,32.502723693847656,-1.1670042276382446,0.9340000000000115,1317,1258,0.8953733071201497,1.1046266928798503,7.0,1.0,1.0,13.516415833744512,10.900748511748256,0.0,0.0,0.0,-0.13078336609981278,1.0,0.011827540583908558,0.011818313893551629,0.014741960136840742,0.015032663165281217,0.0,0.0,0.015650613307952883,0.15,0.15,False,False
5.58,-7.08688497543335,32.401283264160156,-1.134195327758789,0.9339000000000115,1283,1217,0.9040921981934706,1.0959078018065294,9.0,4.0,0.0,12.390047847599135,9.992352802435901,0.0,0.0,0.0,-0.11988475225816168,1.0,0.011900332756340504,0.011885142497097453,0.014852302459379038,0.01513973188896974,0.0,0.0,0.02034747123718262,0.15,0.15,False,False
5.585,-6.959216594696045,32.335731506347656,-1.1472759246826172,0.9338000000000115,1226,1161,0.9120845150106814,1.0879154849893184,5.0,2.0,1.0,11.357543860299206,9.159656735566243,0.0,0.0,0.0,-0.10989435623664816,1.0,0.011961089524750909,0.011953930758560698,0.014861243156095346,0.015162669587880373,0.0,0.0,0.011494714021682739,0.15,0.15,False,False
5.59,-6.899515628814697,32.20902633666992,-1.189256191253662,0.9337000000000115,1244,1192,0.919410805426458,1.080589194573542,5.0,0.0,1.0,10.411081871940938,8.396352007602388,0.0,0.0,0.0,-0.1007364932169275,1.0,0.012038781230027478,0.01202936905125777,0.014987416410197815,0.015290637966245413,0.0,0.0,0.013578922748565675,0.15,0.15,False,False
5.595,-6.924042224884033,32.09149169921875,-1.226819634437561,0.9336000000000115,1324,1258,1.259459904974253,0.7405400950257469,6.0,0.0,0.0,9.54349171594586,16.029989340302187,0.0,0.0,0.0,0.32432488121781633,1.0,0.012110058451071382,0.012089163841058811,0.01518547534942627,0.01547833283742269,0.0,0.0,0.01898316740989685,0.15,0.15,False,False
5.6,-6.958886623382568,32.09405517578125,-1.2577162981033325,0.9335000000000115,1237,1173,0.9045049128930653,1.0954950871069347,18.0,1.0,1.0,17.08153407295037,14.694156895277004,0.0,0.0,0.0,-0.11936885888366824,1.0,0.012114751152694225,0.012083340746661028,0.01524242339655757,0.015520527958869934,0.0,0.0,0.015786378383636477,0.15,0.15,False,False
5.605,-6.993946552276611,32.086978912353516,-1.2739540338516235,0.9334000000000116,1337,1277,1.2457961701519766,0.7542038298480234,32.0,3.0,1.0,15.658072900204504,21.80297715400392,0.0,0.0,0.0,0.3072452126899708,1.0,0.012111970766757926,0.012073952627057832,0.015271982022871574,0.015540216894199451,0.0,0.0,0.011463319063186646,0.15,0.15,False,False
5.61,-7.001803874969482,31.996591567993164,-1.309799313545227,0.9333000000000116,1242,1180,1.2253131559726451,0.7746868440273549,2.0,1.0,0.0,14.353233491854128,19.986062391170258,0.0,0.0,0.0,0.28164144496580645,1.0,0.012157063853616517,0.012114903268714746,0.015384431462734938,0.01564981027816733,0.0,0.0,0.01573095798492432,0.15,0.15,False,False
5.615,-6.995558261871338,31.96027374267578,-1.2642537355422974,0.9332000000000116,1219,1161,1.2065370596415914,0.7934629403584086,8.0,1.0,1.0,13.157130700866285,18.32055719190607,0.0,0.0,0.0,0.2581713245519892,1.0,0.012178736506029963,0.012127330604319772,0.015461073877910774,0.015712695506711803,0.0,0.0,0.02906155347824097,0.15,0.15,False,False
5.62,-6.963186264038086,31.87688636779785,-1.2502707242965698,0.9331000000000116,1277,1217,1.1893256380047923,0.8106743619952078,4.0,2.0,0.0,12.06070314246076,16.793844092580564,0.0,0.0,0.0,0.2366570475059902,1.0,0.012230721379940709,0.012190127745270729,0.015501071854184072,0.015774651740988098,0.0,0.0,0.021910765171051026,0.15,0.15,False,False
5.625,-7.047407627105713,31.736610412597656,-1.2650692462921143,0.9330000000000116,1308,1250,1.173548501504393,0.8264514984956072,5.0,0.0,0.0,11.055644547255696,15.394357084865517,0.0,0.0,0.0,0.21693562688049103,1.0,0.012284696955854695,0.012247128567347925,0.015666631516069174,0.01595059409737587,0.0,0.0,0.01836842656135559,0.15,0.15,False,False
5.63,-7.069854736328125,31.63448143005371,-1.2331209182739258,0.9329000000000116,1285,1227,1.1590861263790269,0.8409138736209733,6.0,0.0,0.0,10.134340834984387,14.111493994460057,0.0,0.0,0.0,0.19885765797378346,1.0,0.012325248681008816,0.012282401245708268,0.015784043353050947,0.016062035380552214,0.0,0.0,0.016440558433532714,0.15,0.15,False,False
5.635,-6.9612836837768555,31.557329177856445,-1.1892403364181519,0.9328000000000116,1287,1226,1.1458289491807745,0.8541710508192255,8.0,2.0,1.0,17.623145765402356,21.268869494921717,0.0,0.0,0.0,0.18228618647596803,1.0,0.012402527499943972,0.012367150047793984,0.015815436684836946,0.01610997288177411,0.0,0.0,0.018354644775390627,0.15,0.15,False,False
5.64,-6.885322093963623,31.553958892822266,-1.1583629846572876,0.9327000000000116,1296,1235,0.8003432034157099,1.1996567965842901,18.0,3.0,1.0,24.48788361828549,19.496463703678238,0.0,0.0,0.0,-0.24957099573036262,1.0,0.012438448999697965,0.012415268768866857,0.015778176796933018,0.01609369336316983,0.0,0.0,0.01961050868034363,0.15,0.15,False,False
5.645,-6.888041973114014,31.576370239257812,-1.126866102218628,0.9326000000000116,1333,1260,1.1503146031310674,0.8496853968689326,21.0,3.0,1.0,22.447226650095033,26.205091728371716,0.0,0.0,0.0,0.18789325391383419,1.0,0.012430004232252639,0.01241454699387153,0.01574641869713863,0.016074128604183596,0.0,0.0,0.01709441900253296,0.15,0.15,False,False
5.65,-6.817686557769775,31.518964767456055,-1.098354458808899,0.9325000000000117,1401,1344,1.4711217195368116,0.5288782804631883,14.0,2.0,1.0,20.57662442925378,32.35466741767407,0.0,0.0,0.0,0.5889021494210146,1.0,0.012479528862362107,0.012471388326957822,0.015764726170649133,0.016105901449918747,0.0,0.0,0.024988412857055664,0.15,0.15,False,False
5.655,-6.766403675079346,31.458261489868164,-1.121453881263733,0.9324000000000117,1296,1239,1.4318615762420772,0.5681384237579228,20.0,3.0,0.0,18.861905726815966,29.658445132867897,0.0,0.0,0.0,0.5398269703025965,1.0,0.012520966120064259,0.012520462041720748,0.015773152311642967,0.01612609329943856,0.0,0.0,0.03987620830535889,0.15,0.15,False,False
5.66,-6.73942756652832,31.381357192993164,-1.1308192014694214,0.9323000000000117,1173,1119,1.3958731115552374,0.6041268884447625,7.0,0.0,0.0,17.2900802495813,27.18690803846224,0.0,0.0,0.0,0.4948413894440469,1.0,0.01257646557254096,0.01256988849490881,0.015876934242745243,0.01622567496572932,0.0,0.0,0.023328752517700196,0.15,0.15,False,False
5.665,-6.563725471496582,31.296749114990234,-1.1240196228027344,0.9322000000000117,1189,1140,1.362883685592301,0.637116314407699,7.0,0.0,1.0,15.84924022878286,24.921332368590384,0.0,0.0,0.0,0.45360460699037625,1.0,0.01267860100294153,0.012668502361824116,0.015947580492744844,0.01629657732943694,0.0,0.0,0.019739121198654175,0.15,0.15,False,False
5.67,-6.410768985748291,31.239776611328125,-1.1730480194091797,0.9321000000000117,1228,1166,1.3326433784596095,0.6673566215403907,1.0,1.0,0.0,14.52847020971762,22.844554671207852,0.0,0.0,0.0,0.41580422307451165,1.0,0.012737205252051353,0.01273160295871397,0.015928672316173714,0.01628378328556816,0.0,0.0,0.01858734130859375,0.15,0.15,False,False
5.675,-6.416642189025879,31.12735939025879,-1.2321826219558716,0.9320000000000117,1247,1195,1.3049230969213086,0.6950769030786914,4.0,0.0,0.0,13.317764358907818,20.94084178194053,0.0,0.0,0.0,0.3811538711516357,1.0,0.012802988834058246,0.012785035263126096,0.016112476587295532,0.016456511802971363,0.0,0.0,0.01834495544433594,0.15,0.15,False,False
5.68,-6.492448806762695,31.034950256347656,-1.2632741928100586,0.9319000000000117,1222,1175,1.2795128388445327,0.7204871611554673,5.0,1.0,0.0,12.207950662332166,19.195771633445485,0.0,0.0,0.0,0.34939104855566594,1.0,0.01285962915668885,0.01282282794515292,0.01634561223909259,0.016669290295491617,0.0,0.0,0.02059912443161011,0.15,0.15,False,False
5.685,-6.529516220092773,31.056594848632812,-1.2996844053268433,0.9318000000000117,1383,1308,1.256220102274155,0.743779897725845,2.0,3.0,1.0,11.190621440471151,17.596123997325027,0.0,0.0,0.0,0.32027512784269374,1.0,0.012851007437954347,0.012804869717607897,0.016374073456972837,0.01668379098797838,0.0,0.0,0.018219029903411864,0.15,0.15,False,False
5.69,-6.546215534210205,31.01203155517578,-1.3555208444595337,0.9317000000000117,1351,1287,1.2348684270846422,0.7651315729153579,11.0,2.0,1.0,10.258069653765222,16.129780330881275,0.0,0.0,0.0,0.2935855338558026,1.0,0.01287375499183933,0.012818700633943081,0.016459831191847723,0.01675755095978578,0.0,0.0,0.017988408803939822,0.15,0.15,False,False
5.695,-6.565684795379639,30.848499298095703,-1.3727200031280518,0.9316000000000118,1316,1248,1.215296058160922,0.7847039418390781,19.0,3.0,1.0,9.403230515951453,14.785631969974501,0.0,0.0,0.0,0.2691200727011524,1.0,0.012950576298559707,0.012880543169255059,0.01671188355733951,0.016991107258945704,0.0,0.0,0.02816705465316773,0.15,0.15,False,False
5.7,-6.553879261016846,30.738449096679688,-1.3672680854797363,0.9315000000000118,1332,1262,1.5,0.46931194668582166,21.0,0.0,0.0,8.619627972955499,21.886829305809957,0.0,0.0,0.0,0.663360066642723,1.0,0.01301293222544094,0.01293811791886886,0.016855433738480013,0.017131485510617495,0.0,0.0,0.022342321872711183,0.15,0.15,False,False
5.705,-6.590602874755859,30.613615036010742,-1.3782997131347656,0.9314000000000118,1210,1145,1.1531307155379968,0.8468692844620033,3.0,2.0,0.0,16.234658975209207,20.062926863659126,0.0,0.0,0.0,0.1914133944224959,1.0,0.01308451872318983,0.013009633403271437,0.01702177959183852,0.01730554038658738,0.0,0.0,0.01874047160148621,0.15,0.15,False,False
5.71,-6.646430969238281,30.468143463134766,-1.3764209747314453,0.9313000000000118,1223,1173,1.4737031559098304,0.5262968440901696,5.0,1.0,1.0,14.881770727275105,26.724349625020864,0.0,0.0,0.0,0.592128944887288,1.0,0.013151368281493585,0.01307182596065104,0.017227267380803823,0.017508506619681917,0.0,0.0,0.011066963672637941,0.15,0.15,False,False
5.715,-6.642446994781494,30.317367553710938,-1.344959020614624,0.9312000000000118,1330,1257,1.4342278929173444,0.5657721070826556,22.0,2.0,1.0,13.641623166668847,24.49732048960246,0.0,0.0,0.0,0.5427848661466805,1.0,0.01323924632743001,0.013157533248886466,0.017407969571650028,0.017691936809569597,0.0,0.0,0.01292533278465271,0.15,0.15,False,False
5.72,-6.568183898925781,30.212345123291016,-1.3271390199661255,0.9311000000000118,1324,1261,1.3980422351742323,0.6019577648257676,8.0,3.0,0.0,12.50482123611311,22.45587711546892,0.0,0.0,0.0,0.4975527939677905,1.0,0.013339990594734749,0.013265587234248718,0.01749158138409257,0.017794692733635507,0.0,0.0,0.022282671928405762,0.15,0.15,False,False
5.725,-6.541522979736328,30.21894645690918,-1.2930641174316406,0.9310000000000118,1383,1319,1.364872048909713,0.635127951090287,16.0,4.0,2.0,11.46275279977035,20.584554022513174,0.0,0.0,0.0,0.45609006113714123,1.0,0.01335932950799664,0.013291388750076294,0.017491798692693315,0.017810707601408165,0.0,0.0,0.012625249624252318,0.15,0.15,False,False
5.73,-6.504055500030518,30.225278854370117,-1.2803207635879517,0.9309000000000118,1296,1243,1.5,0.3322006218327632,22.0,2.0,0.0,10.507523399789486,27.202507853970406,0.0,0.0,0.0,0.834749222709046,1.0,0.013365273674329122,0.01330630232890447,0.017438957002013922,0.017774715864410005,0.0,0.0,0.014275749921798706,0.15,0.15,False,False
5.735,-6.445412635803223,30.16851043701172,-1.272868275642395,0.9308000000000118,1314,1241,0.9454827633199671,1.054517236680033,8.0,2.0,0.0,26.298563116473694,24.93563219947287,0.0,0.0,0.0,-0.0681465458500412,1.0,0.013419294264167547,0.013363465356330078,0.01748043578118086,0.017826006126900516,0.0,0.0,0.0165097713470459,0.15,0.15,False,False
5.74,-6.443624019622803,30.16438865661621,-1.3146389722824097,0.9307000000000119,1238,1173,0.9500258663766364,1.0499741336233637,4.0,1.0,1.0,24.107016190100886,22.857662849516796,0.0,0.0,0.0,-0.0624676670292045,1.0,0.013428378539780777,0.013374819730718931,0.017479873107125364,0.01782928127795458,0.0,0.0,0.02104346513748169,0.15,0.15,False,False
5.745,-6.397182464599609,30.09542465209961,-1.311336636543274,0.9306000000000119,1229,1164,0.9541903775119167,1.0458096224880833,10.0,1.0,0.0,22.098098174259146,20.952857612057063,0.0,0.0,0.0,-0.05726202811010417,1.0,0.013487349885205429,0.013421334636708101,0.017612910984704893,0.01794766945143541,0.0,0.0,0.018593192100524902,0.15,0.15,False,False
5.75,-6.269723892211914,30.026702880859375,-1.3029017448425293,0.9305000000000119,1212,1158,0.624674512719257,1.375325487280743,10.0,1.0,0.0,28.589923326404215,19.20678614438564,0.0,0.0,0.0,-0.4691568591009288,1.0,0.013569790559510391,0.013503944501280785,0.01765075760583083,0.017990452082206808,0.0,0.0,0.018513690233230594,0.15,0.15,False,False
5.755,-6.2138543128967285,29.94599723815918,-1.3580149412155151,0.9304000000000119,1242,1190,0.9892849699926523,1.0107150300073477,2.0,1.0,1.0,26.20742971587053,25.939553965686834,0.0,0.0,0.0,-0.01339378750918474,1.0,0.013620124664157629,0.013558246040095886,0.017695854573200148,0.01804537062222759,0.0,0.0,0.017997308969497684,0.15,0.15,False,False
5.76,-6.261031150817871,29.830801010131836,-1.398896336555481,0.9303000000000119,1287,1241,0.9901778891599312,1.0098221108400687,6.0,3.0,0.0,24.023477239547983,23.777924468546264,0.0,0.0,0.0,-0.012277638550085967,1.0,0.013687247410416603,0.013608233227084082,0.01795420733590921,0.018282694121201835,0.0,0.0,0.019878940582275392,0.15,0.15,False,False
5.765,-6.311211109161377,29.796213150024414,-1.4380625486373901,0.9302000000000119,1290,1235,0.9909963983966037,1.0090036016033963,23.0,1.0,0.0,22.02152080291898,21.796430762834074,0.0,0.0,0.0,-0.011254502004245381,1.0,0.013712781171003979,0.013620288421710333,0.018113147622595232,0.018421332351863384,0.0,0.0,0.02036849021911621,0.15,0.15,False,False
5.77,-6.335174083709717,29.796457290649414,-1.4724501371383667,0.9301000000000119,1295,1223,0.9917466985302201,1.0082533014697799,13.0,1.0,1.0,20.1863940693424,19.9800615325979,0.0,0.0,0.0,-0.010316626837224873,1.0,0.013711681434263786,0.013608587129662435,0.018170790281146765,0.018458988051861525,0.0,0.0,0.019582968950271607,0.15,0.15,False,False
5.775,-6.3654866218566895,29.710628509521484,-1.50501549243927,0.9300000000000119,1370,1300,0.9924344736527018,1.0075655263472982,9.0,3.0,1.0,18.504194563563864,18.315056404881407,0.0,0.0,0.0,-0.00945690793412286,1.0,0.013752554077655077,0.013639713482310375,0.01833886994669835,0.01861216345181068,0.0,0.0,0.030090336799621586,0.15,0.15,False,False
5.78,-6.3668084144592285,29.653608322143555,-1.4893732070922852,0.9299000000000119,1312,1243,0.9930649341816432,1.0069350658183567,5.0,0.0,0.0,16.96217834993354,16.788801704474622,0.0,0.0,0.0,-0.00866883227294597,1.0,0.01377533112342159,0.013653200585395098,0.018444357750316463,0.018700183524439733,0.0,0.0,0.043236913681030276,0.15,0.15,False,False
5.785,-6.376455783843994,29.556615829467773,-1.4727520942687988,0.929800000000012,1281,1228,1.3269761896665062,0.6730238103334938,4.0,1.0,0.0,15.548663487439079,23.723068229101735,0.0,0.0,0.0,0.40872023708313276,1.0,0.013831538769106071,0.013712670188397169,0.018568027298897505,0.01883721599976222,0.0,0.0,0.019637086391448975,0.15,0.15,False,False
5.79,-6.456119537353516,29.41391944885254,-1.4918038845062256,0.929700000000012,1271,1218,1.299728173860964,0.7002718261390359,18.0,0.0,1.0,14.252941530152489,21.74614587667659,0.0,0.0,0.0,0.374660217326205,1.0,0.013907462513695162,0.013791622283558052,0.01880965894088149,0.019094858629008137,0.0,0.0,0.014877806901931764,0.15,0.15,False,False
5.795,-6.50850772857666,29.32399559020996,-1.4753047227859497,0.929600000000012,1243,1174,0.9414174927058838,1.0585825072941162,10.0,1.0,0.0,21.398529735973113,19.933967053620208,0.0,0.0,0.0,-0.07322813411764528,1.0,0.013937621843069792,0.013815069105476141,0.01897136603171627,0.01924520591273904,0.0,0.0,0.014391319751739504,0.15,0.15,False,False
5.8,-6.437625885009766,29.242170333862305,-1.4403355121612549,0.929500000000012,1278,1215,0.9462993683137269,1.0537006316862731,6.0,0.0,0.0,19.61531892464202,18.27280313248519,0.0,0.0,0.0,-0.0671257896078414,1.0,0.014022285273919504,0.013902619636307161,0.019041370445241533,0.019328674922386806,0.0,0.0,0.01726921319961548,0.15,0.15,False,False
5.805,-6.349747657775879,29.17747688293457,-1.3974251747131348,0.929400000000012,1251,1188,0.9507744209542497,1.0492255790457503,6.0,0.0,0.0,17.980709014255183,16.750069538111426,0.0,0.0,0.0,-0.06153197380718787,1.0,0.014119088494529327,0.014009045747419199,0.019091283902525902,0.01940822539230188,0.0,0.0,0.019980602264404297,0.15,0.15,False,False
5.81,-6.3541259765625,29.189241409301758,-1.361343264579773,0.929300000000012,1297,1231,0.9548765525413956,1.0451234474586044,5.0,3.0,1.0,16.482316596400583,15.354230409935473,0.0,0.0,0.0,-0.056404309323255485,1.0,0.014120980631560087,0.0140235658424596,0.01905140777428945,0.01939503864074747,0.0,0.0,0.014935823678970336,0.15,0.15,False,False
5.815,-6.330783843994141,29.145160675048828,-1.336223840713501,0.929200000000012,1298,1237,0.9586368398296126,1.0413631601703874,8.0,3.0,0.0,15.1087902133672,14.074711209107516,0.0,0.0,0.0,-0.05170395021298422,1.0,0.014156090716520946,0.014067632146179676,0.01906976957495014,0.01943507775043448,0.0,0.0,0.018545095920562745,0.15,0.15,False,False
5.82,-6.279201984405518,29.052549362182617,-1.3312442302703857,0.929100000000012,1290,1230,0.9620837698438116,1.0379162301561884,10.0,1.0,1.0,13.849724362253266,12.901818608348556,0.0,0.0,0.0,-0.04739528769523549,1.0,0.014236636149386566,0.014154252130538225,0.019152670477827392,0.01953673781827092,0.0,0.0,0.03132423639297486,0.15,0.15,False,False
5.825,-6.2763824462890625,29.024749755859375,-1.371659755706787,0.929000000000012,1267,1199,0.9652434556901607,1.0347565443098394,17.0,0.0,0.0,12.695580665398827,11.826667057652843,0.0,0.0,0.0,-0.043445680387299214,1.0,0.014262502857794365,0.014182180942346653,0.019183995512624584,0.019573266617953777,0.0,0.0,0.019525631666183475,0.15,0.15,False,False
5.83,-6.196627616882324,28.88715362548828,-1.3492623567581177,0.928900000000012,1310,1242,1.3014731677159805,0.6985268322840195,4.0,0.0,1.0,11.637615609948924,19.174444802848438,0.0,0.0,0.0,0.37684145964497573,1.0,0.014380612410604954,0.014285369931409757,0.01941955958803495,0.019794258599479995,0.0,0.0,0.025635418891906743,0.15,0.15,False,False
5.835,-6.0144124031066895,28.7849178314209,-1.3813122510910034,0.9288000000000121,1191,1144,1.276350403739649,0.7236495962603511,5.0,0.0,0.0,10.667814309119846,17.57657440261107,0.0,0.0,0.0,0.34543800467456115,1.0,0.01450711628422141,0.014418426435440779,0.01944076813136538,0.019834529763708513,0.0,0.0,0.01627998232841492,0.15,0.15,False,False
5.84,-5.978127956390381,28.67812156677246,-1.4474525451660156,0.9287000000000121,1239,1174,1.2533212034280115,0.7466787965719884,12.0,0.0,0.0,9.778829783359859,16.111859869060147,0.0,0.0,0.0,0.31665150428501443,1.0,0.014572003856301308,0.014475818412999313,0.0195865286514163,0.019972120256473623,0.0,0.0,0.021555395126342775,0.15,0.15,False,False
5.845,-6.092898845672607,28.61079216003418,-1.4656506776809692,0.9286000000000121,1280,1207,1.232211103142344,0.7677888968576562,1.0,4.0,1.0,8.963927301413204,14.7692048799718,0.0,0.0,0.0,0.2902638789279298,1.0,0.014590462669730186,0.014471407048404217,0.019897762686014175,0.02024561477204164,0.0,0.0,0.01902791976928711,0.15,0.15,False,False
5.85,-6.169174671173096,28.62844467163086,-1.4988417625427246,0.9285000000000121,1279,1229,1.212860177880482,0.7871398221195182,6.0,1.0,1.0,8.21693335962877,13.538437806640816,0.0,0.0,0.0,0.2660752223506023,1.0,0.014573976707955202,0.014447392895817757,0.019974905687073868,0.02030943287536502,0.0,0.0,0.018343162536621094,0.15,0.15,False,False
5.855,-6.185214996337891,28.620359420776367,-1.5406280755996704,0.9284000000000121,1284,1215,1.1951218297237751,0.804878170276225,15.0,1.0,0.0,7.532188912993039,12.410234656087415,0.0,0.0,0.0,0.2439022871547188,1.0,0.014577426481992006,0.014442162743459146,0.020030057057738304,0.02034649563332399,0.0,0.0,0.018887203931808472,0.15,0.15,False,False
5.86,-6.189516067504883,28.480649948120117,-1.6000759601593018,0.9283000000000121,1318,1255,0.8455283439134604,1.1544716560865396,17.0,1.0,2.0,15.237839836910284,11.376048434746796,0.0,0.0,0.0,-0.19308957010817443,1.0,0.01465710811316967,0.014508188081284365,0.020302662936349712,0.020597716017315786,0.0,0.0,0.02146387577056885,0.15,0.15,False,False
5.865,-6.199896335601807,28.413728713989258,-1.5915504693984985,0.9282000000000121,1320,1259,0.858400981920672,1.1415990180793278,8.0,3.0,0.0,13.968019850501094,10.428044398517896,0.0,0.0,0.0,-0.1769987725991599,1.0,0.014668282431860765,0.014502966466049354,0.02047012948120634,0.02072531885157029,0.0,0.0,0.028133888244628907,0.15,0.15,False,False
5.87,-6.199868202209473,28.32564353942871,-1.6040430068969727,0.9281000000000121,1323,1268,0.536867566760616,1.463132433239384,22.0,5.0,0.0,21.137351529626002,9.559040698641404,0.0,0.0,0.0,-0.57891554154923,1.0,0.01473297830671072,0.014568734914064407,0.020601657840112846,0.020868406475832067,0.0,0.0,0.0234903621673584,0.15,0.15,False,False
5.875,-6.322330474853516,28.203046798706055,-1.586683988571167,0.9280000000000121,1262,1200,0.9087952695305647,1.0912047304694352,13.0,1.0,1.0,19.375905568823836,17.095787307087953,0.0,0.0,0.0,-0.11400591308679413,1.0,0.014775644522160292,0.014606204349547625,0.020896727995326124,0.021158099019279085,0.0,0.0,0.01630679845809937,0.15,0.15,False,False
5.88,-6.399060249328613,28.06818199157715,-1.509924292564392,0.9279000000000122,1264,1208,0.916395663736351,1.083604336263649,4.0,0.0,0.0,17.76124677142185,15.671138364830624,0.0,0.0,0.0,-0.10450542032956127,1.0,0.014835847541689873,0.014667724414418142,0.02113188228880366,0.021402889396995306,0.0,0.0,0.012175803184509278,0.15,0.15,False,False
5.885,-6.359595775604248,27.93010139465332,-1.4467494487762451,0.9278000000000122,1227,1175,0.9233626917583218,1.0766373082416782,2.0,1.0,0.0,16.28114287380336,14.365210167761404,0.0,0.0,0.0,-0.09579663530209785,1.0,0.014959881858279308,0.014809413502613705,0.021250125331183277,0.0215791918647786,0.0,0.0,0.017763074636459354,0.15,0.15,False,False
5.89,-6.339303493499756,27.874164581298828,-1.4339882135391235,0.9277000000000122,1209,1153,0.9297491341117949,1.070250865888205,9.0,0.0,1.0,14.92438096765308,13.168109320447954,0.0,0.0,0.0,-0.08781358236025634,1.0,0.015031900256872177,0.014900194946676493,0.021303403191268444,0.021686601297309004,0.0,0.0,0.009986407160758973,0.15,0.15,False,False
5.895,-6.328244686126709,27.867794036865234,-1.4034167528152466,0.9276000000000122,1319,1260,0.935603372935812,1.064396627064188,16.0,2.0,0.0,13.68068255368199,12.07076687707729,0.0,0.0,0.0,-0.08049578383023501,1.0,0.015051820470641058,0.01492478729536136,0.021338587005933128,0.02173880037541191,0.0,0.0,0.013815867900848388,0.15,0.15,False,False
5.9,-6.277622699737549,27.80678367614746,-1.3757867813110352,0.9275000000000122,1269,1220,1.2743030918578278,0.7256969081421722,32.0,2.0,0.0,12.54062567420849,19.398202970654182,0.0,0.0,0.0,0.3428788648222846,1.0,0.015130537406851849,0.01501201108718912,0.02139389825363954,0.021821381524205208,0.0,0.0,0.01769280076026917,0.15,0.15,False,False
5.905,-6.233458042144775,27.746009826660156,-1.4043532609939575,0.9274000000000122,1266,1203,1.2514445008696753,0.7485554991303246,6.0,2.0,3.0,11.495573534691115,17.781686056433,0.0,0.0,0.0,0.3143056260870942,1.0,0.01519498337681095,0.015084218078603348,0.021424729687472187,0.021874078859885536,0.0,0.0,0.030751168727874756,0.15,0.15,False,False
5.91,-6.228841781616211,27.68824005126953,-1.4201757907867432,0.9273000000000122,1356,1290,1.230490792463869,0.769509207536131,10.0,1.0,0.0,10.537609073466855,16.29987888506358,0.0,0.0,0.0,0.28811349057983626,1.0,0.01524003455415368,0.01511963006729881,0.021565742790699005,0.02200059903164705,0.0,0.0,0.016823058128356935,0.15,0.15,False,False
5.915,-6.105802059173584,27.572010040283203,-1.4048658609390259,0.9272000000000122,1298,1231,1.2112832264252134,0.7887167735747868,8.0,1.0,1.0,9.659474984011284,14.941555644641616,0.0,0.0,0.0,0.2641040330315166,1.0,0.015380862168967724,0.015252706749985617,0.02175959370409449,0.02219574525952339,0.0,0.0,0.016331841945648195,0.15,0.15,False,False
5.92,-5.980051517486572,27.495756149291992,-1.4446731805801392,0.9271000000000122,1344,1272,1.5,0.47299037577688785,5.0,2.0,0.0,8.854518735343676,22.02975934092148,0.0,0.0,0.0,0.6587620302788901,1.0,0.015470449967930715,0.015348173522700867,0.021735099920382105,0.022188526733467977,0.0,0.0,0.01611957311630249,0.15,0.15,False,False
5.925,-6.018613338470459,27.402360916137695,-1.5043675899505615,0.9270000000000123,1269,1204,1.1497588222045194,0.8502411777954806,5.0,1.0,0.0,16.44997550739837,20.193946062511355,0.0,0.0,0.0,0.1871985277556492,1.0,0.015514337768157324,0.015379139998306831,0.02199296063433091,0.022427700459957123,0.0,0.0,0.018769898414611817,0.15,0.15,False,False
5.93,-6.119539260864258,27.35080909729004,-1.5361109972000122,0.9269000000000123,1318,1252,1.1372789203541427,0.8627210796458572,16.0,0.0,0.0,15.079144215115173,18.511117223968743,0.0,0.0,0.0,0.17159865044267847,1.0,0.015526735223829746,0.015369903606673082,0.022322003108759723,0.022715560626238585,0.0,0.0,0.017275092601776124,0.15,0.15,False,False
5.935,-6.149843215942383,27.359920501708984,-1.5742719173431396,0.9268000000000123,1350,1295,1.1258390103246307,0.8741609896753691,12.0,2.0,0.0,13.822548863855575,16.968524121971345,0.0,0.0,0.0,0.15729876290578854,1.0,0.015517747184882563,0.015350640751421452,0.022396057223280273,0.02276521253709992,0.0,0.0,0.015806771516799926,0.15,0.15,False,False
5.94,-6.16038703918457,27.307769775390625,-1.6214452981948853,0.9267000000000123,1289,1227,1.1153524261309116,0.8846475738690884,3.0,0.0,1.0,12.67066979186761,15.554480445140399,0.0,0.0,0.0,0.14419053266363946,1.0,0.015546119151016077,0.015367285038034122,0.02254795205468933,0.022891377254078787,0.0,0.0,0.017195118665695192,0.15,0.15,False,False
5.945,-6.184768199920654,27.2286434173584,-1.6315511465072632,0.9266000000000123,1264,1204,1.1057397239533355,0.8942602760466645,16.0,1.0,0.0,11.614780642545309,14.258273741378698,0.0,0.0,0.0,0.13217465494166944,1.0,0.015570803079754114,0.015377082551519077,0.02279265473286311,0.02309974981471896,0.0,0.0,0.02510427474975586,0.15,0.15,False,False
5.95,-6.193848609924316,27.215978622436523,-1.6238799095153809,0.9265000000000123,1254,1197,1.430261413623891,0.569738586376109,5.0,3.0,0.0,10.646882255666533,21.403417596263807,0.0,0.0,0.0,0.5378267670298638,1.0,0.015572809303800266,0.015375832250962656,0.022839995411535106,0.02313830191269517,0.0,0.0,0.016121761798858644,0.15,0.15,False,False
5.955,-6.234579086303711,27.088550567626953,-1.6511613130569458,0.9264000000000123,1358,1293,1.3944062958219001,0.6055937041780999,2.0,1.0,1.0,9.75964206769432,19.619799463241822,0.0,0.0,0.0,0.4930078697773751,1.0,0.015653920515129965,0.015457732758174341,0.02310319570824504,0.023418099153786898,0.0,0.0,0.025581059455871587,0.15,0.15,False,False
5.96,-6.335041522979736,26.96659278869629,-1.6277214288711548,0.9263000000000123,1265,1194,1.3615391045034084,0.6384608954965916,6.0,3.0,1.0,8.946338562053127,17.984816174638336,0.0,0.0,0.0,0.4519238806292605,1.0,0.01569798371444146,0.0154925137758255,0.02345606607074539,0.02375184170280894,0.0,0.0,0.014300736188888549,0.15,0.15,False,False
5.965,-6.352822780609131,26.831382751464844,-1.5958082675933838,0.9262000000000123,1249,1194,1.5,0.33525582087187566,16.0,1.0,1.0,8.2008103485487,24.819414826751807,0.0,0.0,0.0,0.8309302239101554,1.0,0.01579625920082132,0.015593871163825195,0.023698989922801655,0.024017300456762314,0.0,0.0,0.011868349313735963,0.15,0.15,False,False
5.97,-6.288120269775391,26.706506729125977,-1.5741419792175293,0.9261000000000124,1339,1275,1.5,0.3906511691325528,35.0,1.0,1.0,7.517409486169641,22.75113025785582,0.0,0.0,0.0,0.7616860385843089,1.0,0.01594579623391231,0.015749964707841478,0.023885266855359077,0.024242946722855173,0.0,0.0,0.01991951823234558,0.15,0.15,False,False
5.975,-6.2611894607543945,26.718271255493164,-1.5432971715927124,0.9260000000000124,1223,1174,1.5,0.44143023837150686,5.0,0.0,0.0,6.890958695655504,20.855202736367833,0.0,0.0,0.0,0.6982122020356164,1.0,0.01597098152463635,0.015782734068731468,0.02385907107964158,0.024243833807607494,0.0,0.0,0.01405038595199585,0.15,0.15,False,False
5.98,-6.21925163269043,26.72190284729004,-1.529835820198059,0.9259000000000124,1241,1180,1.5,0.4879777185072147,9.0,1.0,1.0,14.650045471017545,27.450602508337177,0.0,0.0,0.0,0.6400278518659815,1.0,0.015990270767360926,0.01581004122272134,0.023794944087664287,0.02420686030139526,0.0,0.0,0.01591037154197693,0.15,0.15,False,False
5.985,-6.176219463348389,26.62577247619629,-1.5180702209472656,0.9258000000000124,1316,1244,1.469353758035053,0.5306462419649469,23.0,2.0,0.0,13.42920834843275,25.16305229930908,0.0,0.0,0.0,0.5866921975438164,1.0,0.01608201845859488,0.015903854897866648,0.02393186946089069,0.024362408245603245,0.0,0.0,0.024943978786468507,0.15,0.15,False,False
5.99,-6.193058013916016,26.576189041137695,-1.5539751052856445,0.9257000000000124,1316,1243,1.4302409448654654,0.5697590551345346,9.0,1.0,0.0,12.31010765273002,23.066131274366654,0.0,0.0,0.0,0.5378011810818317,1.0,0.016117750201374292,0.015942571529497705,0.0240243428076307,0.02446791467567285,0.0,0.0,0.021801176071166994,0.15,0.15,False,False
5.995,-6.156320571899414,26.49880599975586,-1.5760161876678467,0.9256000000000124,1299,1256,1.06105419946001,0.9389458005399901,5.0,3.0,0.0,19.617598681669183,21.14395366816943,0.0,0.0,0.0,0.07631774932501241,1.0,0.016187437189122043,0.015999084959427517,0.024236219469457865,0.02465685751910011,0.0,0.0,0.017848947048187257,0.15,0.15,False,False
6.0,-6.0301194190979,26.37095832824707,-1.5687772035598755,0.9255000000000124,1249,1183,1.0559663495050091,0.9440336504949909,5.0,2.0,0.0,17.982798791530083,19.38195752915531,0.0,0.0,0.0,0.06995793688126142,1.0,0.016336141464610897,0.016137888499846063,0.02444174839183688,0.024852686716864508,0.0,0.0,0.020309970378875733,0.15,0.15,False,False
